solid CATIA STL
  facet normal -9.801698e-002  9.951847e-001  0.000000e+000
    outer loop
      vertex -1.900000e+001 -2.750000e+000  1.250000e+000
      vertex -1.875614e+001 -2.725982e+000  2.500000e+000
      vertex -1.875614e+001 -2.725982e+000  1.250000e+000
    endloop
  endfacet
  facet normal -2.902847e-001  9.569403e-001  0.000000e+000
    outer loop
      vertex -1.875614e+001 -2.725982e+000  1.250000e+000
      vertex -1.875614e+001 -2.725982e+000  2.500000e+000
      vertex -1.852165e+001 -2.654850e+000  2.500000e+000
    endloop
  endfacet
  facet normal -2.902847e-001  9.569403e-001  0.000000e+000
    outer loop
      vertex -1.875614e+001 -2.725982e+000  1.250000e+000
      vertex -1.852165e+001 -2.654850e+000  2.500000e+000
      vertex -1.852165e+001 -2.654850e+000  1.250000e+000
    endloop
  endfacet
  facet normal -4.713945e-001  8.819225e-001  0.000000e+000
    outer loop
      vertex -1.852165e+001 -2.654850e+000  1.250000e+000
      vertex -1.852165e+001 -2.654850e+000  2.500000e+000
      vertex -1.830554e+001 -2.539337e+000  2.500000e+000
    endloop
  endfacet
  facet normal -4.713945e-001  8.819225e-001  0.000000e+000
    outer loop
      vertex -1.852165e+001 -2.654850e+000  1.250000e+000
      vertex -1.830554e+001 -2.539337e+000  2.500000e+000
      vertex -1.830554e+001 -2.539337e+000  1.250000e+000
    endloop
  endfacet
  facet normal -6.343930e-001  7.730107e-001  0.000000e+000
    outer loop
      vertex -1.830554e+001 -2.539337e+000  1.250000e+000
      vertex -1.830554e+001 -2.539337e+000  2.500000e+000
      vertex -1.811612e+001 -2.383883e+000  2.500000e+000
    endloop
  endfacet
  facet normal -6.343930e-001  7.730107e-001  0.000000e+000
    outer loop
      vertex -1.830554e+001 -2.539337e+000  1.250000e+000
      vertex -1.811612e+001 -2.383883e+000  2.500000e+000
      vertex -1.811612e+001 -2.383883e+000  1.250000e+000
    endloop
  endfacet
  facet normal -7.730121e-001  6.343913e-001  0.000000e+000
    outer loop
      vertex -1.811612e+001 -2.383883e+000  1.250000e+000
      vertex -1.811612e+001 -2.383883e+000  2.500000e+000
      vertex -1.796066e+001 -2.194463e+000  2.500000e+000
    endloop
  endfacet
  facet normal -7.730121e-001  6.343913e-001  0.000000e+000
    outer loop
      vertex -1.811612e+001 -2.383883e+000  1.250000e+000
      vertex -1.796066e+001 -2.194463e+000  2.500000e+000
      vertex -1.796066e+001 -2.194463e+000  1.250000e+000
    endloop
  endfacet
  facet normal -8.819204e-001  4.713982e-001  0.000000e+000
    outer loop
      vertex -1.796066e+001 -2.194463e+000  1.250000e+000
      vertex -1.796066e+001 -2.194463e+000  2.500000e+000
      vertex -1.784515e+001 -1.978354e+000  2.500000e+000
    endloop
  endfacet
  facet normal -8.819204e-001  4.713982e-001  0.000000e+000
    outer loop
      vertex -1.796066e+001 -2.194463e+000  1.250000e+000
      vertex -1.784515e+001 -1.978354e+000  2.500000e+000
      vertex -1.784515e+001 -1.978354e+000  1.250000e+000
    endloop
  endfacet
  facet normal -9.569420e-001  2.902792e-001  0.000000e+000
    outer loop
      vertex -1.784515e+001 -1.978354e+000  1.250000e+000
      vertex -1.784515e+001 -1.978354e+000  2.500000e+000
      vertex -1.777402e+001 -1.743863e+000  2.500000e+000
    endloop
  endfacet
  facet normal -9.569420e-001  2.902792e-001  0.000000e+000
    outer loop
      vertex -1.784515e+001 -1.978354e+000  1.250000e+000
      vertex -1.777402e+001 -1.743863e+000  2.500000e+000
      vertex -1.777402e+001 -1.743863e+000  1.250000e+000
    endloop
  endfacet
  facet normal -9.951844e-001  9.802056e-002  0.000000e+000
    outer loop
      vertex -1.777402e+001 -1.743863e+000  1.250000e+000
      vertex -1.777402e+001 -1.743863e+000  2.500000e+000
      vertex -1.775000e+001 -1.500000e+000  2.500000e+000
    endloop
  endfacet
  facet normal -9.951844e-001  9.802056e-002  0.000000e+000
    outer loop
      vertex -1.777402e+001 -1.743863e+000  1.250000e+000
      vertex -1.775000e+001 -1.500000e+000  2.500000e+000
      vertex -1.775000e+001 -1.500000e+000  1.250000e+000
    endloop
  endfacet
  facet normal -9.801698e-002  9.951847e-001  0.000000e+000
    outer loop
      vertex -1.875614e+001 -2.725982e+000  2.500000e+000
      vertex -1.900000e+001 -2.750000e+000  1.250000e+000
      vertex -1.900000e+001 -2.750000e+000  2.500000e+000
    endloop
  endfacet
  facet normal  9.801698e-002  9.951847e-001  0.000000e+000
    outer loop
      vertex -1.900000e+001 -2.750000e+000  2.500000e+000
      vertex -1.900000e+001 -2.750000e+000  1.250000e+000
      vertex -1.924386e+001 -2.725982e+000  1.250000e+000
    endloop
  endfacet
  facet normal  9.801698e-002  9.951847e-001  -0.000000e+000
    outer loop
      vertex -1.900000e+001 -2.750000e+000  2.500000e+000
      vertex -1.924386e+001 -2.725982e+000  1.250000e+000
      vertex -1.924386e+001 -2.725982e+000  2.500000e+000
    endloop
  endfacet
  facet normal  2.902847e-001  9.569403e-001  0.000000e+000
    outer loop
      vertex -1.924386e+001 -2.725982e+000  2.500000e+000
      vertex -1.924386e+001 -2.725982e+000  1.250000e+000
      vertex -1.947835e+001 -2.654850e+000  1.250000e+000
    endloop
  endfacet
  facet normal  2.902847e-001  9.569403e-001  -0.000000e+000
    outer loop
      vertex -1.924386e+001 -2.725982e+000  2.500000e+000
      vertex -1.947835e+001 -2.654850e+000  1.250000e+000
      vertex -1.947835e+001 -2.654850e+000  2.500000e+000
    endloop
  endfacet
  facet normal  4.713945e-001  8.819225e-001  0.000000e+000
    outer loop
      vertex -1.947835e+001 -2.654850e+000  2.500000e+000
      vertex -1.947835e+001 -2.654850e+000  1.250000e+000
      vertex -1.969446e+001 -2.539337e+000  1.250000e+000
    endloop
  endfacet
  facet normal  4.713945e-001  8.819225e-001  -0.000000e+000
    outer loop
      vertex -1.947835e+001 -2.654850e+000  2.500000e+000
      vertex -1.969446e+001 -2.539337e+000  1.250000e+000
      vertex -1.969446e+001 -2.539337e+000  2.500000e+000
    endloop
  endfacet
  facet normal  6.343930e-001  7.730107e-001  0.000000e+000
    outer loop
      vertex -1.969446e+001 -2.539337e+000  2.500000e+000
      vertex -1.969446e+001 -2.539337e+000  1.250000e+000
      vertex -1.988388e+001 -2.383883e+000  1.250000e+000
    endloop
  endfacet
  facet normal  6.343930e-001  7.730107e-001  -0.000000e+000
    outer loop
      vertex -1.969446e+001 -2.539337e+000  2.500000e+000
      vertex -1.988388e+001 -2.383883e+000  1.250000e+000
      vertex -1.988388e+001 -2.383883e+000  2.500000e+000
    endloop
  endfacet
  facet normal  7.730121e-001  6.343913e-001  0.000000e+000
    outer loop
      vertex -1.988388e+001 -2.383883e+000  2.500000e+000
      vertex -1.988388e+001 -2.383883e+000  1.250000e+000
      vertex -2.003934e+001 -2.194463e+000  1.250000e+000
    endloop
  endfacet
  facet normal  7.730121e-001  6.343913e-001  -0.000000e+000
    outer loop
      vertex -1.988388e+001 -2.383883e+000  2.500000e+000
      vertex -2.003934e+001 -2.194463e+000  1.250000e+000
      vertex -2.003934e+001 -2.194463e+000  2.500000e+000
    endloop
  endfacet
  facet normal  8.819204e-001  4.713982e-001  0.000000e+000
    outer loop
      vertex -2.003934e+001 -2.194463e+000  2.500000e+000
      vertex -2.003934e+001 -2.194463e+000  1.250000e+000
      vertex -2.015485e+001 -1.978354e+000  1.250000e+000
    endloop
  endfacet
  facet normal  8.819204e-001  4.713982e-001  -0.000000e+000
    outer loop
      vertex -2.003934e+001 -2.194463e+000  2.500000e+000
      vertex -2.015485e+001 -1.978354e+000  1.250000e+000
      vertex -2.015485e+001 -1.978354e+000  2.500000e+000
    endloop
  endfacet
  facet normal  9.569420e-001  2.902792e-001  0.000000e+000
    outer loop
      vertex -2.015485e+001 -1.978354e+000  2.500000e+000
      vertex -2.015485e+001 -1.978354e+000  1.250000e+000
      vertex -2.022598e+001 -1.743863e+000  1.250000e+000
    endloop
  endfacet
  facet normal  9.569420e-001  2.902792e-001  -0.000000e+000
    outer loop
      vertex -2.015485e+001 -1.978354e+000  2.500000e+000
      vertex -2.022598e+001 -1.743863e+000  1.250000e+000
      vertex -2.022598e+001 -1.743863e+000  2.500000e+000
    endloop
  endfacet
  facet normal  9.951844e-001  9.802056e-002  0.000000e+000
    outer loop
      vertex -2.022598e+001 -1.743863e+000  2.500000e+000
      vertex -2.022598e+001 -1.743863e+000  1.250000e+000
      vertex -2.025000e+001 -1.500000e+000  1.250000e+000
    endloop
  endfacet
  facet normal  9.951844e-001  9.802056e-002  -0.000000e+000
    outer loop
      vertex -2.022598e+001 -1.743863e+000  2.500000e+000
      vertex -2.025000e+001 -1.500000e+000  1.250000e+000
      vertex -2.025000e+001 -1.500000e+000  2.500000e+000
    endloop
  endfacet
  facet normal -9.801698e-002  9.951847e-001  0.000000e+000
    outer loop
      vertex -1.900000e+001 -2.750000e+000  0.000000e+000
      vertex -1.875614e+001 -2.725982e+000  1.250000e+000
      vertex -1.875614e+001 -2.725982e+000  0.000000e+000
    endloop
  endfacet
  facet normal -2.902847e-001  9.569403e-001  0.000000e+000
    outer loop
      vertex -1.875614e+001 -2.725982e+000  0.000000e+000
      vertex -1.875614e+001 -2.725982e+000  1.250000e+000
      vertex -1.852165e+001 -2.654850e+000  1.250000e+000
    endloop
  endfacet
  facet normal -2.902847e-001  9.569403e-001  0.000000e+000
    outer loop
      vertex -1.875614e+001 -2.725982e+000  0.000000e+000
      vertex -1.852165e+001 -2.654850e+000  1.250000e+000
      vertex -1.852165e+001 -2.654850e+000  0.000000e+000
    endloop
  endfacet
  facet normal -4.713945e-001  8.819225e-001  0.000000e+000
    outer loop
      vertex -1.852165e+001 -2.654850e+000  0.000000e+000
      vertex -1.852165e+001 -2.654850e+000  1.250000e+000
      vertex -1.830554e+001 -2.539337e+000  1.250000e+000
    endloop
  endfacet
  facet normal -4.713945e-001  8.819225e-001  0.000000e+000
    outer loop
      vertex -1.852165e+001 -2.654850e+000  0.000000e+000
      vertex -1.830554e+001 -2.539337e+000  1.250000e+000
      vertex -1.830554e+001 -2.539337e+000  0.000000e+000
    endloop
  endfacet
  facet normal -6.343930e-001  7.730107e-001  0.000000e+000
    outer loop
      vertex -1.830554e+001 -2.539337e+000  0.000000e+000
      vertex -1.830554e+001 -2.539337e+000  1.250000e+000
      vertex -1.811612e+001 -2.383883e+000  1.250000e+000
    endloop
  endfacet
  facet normal -6.343930e-001  7.730107e-001  0.000000e+000
    outer loop
      vertex -1.830554e+001 -2.539337e+000  0.000000e+000
      vertex -1.811612e+001 -2.383883e+000  1.250000e+000
      vertex -1.811612e+001 -2.383883e+000  0.000000e+000
    endloop
  endfacet
  facet normal -7.730121e-001  6.343913e-001  0.000000e+000
    outer loop
      vertex -1.811612e+001 -2.383883e+000  0.000000e+000
      vertex -1.811612e+001 -2.383883e+000  1.250000e+000
      vertex -1.796066e+001 -2.194463e+000  1.250000e+000
    endloop
  endfacet
  facet normal -7.730121e-001  6.343913e-001  0.000000e+000
    outer loop
      vertex -1.811612e+001 -2.383883e+000  0.000000e+000
      vertex -1.796066e+001 -2.194463e+000  1.250000e+000
      vertex -1.796066e+001 -2.194463e+000  0.000000e+000
    endloop
  endfacet
  facet normal -8.819204e-001  4.713982e-001  0.000000e+000
    outer loop
      vertex -1.796066e+001 -2.194463e+000  0.000000e+000
      vertex -1.796066e+001 -2.194463e+000  1.250000e+000
      vertex -1.784515e+001 -1.978354e+000  1.250000e+000
    endloop
  endfacet
  facet normal -8.819204e-001  4.713982e-001  0.000000e+000
    outer loop
      vertex -1.796066e+001 -2.194463e+000  0.000000e+000
      vertex -1.784515e+001 -1.978354e+000  1.250000e+000
      vertex -1.784515e+001 -1.978354e+000  0.000000e+000
    endloop
  endfacet
  facet normal -9.569420e-001  2.902792e-001  0.000000e+000
    outer loop
      vertex -1.784515e+001 -1.978354e+000  0.000000e+000
      vertex -1.784515e+001 -1.978354e+000  1.250000e+000
      vertex -1.777402e+001 -1.743863e+000  1.250000e+000
    endloop
  endfacet
  facet normal -9.569420e-001  2.902792e-001  0.000000e+000
    outer loop
      vertex -1.784515e+001 -1.978354e+000  0.000000e+000
      vertex -1.777402e+001 -1.743863e+000  1.250000e+000
      vertex -1.777402e+001 -1.743863e+000  0.000000e+000
    endloop
  endfacet
  facet normal -9.951844e-001  9.802056e-002  0.000000e+000
    outer loop
      vertex -1.777402e+001 -1.743863e+000  0.000000e+000
      vertex -1.777402e+001 -1.743863e+000  1.250000e+000
      vertex -1.775000e+001 -1.500000e+000  1.250000e+000
    endloop
  endfacet
  facet normal -9.951844e-001  9.802056e-002  0.000000e+000
    outer loop
      vertex -1.777402e+001 -1.743863e+000  0.000000e+000
      vertex -1.775000e+001 -1.500000e+000  1.250000e+000
      vertex -1.775000e+001 -1.500000e+000  0.000000e+000
    endloop
  endfacet
  facet normal -9.801698e-002  9.951847e-001  0.000000e+000
    outer loop
      vertex -1.875614e+001 -2.725982e+000  1.250000e+000
      vertex -1.900000e+001 -2.750000e+000  0.000000e+000
      vertex -1.900000e+001 -2.750000e+000  1.250000e+000
    endloop
  endfacet
  facet normal  9.801698e-002  9.951847e-001  0.000000e+000
    outer loop
      vertex -1.900000e+001 -2.750000e+000  1.250000e+000
      vertex -1.900000e+001 -2.750000e+000  0.000000e+000
      vertex -1.924386e+001 -2.725982e+000  0.000000e+000
    endloop
  endfacet
  facet normal  9.801698e-002  9.951847e-001  -0.000000e+000
    outer loop
      vertex -1.900000e+001 -2.750000e+000  1.250000e+000
      vertex -1.924386e+001 -2.725982e+000  0.000000e+000
      vertex -1.924386e+001 -2.725982e+000  1.250000e+000
    endloop
  endfacet
  facet normal  2.902847e-001  9.569403e-001  0.000000e+000
    outer loop
      vertex -1.924386e+001 -2.725982e+000  1.250000e+000
      vertex -1.924386e+001 -2.725982e+000  0.000000e+000
      vertex -1.947835e+001 -2.654850e+000  0.000000e+000
    endloop
  endfacet
  facet normal  2.902847e-001  9.569403e-001  -0.000000e+000
    outer loop
      vertex -1.924386e+001 -2.725982e+000  1.250000e+000
      vertex -1.947835e+001 -2.654850e+000  0.000000e+000
      vertex -1.947835e+001 -2.654850e+000  1.250000e+000
    endloop
  endfacet
  facet normal  4.713945e-001  8.819225e-001  0.000000e+000
    outer loop
      vertex -1.947835e+001 -2.654850e+000  1.250000e+000
      vertex -1.947835e+001 -2.654850e+000  0.000000e+000
      vertex -1.969446e+001 -2.539337e+000  0.000000e+000
    endloop
  endfacet
  facet normal  4.713945e-001  8.819225e-001  -0.000000e+000
    outer loop
      vertex -1.947835e+001 -2.654850e+000  1.250000e+000
      vertex -1.969446e+001 -2.539337e+000  0.000000e+000
      vertex -1.969446e+001 -2.539337e+000  1.250000e+000
    endloop
  endfacet
  facet normal  6.343930e-001  7.730107e-001  0.000000e+000
    outer loop
      vertex -1.969446e+001 -2.539337e+000  1.250000e+000
      vertex -1.969446e+001 -2.539337e+000  0.000000e+000
      vertex -1.988388e+001 -2.383883e+000  0.000000e+000
    endloop
  endfacet
  facet normal  6.343930e-001  7.730107e-001  -0.000000e+000
    outer loop
      vertex -1.969446e+001 -2.539337e+000  1.250000e+000
      vertex -1.988388e+001 -2.383883e+000  0.000000e+000
      vertex -1.988388e+001 -2.383883e+000  1.250000e+000
    endloop
  endfacet
  facet normal  7.730121e-001  6.343913e-001  0.000000e+000
    outer loop
      vertex -1.988388e+001 -2.383883e+000  1.250000e+000
      vertex -1.988388e+001 -2.383883e+000  0.000000e+000
      vertex -2.003934e+001 -2.194463e+000  0.000000e+000
    endloop
  endfacet
  facet normal  7.730121e-001  6.343913e-001  -0.000000e+000
    outer loop
      vertex -1.988388e+001 -2.383883e+000  1.250000e+000
      vertex -2.003934e+001 -2.194463e+000  0.000000e+000
      vertex -2.003934e+001 -2.194463e+000  1.250000e+000
    endloop
  endfacet
  facet normal  8.819204e-001  4.713982e-001  0.000000e+000
    outer loop
      vertex -2.003934e+001 -2.194463e+000  1.250000e+000
      vertex -2.003934e+001 -2.194463e+000  0.000000e+000
      vertex -2.015485e+001 -1.978354e+000  0.000000e+000
    endloop
  endfacet
  facet normal  8.819204e-001  4.713982e-001  -0.000000e+000
    outer loop
      vertex -2.003934e+001 -2.194463e+000  1.250000e+000
      vertex -2.015485e+001 -1.978354e+000  0.000000e+000
      vertex -2.015485e+001 -1.978354e+000  1.250000e+000
    endloop
  endfacet
  facet normal  9.569420e-001  2.902792e-001  0.000000e+000
    outer loop
      vertex -2.015485e+001 -1.978354e+000  1.250000e+000
      vertex -2.015485e+001 -1.978354e+000  0.000000e+000
      vertex -2.022598e+001 -1.743863e+000  0.000000e+000
    endloop
  endfacet
  facet normal  9.569420e-001  2.902792e-001  -0.000000e+000
    outer loop
      vertex -2.015485e+001 -1.978354e+000  1.250000e+000
      vertex -2.022598e+001 -1.743863e+000  0.000000e+000
      vertex -2.022598e+001 -1.743863e+000  1.250000e+000
    endloop
  endfacet
  facet normal  9.951844e-001  9.802056e-002  0.000000e+000
    outer loop
      vertex -2.022598e+001 -1.743863e+000  1.250000e+000
      vertex -2.022598e+001 -1.743863e+000  0.000000e+000
      vertex -2.025000e+001 -1.500000e+000  0.000000e+000
    endloop
  endfacet
  facet normal  9.951844e-001  9.802056e-002  -0.000000e+000
    outer loop
      vertex -2.022598e+001 -1.743863e+000  1.250000e+000
      vertex -2.025000e+001 -1.500000e+000  0.000000e+000
      vertex -2.025000e+001 -1.500000e+000  1.250000e+000
    endloop
  endfacet
  facet normal  9.801747e-002 -9.951847e-001  0.000000e+000
    outer loop
      vertex -1.900000e+001 -2.500000e-001  1.250000e+000
      vertex -1.924386e+001 -2.740184e-001  2.500000e+000
      vertex -1.924386e+001 -2.740184e-001  1.250000e+000
    endloop
  endfacet
  facet normal  2.902847e-001 -9.569403e-001  0.000000e+000
    outer loop
      vertex -1.924386e+001 -2.740184e-001  1.250000e+000
      vertex -1.924386e+001 -2.740184e-001  2.500000e+000
      vertex -1.947835e+001 -3.451506e-001  2.500000e+000
    endloop
  endfacet
  facet normal  2.902847e-001 -9.569403e-001  0.000000e+000
    outer loop
      vertex -1.924386e+001 -2.740184e-001  1.250000e+000
      vertex -1.947835e+001 -3.451506e-001  2.500000e+000
      vertex -1.947835e+001 -3.451506e-001  1.250000e+000
    endloop
  endfacet
  facet normal  4.713938e-001 -8.819228e-001  0.000000e+000
    outer loop
      vertex -1.947835e+001 -3.451506e-001  1.250000e+000
      vertex -1.947835e+001 -3.451506e-001  2.500000e+000
      vertex -1.969446e+001 -4.606630e-001  2.500000e+000
    endloop
  endfacet
  facet normal  4.713938e-001 -8.819228e-001  0.000000e+000
    outer loop
      vertex -1.947835e+001 -3.451506e-001  1.250000e+000
      vertex -1.969446e+001 -4.606630e-001  2.500000e+000
      vertex -1.969446e+001 -4.606630e-001  1.250000e+000
    endloop
  endfacet
  facet normal  6.343932e-001 -7.730104e-001  0.000000e+000
    outer loop
      vertex -1.969446e+001 -4.606630e-001  1.250000e+000
      vertex -1.969446e+001 -4.606630e-001  2.500000e+000
      vertex -1.988388e+001 -6.161165e-001  2.500000e+000
    endloop
  endfacet
  facet normal  6.343932e-001 -7.730104e-001  0.000000e+000
    outer loop
      vertex -1.969446e+001 -4.606630e-001  1.250000e+000
      vertex -1.988388e+001 -6.161165e-001  2.500000e+000
      vertex -1.988388e+001 -6.161165e-001  1.250000e+000
    endloop
  endfacet
  facet normal  7.730121e-001 -6.343913e-001  0.000000e+000
    outer loop
      vertex -1.988388e+001 -6.161165e-001  1.250000e+000
      vertex -1.988388e+001 -6.161165e-001  2.500000e+000
      vertex -2.003934e+001 -8.055372e-001  2.500000e+000
    endloop
  endfacet
  facet normal  7.730121e-001 -6.343913e-001  0.000000e+000
    outer loop
      vertex -1.988388e+001 -6.161165e-001  1.250000e+000
      vertex -2.003934e+001 -8.055372e-001  2.500000e+000
      vertex -2.003934e+001 -8.055372e-001  1.250000e+000
    endloop
  endfacet
  facet normal  8.819204e-001 -4.713982e-001  0.000000e+000
    outer loop
      vertex -2.003934e+001 -8.055372e-001  1.250000e+000
      vertex -2.003934e+001 -8.055372e-001  2.500000e+000
      vertex -2.015485e+001 -1.021646e+000  2.500000e+000
    endloop
  endfacet
  facet normal  8.819204e-001 -4.713982e-001  0.000000e+000
    outer loop
      vertex -2.003934e+001 -8.055372e-001  1.250000e+000
      vertex -2.015485e+001 -1.021646e+000  2.500000e+000
      vertex -2.015485e+001 -1.021646e+000  1.250000e+000
    endloop
  endfacet
  facet normal  9.569420e-001 -2.902792e-001  0.000000e+000
    outer loop
      vertex -2.015485e+001 -1.021646e+000  1.250000e+000
      vertex -2.015485e+001 -1.021646e+000  2.500000e+000
      vertex -2.022598e+001 -1.256137e+000  2.500000e+000
    endloop
  endfacet
  facet normal  9.569420e-001 -2.902792e-001  0.000000e+000
    outer loop
      vertex -2.015485e+001 -1.021646e+000  1.250000e+000
      vertex -2.022598e+001 -1.256137e+000  2.500000e+000
      vertex -2.022598e+001 -1.256137e+000  1.250000e+000
    endloop
  endfacet
  facet normal  9.951844e-001 -9.802056e-002  0.000000e+000
    outer loop
      vertex -2.022598e+001 -1.256137e+000  1.250000e+000
      vertex -2.022598e+001 -1.256137e+000  2.500000e+000
      vertex -2.025000e+001 -1.500000e+000  2.500000e+000
    endloop
  endfacet
  facet normal  9.951844e-001 -9.802056e-002  0.000000e+000
    outer loop
      vertex -2.022598e+001 -1.256137e+000  1.250000e+000
      vertex -2.025000e+001 -1.500000e+000  2.500000e+000
      vertex -2.025000e+001 -1.500000e+000  1.250000e+000
    endloop
  endfacet
  facet normal  9.801747e-002 -9.951847e-001  0.000000e+000
    outer loop
      vertex -1.924386e+001 -2.740184e-001  2.500000e+000
      vertex -1.900000e+001 -2.500000e-001  1.250000e+000
      vertex -1.900000e+001 -2.500000e-001  2.500000e+000
    endloop
  endfacet
  facet normal -9.801747e-002 -9.951847e-001  -0.000000e+000
    outer loop
      vertex -1.900000e+001 -2.500000e-001  2.500000e+000
      vertex -1.900000e+001 -2.500000e-001  1.250000e+000
      vertex -1.875614e+001 -2.740184e-001  1.250000e+000
    endloop
  endfacet
  facet normal -9.801747e-002 -9.951847e-001  0.000000e+000
    outer loop
      vertex -1.900000e+001 -2.500000e-001  2.500000e+000
      vertex -1.875614e+001 -2.740184e-001  1.250000e+000
      vertex -1.875614e+001 -2.740184e-001  2.500000e+000
    endloop
  endfacet
  facet normal -2.902847e-001 -9.569403e-001  -0.000000e+000
    outer loop
      vertex -1.875614e+001 -2.740184e-001  2.500000e+000
      vertex -1.875614e+001 -2.740184e-001  1.250000e+000
      vertex -1.852165e+001 -3.451506e-001  1.250000e+000
    endloop
  endfacet
  facet normal -2.902847e-001 -9.569403e-001  0.000000e+000
    outer loop
      vertex -1.875614e+001 -2.740184e-001  2.500000e+000
      vertex -1.852165e+001 -3.451506e-001  1.250000e+000
      vertex -1.852165e+001 -3.451506e-001  2.500000e+000
    endloop
  endfacet
  facet normal -4.713938e-001 -8.819228e-001  -0.000000e+000
    outer loop
      vertex -1.852165e+001 -3.451506e-001  2.500000e+000
      vertex -1.852165e+001 -3.451506e-001  1.250000e+000
      vertex -1.830554e+001 -4.606630e-001  1.250000e+000
    endloop
  endfacet
  facet normal -4.713938e-001 -8.819228e-001  0.000000e+000
    outer loop
      vertex -1.852165e+001 -3.451506e-001  2.500000e+000
      vertex -1.830554e+001 -4.606630e-001  1.250000e+000
      vertex -1.830554e+001 -4.606630e-001  2.500000e+000
    endloop
  endfacet
  facet normal -6.343932e-001 -7.730104e-001  -0.000000e+000
    outer loop
      vertex -1.830554e+001 -4.606630e-001  2.500000e+000
      vertex -1.830554e+001 -4.606630e-001  1.250000e+000
      vertex -1.811612e+001 -6.161165e-001  1.250000e+000
    endloop
  endfacet
  facet normal -6.343932e-001 -7.730104e-001  0.000000e+000
    outer loop
      vertex -1.830554e+001 -4.606630e-001  2.500000e+000
      vertex -1.811612e+001 -6.161165e-001  1.250000e+000
      vertex -1.811612e+001 -6.161165e-001  2.500000e+000
    endloop
  endfacet
  facet normal -7.730121e-001 -6.343913e-001  -0.000000e+000
    outer loop
      vertex -1.811612e+001 -6.161165e-001  2.500000e+000
      vertex -1.811612e+001 -6.161165e-001  1.250000e+000
      vertex -1.796066e+001 -8.055372e-001  1.250000e+000
    endloop
  endfacet
  facet normal -7.730121e-001 -6.343913e-001  0.000000e+000
    outer loop
      vertex -1.811612e+001 -6.161165e-001  2.500000e+000
      vertex -1.796066e+001 -8.055372e-001  1.250000e+000
      vertex -1.796066e+001 -8.055372e-001  2.500000e+000
    endloop
  endfacet
  facet normal -8.819204e-001 -4.713982e-001  -0.000000e+000
    outer loop
      vertex -1.796066e+001 -8.055372e-001  2.500000e+000
      vertex -1.796066e+001 -8.055372e-001  1.250000e+000
      vertex -1.784515e+001 -1.021646e+000  1.250000e+000
    endloop
  endfacet
  facet normal -8.819204e-001 -4.713982e-001  0.000000e+000
    outer loop
      vertex -1.796066e+001 -8.055372e-001  2.500000e+000
      vertex -1.784515e+001 -1.021646e+000  1.250000e+000
      vertex -1.784515e+001 -1.021646e+000  2.500000e+000
    endloop
  endfacet
  facet normal -9.569420e-001 -2.902792e-001  -0.000000e+000
    outer loop
      vertex -1.784515e+001 -1.021646e+000  2.500000e+000
      vertex -1.784515e+001 -1.021646e+000  1.250000e+000
      vertex -1.777402e+001 -1.256137e+000  1.250000e+000
    endloop
  endfacet
  facet normal -9.569420e-001 -2.902792e-001  0.000000e+000
    outer loop
      vertex -1.784515e+001 -1.021646e+000  2.500000e+000
      vertex -1.777402e+001 -1.256137e+000  1.250000e+000
      vertex -1.777402e+001 -1.256137e+000  2.500000e+000
    endloop
  endfacet
  facet normal -9.951844e-001 -9.802056e-002  -0.000000e+000
    outer loop
      vertex -1.777402e+001 -1.256137e+000  2.500000e+000
      vertex -1.777402e+001 -1.256137e+000  1.250000e+000
      vertex -1.775000e+001 -1.500000e+000  1.250000e+000
    endloop
  endfacet
  facet normal -9.951844e-001 -9.802056e-002  0.000000e+000
    outer loop
      vertex -1.777402e+001 -1.256137e+000  2.500000e+000
      vertex -1.775000e+001 -1.500000e+000  1.250000e+000
      vertex -1.775000e+001 -1.500000e+000  2.500000e+000
    endloop
  endfacet
  facet normal  9.801747e-002 -9.951847e-001  0.000000e+000
    outer loop
      vertex -1.900000e+001 -2.500000e-001  0.000000e+000
      vertex -1.924386e+001 -2.740184e-001  1.250000e+000
      vertex -1.924386e+001 -2.740184e-001  0.000000e+000
    endloop
  endfacet
  facet normal  2.902847e-001 -9.569403e-001  0.000000e+000
    outer loop
      vertex -1.924386e+001 -2.740184e-001  0.000000e+000
      vertex -1.924386e+001 -2.740184e-001  1.250000e+000
      vertex -1.947835e+001 -3.451506e-001  1.250000e+000
    endloop
  endfacet
  facet normal  2.902847e-001 -9.569403e-001  0.000000e+000
    outer loop
      vertex -1.924386e+001 -2.740184e-001  0.000000e+000
      vertex -1.947835e+001 -3.451506e-001  1.250000e+000
      vertex -1.947835e+001 -3.451506e-001  0.000000e+000
    endloop
  endfacet
  facet normal  4.713938e-001 -8.819228e-001  0.000000e+000
    outer loop
      vertex -1.947835e+001 -3.451506e-001  0.000000e+000
      vertex -1.947835e+001 -3.451506e-001  1.250000e+000
      vertex -1.969446e+001 -4.606630e-001  1.250000e+000
    endloop
  endfacet
  facet normal  4.713938e-001 -8.819228e-001  0.000000e+000
    outer loop
      vertex -1.947835e+001 -3.451506e-001  0.000000e+000
      vertex -1.969446e+001 -4.606630e-001  1.250000e+000
      vertex -1.969446e+001 -4.606630e-001  0.000000e+000
    endloop
  endfacet
  facet normal  6.343932e-001 -7.730104e-001  0.000000e+000
    outer loop
      vertex -1.969446e+001 -4.606630e-001  0.000000e+000
      vertex -1.969446e+001 -4.606630e-001  1.250000e+000
      vertex -1.988388e+001 -6.161165e-001  1.250000e+000
    endloop
  endfacet
  facet normal  6.343932e-001 -7.730104e-001  0.000000e+000
    outer loop
      vertex -1.969446e+001 -4.606630e-001  0.000000e+000
      vertex -1.988388e+001 -6.161165e-001  1.250000e+000
      vertex -1.988388e+001 -6.161165e-001  0.000000e+000
    endloop
  endfacet
  facet normal  7.730121e-001 -6.343913e-001  0.000000e+000
    outer loop
      vertex -1.988388e+001 -6.161165e-001  0.000000e+000
      vertex -1.988388e+001 -6.161165e-001  1.250000e+000
      vertex -2.003934e+001 -8.055372e-001  1.250000e+000
    endloop
  endfacet
  facet normal  7.730121e-001 -6.343913e-001  0.000000e+000
    outer loop
      vertex -1.988388e+001 -6.161165e-001  0.000000e+000
      vertex -2.003934e+001 -8.055372e-001  1.250000e+000
      vertex -2.003934e+001 -8.055372e-001  0.000000e+000
    endloop
  endfacet
  facet normal  8.819204e-001 -4.713982e-001  0.000000e+000
    outer loop
      vertex -2.003934e+001 -8.055372e-001  0.000000e+000
      vertex -2.003934e+001 -8.055372e-001  1.250000e+000
      vertex -2.015485e+001 -1.021646e+000  1.250000e+000
    endloop
  endfacet
  facet normal  8.819204e-001 -4.713982e-001  0.000000e+000
    outer loop
      vertex -2.003934e+001 -8.055372e-001  0.000000e+000
      vertex -2.015485e+001 -1.021646e+000  1.250000e+000
      vertex -2.015485e+001 -1.021646e+000  0.000000e+000
    endloop
  endfacet
  facet normal  9.569420e-001 -2.902792e-001  0.000000e+000
    outer loop
      vertex -2.015485e+001 -1.021646e+000  0.000000e+000
      vertex -2.015485e+001 -1.021646e+000  1.250000e+000
      vertex -2.022598e+001 -1.256137e+000  1.250000e+000
    endloop
  endfacet
  facet normal  9.569420e-001 -2.902792e-001  0.000000e+000
    outer loop
      vertex -2.015485e+001 -1.021646e+000  0.000000e+000
      vertex -2.022598e+001 -1.256137e+000  1.250000e+000
      vertex -2.022598e+001 -1.256137e+000  0.000000e+000
    endloop
  endfacet
  facet normal  9.951844e-001 -9.802056e-002  0.000000e+000
    outer loop
      vertex -2.022598e+001 -1.256137e+000  0.000000e+000
      vertex -2.022598e+001 -1.256137e+000  1.250000e+000
      vertex -2.025000e+001 -1.500000e+000  1.250000e+000
    endloop
  endfacet
  facet normal  9.951844e-001 -9.802056e-002  0.000000e+000
    outer loop
      vertex -2.022598e+001 -1.256137e+000  0.000000e+000
      vertex -2.025000e+001 -1.500000e+000  1.250000e+000
      vertex -2.025000e+001 -1.500000e+000  0.000000e+000
    endloop
  endfacet
  facet normal  9.801747e-002 -9.951847e-001  0.000000e+000
    outer loop
      vertex -1.924386e+001 -2.740184e-001  1.250000e+000
      vertex -1.900000e+001 -2.500000e-001  0.000000e+000
      vertex -1.900000e+001 -2.500000e-001  1.250000e+000
    endloop
  endfacet
  facet normal -9.801747e-002 -9.951847e-001  -0.000000e+000
    outer loop
      vertex -1.900000e+001 -2.500000e-001  1.250000e+000
      vertex -1.900000e+001 -2.500000e-001  0.000000e+000
      vertex -1.875614e+001 -2.740184e-001  0.000000e+000
    endloop
  endfacet
  facet normal -9.801747e-002 -9.951847e-001  0.000000e+000
    outer loop
      vertex -1.900000e+001 -2.500000e-001  1.250000e+000
      vertex -1.875614e+001 -2.740184e-001  0.000000e+000
      vertex -1.875614e+001 -2.740184e-001  1.250000e+000
    endloop
  endfacet
  facet normal -2.902847e-001 -9.569403e-001  -0.000000e+000
    outer loop
      vertex -1.875614e+001 -2.740184e-001  1.250000e+000
      vertex -1.875614e+001 -2.740184e-001  0.000000e+000
      vertex -1.852165e+001 -3.451506e-001  0.000000e+000
    endloop
  endfacet
  facet normal -2.902847e-001 -9.569403e-001  0.000000e+000
    outer loop
      vertex -1.875614e+001 -2.740184e-001  1.250000e+000
      vertex -1.852165e+001 -3.451506e-001  0.000000e+000
      vertex -1.852165e+001 -3.451506e-001  1.250000e+000
    endloop
  endfacet
  facet normal -4.713938e-001 -8.819228e-001  -0.000000e+000
    outer loop
      vertex -1.852165e+001 -3.451506e-001  1.250000e+000
      vertex -1.852165e+001 -3.451506e-001  0.000000e+000
      vertex -1.830554e+001 -4.606630e-001  0.000000e+000
    endloop
  endfacet
  facet normal -4.713938e-001 -8.819228e-001  0.000000e+000
    outer loop
      vertex -1.852165e+001 -3.451506e-001  1.250000e+000
      vertex -1.830554e+001 -4.606630e-001  0.000000e+000
      vertex -1.830554e+001 -4.606630e-001  1.250000e+000
    endloop
  endfacet
  facet normal -6.343932e-001 -7.730104e-001  -0.000000e+000
    outer loop
      vertex -1.830554e+001 -4.606630e-001  1.250000e+000
      vertex -1.830554e+001 -4.606630e-001  0.000000e+000
      vertex -1.811612e+001 -6.161165e-001  0.000000e+000
    endloop
  endfacet
  facet normal -6.343932e-001 -7.730104e-001  0.000000e+000
    outer loop
      vertex -1.830554e+001 -4.606630e-001  1.250000e+000
      vertex -1.811612e+001 -6.161165e-001  0.000000e+000
      vertex -1.811612e+001 -6.161165e-001  1.250000e+000
    endloop
  endfacet
  facet normal -7.730121e-001 -6.343913e-001  -0.000000e+000
    outer loop
      vertex -1.811612e+001 -6.161165e-001  1.250000e+000
      vertex -1.811612e+001 -6.161165e-001  0.000000e+000
      vertex -1.796066e+001 -8.055372e-001  0.000000e+000
    endloop
  endfacet
  facet normal -7.730121e-001 -6.343913e-001  0.000000e+000
    outer loop
      vertex -1.811612e+001 -6.161165e-001  1.250000e+000
      vertex -1.796066e+001 -8.055372e-001  0.000000e+000
      vertex -1.796066e+001 -8.055372e-001  1.250000e+000
    endloop
  endfacet
  facet normal -8.819204e-001 -4.713982e-001  -0.000000e+000
    outer loop
      vertex -1.796066e+001 -8.055372e-001  1.250000e+000
      vertex -1.796066e+001 -8.055372e-001  0.000000e+000
      vertex -1.784515e+001 -1.021646e+000  0.000000e+000
    endloop
  endfacet
  facet normal -8.819204e-001 -4.713982e-001  0.000000e+000
    outer loop
      vertex -1.796066e+001 -8.055372e-001  1.250000e+000
      vertex -1.784515e+001 -1.021646e+000  0.000000e+000
      vertex -1.784515e+001 -1.021646e+000  1.250000e+000
    endloop
  endfacet
  facet normal -9.569420e-001 -2.902792e-001  -0.000000e+000
    outer loop
      vertex -1.784515e+001 -1.021646e+000  1.250000e+000
      vertex -1.784515e+001 -1.021646e+000  0.000000e+000
      vertex -1.777402e+001 -1.256137e+000  0.000000e+000
    endloop
  endfacet
  facet normal -9.569420e-001 -2.902792e-001  0.000000e+000
    outer loop
      vertex -1.784515e+001 -1.021646e+000  1.250000e+000
      vertex -1.777402e+001 -1.256137e+000  0.000000e+000
      vertex -1.777402e+001 -1.256137e+000  1.250000e+000
    endloop
  endfacet
  facet normal -9.951844e-001 -9.802056e-002  -0.000000e+000
    outer loop
      vertex -1.777402e+001 -1.256137e+000  1.250000e+000
      vertex -1.777402e+001 -1.256137e+000  0.000000e+000
      vertex -1.775000e+001 -1.500000e+000  0.000000e+000
    endloop
  endfacet
  facet normal -9.951844e-001 -9.802056e-002  0.000000e+000
    outer loop
      vertex -1.777402e+001 -1.256137e+000  1.250000e+000
      vertex -1.775000e+001 -1.500000e+000  0.000000e+000
      vertex -1.775000e+001 -1.500000e+000  1.250000e+000
    endloop
  endfacet
  facet normal -9.801698e-002  9.951847e-001  0.000000e+000
    outer loop
      vertex -2.850000e+001  1.525000e+001  1.250000e+000
      vertex -2.825614e+001  1.527402e+001  2.500000e+000
      vertex -2.825614e+001  1.527402e+001  1.250000e+000
    endloop
  endfacet
  facet normal -2.902865e-001  9.569398e-001  0.000000e+000
    outer loop
      vertex -2.825614e+001  1.527402e+001  1.250000e+000
      vertex -2.825614e+001  1.527402e+001  2.500000e+000
      vertex -2.802165e+001  1.534515e+001  2.500000e+000
    endloop
  endfacet
  facet normal -2.902865e-001  9.569398e-001  0.000000e+000
    outer loop
      vertex -2.825614e+001  1.527402e+001  1.250000e+000
      vertex -2.802165e+001  1.534515e+001  2.500000e+000
      vertex -2.802165e+001  1.534515e+001  1.250000e+000
    endloop
  endfacet
  facet normal -4.713922e-001  8.819237e-001  0.000000e+000
    outer loop
      vertex -2.802165e+001  1.534515e+001  1.250000e+000
      vertex -2.802165e+001  1.534515e+001  2.500000e+000
      vertex -2.780554e+001  1.546066e+001  2.500000e+000
    endloop
  endfacet
  facet normal -4.713922e-001  8.819237e-001  0.000000e+000
    outer loop
      vertex -2.802165e+001  1.534515e+001  1.250000e+000
      vertex -2.780554e+001  1.546066e+001  2.500000e+000
      vertex -2.780554e+001  1.546066e+001  1.250000e+000
    endloop
  endfacet
  facet normal -6.343936e-001  7.730102e-001  0.000000e+000
    outer loop
      vertex -2.780554e+001  1.546066e+001  1.250000e+000
      vertex -2.780554e+001  1.546066e+001  2.500000e+000
      vertex -2.761612e+001  1.561612e+001  2.500000e+000
    endloop
  endfacet
  facet normal -6.343936e-001  7.730102e-001  0.000000e+000
    outer loop
      vertex -2.780554e+001  1.546066e+001  1.250000e+000
      vertex -2.761612e+001  1.561612e+001  2.500000e+000
      vertex -2.761612e+001  1.561612e+001  1.250000e+000
    endloop
  endfacet
  facet normal -7.730121e-001  6.343913e-001  0.000000e+000
    outer loop
      vertex -2.761612e+001  1.561612e+001  1.250000e+000
      vertex -2.761612e+001  1.561612e+001  2.500000e+000
      vertex -2.746066e+001  1.580554e+001  2.500000e+000
    endloop
  endfacet
  facet normal -7.730121e-001  6.343913e-001  0.000000e+000
    outer loop
      vertex -2.761612e+001  1.561612e+001  1.250000e+000
      vertex -2.746066e+001  1.580554e+001  2.500000e+000
      vertex -2.746066e+001  1.580554e+001  1.250000e+000
    endloop
  endfacet
  facet normal -8.819212e-001  4.713968e-001  0.000000e+000
    outer loop
      vertex -2.746066e+001  1.580554e+001  1.250000e+000
      vertex -2.746066e+001  1.580554e+001  2.500000e+000
      vertex -2.734515e+001  1.602165e+001  2.500000e+000
    endloop
  endfacet
  facet normal -8.819212e-001  4.713968e-001  0.000000e+000
    outer loop
      vertex -2.746066e+001  1.580554e+001  1.250000e+000
      vertex -2.734515e+001  1.602165e+001  2.500000e+000
      vertex -2.734515e+001  1.602165e+001  1.250000e+000
    endloop
  endfacet
  facet normal -9.569420e-001  2.902794e-001  0.000000e+000
    outer loop
      vertex -2.734515e+001  1.602165e+001  1.250000e+000
      vertex -2.734515e+001  1.602165e+001  2.500000e+000
      vertex -2.727402e+001  1.625614e+001  2.500000e+000
    endloop
  endfacet
  facet normal -9.569420e-001  2.902794e-001  0.000000e+000
    outer loop
      vertex -2.734515e+001  1.602165e+001  1.250000e+000
      vertex -2.727402e+001  1.625614e+001  2.500000e+000
      vertex -2.727402e+001  1.625614e+001  1.250000e+000
    endloop
  endfacet
  facet normal -9.951844e-001  9.802084e-002  0.000000e+000
    outer loop
      vertex -2.727402e+001  1.625614e+001  1.250000e+000
      vertex -2.727402e+001  1.625614e+001  2.500000e+000
      vertex -2.725000e+001  1.650000e+001  2.500000e+000
    endloop
  endfacet
  facet normal -9.951844e-001  9.802084e-002  0.000000e+000
    outer loop
      vertex -2.727402e+001  1.625614e+001  1.250000e+000
      vertex -2.725000e+001  1.650000e+001  2.500000e+000
      vertex -2.725000e+001  1.650000e+001  1.250000e+000
    endloop
  endfacet
  facet normal -9.801698e-002  9.951847e-001  0.000000e+000
    outer loop
      vertex -2.825614e+001  1.527402e+001  2.500000e+000
      vertex -2.850000e+001  1.525000e+001  1.250000e+000
      vertex -2.850000e+001  1.525000e+001  2.500000e+000
    endloop
  endfacet
  facet normal  9.801698e-002  9.951847e-001  0.000000e+000
    outer loop
      vertex -2.850000e+001  1.525000e+001  2.500000e+000
      vertex -2.850000e+001  1.525000e+001  1.250000e+000
      vertex -2.874386e+001  1.527402e+001  1.250000e+000
    endloop
  endfacet
  facet normal  9.801698e-002  9.951847e-001  -0.000000e+000
    outer loop
      vertex -2.850000e+001  1.525000e+001  2.500000e+000
      vertex -2.874386e+001  1.527402e+001  1.250000e+000
      vertex -2.874386e+001  1.527402e+001  2.500000e+000
    endloop
  endfacet
  facet normal  2.902865e-001  9.569398e-001  0.000000e+000
    outer loop
      vertex -2.874386e+001  1.527402e+001  2.500000e+000
      vertex -2.874386e+001  1.527402e+001  1.250000e+000
      vertex -2.897835e+001  1.534515e+001  1.250000e+000
    endloop
  endfacet
  facet normal  2.902865e-001  9.569398e-001  -0.000000e+000
    outer loop
      vertex -2.874386e+001  1.527402e+001  2.500000e+000
      vertex -2.897835e+001  1.534515e+001  1.250000e+000
      vertex -2.897835e+001  1.534515e+001  2.500000e+000
    endloop
  endfacet
  facet normal  4.713922e-001  8.819237e-001  0.000000e+000
    outer loop
      vertex -2.897835e+001  1.534515e+001  2.500000e+000
      vertex -2.897835e+001  1.534515e+001  1.250000e+000
      vertex -2.919446e+001  1.546066e+001  1.250000e+000
    endloop
  endfacet
  facet normal  4.713922e-001  8.819237e-001  -0.000000e+000
    outer loop
      vertex -2.897835e+001  1.534515e+001  2.500000e+000
      vertex -2.919446e+001  1.546066e+001  1.250000e+000
      vertex -2.919446e+001  1.546066e+001  2.500000e+000
    endloop
  endfacet
  facet normal  6.343936e-001  7.730102e-001  0.000000e+000
    outer loop
      vertex -2.919446e+001  1.546066e+001  2.500000e+000
      vertex -2.919446e+001  1.546066e+001  1.250000e+000
      vertex -2.938388e+001  1.561612e+001  1.250000e+000
    endloop
  endfacet
  facet normal  6.343936e-001  7.730102e-001  -0.000000e+000
    outer loop
      vertex -2.919446e+001  1.546066e+001  2.500000e+000
      vertex -2.938388e+001  1.561612e+001  1.250000e+000
      vertex -2.938388e+001  1.561612e+001  2.500000e+000
    endloop
  endfacet
  facet normal  7.730121e-001  6.343913e-001  0.000000e+000
    outer loop
      vertex -2.938388e+001  1.561612e+001  2.500000e+000
      vertex -2.938388e+001  1.561612e+001  1.250000e+000
      vertex -2.953934e+001  1.580554e+001  1.250000e+000
    endloop
  endfacet
  facet normal  7.730121e-001  6.343913e-001  -0.000000e+000
    outer loop
      vertex -2.938388e+001  1.561612e+001  2.500000e+000
      vertex -2.953934e+001  1.580554e+001  1.250000e+000
      vertex -2.953934e+001  1.580554e+001  2.500000e+000
    endloop
  endfacet
  facet normal  8.819212e-001  4.713968e-001  0.000000e+000
    outer loop
      vertex -2.953934e+001  1.580554e+001  2.500000e+000
      vertex -2.953934e+001  1.580554e+001  1.250000e+000
      vertex -2.965485e+001  1.602165e+001  1.250000e+000
    endloop
  endfacet
  facet normal  8.819212e-001  4.713968e-001  -0.000000e+000
    outer loop
      vertex -2.953934e+001  1.580554e+001  2.500000e+000
      vertex -2.965485e+001  1.602165e+001  1.250000e+000
      vertex -2.965485e+001  1.602165e+001  2.500000e+000
    endloop
  endfacet
  facet normal  9.569420e-001  2.902794e-001  0.000000e+000
    outer loop
      vertex -2.965485e+001  1.602165e+001  2.500000e+000
      vertex -2.965485e+001  1.602165e+001  1.250000e+000
      vertex -2.972598e+001  1.625614e+001  1.250000e+000
    endloop
  endfacet
  facet normal  9.569420e-001  2.902794e-001  -0.000000e+000
    outer loop
      vertex -2.965485e+001  1.602165e+001  2.500000e+000
      vertex -2.972598e+001  1.625614e+001  1.250000e+000
      vertex -2.972598e+001  1.625614e+001  2.500000e+000
    endloop
  endfacet
  facet normal  9.951844e-001  9.802084e-002  0.000000e+000
    outer loop
      vertex -2.972598e+001  1.625614e+001  2.500000e+000
      vertex -2.972598e+001  1.625614e+001  1.250000e+000
      vertex -2.975000e+001  1.650000e+001  1.250000e+000
    endloop
  endfacet
  facet normal  9.951844e-001  9.802084e-002  -0.000000e+000
    outer loop
      vertex -2.972598e+001  1.625614e+001  2.500000e+000
      vertex -2.975000e+001  1.650000e+001  1.250000e+000
      vertex -2.975000e+001  1.650000e+001  2.500000e+000
    endloop
  endfacet
  facet normal -9.801698e-002  9.951847e-001  0.000000e+000
    outer loop
      vertex -2.850000e+001  1.525000e+001  0.000000e+000
      vertex -2.825614e+001  1.527402e+001  1.250000e+000
      vertex -2.825614e+001  1.527402e+001  0.000000e+000
    endloop
  endfacet
  facet normal -2.902865e-001  9.569398e-001  0.000000e+000
    outer loop
      vertex -2.825614e+001  1.527402e+001  0.000000e+000
      vertex -2.825614e+001  1.527402e+001  1.250000e+000
      vertex -2.802165e+001  1.534515e+001  1.250000e+000
    endloop
  endfacet
  facet normal -2.902865e-001  9.569398e-001  0.000000e+000
    outer loop
      vertex -2.825614e+001  1.527402e+001  0.000000e+000
      vertex -2.802165e+001  1.534515e+001  1.250000e+000
      vertex -2.802165e+001  1.534515e+001  0.000000e+000
    endloop
  endfacet
  facet normal -4.713922e-001  8.819237e-001  0.000000e+000
    outer loop
      vertex -2.802165e+001  1.534515e+001  0.000000e+000
      vertex -2.802165e+001  1.534515e+001  1.250000e+000
      vertex -2.780554e+001  1.546066e+001  1.250000e+000
    endloop
  endfacet
  facet normal -4.713922e-001  8.819237e-001  0.000000e+000
    outer loop
      vertex -2.802165e+001  1.534515e+001  0.000000e+000
      vertex -2.780554e+001  1.546066e+001  1.250000e+000
      vertex -2.780554e+001  1.546066e+001  0.000000e+000
    endloop
  endfacet
  facet normal -6.343936e-001  7.730102e-001  0.000000e+000
    outer loop
      vertex -2.780554e+001  1.546066e+001  0.000000e+000
      vertex -2.780554e+001  1.546066e+001  1.250000e+000
      vertex -2.761612e+001  1.561612e+001  1.250000e+000
    endloop
  endfacet
  facet normal -6.343936e-001  7.730102e-001  0.000000e+000
    outer loop
      vertex -2.780554e+001  1.546066e+001  0.000000e+000
      vertex -2.761612e+001  1.561612e+001  1.250000e+000
      vertex -2.761612e+001  1.561612e+001  0.000000e+000
    endloop
  endfacet
  facet normal -7.730121e-001  6.343913e-001  0.000000e+000
    outer loop
      vertex -2.761612e+001  1.561612e+001  0.000000e+000
      vertex -2.761612e+001  1.561612e+001  1.250000e+000
      vertex -2.746066e+001  1.580554e+001  1.250000e+000
    endloop
  endfacet
  facet normal -7.730121e-001  6.343913e-001  0.000000e+000
    outer loop
      vertex -2.761612e+001  1.561612e+001  0.000000e+000
      vertex -2.746066e+001  1.580554e+001  1.250000e+000
      vertex -2.746066e+001  1.580554e+001  0.000000e+000
    endloop
  endfacet
  facet normal -8.819212e-001  4.713968e-001  0.000000e+000
    outer loop
      vertex -2.746066e+001  1.580554e+001  0.000000e+000
      vertex -2.746066e+001  1.580554e+001  1.250000e+000
      vertex -2.734515e+001  1.602165e+001  1.250000e+000
    endloop
  endfacet
  facet normal -8.819212e-001  4.713968e-001  0.000000e+000
    outer loop
      vertex -2.746066e+001  1.580554e+001  0.000000e+000
      vertex -2.734515e+001  1.602165e+001  1.250000e+000
      vertex -2.734515e+001  1.602165e+001  0.000000e+000
    endloop
  endfacet
  facet normal -9.569420e-001  2.902794e-001  0.000000e+000
    outer loop
      vertex -2.734515e+001  1.602165e+001  0.000000e+000
      vertex -2.734515e+001  1.602165e+001  1.250000e+000
      vertex -2.727402e+001  1.625614e+001  1.250000e+000
    endloop
  endfacet
  facet normal -9.569420e-001  2.902794e-001  0.000000e+000
    outer loop
      vertex -2.734515e+001  1.602165e+001  0.000000e+000
      vertex -2.727402e+001  1.625614e+001  1.250000e+000
      vertex -2.727402e+001  1.625614e+001  0.000000e+000
    endloop
  endfacet
  facet normal -9.951844e-001  9.802084e-002  0.000000e+000
    outer loop
      vertex -2.727402e+001  1.625614e+001  0.000000e+000
      vertex -2.727402e+001  1.625614e+001  1.250000e+000
      vertex -2.725000e+001  1.650000e+001  1.250000e+000
    endloop
  endfacet
  facet normal -9.951844e-001  9.802084e-002  0.000000e+000
    outer loop
      vertex -2.727402e+001  1.625614e+001  0.000000e+000
      vertex -2.725000e+001  1.650000e+001  1.250000e+000
      vertex -2.725000e+001  1.650000e+001  0.000000e+000
    endloop
  endfacet
  facet normal -9.801698e-002  9.951847e-001  0.000000e+000
    outer loop
      vertex -2.825614e+001  1.527402e+001  1.250000e+000
      vertex -2.850000e+001  1.525000e+001  0.000000e+000
      vertex -2.850000e+001  1.525000e+001  1.250000e+000
    endloop
  endfacet
  facet normal  9.801698e-002  9.951847e-001  0.000000e+000
    outer loop
      vertex -2.850000e+001  1.525000e+001  1.250000e+000
      vertex -2.850000e+001  1.525000e+001  0.000000e+000
      vertex -2.874386e+001  1.527402e+001  0.000000e+000
    endloop
  endfacet
  facet normal  9.801698e-002  9.951847e-001  -0.000000e+000
    outer loop
      vertex -2.850000e+001  1.525000e+001  1.250000e+000
      vertex -2.874386e+001  1.527402e+001  0.000000e+000
      vertex -2.874386e+001  1.527402e+001  1.250000e+000
    endloop
  endfacet
  facet normal  2.902865e-001  9.569398e-001  0.000000e+000
    outer loop
      vertex -2.874386e+001  1.527402e+001  1.250000e+000
      vertex -2.874386e+001  1.527402e+001  0.000000e+000
      vertex -2.897835e+001  1.534515e+001  0.000000e+000
    endloop
  endfacet
  facet normal  2.902865e-001  9.569398e-001  -0.000000e+000
    outer loop
      vertex -2.874386e+001  1.527402e+001  1.250000e+000
      vertex -2.897835e+001  1.534515e+001  0.000000e+000
      vertex -2.897835e+001  1.534515e+001  1.250000e+000
    endloop
  endfacet
  facet normal  4.713922e-001  8.819237e-001  0.000000e+000
    outer loop
      vertex -2.897835e+001  1.534515e+001  1.250000e+000
      vertex -2.897835e+001  1.534515e+001  0.000000e+000
      vertex -2.919446e+001  1.546066e+001  0.000000e+000
    endloop
  endfacet
  facet normal  4.713922e-001  8.819237e-001  -0.000000e+000
    outer loop
      vertex -2.897835e+001  1.534515e+001  1.250000e+000
      vertex -2.919446e+001  1.546066e+001  0.000000e+000
      vertex -2.919446e+001  1.546066e+001  1.250000e+000
    endloop
  endfacet
  facet normal  6.343936e-001  7.730102e-001  0.000000e+000
    outer loop
      vertex -2.919446e+001  1.546066e+001  1.250000e+000
      vertex -2.919446e+001  1.546066e+001  0.000000e+000
      vertex -2.938388e+001  1.561612e+001  0.000000e+000
    endloop
  endfacet
  facet normal  6.343936e-001  7.730102e-001  -0.000000e+000
    outer loop
      vertex -2.919446e+001  1.546066e+001  1.250000e+000
      vertex -2.938388e+001  1.561612e+001  0.000000e+000
      vertex -2.938388e+001  1.561612e+001  1.250000e+000
    endloop
  endfacet
  facet normal  7.730121e-001  6.343913e-001  0.000000e+000
    outer loop
      vertex -2.938388e+001  1.561612e+001  1.250000e+000
      vertex -2.938388e+001  1.561612e+001  0.000000e+000
      vertex -2.953934e+001  1.580554e+001  0.000000e+000
    endloop
  endfacet
  facet normal  7.730121e-001  6.343913e-001  -0.000000e+000
    outer loop
      vertex -2.938388e+001  1.561612e+001  1.250000e+000
      vertex -2.953934e+001  1.580554e+001  0.000000e+000
      vertex -2.953934e+001  1.580554e+001  1.250000e+000
    endloop
  endfacet
  facet normal  8.819212e-001  4.713968e-001  0.000000e+000
    outer loop
      vertex -2.953934e+001  1.580554e+001  1.250000e+000
      vertex -2.953934e+001  1.580554e+001  0.000000e+000
      vertex -2.965485e+001  1.602165e+001  0.000000e+000
    endloop
  endfacet
  facet normal  8.819212e-001  4.713968e-001  -0.000000e+000
    outer loop
      vertex -2.953934e+001  1.580554e+001  1.250000e+000
      vertex -2.965485e+001  1.602165e+001  0.000000e+000
      vertex -2.965485e+001  1.602165e+001  1.250000e+000
    endloop
  endfacet
  facet normal  9.569420e-001  2.902794e-001  0.000000e+000
    outer loop
      vertex -2.965485e+001  1.602165e+001  1.250000e+000
      vertex -2.965485e+001  1.602165e+001  0.000000e+000
      vertex -2.972598e+001  1.625614e+001  0.000000e+000
    endloop
  endfacet
  facet normal  9.569420e-001  2.902794e-001  -0.000000e+000
    outer loop
      vertex -2.965485e+001  1.602165e+001  1.250000e+000
      vertex -2.972598e+001  1.625614e+001  0.000000e+000
      vertex -2.972598e+001  1.625614e+001  1.250000e+000
    endloop
  endfacet
  facet normal  9.951844e-001  9.802084e-002  0.000000e+000
    outer loop
      vertex -2.972598e+001  1.625614e+001  1.250000e+000
      vertex -2.972598e+001  1.625614e+001  0.000000e+000
      vertex -2.975000e+001  1.650000e+001  0.000000e+000
    endloop
  endfacet
  facet normal  9.951844e-001  9.802084e-002  -0.000000e+000
    outer loop
      vertex -2.972598e+001  1.625614e+001  1.250000e+000
      vertex -2.975000e+001  1.650000e+001  0.000000e+000
      vertex -2.975000e+001  1.650000e+001  1.250000e+000
    endloop
  endfacet
  facet normal  9.802084e-002 -9.951844e-001  0.000000e+000
    outer loop
      vertex -2.850000e+001  1.775000e+001  1.250000e+000
      vertex -2.874386e+001  1.772598e+001  2.500000e+000
      vertex -2.874386e+001  1.772598e+001  1.250000e+000
    endloop
  endfacet
  facet normal  2.902794e-001 -9.569420e-001  0.000000e+000
    outer loop
      vertex -2.874386e+001  1.772598e+001  1.250000e+000
      vertex -2.874386e+001  1.772598e+001  2.500000e+000
      vertex -2.897835e+001  1.765485e+001  2.500000e+000
    endloop
  endfacet
  facet normal  2.902794e-001 -9.569420e-001  0.000000e+000
    outer loop
      vertex -2.874386e+001  1.772598e+001  1.250000e+000
      vertex -2.897835e+001  1.765485e+001  2.500000e+000
      vertex -2.897835e+001  1.765485e+001  1.250000e+000
    endloop
  endfacet
  facet normal  4.713952e-001 -8.819220e-001  0.000000e+000
    outer loop
      vertex -2.897835e+001  1.765485e+001  1.250000e+000
      vertex -2.897835e+001  1.765485e+001  2.500000e+000
      vertex -2.919446e+001  1.753934e+001  2.500000e+000
    endloop
  endfacet
  facet normal  4.713952e-001 -8.819220e-001  0.000000e+000
    outer loop
      vertex -2.897835e+001  1.765485e+001  1.250000e+000
      vertex -2.919446e+001  1.753934e+001  2.500000e+000
      vertex -2.919446e+001  1.753934e+001  1.250000e+000
    endloop
  endfacet
  facet normal  6.343913e-001 -7.730121e-001  0.000000e+000
    outer loop
      vertex -2.919446e+001  1.753934e+001  1.250000e+000
      vertex -2.919446e+001  1.753934e+001  2.500000e+000
      vertex -2.938388e+001  1.738388e+001  2.500000e+000
    endloop
  endfacet
  facet normal  6.343913e-001 -7.730121e-001  0.000000e+000
    outer loop
      vertex -2.919446e+001  1.753934e+001  1.250000e+000
      vertex -2.938388e+001  1.738388e+001  2.500000e+000
      vertex -2.938388e+001  1.738388e+001  1.250000e+000
    endloop
  endfacet
  facet normal  7.730121e-001 -6.343913e-001  0.000000e+000
    outer loop
      vertex -2.938388e+001  1.738388e+001  1.250000e+000
      vertex -2.938388e+001  1.738388e+001  2.500000e+000
      vertex -2.953934e+001  1.719446e+001  2.500000e+000
    endloop
  endfacet
  facet normal  7.730121e-001 -6.343913e-001  0.000000e+000
    outer loop
      vertex -2.938388e+001  1.738388e+001  1.250000e+000
      vertex -2.953934e+001  1.719446e+001  2.500000e+000
      vertex -2.953934e+001  1.719446e+001  1.250000e+000
    endloop
  endfacet
  facet normal  8.819220e-001 -4.713952e-001  0.000000e+000
    outer loop
      vertex -2.953934e+001  1.719446e+001  1.250000e+000
      vertex -2.953934e+001  1.719446e+001  2.500000e+000
      vertex -2.965485e+001  1.697835e+001  2.500000e+000
    endloop
  endfacet
  facet normal  8.819220e-001 -4.713952e-001  0.000000e+000
    outer loop
      vertex -2.953934e+001  1.719446e+001  1.250000e+000
      vertex -2.965485e+001  1.697835e+001  2.500000e+000
      vertex -2.965485e+001  1.697835e+001  1.250000e+000
    endloop
  endfacet
  facet normal  9.569420e-001 -2.902794e-001  0.000000e+000
    outer loop
      vertex -2.965485e+001  1.697835e+001  1.250000e+000
      vertex -2.965485e+001  1.697835e+001  2.500000e+000
      vertex -2.972598e+001  1.674386e+001  2.500000e+000
    endloop
  endfacet
  facet normal  9.569420e-001 -2.902794e-001  0.000000e+000
    outer loop
      vertex -2.965485e+001  1.697835e+001  1.250000e+000
      vertex -2.972598e+001  1.674386e+001  2.500000e+000
      vertex -2.972598e+001  1.674386e+001  1.250000e+000
    endloop
  endfacet
  facet normal  9.951844e-001 -9.802084e-002  0.000000e+000
    outer loop
      vertex -2.972598e+001  1.674386e+001  1.250000e+000
      vertex -2.972598e+001  1.674386e+001  2.500000e+000
      vertex -2.975000e+001  1.650000e+001  2.500000e+000
    endloop
  endfacet
  facet normal  9.951844e-001 -9.802084e-002  0.000000e+000
    outer loop
      vertex -2.972598e+001  1.674386e+001  1.250000e+000
      vertex -2.975000e+001  1.650000e+001  2.500000e+000
      vertex -2.975000e+001  1.650000e+001  1.250000e+000
    endloop
  endfacet
  facet normal  9.802084e-002 -9.951844e-001  0.000000e+000
    outer loop
      vertex -2.874386e+001  1.772598e+001  2.500000e+000
      vertex -2.850000e+001  1.775000e+001  1.250000e+000
      vertex -2.850000e+001  1.775000e+001  2.500000e+000
    endloop
  endfacet
  facet normal -9.802084e-002 -9.951844e-001  -0.000000e+000
    outer loop
      vertex -2.850000e+001  1.775000e+001  2.500000e+000
      vertex -2.850000e+001  1.775000e+001  1.250000e+000
      vertex -2.825614e+001  1.772598e+001  1.250000e+000
    endloop
  endfacet
  facet normal -9.802084e-002 -9.951844e-001  0.000000e+000
    outer loop
      vertex -2.850000e+001  1.775000e+001  2.500000e+000
      vertex -2.825614e+001  1.772598e+001  1.250000e+000
      vertex -2.825614e+001  1.772598e+001  2.500000e+000
    endloop
  endfacet
  facet normal -2.902794e-001 -9.569420e-001  -0.000000e+000
    outer loop
      vertex -2.825614e+001  1.772598e+001  2.500000e+000
      vertex -2.825614e+001  1.772598e+001  1.250000e+000
      vertex -2.802165e+001  1.765485e+001  1.250000e+000
    endloop
  endfacet
  facet normal -2.902794e-001 -9.569420e-001  0.000000e+000
    outer loop
      vertex -2.825614e+001  1.772598e+001  2.500000e+000
      vertex -2.802165e+001  1.765485e+001  1.250000e+000
      vertex -2.802165e+001  1.765485e+001  2.500000e+000
    endloop
  endfacet
  facet normal -4.713952e-001 -8.819220e-001  -0.000000e+000
    outer loop
      vertex -2.802165e+001  1.765485e+001  2.500000e+000
      vertex -2.802165e+001  1.765485e+001  1.250000e+000
      vertex -2.780554e+001  1.753934e+001  1.250000e+000
    endloop
  endfacet
  facet normal -4.713952e-001 -8.819220e-001  0.000000e+000
    outer loop
      vertex -2.802165e+001  1.765485e+001  2.500000e+000
      vertex -2.780554e+001  1.753934e+001  1.250000e+000
      vertex -2.780554e+001  1.753934e+001  2.500000e+000
    endloop
  endfacet
  facet normal -6.343913e-001 -7.730121e-001  -0.000000e+000
    outer loop
      vertex -2.780554e+001  1.753934e+001  2.500000e+000
      vertex -2.780554e+001  1.753934e+001  1.250000e+000
      vertex -2.761612e+001  1.738388e+001  1.250000e+000
    endloop
  endfacet
  facet normal -6.343913e-001 -7.730121e-001  0.000000e+000
    outer loop
      vertex -2.780554e+001  1.753934e+001  2.500000e+000
      vertex -2.761612e+001  1.738388e+001  1.250000e+000
      vertex -2.761612e+001  1.738388e+001  2.500000e+000
    endloop
  endfacet
  facet normal -7.730121e-001 -6.343913e-001  -0.000000e+000
    outer loop
      vertex -2.761612e+001  1.738388e+001  2.500000e+000
      vertex -2.761612e+001  1.738388e+001  1.250000e+000
      vertex -2.746066e+001  1.719446e+001  1.250000e+000
    endloop
  endfacet
  facet normal -7.730121e-001 -6.343913e-001  0.000000e+000
    outer loop
      vertex -2.761612e+001  1.738388e+001  2.500000e+000
      vertex -2.746066e+001  1.719446e+001  1.250000e+000
      vertex -2.746066e+001  1.719446e+001  2.500000e+000
    endloop
  endfacet
  facet normal -8.819220e-001 -4.713952e-001  -0.000000e+000
    outer loop
      vertex -2.746066e+001  1.719446e+001  2.500000e+000
      vertex -2.746066e+001  1.719446e+001  1.250000e+000
      vertex -2.734515e+001  1.697835e+001  1.250000e+000
    endloop
  endfacet
  facet normal -8.819220e-001 -4.713952e-001  0.000000e+000
    outer loop
      vertex -2.746066e+001  1.719446e+001  2.500000e+000
      vertex -2.734515e+001  1.697835e+001  1.250000e+000
      vertex -2.734515e+001  1.697835e+001  2.500000e+000
    endloop
  endfacet
  facet normal -9.569420e-001 -2.902794e-001  -0.000000e+000
    outer loop
      vertex -2.734515e+001  1.697835e+001  2.500000e+000
      vertex -2.734515e+001  1.697835e+001  1.250000e+000
      vertex -2.727402e+001  1.674386e+001  1.250000e+000
    endloop
  endfacet
  facet normal -9.569420e-001 -2.902794e-001  0.000000e+000
    outer loop
      vertex -2.734515e+001  1.697835e+001  2.500000e+000
      vertex -2.727402e+001  1.674386e+001  1.250000e+000
      vertex -2.727402e+001  1.674386e+001  2.500000e+000
    endloop
  endfacet
  facet normal -9.951844e-001 -9.802084e-002  -0.000000e+000
    outer loop
      vertex -2.727402e+001  1.674386e+001  2.500000e+000
      vertex -2.727402e+001  1.674386e+001  1.250000e+000
      vertex -2.725000e+001  1.650000e+001  1.250000e+000
    endloop
  endfacet
  facet normal -9.951844e-001 -9.802084e-002  0.000000e+000
    outer loop
      vertex -2.727402e+001  1.674386e+001  2.500000e+000
      vertex -2.725000e+001  1.650000e+001  1.250000e+000
      vertex -2.725000e+001  1.650000e+001  2.500000e+000
    endloop
  endfacet
  facet normal  9.802084e-002 -9.951844e-001  0.000000e+000
    outer loop
      vertex -2.850000e+001  1.775000e+001  0.000000e+000
      vertex -2.874386e+001  1.772598e+001  1.250000e+000
      vertex -2.874386e+001  1.772598e+001  0.000000e+000
    endloop
  endfacet
  facet normal  2.902794e-001 -9.569420e-001  0.000000e+000
    outer loop
      vertex -2.874386e+001  1.772598e+001  0.000000e+000
      vertex -2.874386e+001  1.772598e+001  1.250000e+000
      vertex -2.897835e+001  1.765485e+001  1.250000e+000
    endloop
  endfacet
  facet normal  2.902794e-001 -9.569420e-001  0.000000e+000
    outer loop
      vertex -2.874386e+001  1.772598e+001  0.000000e+000
      vertex -2.897835e+001  1.765485e+001  1.250000e+000
      vertex -2.897835e+001  1.765485e+001  0.000000e+000
    endloop
  endfacet
  facet normal  4.713952e-001 -8.819220e-001  0.000000e+000
    outer loop
      vertex -2.897835e+001  1.765485e+001  0.000000e+000
      vertex -2.897835e+001  1.765485e+001  1.250000e+000
      vertex -2.919446e+001  1.753934e+001  1.250000e+000
    endloop
  endfacet
  facet normal  4.713952e-001 -8.819220e-001  0.000000e+000
    outer loop
      vertex -2.897835e+001  1.765485e+001  0.000000e+000
      vertex -2.919446e+001  1.753934e+001  1.250000e+000
      vertex -2.919446e+001  1.753934e+001  0.000000e+000
    endloop
  endfacet
  facet normal  6.343913e-001 -7.730121e-001  0.000000e+000
    outer loop
      vertex -2.919446e+001  1.753934e+001  0.000000e+000
      vertex -2.919446e+001  1.753934e+001  1.250000e+000
      vertex -2.938388e+001  1.738388e+001  1.250000e+000
    endloop
  endfacet
  facet normal  6.343913e-001 -7.730121e-001  0.000000e+000
    outer loop
      vertex -2.919446e+001  1.753934e+001  0.000000e+000
      vertex -2.938388e+001  1.738388e+001  1.250000e+000
      vertex -2.938388e+001  1.738388e+001  0.000000e+000
    endloop
  endfacet
  facet normal  7.730121e-001 -6.343913e-001  0.000000e+000
    outer loop
      vertex -2.938388e+001  1.738388e+001  0.000000e+000
      vertex -2.938388e+001  1.738388e+001  1.250000e+000
      vertex -2.953934e+001  1.719446e+001  1.250000e+000
    endloop
  endfacet
  facet normal  7.730121e-001 -6.343913e-001  0.000000e+000
    outer loop
      vertex -2.938388e+001  1.738388e+001  0.000000e+000
      vertex -2.953934e+001  1.719446e+001  1.250000e+000
      vertex -2.953934e+001  1.719446e+001  0.000000e+000
    endloop
  endfacet
  facet normal  8.819220e-001 -4.713952e-001  0.000000e+000
    outer loop
      vertex -2.953934e+001  1.719446e+001  0.000000e+000
      vertex -2.953934e+001  1.719446e+001  1.250000e+000
      vertex -2.965485e+001  1.697835e+001  1.250000e+000
    endloop
  endfacet
  facet normal  8.819220e-001 -4.713952e-001  0.000000e+000
    outer loop
      vertex -2.953934e+001  1.719446e+001  0.000000e+000
      vertex -2.965485e+001  1.697835e+001  1.250000e+000
      vertex -2.965485e+001  1.697835e+001  0.000000e+000
    endloop
  endfacet
  facet normal  9.569420e-001 -2.902794e-001  0.000000e+000
    outer loop
      vertex -2.965485e+001  1.697835e+001  0.000000e+000
      vertex -2.965485e+001  1.697835e+001  1.250000e+000
      vertex -2.972598e+001  1.674386e+001  1.250000e+000
    endloop
  endfacet
  facet normal  9.569420e-001 -2.902794e-001  0.000000e+000
    outer loop
      vertex -2.965485e+001  1.697835e+001  0.000000e+000
      vertex -2.972598e+001  1.674386e+001  1.250000e+000
      vertex -2.972598e+001  1.674386e+001  0.000000e+000
    endloop
  endfacet
  facet normal  9.951844e-001 -9.802084e-002  0.000000e+000
    outer loop
      vertex -2.972598e+001  1.674386e+001  0.000000e+000
      vertex -2.972598e+001  1.674386e+001  1.250000e+000
      vertex -2.975000e+001  1.650000e+001  1.250000e+000
    endloop
  endfacet
  facet normal  9.951844e-001 -9.802084e-002  0.000000e+000
    outer loop
      vertex -2.972598e+001  1.674386e+001  0.000000e+000
      vertex -2.975000e+001  1.650000e+001  1.250000e+000
      vertex -2.975000e+001  1.650000e+001  0.000000e+000
    endloop
  endfacet
  facet normal  9.802084e-002 -9.951844e-001  0.000000e+000
    outer loop
      vertex -2.874386e+001  1.772598e+001  1.250000e+000
      vertex -2.850000e+001  1.775000e+001  0.000000e+000
      vertex -2.850000e+001  1.775000e+001  1.250000e+000
    endloop
  endfacet
  facet normal -9.802084e-002 -9.951844e-001  -0.000000e+000
    outer loop
      vertex -2.850000e+001  1.775000e+001  1.250000e+000
      vertex -2.850000e+001  1.775000e+001  0.000000e+000
      vertex -2.825614e+001  1.772598e+001  0.000000e+000
    endloop
  endfacet
  facet normal -9.802084e-002 -9.951844e-001  0.000000e+000
    outer loop
      vertex -2.850000e+001  1.775000e+001  1.250000e+000
      vertex -2.825614e+001  1.772598e+001  0.000000e+000
      vertex -2.825614e+001  1.772598e+001  1.250000e+000
    endloop
  endfacet
  facet normal -2.902794e-001 -9.569420e-001  -0.000000e+000
    outer loop
      vertex -2.825614e+001  1.772598e+001  1.250000e+000
      vertex -2.825614e+001  1.772598e+001  0.000000e+000
      vertex -2.802165e+001  1.765485e+001  0.000000e+000
    endloop
  endfacet
  facet normal -2.902794e-001 -9.569420e-001  0.000000e+000
    outer loop
      vertex -2.825614e+001  1.772598e+001  1.250000e+000
      vertex -2.802165e+001  1.765485e+001  0.000000e+000
      vertex -2.802165e+001  1.765485e+001  1.250000e+000
    endloop
  endfacet
  facet normal -4.713952e-001 -8.819220e-001  -0.000000e+000
    outer loop
      vertex -2.802165e+001  1.765485e+001  1.250000e+000
      vertex -2.802165e+001  1.765485e+001  0.000000e+000
      vertex -2.780554e+001  1.753934e+001  0.000000e+000
    endloop
  endfacet
  facet normal -4.713952e-001 -8.819220e-001  0.000000e+000
    outer loop
      vertex -2.802165e+001  1.765485e+001  1.250000e+000
      vertex -2.780554e+001  1.753934e+001  0.000000e+000
      vertex -2.780554e+001  1.753934e+001  1.250000e+000
    endloop
  endfacet
  facet normal -6.343913e-001 -7.730121e-001  -0.000000e+000
    outer loop
      vertex -2.780554e+001  1.753934e+001  1.250000e+000
      vertex -2.780554e+001  1.753934e+001  0.000000e+000
      vertex -2.761612e+001  1.738388e+001  0.000000e+000
    endloop
  endfacet
  facet normal -6.343913e-001 -7.730121e-001  0.000000e+000
    outer loop
      vertex -2.780554e+001  1.753934e+001  1.250000e+000
      vertex -2.761612e+001  1.738388e+001  0.000000e+000
      vertex -2.761612e+001  1.738388e+001  1.250000e+000
    endloop
  endfacet
  facet normal -7.730121e-001 -6.343913e-001  -0.000000e+000
    outer loop
      vertex -2.761612e+001  1.738388e+001  1.250000e+000
      vertex -2.761612e+001  1.738388e+001  0.000000e+000
      vertex -2.746066e+001  1.719446e+001  0.000000e+000
    endloop
  endfacet
  facet normal -7.730121e-001 -6.343913e-001  0.000000e+000
    outer loop
      vertex -2.761612e+001  1.738388e+001  1.250000e+000
      vertex -2.746066e+001  1.719446e+001  0.000000e+000
      vertex -2.746066e+001  1.719446e+001  1.250000e+000
    endloop
  endfacet
  facet normal -8.819220e-001 -4.713952e-001  -0.000000e+000
    outer loop
      vertex -2.746066e+001  1.719446e+001  1.250000e+000
      vertex -2.746066e+001  1.719446e+001  0.000000e+000
      vertex -2.734515e+001  1.697835e+001  0.000000e+000
    endloop
  endfacet
  facet normal -8.819220e-001 -4.713952e-001  0.000000e+000
    outer loop
      vertex -2.746066e+001  1.719446e+001  1.250000e+000
      vertex -2.734515e+001  1.697835e+001  0.000000e+000
      vertex -2.734515e+001  1.697835e+001  1.250000e+000
    endloop
  endfacet
  facet normal -9.569420e-001 -2.902794e-001  -0.000000e+000
    outer loop
      vertex -2.734515e+001  1.697835e+001  1.250000e+000
      vertex -2.734515e+001  1.697835e+001  0.000000e+000
      vertex -2.727402e+001  1.674386e+001  0.000000e+000
    endloop
  endfacet
  facet normal -9.569420e-001 -2.902794e-001  0.000000e+000
    outer loop
      vertex -2.734515e+001  1.697835e+001  1.250000e+000
      vertex -2.727402e+001  1.674386e+001  0.000000e+000
      vertex -2.727402e+001  1.674386e+001  1.250000e+000
    endloop
  endfacet
  facet normal -9.951844e-001 -9.802084e-002  -0.000000e+000
    outer loop
      vertex -2.727402e+001  1.674386e+001  1.250000e+000
      vertex -2.727402e+001  1.674386e+001  0.000000e+000
      vertex -2.725000e+001  1.650000e+001  0.000000e+000
    endloop
  endfacet
  facet normal -9.951844e-001 -9.802084e-002  0.000000e+000
    outer loop
      vertex -2.727402e+001  1.674386e+001  1.250000e+000
      vertex -2.725000e+001  1.650000e+001  0.000000e+000
      vertex -2.725000e+001  1.650000e+001  1.250000e+000
    endloop
  endfacet
  facet normal  0.000000e+000  9.999999e-001  0.000000e+000
    outer loop
      vertex  2.350000e+001 -1.300000e+001 -2.050000e+001
      vertex  3.200000e+001 -1.300000e+001 -1.025000e+001
      vertex  2.550000e+001 -1.300000e+001 -2.050000e+001
    endloop
  endfacet
  facet normal  0.000000e+000  9.999999e-001  0.000000e+000
    outer loop
      vertex  2.950000e+001 -1.300000e+001 -2.050000e+001
      vertex  2.550000e+001 -1.300000e+001 -2.050000e+001
      vertex  3.200000e+001 -1.300000e+001 -1.025000e+001
    endloop
  endfacet
  facet normal  0.000000e+000  1.000000e+000  0.000000e+000
    outer loop
      vertex  1.875000e+001 -1.300000e+001 -2.050000e+001
      vertex  2.000000e+001 -1.300000e+001 -1.550000e+001
      vertex  2.000000e+001 -1.300000e+001 -2.050000e+001
    endloop
  endfacet
  facet normal  0.000000e+000  1.000000e+000  0.000000e+000
    outer loop
      vertex  2.150000e+001 -1.300000e+001 -1.550000e+001
      vertex  2.350000e+001 -1.300000e+001 -2.050000e+001
      vertex  2.150000e+001 -1.300000e+001 -2.050000e+001
    endloop
  endfacet
  facet normal  0.000000e+000  1.000000e+000  -0.000000e+000
    outer loop
      vertex  3.200000e+001 -1.300000e+001 -1.025000e+001
      vertex  3.200000e+001 -1.300000e+001 -1.800000e+001
      vertex  3.196202e+001 -1.300000e+001 -1.843412e+001
    endloop
  endfacet
  facet normal  0.000000e+000  1.000000e+000  -0.000000e+000
    outer loop
      vertex  3.200000e+001 -1.300000e+001 -1.025000e+001
      vertex  3.196202e+001 -1.300000e+001 -1.843412e+001
      vertex  3.184923e+001 -1.300000e+001 -1.885505e+001
    endloop
  endfacet
  facet normal  0.000000e+000  9.999999e-001  -0.000000e+000
    outer loop
      vertex  3.200000e+001 -1.300000e+001 -1.025000e+001
      vertex  3.184923e+001 -1.300000e+001 -1.885505e+001
      vertex  3.166506e+001 -1.300000e+001 -1.925000e+001
    endloop
  endfacet
  facet normal  0.000000e+000  1.000000e+000  -0.000000e+000
    outer loop
      vertex  3.200000e+001 -1.300000e+001 -1.025000e+001
      vertex  3.166506e+001 -1.300000e+001 -1.925000e+001
      vertex  3.141511e+001 -1.300000e+001 -1.960697e+001
    endloop
  endfacet
  facet normal  0.000000e+000  1.000000e+000  -0.000000e+000
    outer loop
      vertex  3.200000e+001 -1.300000e+001 -1.025000e+001
      vertex  3.141511e+001 -1.300000e+001 -1.960697e+001
      vertex  3.126777e+001 -1.300000e+001 -1.976777e+001
    endloop
  endfacet
  facet normal  0.000000e+000  1.000000e+000  -0.000000e+000
    outer loop
      vertex  3.200000e+001 -1.300000e+001 -1.025000e+001
      vertex  3.126777e+001 -1.300000e+001 -1.976777e+001
      vertex  3.110697e+001 -1.300000e+001 -1.991511e+001
    endloop
  endfacet
  facet normal  0.000000e+000  1.000000e+000  -0.000000e+000
    outer loop
      vertex  3.200000e+001 -1.300000e+001 -1.025000e+001
      vertex  3.110697e+001 -1.300000e+001 -1.991511e+001
      vertex  3.075000e+001 -1.300000e+001 -2.016506e+001
    endloop
  endfacet
  facet normal  0.000000e+000  9.999999e-001  -0.000000e+000
    outer loop
      vertex  3.200000e+001 -1.300000e+001 -1.025000e+001
      vertex  3.075000e+001 -1.300000e+001 -2.016506e+001
      vertex  3.035505e+001 -1.300000e+001 -2.034923e+001
    endloop
  endfacet
  facet normal  0.000000e+000  1.000000e+000  -0.000000e+000
    outer loop
      vertex  3.200000e+001 -1.300000e+001 -1.025000e+001
      vertex  3.035505e+001 -1.300000e+001 -2.034923e+001
      vertex  2.993412e+001 -1.300000e+001 -2.046202e+001
    endloop
  endfacet
  facet normal  0.000000e+000  1.000000e+000  -0.000000e+000
    outer loop
      vertex  3.200000e+001 -1.300000e+001 -1.025000e+001
      vertex  2.993412e+001 -1.300000e+001 -2.046202e+001
      vertex  2.950000e+001 -1.300000e+001 -2.050000e+001
    endloop
  endfacet
  facet normal  0.000000e+000  1.000000e+000  -0.000000e+000
    outer loop
      vertex  2.000000e+001 -1.300000e+001 -1.050000e+001
      vertex  2.000000e+001 -1.300000e+001 -1.550000e+001
      vertex  1.875000e+001 -1.300000e+001 -2.050000e+001
    endloop
  endfacet
  facet normal  0.000000e+000  1.000000e+000  -0.000000e+000
    outer loop
      vertex  2.000000e+001 -1.300000e+001 -1.050000e+001
      vertex  1.875000e+001 -1.300000e+001 -2.050000e+001
      vertex  1.750000e+001 -1.300000e+001 -2.050000e+001
    endloop
  endfacet
  facet normal  0.000000e+000  1.000000e+000  -0.000000e+000
    outer loop
      vertex  2.000000e+001 -1.300000e+001 -1.050000e+001
      vertex  1.750000e+001 -1.300000e+001 -2.050000e+001
      vertex  1.706588e+001 -1.300000e+001 -2.046202e+001
    endloop
  endfacet
  facet normal  0.000000e+000  1.000000e+000  -0.000000e+000
    outer loop
      vertex  2.000000e+001 -1.300000e+001 -1.050000e+001
      vertex  1.706588e+001 -1.300000e+001 -2.046202e+001
      vertex  1.664495e+001 -1.300000e+001 -2.034923e+001
    endloop
  endfacet
  facet normal  0.000000e+000  1.000000e+000  -0.000000e+000
    outer loop
      vertex  2.000000e+001 -1.300000e+001 -1.050000e+001
      vertex  1.664495e+001 -1.300000e+001 -2.034923e+001
      vertex  1.625000e+001 -1.300000e+001 -2.016506e+001
    endloop
  endfacet
  facet normal  0.000000e+000  1.000000e+000  -0.000000e+000
    outer loop
      vertex  2.000000e+001 -1.300000e+001 -1.050000e+001
      vertex  1.625000e+001 -1.300000e+001 -2.016506e+001
      vertex  1.589303e+001 -1.300000e+001 -1.991511e+001
    endloop
  endfacet
  facet normal  0.000000e+000  1.000000e+000  -0.000000e+000
    outer loop
      vertex  2.000000e+001 -1.300000e+001 -1.050000e+001
      vertex  1.589303e+001 -1.300000e+001 -1.991511e+001
      vertex  1.573223e+001 -1.300000e+001 -1.976777e+001
    endloop
  endfacet
  facet normal  0.000000e+000  1.000000e+000  -0.000000e+000
    outer loop
      vertex  2.000000e+001 -1.300000e+001 -1.050000e+001
      vertex  1.573223e+001 -1.300000e+001 -1.976777e+001
      vertex  1.558489e+001 -1.300000e+001 -1.960697e+001
    endloop
  endfacet
  facet normal  0.000000e+000  1.000000e+000  -0.000000e+000
    outer loop
      vertex  2.000000e+001 -1.300000e+001 -1.050000e+001
      vertex  1.558489e+001 -1.300000e+001 -1.960697e+001
      vertex  1.533494e+001 -1.300000e+001 -1.925000e+001
    endloop
  endfacet
  facet normal  0.000000e+000  9.999999e-001  -0.000000e+000
    outer loop
      vertex  2.000000e+001 -1.300000e+001 -1.050000e+001
      vertex  1.533494e+001 -1.300000e+001 -1.925000e+001
      vertex  1.515077e+001 -1.300000e+001 -1.885505e+001
    endloop
  endfacet
  facet normal  0.000000e+000  1.000000e+000  -0.000000e+000
    outer loop
      vertex  2.000000e+001 -1.300000e+001 -1.050000e+001
      vertex  1.515077e+001 -1.300000e+001 -1.885505e+001
      vertex  1.503798e+001 -1.300000e+001 -1.843412e+001
    endloop
  endfacet
  facet normal  0.000000e+000  1.000000e+000  -0.000000e+000
    outer loop
      vertex  2.000000e+001 -1.300000e+001 -1.050000e+001
      vertex  1.503798e+001 -1.300000e+001 -1.843412e+001
      vertex  1.500000e+001 -1.300000e+001 -1.800000e+001
    endloop
  endfacet
  facet normal  0.000000e+000  1.000000e+000  0.000000e+000
    outer loop
      vertex  2.000000e+001 -1.300000e+001 -1.050000e+001
      vertex  1.500000e+001 -1.300000e+001 -1.800000e+001
      vertex  1.500000e+001 -1.300000e+001 -1.025000e+001
    endloop
  endfacet
  facet normal  -0.000000e+000  1.000000e+000  0.000000e+000
    outer loop
      vertex  2.000000e+001 -1.300000e+001 -1.050000e+001
      vertex  1.500000e+001 -1.300000e+001 -1.025000e+001
      vertex  2.350000e+001 -1.300000e+001 -1.025000e+001
    endloop
  endfacet
  facet normal  0.000000e+000  1.000000e+000  0.000000e+000
    outer loop
      vertex  2.000000e+001 -1.300000e+001 -1.050000e+001
      vertex  2.350000e+001 -1.300000e+001 -1.025000e+001
      vertex  2.075000e+001 -1.300000e+001 -1.050000e+001
    endloop
  endfacet
  facet normal  0.000000e+000  1.000000e+000  0.000000e+000
    outer loop
      vertex  3.200000e+001 -1.300000e+001 -1.025000e+001
      vertex  2.350000e+001 -1.300000e+001 -2.050000e+001
      vertex  2.350000e+001 -1.300000e+001 -1.025000e+001
    endloop
  endfacet
  facet normal  0.000000e+000  1.000000e+000  0.000000e+000
    outer loop
      vertex  2.075000e+001 -1.300000e+001 -1.050000e+001
      vertex  2.350000e+001 -1.300000e+001 -1.025000e+001
      vertex  2.150000e+001 -1.300000e+001 -1.050000e+001
    endloop
  endfacet
  facet normal  -0.000000e+000  9.999999e-001  0.000000e+000
    outer loop
      vertex  2.150000e+001 -1.300000e+001 -1.050000e+001
      vertex  2.350000e+001 -1.300000e+001 -1.025000e+001
      vertex  2.350000e+001 -1.300000e+001 -2.050000e+001
    endloop
  endfacet
  facet normal  0.000000e+000  1.000000e+000  0.000000e+000
    outer loop
      vertex  2.150000e+001 -1.300000e+001 -1.050000e+001
      vertex  2.350000e+001 -1.300000e+001 -2.050000e+001
      vertex  2.150000e+001 -1.300000e+001 -1.550000e+001
    endloop
  endfacet
  facet normal  0.000000e+000  1.000000e+000  0.000000e+000
    outer loop
      vertex  1.500000e+001 -1.300000e+001 -1.025000e+001
      vertex  1.500000e+001 -1.300000e+001 -7.750000e+000
      vertex  2.350000e+001 -1.300000e+001 -1.025000e+001
    endloop
  endfacet
  facet normal  0.000000e+000  1.000000e+000  0.000000e+000
    outer loop
      vertex  2.350000e+001 -1.300000e+001 -1.025000e+001
      vertex  1.500000e+001 -1.300000e+001 -7.750000e+000
      vertex  1.500000e+001 -1.300000e+001  0.000000e+000
    endloop
  endfacet
  facet normal  -0.000000e+000  1.000000e+000  0.000000e+000
    outer loop
      vertex  2.350000e+001 -1.300000e+001 -1.025000e+001
      vertex  1.500000e+001 -1.300000e+001  0.000000e+000
      vertex  2.350000e+001 -1.300000e+001  0.000000e+000
    endloop
  endfacet
  facet normal  0.000000e+000  1.000000e+000  -0.000000e+000
    outer loop
      vertex  3.200000e+001 -1.300000e+001  0.000000e+000
      vertex  3.200000e+001 -1.300000e+001 -7.750000e+000
      vertex  2.350000e+001 -1.300000e+001  0.000000e+000
    endloop
  endfacet
  facet normal  0.000000e+000  1.000000e+000  0.000000e+000
    outer loop
      vertex  2.350000e+001 -1.300000e+001  0.000000e+000
      vertex  3.200000e+001 -1.300000e+001 -7.750000e+000
      vertex  3.200000e+001 -1.300000e+001 -1.025000e+001
    endloop
  endfacet
  facet normal  0.000000e+000  1.000000e+000  0.000000e+000
    outer loop
      vertex  2.350000e+001 -1.300000e+001  0.000000e+000
      vertex  3.200000e+001 -1.300000e+001 -1.025000e+001
      vertex  2.350000e+001 -1.300000e+001 -1.025000e+001
    endloop
  endfacet
  facet normal  0.000000e+000  0.000000e+000 -1.000000e+000
    outer loop
      vertex  2.150000e+001 -1.550000e+001 -2.050000e+001
      vertex  2.150000e+001 -1.425000e+001 -2.050000e+001
      vertex  2.350000e+001 -1.550000e+001 -2.050000e+001
    endloop
  endfacet
  facet normal  0.000000e+000  0.000000e+000 -1.000000e+000
    outer loop
      vertex  2.550000e+001 -1.425000e+001 -2.050000e+001
      vertex  2.350000e+001 -1.550000e+001 -2.050000e+001
      vertex  2.150000e+001 -1.425000e+001 -2.050000e+001
    endloop
  endfacet
  facet normal  0.000000e+000  0.000000e+000 -1.000000e+000
    outer loop
      vertex  2.550000e+001 -1.550000e+001 -2.050000e+001
      vertex  2.350000e+001 -1.550000e+001 -2.050000e+001
      vertex  2.550000e+001 -1.425000e+001 -2.050000e+001
    endloop
  endfacet
  facet normal  -0.000000e+000  0.000000e+000 -1.000000e+000
    outer loop
      vertex  2.550000e+001 -1.425000e+001 -2.050000e+001
      vertex  2.950000e+001 -1.425000e+001 -2.050000e+001
      vertex  2.550000e+001 -1.550000e+001 -2.050000e+001
    endloop
  endfacet
  facet normal  0.000000e+000  0.000000e+000 -1.000000e+000
    outer loop
      vertex  2.550000e+001 -1.550000e+001 -2.050000e+001
      vertex  2.950000e+001 -1.425000e+001 -2.050000e+001
      vertex  2.950000e+001 -1.550000e+001 -2.050000e+001
    endloop
  endfacet
  facet normal  0.000000e+000  0.000000e+000 -1.000000e+000
    outer loop
      vertex  2.550000e+001 -1.300000e+001 -2.050000e+001
      vertex  2.550000e+001 -1.425000e+001 -2.050000e+001
      vertex  2.350000e+001 -1.300000e+001 -2.050000e+001
    endloop
  endfacet
  facet normal  0.000000e+000  -0.000000e+000 -1.000000e+000
    outer loop
      vertex  2.350000e+001 -1.300000e+001 -2.050000e+001
      vertex  2.550000e+001 -1.425000e+001 -2.050000e+001
      vertex  2.150000e+001 -1.425000e+001 -2.050000e+001
    endloop
  endfacet
  facet normal  0.000000e+000  0.000000e+000 -1.000000e+000
    outer loop
      vertex  2.350000e+001 -1.300000e+001 -2.050000e+001
      vertex  2.150000e+001 -1.425000e+001 -2.050000e+001
      vertex  2.150000e+001 -1.300000e+001 -2.050000e+001
    endloop
  endfacet
  facet normal  0.000000e+000  0.000000e+000 -1.000000e+000
    outer loop
      vertex  2.950000e+001 -1.425000e+001 -2.050000e+001
      vertex  2.550000e+001 -1.425000e+001 -2.050000e+001
      vertex  2.950000e+001 -1.300000e+001 -2.050000e+001
    endloop
  endfacet
  facet normal  -0.000000e+000  0.000000e+000 -1.000000e+000
    outer loop
      vertex  2.950000e+001 -1.300000e+001 -2.050000e+001
      vertex  2.550000e+001 -1.425000e+001 -2.050000e+001
      vertex  2.550000e+001 -1.300000e+001 -2.050000e+001
    endloop
  endfacet
  facet normal  -0.000000e+000  0.000000e+000 -1.000000e+000
    outer loop
      vertex  1.750000e+001 -1.425000e+001 -2.050000e+001
      vertex  1.875000e+001 -1.425000e+001 -2.050000e+001
      vertex  1.750000e+001 -1.550000e+001 -2.050000e+001
    endloop
  endfacet
  facet normal  0.000000e+000  0.000000e+000 -1.000000e+000
    outer loop
      vertex  1.750000e+001 -1.550000e+001 -2.050000e+001
      vertex  1.875000e+001 -1.425000e+001 -2.050000e+001
      vertex  1.875000e+001 -1.550000e+001 -2.050000e+001
    endloop
  endfacet
  facet normal  -0.000000e+000  0.000000e+000 -1.000000e+000
    outer loop
      vertex  1.875000e+001 -1.425000e+001 -2.050000e+001
      vertex  2.000000e+001 -1.425000e+001 -2.050000e+001
      vertex  1.875000e+001 -1.550000e+001 -2.050000e+001
    endloop
  endfacet
  facet normal  0.000000e+000  0.000000e+000 -1.000000e+000
    outer loop
      vertex  1.875000e+001 -1.550000e+001 -2.050000e+001
      vertex  2.000000e+001 -1.425000e+001 -2.050000e+001
      vertex  2.000000e+001 -1.550000e+001 -2.050000e+001
    endloop
  endfacet
  facet normal  -0.000000e+000  0.000000e+000 -1.000000e+000
    outer loop
      vertex  1.750000e+001 -1.300000e+001 -2.050000e+001
      vertex  1.875000e+001 -1.300000e+001 -2.050000e+001
      vertex  1.750000e+001 -1.425000e+001 -2.050000e+001
    endloop
  endfacet
  facet normal  0.000000e+000  0.000000e+000 -1.000000e+000
    outer loop
      vertex  1.750000e+001 -1.425000e+001 -2.050000e+001
      vertex  1.875000e+001 -1.300000e+001 -2.050000e+001
      vertex  1.875000e+001 -1.425000e+001 -2.050000e+001
    endloop
  endfacet
  facet normal  -0.000000e+000  0.000000e+000 -1.000000e+000
    outer loop
      vertex  1.875000e+001 -1.300000e+001 -2.050000e+001
      vertex  2.000000e+001 -1.300000e+001 -2.050000e+001
      vertex  1.875000e+001 -1.425000e+001 -2.050000e+001
    endloop
  endfacet
  facet normal  0.000000e+000  0.000000e+000 -1.000000e+000
    outer loop
      vertex  1.875000e+001 -1.425000e+001 -2.050000e+001
      vertex  2.000000e+001 -1.300000e+001 -2.050000e+001
      vertex  2.000000e+001 -1.425000e+001 -2.050000e+001
    endloop
  endfacet
  facet normal  0.000000e+000 -9.999999e-001  0.000000e+000
    outer loop
      vertex  2.950000e+001 -1.550000e+001 -2.050000e+001
      vertex  2.993412e+001 -1.550000e+001 -2.046202e+001
      vertex  2.550000e+001 -1.550000e+001 -2.050000e+001
    endloop
  endfacet
  facet normal  0.000000e+000 -1.000000e+000  0.000000e+000
    outer loop
      vertex  1.750000e+001 -1.550000e+001 -2.050000e+001
      vertex  1.875000e+001 -1.550000e+001 -2.050000e+001
      vertex  1.706588e+001 -1.550000e+001 -2.046202e+001
    endloop
  endfacet
  facet normal  0.000000e+000 -1.000000e+000  0.000000e+000
    outer loop
      vertex  2.150000e+001 -1.550000e+001 -1.050000e+001
      vertex  2.350000e+001 -1.550000e+001 -1.025000e+001
      vertex  2.075000e+001 -1.550000e+001 -1.050000e+001
    endloop
  endfacet
  facet normal  0.000000e+000 -1.000000e+000  0.000000e+000
    outer loop
      vertex  2.000000e+001 -1.550000e+001 -1.050000e+001
      vertex  2.075000e+001 -1.550000e+001 -1.050000e+001
      vertex  2.350000e+001 -1.550000e+001 -1.025000e+001
    endloop
  endfacet
  facet normal  -0.000000e+000 -1.000000e+000  0.000000e+000
    outer loop
      vertex  2.000000e+001 -1.550000e+001 -1.050000e+001
      vertex  2.350000e+001 -1.550000e+001 -1.025000e+001
      vertex  1.500000e+001 -1.550000e+001 -1.025000e+001
    endloop
  endfacet
  facet normal  0.000000e+000 -1.000000e+000  0.000000e+000
    outer loop
      vertex  2.000000e+001 -1.550000e+001 -1.050000e+001
      vertex  1.500000e+001 -1.550000e+001 -1.025000e+001
      vertex  1.500000e+001 -1.550000e+001 -1.800000e+001
    endloop
  endfacet
  facet normal  0.000000e+000 -1.000000e+000  0.000000e+000
    outer loop
      vertex  2.000000e+001 -1.550000e+001 -1.050000e+001
      vertex  1.500000e+001 -1.550000e+001 -1.800000e+001
      vertex  2.000000e+001 -1.550000e+001 -1.550000e+001
    endloop
  endfacet
  facet normal  0.000000e+000 -9.999999e-001  0.000000e+000
    outer loop
      vertex  2.350000e+001 -1.550000e+001 -2.050000e+001
      vertex  2.550000e+001 -1.550000e+001 -2.050000e+001
      vertex  2.993412e+001 -1.550000e+001 -2.046202e+001
    endloop
  endfacet
  facet normal  -0.000000e+000 -1.000000e+000  0.000000e+000
    outer loop
      vertex  2.350000e+001 -1.550000e+001 -2.050000e+001
      vertex  2.993412e+001 -1.550000e+001 -2.046202e+001
      vertex  3.035505e+001 -1.550000e+001 -2.034923e+001
    endloop
  endfacet
  facet normal  -0.000000e+000 -1.000000e+000  0.000000e+000
    outer loop
      vertex  2.350000e+001 -1.550000e+001 -2.050000e+001
      vertex  3.035505e+001 -1.550000e+001 -2.034923e+001
      vertex  3.075000e+001 -1.550000e+001 -2.016506e+001
    endloop
  endfacet
  facet normal  -0.000000e+000 -9.999999e-001  0.000000e+000
    outer loop
      vertex  2.350000e+001 -1.550000e+001 -2.050000e+001
      vertex  3.075000e+001 -1.550000e+001 -2.016506e+001
      vertex  3.110697e+001 -1.550000e+001 -1.991511e+001
    endloop
  endfacet
  facet normal  -0.000000e+000 -1.000000e+000  0.000000e+000
    outer loop
      vertex  2.350000e+001 -1.550000e+001 -2.050000e+001
      vertex  3.110697e+001 -1.550000e+001 -1.991511e+001
      vertex  3.126777e+001 -1.550000e+001 -1.976777e+001
    endloop
  endfacet
  facet normal  -0.000000e+000 -1.000000e+000  0.000000e+000
    outer loop
      vertex  2.350000e+001 -1.550000e+001 -2.050000e+001
      vertex  3.126777e+001 -1.550000e+001 -1.976777e+001
      vertex  3.141511e+001 -1.550000e+001 -1.960697e+001
    endloop
  endfacet
  facet normal  -0.000000e+000 -1.000000e+000  0.000000e+000
    outer loop
      vertex  2.350000e+001 -1.550000e+001 -2.050000e+001
      vertex  3.141511e+001 -1.550000e+001 -1.960697e+001
      vertex  3.166506e+001 -1.550000e+001 -1.925000e+001
    endloop
  endfacet
  facet normal  -0.000000e+000 -9.999999e-001  0.000000e+000
    outer loop
      vertex  2.350000e+001 -1.550000e+001 -2.050000e+001
      vertex  3.166506e+001 -1.550000e+001 -1.925000e+001
      vertex  3.184923e+001 -1.550000e+001 -1.885505e+001
    endloop
  endfacet
  facet normal  -0.000000e+000 -1.000000e+000  0.000000e+000
    outer loop
      vertex  2.350000e+001 -1.550000e+001 -2.050000e+001
      vertex  3.184923e+001 -1.550000e+001 -1.885505e+001
      vertex  3.196202e+001 -1.550000e+001 -1.843412e+001
    endloop
  endfacet
  facet normal  -0.000000e+000 -1.000000e+000  0.000000e+000
    outer loop
      vertex  2.350000e+001 -1.550000e+001 -2.050000e+001
      vertex  3.196202e+001 -1.550000e+001 -1.843412e+001
      vertex  3.200000e+001 -1.550000e+001 -1.800000e+001
    endloop
  endfacet
  facet normal  -0.000000e+000 -1.000000e+000  0.000000e+000
    outer loop
      vertex  2.350000e+001 -1.550000e+001 -2.050000e+001
      vertex  3.200000e+001 -1.550000e+001 -1.800000e+001
      vertex  3.200000e+001 -1.550000e+001 -1.025000e+001
    endloop
  endfacet
  facet normal  -0.000000e+000 -1.000000e+000  0.000000e+000
    outer loop
      vertex  2.350000e+001 -1.550000e+001 -2.050000e+001
      vertex  3.200000e+001 -1.550000e+001 -1.025000e+001
      vertex  2.350000e+001 -1.550000e+001 -1.025000e+001
    endloop
  endfacet
  facet normal  0.000000e+000 -1.000000e+000  -0.000000e+000
    outer loop
      vertex  2.000000e+001 -1.550000e+001 -2.050000e+001
      vertex  2.000000e+001 -1.550000e+001 -1.550000e+001
      vertex  1.500000e+001 -1.550000e+001 -1.800000e+001
    endloop
  endfacet
  facet normal  0.000000e+000 -1.000000e+000  0.000000e+000
    outer loop
      vertex  2.000000e+001 -1.550000e+001 -2.050000e+001
      vertex  1.500000e+001 -1.550000e+001 -1.800000e+001
      vertex  1.503798e+001 -1.550000e+001 -1.843412e+001
    endloop
  endfacet
  facet normal  0.000000e+000 -1.000000e+000  0.000000e+000
    outer loop
      vertex  2.000000e+001 -1.550000e+001 -2.050000e+001
      vertex  1.503798e+001 -1.550000e+001 -1.843412e+001
      vertex  1.515077e+001 -1.550000e+001 -1.885505e+001
    endloop
  endfacet
  facet normal  0.000000e+000 -1.000000e+000  0.000000e+000
    outer loop
      vertex  2.000000e+001 -1.550000e+001 -2.050000e+001
      vertex  1.515077e+001 -1.550000e+001 -1.885505e+001
      vertex  1.533494e+001 -1.550000e+001 -1.925000e+001
    endloop
  endfacet
  facet normal  0.000000e+000 -1.000000e+000  0.000000e+000
    outer loop
      vertex  2.000000e+001 -1.550000e+001 -2.050000e+001
      vertex  1.533494e+001 -1.550000e+001 -1.925000e+001
      vertex  1.558489e+001 -1.550000e+001 -1.960697e+001
    endloop
  endfacet
  facet normal  0.000000e+000 -1.000000e+000  0.000000e+000
    outer loop
      vertex  2.000000e+001 -1.550000e+001 -2.050000e+001
      vertex  1.558489e+001 -1.550000e+001 -1.960697e+001
      vertex  1.573223e+001 -1.550000e+001 -1.976777e+001
    endloop
  endfacet
  facet normal  0.000000e+000 -1.000000e+000  0.000000e+000
    outer loop
      vertex  2.000000e+001 -1.550000e+001 -2.050000e+001
      vertex  1.573223e+001 -1.550000e+001 -1.976777e+001
      vertex  1.589303e+001 -1.550000e+001 -1.991511e+001
    endloop
  endfacet
  facet normal  0.000000e+000 -1.000000e+000  0.000000e+000
    outer loop
      vertex  2.000000e+001 -1.550000e+001 -2.050000e+001
      vertex  1.589303e+001 -1.550000e+001 -1.991511e+001
      vertex  1.625000e+001 -1.550000e+001 -2.016506e+001
    endloop
  endfacet
  facet normal  0.000000e+000 -1.000000e+000  0.000000e+000
    outer loop
      vertex  2.000000e+001 -1.550000e+001 -2.050000e+001
      vertex  1.625000e+001 -1.550000e+001 -2.016506e+001
      vertex  1.664495e+001 -1.550000e+001 -2.034923e+001
    endloop
  endfacet
  facet normal  0.000000e+000 -1.000000e+000  0.000000e+000
    outer loop
      vertex  2.000000e+001 -1.550000e+001 -2.050000e+001
      vertex  1.664495e+001 -1.550000e+001 -2.034923e+001
      vertex  1.706588e+001 -1.550000e+001 -2.046202e+001
    endloop
  endfacet
  facet normal  0.000000e+000 -1.000000e+000  0.000000e+000
    outer loop
      vertex  2.000000e+001 -1.550000e+001 -2.050000e+001
      vertex  1.706588e+001 -1.550000e+001 -2.046202e+001
      vertex  1.875000e+001 -1.550000e+001 -2.050000e+001
    endloop
  endfacet
  facet normal  0.000000e+000 -1.000000e+000  0.000000e+000
    outer loop
      vertex  3.200000e+001 -1.550000e+001  1.776357e-015
      vertex  2.350000e+001 -1.550000e+001  0.000000e+000
      vertex  3.200000e+001 -1.550000e+001 -7.750000e+000
    endloop
  endfacet
  facet normal  -0.000000e+000 -1.000000e+000  0.000000e+000
    outer loop
      vertex  3.200000e+001 -1.550000e+001 -7.750000e+000
      vertex  2.350000e+001 -1.550000e+001  0.000000e+000
      vertex  2.350000e+001 -1.550000e+001 -1.025000e+001
    endloop
  endfacet
  facet normal  0.000000e+000 -1.000000e+000  0.000000e+000
    outer loop
      vertex  3.200000e+001 -1.550000e+001 -7.750000e+000
      vertex  2.350000e+001 -1.550000e+001 -1.025000e+001
      vertex  3.200000e+001 -1.550000e+001 -1.025000e+001
    endloop
  endfacet
  facet normal  0.000000e+000 -1.000000e+000  0.000000e+000
    outer loop
      vertex  2.350000e+001 -1.550000e+001  0.000000e+000
      vertex  1.500000e+001 -1.550000e+001  0.000000e+000
      vertex  2.350000e+001 -1.550000e+001 -1.025000e+001
    endloop
  endfacet
  facet normal  0.000000e+000 -1.000000e+000  0.000000e+000
    outer loop
      vertex  2.350000e+001 -1.550000e+001 -1.025000e+001
      vertex  1.500000e+001 -1.550000e+001  0.000000e+000
      vertex  1.500000e+001 -1.550000e+001 -7.750000e+000
    endloop
  endfacet
  facet normal  0.000000e+000 -1.000000e+000  0.000000e+000
    outer loop
      vertex  2.350000e+001 -1.550000e+001 -1.025000e+001
      vertex  1.500000e+001 -1.550000e+001 -7.750000e+000
      vertex  1.500000e+001 -1.550000e+001 -1.025000e+001
    endloop
  endfacet
  facet normal  0.000000e+000 -9.999999e-001  0.000000e+000
    outer loop
      vertex  2.350000e+001 -1.550000e+001 -1.025000e+001
      vertex  2.150000e+001 -1.550000e+001 -1.050000e+001
      vertex  2.350000e+001 -1.550000e+001 -2.050000e+001
    endloop
  endfacet
  facet normal  0.000000e+000 -1.000000e+000  0.000000e+000
    outer loop
      vertex  2.350000e+001 -1.550000e+001 -2.050000e+001
      vertex  2.150000e+001 -1.550000e+001 -1.050000e+001
      vertex  2.150000e+001 -1.550000e+001 -1.550000e+001
    endloop
  endfacet
  facet normal  0.000000e+000 -1.000000e+000  0.000000e+000
    outer loop
      vertex  2.350000e+001 -1.550000e+001 -2.050000e+001
      vertex  2.150000e+001 -1.550000e+001 -1.550000e+001
      vertex  2.150000e+001 -1.550000e+001 -2.050000e+001
    endloop
  endfacet
  facet normal  1.000000e+000  -0.000000e+000  0.000000e+000
    outer loop
      vertex  2.000000e+001 -1.300000e+001 -1.050000e+001
      vertex  2.000000e+001 -1.425000e+001 -1.050000e+001
      vertex  2.000000e+001 -1.300000e+001 -1.550000e+001
    endloop
  endfacet
  facet normal  1.000000e+000  0.000000e+000  0.000000e+000
    outer loop
      vertex  2.000000e+001 -1.300000e+001 -1.550000e+001
      vertex  2.000000e+001 -1.425000e+001 -1.050000e+001
      vertex  2.000000e+001 -1.425000e+001 -1.550000e+001
    endloop
  endfacet
  facet normal  1.000000e+000  -0.000000e+000  0.000000e+000
    outer loop
      vertex  2.000000e+001 -1.425000e+001 -1.050000e+001
      vertex  2.000000e+001 -1.550000e+001 -1.050000e+001
      vertex  2.000000e+001 -1.425000e+001 -1.550000e+001
    endloop
  endfacet
  facet normal  1.000000e+000  0.000000e+000  0.000000e+000
    outer loop
      vertex  2.000000e+001 -1.425000e+001 -1.550000e+001
      vertex  2.000000e+001 -1.550000e+001 -1.050000e+001
      vertex  2.000000e+001 -1.550000e+001 -1.550000e+001
    endloop
  endfacet
  facet normal  1.000000e+000  -0.000000e+000  0.000000e+000
    outer loop
      vertex  2.000000e+001 -1.300000e+001 -1.550000e+001
      vertex  2.000000e+001 -1.425000e+001 -1.550000e+001
      vertex  2.000000e+001 -1.300000e+001 -2.050000e+001
    endloop
  endfacet
  facet normal  1.000000e+000  0.000000e+000  0.000000e+000
    outer loop
      vertex  2.000000e+001 -1.300000e+001 -2.050000e+001
      vertex  2.000000e+001 -1.425000e+001 -1.550000e+001
      vertex  2.000000e+001 -1.425000e+001 -2.050000e+001
    endloop
  endfacet
  facet normal  1.000000e+000  -0.000000e+000  0.000000e+000
    outer loop
      vertex  2.000000e+001 -1.425000e+001 -1.550000e+001
      vertex  2.000000e+001 -1.550000e+001 -1.550000e+001
      vertex  2.000000e+001 -1.425000e+001 -2.050000e+001
    endloop
  endfacet
  facet normal  1.000000e+000  0.000000e+000  0.000000e+000
    outer loop
      vertex  2.000000e+001 -1.425000e+001 -2.050000e+001
      vertex  2.000000e+001 -1.550000e+001 -1.550000e+001
      vertex  2.000000e+001 -1.550000e+001 -2.050000e+001
    endloop
  endfacet
  facet normal  -0.000000e+000  0.000000e+000 -1.000000e+000
    outer loop
      vertex  2.000000e+001 -1.300000e+001 -1.050000e+001
      vertex  2.075000e+001 -1.300000e+001 -1.050000e+001
      vertex  2.000000e+001 -1.425000e+001 -1.050000e+001
    endloop
  endfacet
  facet normal  0.000000e+000  0.000000e+000 -1.000000e+000
    outer loop
      vertex  2.000000e+001 -1.425000e+001 -1.050000e+001
      vertex  2.075000e+001 -1.300000e+001 -1.050000e+001
      vertex  2.075000e+001 -1.425000e+001 -1.050000e+001
    endloop
  endfacet
  facet normal  -0.000000e+000  0.000000e+000 -1.000000e+000
    outer loop
      vertex  2.000000e+001 -1.425000e+001 -1.050000e+001
      vertex  2.075000e+001 -1.425000e+001 -1.050000e+001
      vertex  2.000000e+001 -1.550000e+001 -1.050000e+001
    endloop
  endfacet
  facet normal  0.000000e+000  0.000000e+000 -1.000000e+000
    outer loop
      vertex  2.000000e+001 -1.550000e+001 -1.050000e+001
      vertex  2.075000e+001 -1.425000e+001 -1.050000e+001
      vertex  2.075000e+001 -1.550000e+001 -1.050000e+001
    endloop
  endfacet
  facet normal  -0.000000e+000  0.000000e+000 -1.000000e+000
    outer loop
      vertex  2.075000e+001 -1.300000e+001 -1.050000e+001
      vertex  2.150000e+001 -1.300000e+001 -1.050000e+001
      vertex  2.075000e+001 -1.425000e+001 -1.050000e+001
    endloop
  endfacet
  facet normal  0.000000e+000  0.000000e+000 -1.000000e+000
    outer loop
      vertex  2.075000e+001 -1.425000e+001 -1.050000e+001
      vertex  2.150000e+001 -1.300000e+001 -1.050000e+001
      vertex  2.150000e+001 -1.425000e+001 -1.050000e+001
    endloop
  endfacet
  facet normal  -0.000000e+000  0.000000e+000 -1.000000e+000
    outer loop
      vertex  2.075000e+001 -1.425000e+001 -1.050000e+001
      vertex  2.150000e+001 -1.425000e+001 -1.050000e+001
      vertex  2.075000e+001 -1.550000e+001 -1.050000e+001
    endloop
  endfacet
  facet normal  0.000000e+000  0.000000e+000 -1.000000e+000
    outer loop
      vertex  2.075000e+001 -1.550000e+001 -1.050000e+001
      vertex  2.150000e+001 -1.425000e+001 -1.050000e+001
      vertex  2.150000e+001 -1.550000e+001 -1.050000e+001
    endloop
  endfacet
  facet normal -1.000000e+000  0.000000e+000  0.000000e+000
    outer loop
      vertex  2.150000e+001 -1.300000e+001 -2.050000e+001
      vertex  2.150000e+001 -1.425000e+001 -2.050000e+001
      vertex  2.150000e+001 -1.300000e+001 -1.550000e+001
    endloop
  endfacet
  facet normal -1.000000e+000  -0.000000e+000  0.000000e+000
    outer loop
      vertex  2.150000e+001 -1.300000e+001 -1.550000e+001
      vertex  2.150000e+001 -1.425000e+001 -2.050000e+001
      vertex  2.150000e+001 -1.425000e+001 -1.550000e+001
    endloop
  endfacet
  facet normal -1.000000e+000  0.000000e+000  0.000000e+000
    outer loop
      vertex  2.150000e+001 -1.425000e+001 -2.050000e+001
      vertex  2.150000e+001 -1.550000e+001 -2.050000e+001
      vertex  2.150000e+001 -1.425000e+001 -1.550000e+001
    endloop
  endfacet
  facet normal -1.000000e+000  -0.000000e+000  0.000000e+000
    outer loop
      vertex  2.150000e+001 -1.425000e+001 -1.550000e+001
      vertex  2.150000e+001 -1.550000e+001 -2.050000e+001
      vertex  2.150000e+001 -1.550000e+001 -1.550000e+001
    endloop
  endfacet
  facet normal -1.000000e+000  0.000000e+000  0.000000e+000
    outer loop
      vertex  2.150000e+001 -1.300000e+001 -1.550000e+001
      vertex  2.150000e+001 -1.425000e+001 -1.550000e+001
      vertex  2.150000e+001 -1.300000e+001 -1.050000e+001
    endloop
  endfacet
  facet normal -1.000000e+000  -0.000000e+000  0.000000e+000
    outer loop
      vertex  2.150000e+001 -1.300000e+001 -1.050000e+001
      vertex  2.150000e+001 -1.425000e+001 -1.550000e+001
      vertex  2.150000e+001 -1.425000e+001 -1.050000e+001
    endloop
  endfacet
  facet normal -1.000000e+000  0.000000e+000  0.000000e+000
    outer loop
      vertex  2.150000e+001 -1.425000e+001 -1.550000e+001
      vertex  2.150000e+001 -1.550000e+001 -1.550000e+001
      vertex  2.150000e+001 -1.425000e+001 -1.050000e+001
    endloop
  endfacet
  facet normal -1.000000e+000  -0.000000e+000  0.000000e+000
    outer loop
      vertex  2.150000e+001 -1.425000e+001 -1.050000e+001
      vertex  2.150000e+001 -1.550000e+001 -1.550000e+001
      vertex  2.150000e+001 -1.550000e+001 -1.050000e+001
    endloop
  endfacet
  facet normal  0.000000e+000  1.000000e+000  0.000000e+000
    outer loop
      vertex -3.200000e+001 -1.300000e+001  0.000000e+000
      vertex -2.350000e+001 -1.300000e+001  0.000000e+000
      vertex -3.200000e+001 -1.300000e+001 -7.750000e+000
    endloop
  endfacet
  facet normal  -0.000000e+000  1.000000e+000  0.000000e+000
    outer loop
      vertex -2.350000e+001 -1.300000e+001 -1.025000e+001
      vertex -3.200000e+001 -1.300000e+001 -7.750000e+000
      vertex -2.350000e+001 -1.300000e+001  0.000000e+000
    endloop
  endfacet
  facet normal  0.000000e+000  1.000000e+000  0.000000e+000
    outer loop
      vertex -3.200000e+001 -1.300000e+001 -1.025000e+001
      vertex -3.200000e+001 -1.300000e+001 -7.750000e+000
      vertex -2.350000e+001 -1.300000e+001 -1.025000e+001
    endloop
  endfacet
  facet normal  0.000000e+000  1.000000e+000  0.000000e+000
    outer loop
      vertex -2.000000e+001 -1.300000e+001 -2.050000e+001
      vertex -1.500000e+001 -1.300000e+001 -1.025000e+001
      vertex -1.875000e+001 -1.300000e+001 -2.050000e+001
    endloop
  endfacet
  facet normal  0.000000e+000  1.000000e+000  0.000000e+000
    outer loop
      vertex -1.750000e+001 -1.300000e+001 -2.050000e+001
      vertex -1.875000e+001 -1.300000e+001 -2.050000e+001
      vertex -1.500000e+001 -1.300000e+001 -1.025000e+001
    endloop
  endfacet
  facet normal  0.000000e+000  1.000000e+000  0.000000e+000
    outer loop
      vertex -1.589303e+001 -1.300000e+001 -1.991511e+001
      vertex -1.500000e+001 -1.300000e+001 -1.025000e+001
      vertex -1.573223e+001 -1.300000e+001 -1.976777e+001
    endloop
  endfacet
  facet normal  0.000000e+000  1.000000e+000  0.000000e+000
    outer loop
      vertex -1.558489e+001 -1.300000e+001 -1.960697e+001
      vertex -1.573223e+001 -1.300000e+001 -1.976777e+001
      vertex -1.500000e+001 -1.300000e+001 -1.025000e+001
    endloop
  endfacet
  facet normal  0.000000e+000  1.000000e+000  0.000000e+000
    outer loop
      vertex -1.500000e+001 -1.300000e+001 -1.025000e+001
      vertex -2.350000e+001 -1.300000e+001 -1.025000e+001
      vertex -1.500000e+001 -1.300000e+001 -7.750000e+000
    endloop
  endfacet
  facet normal  0.000000e+000  1.000000e+000  0.000000e+000
    outer loop
      vertex -2.350000e+001 -1.300000e+001  0.000000e+000
      vertex -1.500000e+001 -1.300000e+001 -7.750000e+000
      vertex -2.350000e+001 -1.300000e+001 -1.025000e+001
    endloop
  endfacet
  facet normal  0.000000e+000  1.000000e+000  -0.000000e+000
    outer loop
      vertex -1.500000e+001 -1.300000e+001 -3.108624e-015
      vertex -1.500000e+001 -1.300000e+001 -7.750000e+000
      vertex -2.350000e+001 -1.300000e+001  0.000000e+000
    endloop
  endfacet
  facet normal  0.000000e+000  1.000000e+000  0.000000e+000
    outer loop
      vertex -3.141511e+001 -1.300000e+001 -1.960697e+001
      vertex -2.950000e+001 -1.300000e+001 -2.050000e+001
      vertex -3.126777e+001 -1.300000e+001 -1.976777e+001
    endloop
  endfacet
  facet normal  0.000000e+000  1.000000e+000  0.000000e+000
    outer loop
      vertex -3.110697e+001 -1.300000e+001 -1.991511e+001
      vertex -3.126777e+001 -1.300000e+001 -1.976777e+001
      vertex -2.950000e+001 -1.300000e+001 -2.050000e+001
    endloop
  endfacet
  facet normal  0.000000e+000  9.999999e-001  0.000000e+000
    outer loop
      vertex -2.950000e+001 -1.300000e+001 -2.050000e+001
      vertex -2.350000e+001 -1.300000e+001 -1.025000e+001
      vertex -2.550000e+001 -1.300000e+001 -2.050000e+001
    endloop
  endfacet
  facet normal  0.000000e+000  9.999999e-001  0.000000e+000
    outer loop
      vertex -2.350000e+001 -1.300000e+001 -2.050000e+001
      vertex -2.550000e+001 -1.300000e+001 -2.050000e+001
      vertex -2.350000e+001 -1.300000e+001 -1.025000e+001
    endloop
  endfacet
  facet normal  0.000000e+000  1.000000e+000  0.000000e+000
    outer loop
      vertex -2.150000e+001 -1.300000e+001 -2.050000e+001
      vertex -2.350000e+001 -1.300000e+001 -2.050000e+001
      vertex -2.150000e+001 -1.300000e+001 -1.550000e+001
    endloop
  endfacet
  facet normal  0.000000e+000  9.999999e-001  0.000000e+000
    outer loop
      vertex -2.350000e+001 -1.300000e+001 -1.025000e+001
      vertex -2.150000e+001 -1.300000e+001 -1.550000e+001
      vertex -2.350000e+001 -1.300000e+001 -2.050000e+001
    endloop
  endfacet
  facet normal  0.000000e+000  1.000000e+000  -0.000000e+000
    outer loop
      vertex -2.150000e+001 -1.300000e+001 -1.050000e+001
      vertex -2.150000e+001 -1.300000e+001 -1.550000e+001
      vertex -2.350000e+001 -1.300000e+001 -1.025000e+001
    endloop
  endfacet
  facet normal  0.000000e+000  1.000000e+000  0.000000e+000
    outer loop
      vertex -2.000000e+001 -1.300000e+001 -1.050000e+001
      vertex -1.500000e+001 -1.300000e+001 -1.025000e+001
      vertex -2.000000e+001 -1.300000e+001 -1.550000e+001
    endloop
  endfacet
  facet normal  -0.000000e+000  1.000000e+000  0.000000e+000
    outer loop
      vertex -2.000000e+001 -1.300000e+001 -2.050000e+001
      vertex -2.000000e+001 -1.300000e+001 -1.550000e+001
      vertex -1.500000e+001 -1.300000e+001 -1.025000e+001
    endloop
  endfacet
  facet normal  0.000000e+000  1.000000e+000  0.000000e+000
    outer loop
      vertex -2.150000e+001 -1.300000e+001 -1.050000e+001
      vertex -1.500000e+001 -1.300000e+001 -1.025000e+001
      vertex -2.075000e+001 -1.300000e+001 -1.050000e+001
    endloop
  endfacet
  facet normal  0.000000e+000  1.000000e+000  0.000000e+000
    outer loop
      vertex -2.000000e+001 -1.300000e+001 -1.050000e+001
      vertex -2.075000e+001 -1.300000e+001 -1.050000e+001
      vertex -1.500000e+001 -1.300000e+001 -1.025000e+001
    endloop
  endfacet
  facet normal  0.000000e+000  1.000000e+000  -0.000000e+000
    outer loop
      vertex -1.500000e+001 -1.300000e+001 -1.025000e+001
      vertex -1.500000e+001 -1.300000e+001 -1.800000e+001
      vertex -1.503798e+001 -1.300000e+001 -1.843412e+001
    endloop
  endfacet
  facet normal  0.000000e+000  1.000000e+000  -0.000000e+000
    outer loop
      vertex -1.500000e+001 -1.300000e+001 -1.025000e+001
      vertex -1.503798e+001 -1.300000e+001 -1.843412e+001
      vertex -1.515077e+001 -1.300000e+001 -1.885505e+001
    endloop
  endfacet
  facet normal  0.000000e+000  9.999999e-001  -0.000000e+000
    outer loop
      vertex -1.500000e+001 -1.300000e+001 -1.025000e+001
      vertex -1.515077e+001 -1.300000e+001 -1.885505e+001
      vertex -1.533494e+001 -1.300000e+001 -1.925000e+001
    endloop
  endfacet
  facet normal  0.000000e+000  1.000000e+000  -0.000000e+000
    outer loop
      vertex -1.500000e+001 -1.300000e+001 -1.025000e+001
      vertex -1.533494e+001 -1.300000e+001 -1.925000e+001
      vertex -1.558489e+001 -1.300000e+001 -1.960697e+001
    endloop
  endfacet
  facet normal  -0.000000e+000  1.000000e+000  -0.000000e+000
    outer loop
      vertex -2.950000e+001 -1.300000e+001 -2.050000e+001
      vertex -2.993412e+001 -1.300000e+001 -2.046202e+001
      vertex -3.035505e+001 -1.300000e+001 -2.034923e+001
    endloop
  endfacet
  facet normal  -0.000000e+000  9.999999e-001  -0.000000e+000
    outer loop
      vertex -2.950000e+001 -1.300000e+001 -2.050000e+001
      vertex -3.035505e+001 -1.300000e+001 -2.034923e+001
      vertex -3.075000e+001 -1.300000e+001 -2.016506e+001
    endloop
  endfacet
  facet normal  -0.000000e+000  1.000000e+000  -0.000000e+000
    outer loop
      vertex -2.950000e+001 -1.300000e+001 -2.050000e+001
      vertex -3.075000e+001 -1.300000e+001 -2.016506e+001
      vertex -3.110697e+001 -1.300000e+001 -1.991511e+001
    endloop
  endfacet
  facet normal  0.000000e+000  1.000000e+000  -0.000000e+000
    outer loop
      vertex -1.500000e+001 -1.300000e+001 -1.025000e+001
      vertex -1.589303e+001 -1.300000e+001 -1.991511e+001
      vertex -1.625000e+001 -1.300000e+001 -2.016506e+001
    endloop
  endfacet
  facet normal  0.000000e+000  9.999999e-001  -0.000000e+000
    outer loop
      vertex -1.500000e+001 -1.300000e+001 -1.025000e+001
      vertex -1.625000e+001 -1.300000e+001 -2.016506e+001
      vertex -1.664495e+001 -1.300000e+001 -2.034923e+001
    endloop
  endfacet
  facet normal  0.000000e+000  1.000000e+000  -0.000000e+000
    outer loop
      vertex -1.500000e+001 -1.300000e+001 -1.025000e+001
      vertex -1.664495e+001 -1.300000e+001 -2.034923e+001
      vertex -1.706588e+001 -1.300000e+001 -2.046202e+001
    endloop
  endfacet
  facet normal  0.000000e+000  1.000000e+000  -0.000000e+000
    outer loop
      vertex -1.500000e+001 -1.300000e+001 -1.025000e+001
      vertex -1.706588e+001 -1.300000e+001 -2.046202e+001
      vertex -1.750000e+001 -1.300000e+001 -2.050000e+001
    endloop
  endfacet
  facet normal  -0.000000e+000  1.000000e+000  -0.000000e+000
    outer loop
      vertex -2.950000e+001 -1.300000e+001 -2.050000e+001
      vertex -3.141511e+001 -1.300000e+001 -1.960697e+001
      vertex -3.166506e+001 -1.300000e+001 -1.925000e+001
    endloop
  endfacet
  facet normal  -0.000000e+000  9.999999e-001  -0.000000e+000
    outer loop
      vertex -2.950000e+001 -1.300000e+001 -2.050000e+001
      vertex -3.166506e+001 -1.300000e+001 -1.925000e+001
      vertex -3.184923e+001 -1.300000e+001 -1.885505e+001
    endloop
  endfacet
  facet normal  -0.000000e+000  9.999999e-001  -0.000000e+000
    outer loop
      vertex -2.950000e+001 -1.300000e+001 -2.050000e+001
      vertex -3.184923e+001 -1.300000e+001 -1.885505e+001
      vertex -3.196202e+001 -1.300000e+001 -1.843412e+001
    endloop
  endfacet
  facet normal  -0.000000e+000  1.000000e+000  -0.000000e+000
    outer loop
      vertex -2.950000e+001 -1.300000e+001 -2.050000e+001
      vertex -3.196202e+001 -1.300000e+001 -1.843412e+001
      vertex -3.200000e+001 -1.300000e+001 -1.800000e+001
    endloop
  endfacet
  facet normal  -0.000000e+000  1.000000e+000  0.000000e+000
    outer loop
      vertex -2.950000e+001 -1.300000e+001 -2.050000e+001
      vertex -3.200000e+001 -1.300000e+001 -1.800000e+001
      vertex -3.200000e+001 -1.300000e+001 -1.025000e+001
    endloop
  endfacet
  facet normal  -0.000000e+000  1.000000e+000  0.000000e+000
    outer loop
      vertex -2.950000e+001 -1.300000e+001 -2.050000e+001
      vertex -3.200000e+001 -1.300000e+001 -1.025000e+001
      vertex -2.350000e+001 -1.300000e+001 -1.025000e+001
    endloop
  endfacet
  facet normal  0.000000e+000  1.000000e+000  -0.000000e+000
    outer loop
      vertex -1.500000e+001 -1.300000e+001 -1.025000e+001
      vertex -2.150000e+001 -1.300000e+001 -1.050000e+001
      vertex -2.350000e+001 -1.300000e+001 -1.025000e+001
    endloop
  endfacet
  facet normal  0.000000e+000  0.000000e+000 -1.000000e+000
    outer loop
      vertex -2.550000e+001 -1.550000e+001 -2.050000e+001
      vertex -2.950000e+001 -1.550000e+001 -2.050000e+001
      vertex -2.550000e+001 -1.425000e+001 -2.050000e+001
    endloop
  endfacet
  facet normal  -0.000000e+000  0.000000e+000 -1.000000e+000
    outer loop
      vertex -2.550000e+001 -1.425000e+001 -2.050000e+001
      vertex -2.950000e+001 -1.550000e+001 -2.050000e+001
      vertex -2.950000e+001 -1.425000e+001 -2.050000e+001
    endloop
  endfacet
  facet normal  0.000000e+000  0.000000e+000 -1.000000e+000
    outer loop
      vertex -2.150000e+001 -1.550000e+001 -2.050000e+001
      vertex -2.350000e+001 -1.550000e+001 -2.050000e+001
      vertex -2.150000e+001 -1.425000e+001 -2.050000e+001
    endloop
  endfacet
  facet normal  0.000000e+000  0.000000e+000 -1.000000e+000
    outer loop
      vertex -2.150000e+001 -1.425000e+001 -2.050000e+001
      vertex -2.350000e+001 -1.550000e+001 -2.050000e+001
      vertex -2.550000e+001 -1.550000e+001 -2.050000e+001
    endloop
  endfacet
  facet normal  0.000000e+000  0.000000e+000 -1.000000e+000
    outer loop
      vertex -2.150000e+001 -1.425000e+001 -2.050000e+001
      vertex -2.550000e+001 -1.550000e+001 -2.050000e+001
      vertex -2.550000e+001 -1.425000e+001 -2.050000e+001
    endloop
  endfacet
  facet normal  0.000000e+000  0.000000e+000 -1.000000e+000
    outer loop
      vertex -2.550000e+001 -1.425000e+001 -2.050000e+001
      vertex -2.950000e+001 -1.425000e+001 -2.050000e+001
      vertex -2.550000e+001 -1.300000e+001 -2.050000e+001
    endloop
  endfacet
  facet normal  -0.000000e+000  0.000000e+000 -1.000000e+000
    outer loop
      vertex -2.550000e+001 -1.300000e+001 -2.050000e+001
      vertex -2.950000e+001 -1.425000e+001 -2.050000e+001
      vertex -2.950000e+001 -1.300000e+001 -2.050000e+001
    endloop
  endfacet
  facet normal  0.000000e+000  0.000000e+000 -1.000000e+000
    outer loop
      vertex -2.150000e+001 -1.300000e+001 -2.050000e+001
      vertex -2.150000e+001 -1.425000e+001 -2.050000e+001
      vertex -2.350000e+001 -1.300000e+001 -2.050000e+001
    endloop
  endfacet
  facet normal  0.000000e+000  -0.000000e+000 -1.000000e+000
    outer loop
      vertex -2.350000e+001 -1.300000e+001 -2.050000e+001
      vertex -2.150000e+001 -1.425000e+001 -2.050000e+001
      vertex -2.550000e+001 -1.425000e+001 -2.050000e+001
    endloop
  endfacet
  facet normal  0.000000e+000  0.000000e+000 -1.000000e+000
    outer loop
      vertex -2.350000e+001 -1.300000e+001 -2.050000e+001
      vertex -2.550000e+001 -1.425000e+001 -2.050000e+001
      vertex -2.550000e+001 -1.300000e+001 -2.050000e+001
    endloop
  endfacet
  facet normal  -0.000000e+000  0.000000e+000 -1.000000e+000
    outer loop
      vertex -2.000000e+001 -1.425000e+001 -2.050000e+001
      vertex -1.875000e+001 -1.425000e+001 -2.050000e+001
      vertex -2.000000e+001 -1.550000e+001 -2.050000e+001
    endloop
  endfacet
  facet normal  0.000000e+000  0.000000e+000 -1.000000e+000
    outer loop
      vertex -2.000000e+001 -1.550000e+001 -2.050000e+001
      vertex -1.875000e+001 -1.425000e+001 -2.050000e+001
      vertex -1.875000e+001 -1.550000e+001 -2.050000e+001
    endloop
  endfacet
  facet normal  -0.000000e+000  0.000000e+000 -1.000000e+000
    outer loop
      vertex -1.875000e+001 -1.425000e+001 -2.050000e+001
      vertex -1.750000e+001 -1.425000e+001 -2.050000e+001
      vertex -1.875000e+001 -1.550000e+001 -2.050000e+001
    endloop
  endfacet
  facet normal  0.000000e+000  0.000000e+000 -1.000000e+000
    outer loop
      vertex -1.875000e+001 -1.550000e+001 -2.050000e+001
      vertex -1.750000e+001 -1.425000e+001 -2.050000e+001
      vertex -1.750000e+001 -1.550000e+001 -2.050000e+001
    endloop
  endfacet
  facet normal  -0.000000e+000  0.000000e+000 -1.000000e+000
    outer loop
      vertex -2.000000e+001 -1.300000e+001 -2.050000e+001
      vertex -1.875000e+001 -1.300000e+001 -2.050000e+001
      vertex -2.000000e+001 -1.425000e+001 -2.050000e+001
    endloop
  endfacet
  facet normal  0.000000e+000  0.000000e+000 -1.000000e+000
    outer loop
      vertex -2.000000e+001 -1.425000e+001 -2.050000e+001
      vertex -1.875000e+001 -1.300000e+001 -2.050000e+001
      vertex -1.875000e+001 -1.425000e+001 -2.050000e+001
    endloop
  endfacet
  facet normal  -0.000000e+000  0.000000e+000 -1.000000e+000
    outer loop
      vertex -1.875000e+001 -1.300000e+001 -2.050000e+001
      vertex -1.750000e+001 -1.300000e+001 -2.050000e+001
      vertex -1.875000e+001 -1.425000e+001 -2.050000e+001
    endloop
  endfacet
  facet normal  0.000000e+000  0.000000e+000 -1.000000e+000
    outer loop
      vertex -1.875000e+001 -1.425000e+001 -2.050000e+001
      vertex -1.750000e+001 -1.300000e+001 -2.050000e+001
      vertex -1.750000e+001 -1.425000e+001 -2.050000e+001
    endloop
  endfacet
  facet normal  -0.000000e+000 -1.000000e+000  0.000000e+000
    outer loop
      vertex -3.200000e+001 -1.550000e+001 -7.750000e+000
      vertex -2.350000e+001 -1.550000e+001  0.000000e+000
      vertex -3.200000e+001 -1.550000e+001  0.000000e+000
    endloop
  endfacet
  facet normal  0.000000e+000 -1.000000e+000  0.000000e+000
    outer loop
      vertex -2.350000e+001 -1.550000e+001  0.000000e+000
      vertex -3.200000e+001 -1.550000e+001 -7.750000e+000
      vertex -2.350000e+001 -1.550000e+001 -1.025000e+001
    endloop
  endfacet
  facet normal  0.000000e+000 -1.000000e+000  0.000000e+000
    outer loop
      vertex -2.350000e+001 -1.550000e+001 -1.025000e+001
      vertex -3.200000e+001 -1.550000e+001 -7.750000e+000
      vertex -3.200000e+001 -1.550000e+001 -1.025000e+001
    endloop
  endfacet
  facet normal  0.000000e+000 -1.000000e+000  0.000000e+000
    outer loop
      vertex -1.875000e+001 -1.550000e+001 -2.050000e+001
      vertex -1.706588e+001 -1.550000e+001 -2.046202e+001
      vertex -2.000000e+001 -1.550000e+001 -2.050000e+001
    endloop
  endfacet
  facet normal  0.000000e+000 -1.000000e+000  0.000000e+000
    outer loop
      vertex -1.706588e+001 -1.550000e+001 -2.046202e+001
      vertex -1.875000e+001 -1.550000e+001 -2.050000e+001
      vertex -1.750000e+001 -1.550000e+001 -2.050000e+001
    endloop
  endfacet
  facet normal  0.000000e+000 -1.000000e+000  0.000000e+000
    outer loop
      vertex -1.573223e+001 -1.550000e+001 -1.976777e+001
      vertex -2.000000e+001 -1.550000e+001 -2.050000e+001
      vertex -1.589303e+001 -1.550000e+001 -1.991511e+001
    endloop
  endfacet
  facet normal  -0.000000e+000 -1.000000e+000  0.000000e+000
    outer loop
      vertex -2.000000e+001 -1.550000e+001 -2.050000e+001
      vertex -1.573223e+001 -1.550000e+001 -1.976777e+001
      vertex -1.558489e+001 -1.550000e+001 -1.960697e+001
    endloop
  endfacet
  facet normal  0.000000e+000 -1.000000e+000  0.000000e+000
    outer loop
      vertex -1.500000e+001 -1.550000e+001 -7.750000e+000
      vertex -2.350000e+001 -1.550000e+001 -1.025000e+001
      vertex -1.500000e+001 -1.550000e+001 -1.025000e+001
    endloop
  endfacet
  facet normal  -0.000000e+000 -1.000000e+000  0.000000e+000
    outer loop
      vertex -2.350000e+001 -1.550000e+001 -1.025000e+001
      vertex -1.500000e+001 -1.550000e+001 -7.750000e+000
      vertex -2.350000e+001 -1.550000e+001  0.000000e+000
    endloop
  endfacet
  facet normal  0.000000e+000 -1.000000e+000  0.000000e+000
    outer loop
      vertex -2.350000e+001 -1.550000e+001  0.000000e+000
      vertex -1.500000e+001 -1.550000e+001 -7.750000e+000
      vertex -1.500000e+001 -1.550000e+001 -3.108624e-015
    endloop
  endfacet
  facet normal  0.000000e+000 -1.000000e+000  0.000000e+000
    outer loop
      vertex -3.126777e+001 -1.550000e+001 -1.976777e+001
      vertex -2.350000e+001 -1.550000e+001 -2.050000e+001
      vertex -3.141511e+001 -1.550000e+001 -1.960697e+001
    endloop
  endfacet
  facet normal  0.000000e+000 -1.000000e+000  0.000000e+000
    outer loop
      vertex -2.350000e+001 -1.550000e+001 -2.050000e+001
      vertex -3.126777e+001 -1.550000e+001 -1.976777e+001
      vertex -3.110697e+001 -1.550000e+001 -1.991511e+001
    endloop
  endfacet
  facet normal  0.000000e+000 -9.999999e-001  0.000000e+000
    outer loop
      vertex -2.550000e+001 -1.550000e+001 -2.050000e+001
      vertex -2.993412e+001 -1.550000e+001 -2.046202e+001
      vertex -2.950000e+001 -1.550000e+001 -2.050000e+001
    endloop
  endfacet
  facet normal  0.000000e+000 -9.999999e-001  0.000000e+000
    outer loop
      vertex -2.993412e+001 -1.550000e+001 -2.046202e+001
      vertex -2.550000e+001 -1.550000e+001 -2.050000e+001
      vertex -2.350000e+001 -1.550000e+001 -2.050000e+001
    endloop
  endfacet
  facet normal  0.000000e+000 -1.000000e+000  0.000000e+000
    outer loop
      vertex -2.150000e+001 -1.550000e+001 -1.550000e+001
      vertex -2.350000e+001 -1.550000e+001 -2.050000e+001
      vertex -2.150000e+001 -1.550000e+001 -2.050000e+001
    endloop
  endfacet
  facet normal  -0.000000e+000 -9.999999e-001  0.000000e+000
    outer loop
      vertex -2.350000e+001 -1.550000e+001 -2.050000e+001
      vertex -2.150000e+001 -1.550000e+001 -1.550000e+001
      vertex -2.350000e+001 -1.550000e+001 -1.025000e+001
    endloop
  endfacet
  facet normal  0.000000e+000 -1.000000e+000  0.000000e+000
    outer loop
      vertex -2.350000e+001 -1.550000e+001 -1.025000e+001
      vertex -2.150000e+001 -1.550000e+001 -1.550000e+001
      vertex -2.150000e+001 -1.550000e+001 -1.050000e+001
    endloop
  endfacet
  facet normal  -0.000000e+000 -1.000000e+000  0.000000e+000
    outer loop
      vertex -2.000000e+001 -1.550000e+001 -2.050000e+001
      vertex -1.558489e+001 -1.550000e+001 -1.960697e+001
      vertex -1.533494e+001 -1.550000e+001 -1.925000e+001
    endloop
  endfacet
  facet normal  -0.000000e+000 -1.000000e+000  0.000000e+000
    outer loop
      vertex -2.000000e+001 -1.550000e+001 -2.050000e+001
      vertex -1.533494e+001 -1.550000e+001 -1.925000e+001
      vertex -1.515077e+001 -1.550000e+001 -1.885505e+001
    endloop
  endfacet
  facet normal  -0.000000e+000 -1.000000e+000  0.000000e+000
    outer loop
      vertex -2.000000e+001 -1.550000e+001 -2.050000e+001
      vertex -1.515077e+001 -1.550000e+001 -1.885505e+001
      vertex -1.503798e+001 -1.550000e+001 -1.843412e+001
    endloop
  endfacet
  facet normal  -0.000000e+000 -1.000000e+000  0.000000e+000
    outer loop
      vertex -2.000000e+001 -1.550000e+001 -2.050000e+001
      vertex -1.503798e+001 -1.550000e+001 -1.843412e+001
      vertex -1.500000e+001 -1.550000e+001 -1.800000e+001
    endloop
  endfacet
  facet normal  -0.000000e+000 -1.000000e+000  0.000000e+000
    outer loop
      vertex -2.000000e+001 -1.550000e+001 -2.050000e+001
      vertex -1.500000e+001 -1.550000e+001 -1.800000e+001
      vertex -2.000000e+001 -1.550000e+001 -1.550000e+001
    endloop
  endfacet
  facet normal  0.000000e+000 -9.999999e-001  0.000000e+000
    outer loop
      vertex -2.350000e+001 -1.550000e+001 -2.050000e+001
      vertex -3.110697e+001 -1.550000e+001 -1.991511e+001
      vertex -3.075000e+001 -1.550000e+001 -2.016506e+001
    endloop
  endfacet
  facet normal  0.000000e+000 -1.000000e+000  0.000000e+000
    outer loop
      vertex -2.350000e+001 -1.550000e+001 -2.050000e+001
      vertex -3.075000e+001 -1.550000e+001 -2.016506e+001
      vertex -3.035505e+001 -1.550000e+001 -2.034923e+001
    endloop
  endfacet
  facet normal  0.000000e+000 -1.000000e+000  0.000000e+000
    outer loop
      vertex -2.350000e+001 -1.550000e+001 -2.050000e+001
      vertex -3.035505e+001 -1.550000e+001 -2.034923e+001
      vertex -2.993412e+001 -1.550000e+001 -2.046202e+001
    endloop
  endfacet
  facet normal  0.000000e+000 -1.000000e+000  0.000000e+000
    outer loop
      vertex -2.000000e+001 -1.550000e+001 -1.050000e+001
      vertex -2.000000e+001 -1.550000e+001 -1.550000e+001
      vertex -1.500000e+001 -1.550000e+001 -1.800000e+001
    endloop
  endfacet
  facet normal  0.000000e+000 -1.000000e+000  0.000000e+000
    outer loop
      vertex -2.000000e+001 -1.550000e+001 -1.050000e+001
      vertex -1.500000e+001 -1.550000e+001 -1.800000e+001
      vertex -1.500000e+001 -1.550000e+001 -1.025000e+001
    endloop
  endfacet
  facet normal  -0.000000e+000 -1.000000e+000  0.000000e+000
    outer loop
      vertex -2.000000e+001 -1.550000e+001 -1.050000e+001
      vertex -1.500000e+001 -1.550000e+001 -1.025000e+001
      vertex -2.350000e+001 -1.550000e+001 -1.025000e+001
    endloop
  endfacet
  facet normal  0.000000e+000 -1.000000e+000  0.000000e+000
    outer loop
      vertex -2.000000e+001 -1.550000e+001 -1.050000e+001
      vertex -2.350000e+001 -1.550000e+001 -1.025000e+001
      vertex -2.075000e+001 -1.550000e+001 -1.050000e+001
    endloop
  endfacet
  facet normal  -0.000000e+000 -1.000000e+000  0.000000e+000
    outer loop
      vertex -2.000000e+001 -1.550000e+001 -2.050000e+001
      vertex -1.706588e+001 -1.550000e+001 -2.046202e+001
      vertex -1.664495e+001 -1.550000e+001 -2.034923e+001
    endloop
  endfacet
  facet normal  -0.000000e+000 -1.000000e+000  0.000000e+000
    outer loop
      vertex -2.000000e+001 -1.550000e+001 -2.050000e+001
      vertex -1.664495e+001 -1.550000e+001 -2.034923e+001
      vertex -1.625000e+001 -1.550000e+001 -2.016506e+001
    endloop
  endfacet
  facet normal  -0.000000e+000 -1.000000e+000  0.000000e+000
    outer loop
      vertex -2.000000e+001 -1.550000e+001 -2.050000e+001
      vertex -1.625000e+001 -1.550000e+001 -2.016506e+001
      vertex -1.589303e+001 -1.550000e+001 -1.991511e+001
    endloop
  endfacet
  facet normal  -0.000000e+000 -1.000000e+000  -0.000000e+000
    outer loop
      vertex -2.350000e+001 -1.550000e+001 -2.050000e+001
      vertex -2.350000e+001 -1.550000e+001 -1.025000e+001
      vertex -3.200000e+001 -1.550000e+001 -1.025000e+001
    endloop
  endfacet
  facet normal  0.000000e+000 -1.000000e+000  0.000000e+000
    outer loop
      vertex -2.350000e+001 -1.550000e+001 -2.050000e+001
      vertex -3.200000e+001 -1.550000e+001 -1.025000e+001
      vertex -3.200000e+001 -1.550000e+001 -1.800000e+001
    endloop
  endfacet
  facet normal  0.000000e+000 -1.000000e+000  0.000000e+000
    outer loop
      vertex -2.350000e+001 -1.550000e+001 -2.050000e+001
      vertex -3.200000e+001 -1.550000e+001 -1.800000e+001
      vertex -3.196202e+001 -1.550000e+001 -1.843412e+001
    endloop
  endfacet
  facet normal  0.000000e+000 -1.000000e+000  0.000000e+000
    outer loop
      vertex -2.350000e+001 -1.550000e+001 -2.050000e+001
      vertex -3.196202e+001 -1.550000e+001 -1.843412e+001
      vertex -3.184923e+001 -1.550000e+001 -1.885505e+001
    endloop
  endfacet
  facet normal  0.000000e+000 -9.999999e-001  0.000000e+000
    outer loop
      vertex -2.350000e+001 -1.550000e+001 -2.050000e+001
      vertex -3.184923e+001 -1.550000e+001 -1.885505e+001
      vertex -3.166506e+001 -1.550000e+001 -1.925000e+001
    endloop
  endfacet
  facet normal  0.000000e+000 -1.000000e+000  0.000000e+000
    outer loop
      vertex -2.350000e+001 -1.550000e+001 -2.050000e+001
      vertex -3.166506e+001 -1.550000e+001 -1.925000e+001
      vertex -3.141511e+001 -1.550000e+001 -1.960697e+001
    endloop
  endfacet
  facet normal  0.000000e+000 -1.000000e+000  0.000000e+000
    outer loop
      vertex -2.350000e+001 -1.550000e+001 -1.025000e+001
      vertex -2.150000e+001 -1.550000e+001 -1.050000e+001
      vertex -2.075000e+001 -1.550000e+001 -1.050000e+001
    endloop
  endfacet
  facet normal -1.000000e+000  0.000000e+000  0.000000e+000
    outer loop
      vertex -2.000000e+001 -1.300000e+001 -1.050000e+001
      vertex -2.000000e+001 -1.300000e+001 -1.550000e+001
      vertex -2.000000e+001 -1.425000e+001 -1.050000e+001
    endloop
  endfacet
  facet normal -1.000000e+000  0.000000e+000  0.000000e+000
    outer loop
      vertex -2.000000e+001 -1.425000e+001 -1.050000e+001
      vertex -2.000000e+001 -1.300000e+001 -1.550000e+001
      vertex -2.000000e+001 -1.425000e+001 -1.550000e+001
    endloop
  endfacet
  facet normal -1.000000e+000  0.000000e+000  0.000000e+000
    outer loop
      vertex -2.000000e+001 -1.425000e+001 -1.050000e+001
      vertex -2.000000e+001 -1.425000e+001 -1.550000e+001
      vertex -2.000000e+001 -1.550000e+001 -1.050000e+001
    endloop
  endfacet
  facet normal -1.000000e+000  0.000000e+000  0.000000e+000
    outer loop
      vertex -2.000000e+001 -1.550000e+001 -1.050000e+001
      vertex -2.000000e+001 -1.425000e+001 -1.550000e+001
      vertex -2.000000e+001 -1.550000e+001 -1.550000e+001
    endloop
  endfacet
  facet normal -1.000000e+000  0.000000e+000  0.000000e+000
    outer loop
      vertex -2.000000e+001 -1.300000e+001 -1.550000e+001
      vertex -2.000000e+001 -1.300000e+001 -2.050000e+001
      vertex -2.000000e+001 -1.425000e+001 -1.550000e+001
    endloop
  endfacet
  facet normal -1.000000e+000  0.000000e+000  0.000000e+000
    outer loop
      vertex -2.000000e+001 -1.425000e+001 -1.550000e+001
      vertex -2.000000e+001 -1.300000e+001 -2.050000e+001
      vertex -2.000000e+001 -1.425000e+001 -2.050000e+001
    endloop
  endfacet
  facet normal -1.000000e+000  0.000000e+000  0.000000e+000
    outer loop
      vertex -2.000000e+001 -1.425000e+001 -1.550000e+001
      vertex -2.000000e+001 -1.425000e+001 -2.050000e+001
      vertex -2.000000e+001 -1.550000e+001 -1.550000e+001
    endloop
  endfacet
  facet normal -1.000000e+000  0.000000e+000  0.000000e+000
    outer loop
      vertex -2.000000e+001 -1.550000e+001 -1.550000e+001
      vertex -2.000000e+001 -1.425000e+001 -2.050000e+001
      vertex -2.000000e+001 -1.550000e+001 -2.050000e+001
    endloop
  endfacet
  facet normal  -0.000000e+000  0.000000e+000 -1.000000e+000
    outer loop
      vertex -2.150000e+001 -1.300000e+001 -1.050000e+001
      vertex -2.075000e+001 -1.300000e+001 -1.050000e+001
      vertex -2.150000e+001 -1.425000e+001 -1.050000e+001
    endloop
  endfacet
  facet normal  0.000000e+000  0.000000e+000 -1.000000e+000
    outer loop
      vertex -2.150000e+001 -1.425000e+001 -1.050000e+001
      vertex -2.075000e+001 -1.300000e+001 -1.050000e+001
      vertex -2.075000e+001 -1.425000e+001 -1.050000e+001
    endloop
  endfacet
  facet normal  -0.000000e+000  0.000000e+000 -1.000000e+000
    outer loop
      vertex -2.150000e+001 -1.425000e+001 -1.050000e+001
      vertex -2.075000e+001 -1.425000e+001 -1.050000e+001
      vertex -2.150000e+001 -1.550000e+001 -1.050000e+001
    endloop
  endfacet
  facet normal  0.000000e+000  0.000000e+000 -1.000000e+000
    outer loop
      vertex -2.150000e+001 -1.550000e+001 -1.050000e+001
      vertex -2.075000e+001 -1.425000e+001 -1.050000e+001
      vertex -2.075000e+001 -1.550000e+001 -1.050000e+001
    endloop
  endfacet
  facet normal  -0.000000e+000  0.000000e+000 -1.000000e+000
    outer loop
      vertex -2.075000e+001 -1.300000e+001 -1.050000e+001
      vertex -2.000000e+001 -1.300000e+001 -1.050000e+001
      vertex -2.075000e+001 -1.425000e+001 -1.050000e+001
    endloop
  endfacet
  facet normal  0.000000e+000  0.000000e+000 -1.000000e+000
    outer loop
      vertex -2.075000e+001 -1.425000e+001 -1.050000e+001
      vertex -2.000000e+001 -1.300000e+001 -1.050000e+001
      vertex -2.000000e+001 -1.425000e+001 -1.050000e+001
    endloop
  endfacet
  facet normal  -0.000000e+000  0.000000e+000 -1.000000e+000
    outer loop
      vertex -2.075000e+001 -1.425000e+001 -1.050000e+001
      vertex -2.000000e+001 -1.425000e+001 -1.050000e+001
      vertex -2.075000e+001 -1.550000e+001 -1.050000e+001
    endloop
  endfacet
  facet normal  0.000000e+000  0.000000e+000 -1.000000e+000
    outer loop
      vertex -2.075000e+001 -1.550000e+001 -1.050000e+001
      vertex -2.000000e+001 -1.425000e+001 -1.050000e+001
      vertex -2.000000e+001 -1.550000e+001 -1.050000e+001
    endloop
  endfacet
  facet normal  1.000000e+000  0.000000e+000  0.000000e+000
    outer loop
      vertex -2.150000e+001 -1.300000e+001 -2.050000e+001
      vertex -2.150000e+001 -1.300000e+001 -1.550000e+001
      vertex -2.150000e+001 -1.425000e+001 -2.050000e+001
    endloop
  endfacet
  facet normal  1.000000e+000  0.000000e+000  0.000000e+000
    outer loop
      vertex -2.150000e+001 -1.425000e+001 -2.050000e+001
      vertex -2.150000e+001 -1.300000e+001 -1.550000e+001
      vertex -2.150000e+001 -1.425000e+001 -1.550000e+001
    endloop
  endfacet
  facet normal  1.000000e+000  0.000000e+000  0.000000e+000
    outer loop
      vertex -2.150000e+001 -1.425000e+001 -2.050000e+001
      vertex -2.150000e+001 -1.425000e+001 -1.550000e+001
      vertex -2.150000e+001 -1.550000e+001 -2.050000e+001
    endloop
  endfacet
  facet normal  1.000000e+000  0.000000e+000  0.000000e+000
    outer loop
      vertex -2.150000e+001 -1.550000e+001 -2.050000e+001
      vertex -2.150000e+001 -1.425000e+001 -1.550000e+001
      vertex -2.150000e+001 -1.550000e+001 -1.550000e+001
    endloop
  endfacet
  facet normal  1.000000e+000  0.000000e+000  0.000000e+000
    outer loop
      vertex -2.150000e+001 -1.300000e+001 -1.550000e+001
      vertex -2.150000e+001 -1.300000e+001 -1.050000e+001
      vertex -2.150000e+001 -1.425000e+001 -1.550000e+001
    endloop
  endfacet
  facet normal  1.000000e+000  0.000000e+000  0.000000e+000
    outer loop
      vertex -2.150000e+001 -1.425000e+001 -1.550000e+001
      vertex -2.150000e+001 -1.300000e+001 -1.050000e+001
      vertex -2.150000e+001 -1.425000e+001 -1.050000e+001
    endloop
  endfacet
  facet normal  1.000000e+000  0.000000e+000  0.000000e+000
    outer loop
      vertex -2.150000e+001 -1.425000e+001 -1.550000e+001
      vertex -2.150000e+001 -1.425000e+001 -1.050000e+001
      vertex -2.150000e+001 -1.550000e+001 -1.550000e+001
    endloop
  endfacet
  facet normal  1.000000e+000  0.000000e+000  0.000000e+000
    outer loop
      vertex -2.150000e+001 -1.550000e+001 -1.550000e+001
      vertex -2.150000e+001 -1.425000e+001 -1.050000e+001
      vertex -2.150000e+001 -1.550000e+001 -1.050000e+001
    endloop
  endfacet
  facet normal -1.000000e+000  0.000000e+000  0.000000e+000
    outer loop
      vertex -3.200000e+001  4.250000e+000  2.500000e+000
      vertex -3.200000e+001  4.250000e+000  0.000000e+000
      vertex -3.200000e+001  4.866011e-003  2.500000e+000
    endloop
  endfacet
  facet normal -1.000000e+000  0.000000e+000  0.000000e+000
    outer loop
      vertex -3.200000e+001  4.866011e-003  0.000000e+000
      vertex -3.200000e+001  4.866011e-003  2.500000e+000
      vertex -3.200000e+001  4.250000e+000  0.000000e+000
    endloop
  endfacet
  facet normal -1.000000e+000  -0.000000e+000  -0.000000e+000
    outer loop
      vertex -3.200000e+001 -1.300000e+001  2.500000e+000
      vertex -3.200000e+001  4.866011e-003  2.500000e+000
      vertex -3.200000e+001  4.866011e-003  0.000000e+000
    endloop
  endfacet
  facet normal -1.000000e+000  0.000000e+000  0.000000e+000
    outer loop
      vertex -3.200000e+001 -1.550000e+001 -1.025000e+001
      vertex -3.200000e+001 -1.425000e+001 -1.800000e+001
      vertex -3.200000e+001 -1.550000e+001 -1.800000e+001
    endloop
  endfacet
  facet normal -1.000000e+000  0.000000e+000  0.000000e+000
    outer loop
      vertex -3.200000e+001 -1.300000e+001  0.000000e+000
      vertex -3.200000e+001 -1.300000e+001 -7.750000e+000
      vertex -3.200000e+001 -1.550000e+001 -7.750000e+000
    endloop
  endfacet
  facet normal -1.000000e+000  0.000000e+000  0.000000e+000
    outer loop
      vertex -3.200000e+001 -1.300000e+001  0.000000e+000
      vertex -3.200000e+001 -1.550000e+001 -7.750000e+000
      vertex -3.200000e+001 -1.343412e+001  2.462019e+000
    endloop
  endfacet
  facet normal -1.000000e+000  0.000000e+000  0.000000e+000
    outer loop
      vertex -3.200000e+001 -1.300000e+001  0.000000e+000
      vertex -3.200000e+001 -1.343412e+001  2.462019e+000
      vertex -3.200000e+001 -1.300000e+001  2.500000e+000
    endloop
  endfacet
  facet normal -1.000000e+000  0.000000e+000  0.000000e+000
    outer loop
      vertex -3.200000e+001 -1.300000e+001  0.000000e+000
      vertex -3.200000e+001 -1.300000e+001  2.500000e+000
      vertex -3.200000e+001  4.866011e-003  0.000000e+000
    endloop
  endfacet
  facet normal -1.000000e+000  0.000000e+000  0.000000e+000
    outer loop
      vertex -3.200000e+001 -1.550000e+001 -7.750000e+000
      vertex -3.200000e+001 -1.550000e+001  0.000000e+000
      vertex -3.200000e+001 -1.546202e+001  4.341204e-001
    endloop
  endfacet
  facet normal -1.000000e+000  0.000000e+000  -0.000000e+000
    outer loop
      vertex -3.200000e+001 -1.550000e+001 -7.750000e+000
      vertex -3.200000e+001 -1.546202e+001  4.341204e-001
      vertex -3.200000e+001 -1.534923e+001  8.550504e-001
    endloop
  endfacet
  facet normal -1.000000e+000  0.000000e+000  -0.000000e+000
    outer loop
      vertex -3.200000e+001 -1.550000e+001 -7.750000e+000
      vertex -3.200000e+001 -1.534923e+001  8.550504e-001
      vertex -3.200000e+001 -1.516506e+001  1.250000e+000
    endloop
  endfacet
  facet normal -1.000000e+000  0.000000e+000  -0.000000e+000
    outer loop
      vertex -3.200000e+001 -1.550000e+001 -7.750000e+000
      vertex -3.200000e+001 -1.516506e+001  1.250000e+000
      vertex -3.200000e+001 -1.491511e+001  1.606969e+000
    endloop
  endfacet
  facet normal -1.000000e+000  0.000000e+000  -0.000000e+000
    outer loop
      vertex -3.200000e+001 -1.550000e+001 -7.750000e+000
      vertex -3.200000e+001 -1.491511e+001  1.606969e+000
      vertex -3.200000e+001 -1.476777e+001  1.767767e+000
    endloop
  endfacet
  facet normal -1.000000e+000  0.000000e+000  -0.000000e+000
    outer loop
      vertex -3.200000e+001 -1.550000e+001 -7.750000e+000
      vertex -3.200000e+001 -1.476777e+001  1.767767e+000
      vertex -3.200000e+001 -1.460697e+001  1.915111e+000
    endloop
  endfacet
  facet normal -9.999999e-001  0.000000e+000  -0.000000e+000
    outer loop
      vertex -3.200000e+001 -1.550000e+001 -7.750000e+000
      vertex -3.200000e+001 -1.460697e+001  1.915111e+000
      vertex -3.200000e+001 -1.425000e+001  2.165064e+000
    endloop
  endfacet
  facet normal -1.000000e+000  0.000000e+000  -0.000000e+000
    outer loop
      vertex -3.200000e+001 -1.550000e+001 -7.750000e+000
      vertex -3.200000e+001 -1.425000e+001  2.165064e+000
      vertex -3.200000e+001 -1.385505e+001  2.349231e+000
    endloop
  endfacet
  facet normal -1.000000e+000  0.000000e+000  -0.000000e+000
    outer loop
      vertex -3.200000e+001 -1.550000e+001 -7.750000e+000
      vertex -3.200000e+001 -1.385505e+001  2.349231e+000
      vertex -3.200000e+001 -1.343412e+001  2.462019e+000
    endloop
  endfacet
  facet normal -1.000000e+000  -0.000000e+000  -0.000000e+000
    outer loop
      vertex -3.200000e+001 -1.550000e+001 -7.750000e+000
      vertex -3.200000e+001 -1.300000e+001 -7.750000e+000
      vertex -3.200000e+001 -1.300000e+001 -1.025000e+001
    endloop
  endfacet
  facet normal -1.000000e+000  -0.000000e+000  -0.000000e+000
    outer loop
      vertex -3.200000e+001 -1.550000e+001 -7.750000e+000
      vertex -3.200000e+001 -1.300000e+001 -1.025000e+001
      vertex -3.200000e+001 -1.300000e+001 -1.800000e+001
    endloop
  endfacet
  facet normal -1.000000e+000  0.000000e+000  0.000000e+000
    outer loop
      vertex -3.200000e+001 -1.550000e+001 -7.750000e+000
      vertex -3.200000e+001 -1.300000e+001 -1.800000e+001
      vertex -3.200000e+001 -1.425000e+001 -1.800000e+001
    endloop
  endfacet
  facet normal -1.000000e+000  0.000000e+000  0.000000e+000
    outer loop
      vertex -3.200000e+001 -1.550000e+001 -7.750000e+000
      vertex -3.200000e+001 -1.425000e+001 -1.800000e+001
      vertex -3.200000e+001 -1.550000e+001 -1.025000e+001
    endloop
  endfacet
  facet normal -1.000000e+000  0.000000e+000  0.000000e+000
    outer loop
      vertex -3.200000e+001  2.400000e+001  2.500000e+000
      vertex -3.200000e+001  2.400000e+001  1.250000e+000
      vertex -3.200000e+001  4.250000e+000  2.500000e+000
    endloop
  endfacet
  facet normal -1.000000e+000  0.000000e+000  0.000000e+000
    outer loop
      vertex -3.200000e+001  4.250000e+000  2.500000e+000
      vertex -3.200000e+001  2.400000e+001  1.250000e+000
      vertex -3.200000e+001  2.400000e+001  0.000000e+000
    endloop
  endfacet
  facet normal -1.000000e+000  0.000000e+000  0.000000e+000
    outer loop
      vertex -3.200000e+001  4.250000e+000  2.500000e+000
      vertex -3.200000e+001  2.400000e+001  0.000000e+000
      vertex -3.200000e+001  4.250000e+000  0.000000e+000
    endloop
  endfacet
  facet normal -2.588142e-001 -4.869870e-003 -9.659149e-001
    outer loop
      vertex -2.993412e+001 -1.550000e+001 -2.046202e+001
      vertex -3.035505e+001 -1.550000e+001 -2.034923e+001
      vertex -3.027254e+001 -1.425000e+001 -2.037764e+001
    endloop
  endfacet
  facet normal -3.826823e-001  4.261814e-003 -9.238702e-001
    outer loop
      vertex -3.063498e+001 -1.425000e+001 -2.022752e+001
      vertex -3.027254e+001 -1.425000e+001 -2.037764e+001
      vertex -3.035505e+001 -1.550000e+001 -2.034923e+001
    endloop
  endfacet
  facet normal -4.226099e-001 -6.391470e-003 -9.062892e-001
    outer loop
      vertex -3.035505e+001 -1.550000e+001 -2.034923e+001
      vertex -3.075000e+001 -1.550000e+001 -2.016506e+001
      vertex -3.063498e+001 -1.425000e+001 -2.022752e+001
    endloop
  endfacet
  facet normal -5.224884e-001  5.480291e-003 -8.526288e-001
    outer loop
      vertex -3.096946e+001 -1.425000e+001 -2.002254e+001
      vertex -3.063498e+001 -1.425000e+001 -2.022752e+001
      vertex -3.075000e+001 -1.550000e+001 -2.016506e+001
    endloop
  endfacet
  facet normal -8.526288e-001  5.480291e-003 -5.224884e-001
    outer loop
      vertex -3.152254e+001 -1.425000e+001 -1.946946e+001
      vertex -3.166506e+001 -1.550000e+001 -1.925000e+001
      vertex -3.172752e+001 -1.425000e+001 -1.913498e+001
    endloop
  endfacet
  facet normal -9.062892e-001 -6.391470e-003 -4.226099e-001
    outer loop
      vertex -3.172752e+001 -1.425000e+001 -1.913498e+001
      vertex -3.166506e+001 -1.550000e+001 -1.925000e+001
      vertex -3.184923e+001 -1.550000e+001 -1.885505e+001
    endloop
  endfacet
  facet normal -9.238702e-001  4.261814e-003 -3.826823e-001
    outer loop
      vertex -3.172752e+001 -1.425000e+001 -1.913498e+001
      vertex -3.184923e+001 -1.550000e+001 -1.885505e+001
      vertex -3.187764e+001 -1.425000e+001 -1.877254e+001
    endloop
  endfacet
  facet normal -9.659149e-001 -4.869870e-003 -2.588142e-001
    outer loop
      vertex -3.187764e+001 -1.425000e+001 -1.877254e+001
      vertex -3.184923e+001 -1.550000e+001 -1.885505e+001
      vertex -3.196202e+001 -1.550000e+001 -1.843412e+001
    endloop
  endfacet
  facet normal -2.588142e-001  4.869870e-003 -9.659149e-001
    outer loop
      vertex -2.993412e+001 -1.300000e+001 -2.046202e+001
      vertex -3.027254e+001 -1.425000e+001 -2.037764e+001
      vertex -3.035505e+001 -1.300000e+001 -2.034923e+001
    endloop
  endfacet
  facet normal -3.826823e-001 -4.261814e-003 -9.238702e-001
    outer loop
      vertex -3.035505e+001 -1.300000e+001 -2.034923e+001
      vertex -3.027254e+001 -1.425000e+001 -2.037764e+001
      vertex -3.063498e+001 -1.425000e+001 -2.022752e+001
    endloop
  endfacet
  facet normal -4.226099e-001  6.391470e-003 -9.062892e-001
    outer loop
      vertex -3.035505e+001 -1.300000e+001 -2.034923e+001
      vertex -3.063498e+001 -1.425000e+001 -2.022752e+001
      vertex -3.075000e+001 -1.300000e+001 -2.016506e+001
    endloop
  endfacet
  facet normal -5.224884e-001 -5.480291e-003 -8.526288e-001
    outer loop
      vertex -3.075000e+001 -1.300000e+001 -2.016506e+001
      vertex -3.063498e+001 -1.425000e+001 -2.022752e+001
      vertex -3.096946e+001 -1.425000e+001 -2.002254e+001
    endloop
  endfacet
  facet normal -8.526288e-001 -5.480291e-003 -5.224884e-001
    outer loop
      vertex -3.152254e+001 -1.425000e+001 -1.946946e+001
      vertex -3.172752e+001 -1.425000e+001 -1.913498e+001
      vertex -3.166506e+001 -1.300000e+001 -1.925000e+001
    endloop
  endfacet
  facet normal -9.062892e-001  6.391470e-003 -4.226099e-001
    outer loop
      vertex -3.184923e+001 -1.300000e+001 -1.885505e+001
      vertex -3.166506e+001 -1.300000e+001 -1.925000e+001
      vertex -3.172752e+001 -1.425000e+001 -1.913498e+001
    endloop
  endfacet
  facet normal -9.238702e-001 -4.261814e-003 -3.826823e-001
    outer loop
      vertex -3.172752e+001 -1.425000e+001 -1.913498e+001
      vertex -3.187764e+001 -1.425000e+001 -1.877254e+001
      vertex -3.184923e+001 -1.300000e+001 -1.885505e+001
    endloop
  endfacet
  facet normal -9.659149e-001  4.869870e-003 -2.588142e-001
    outer loop
      vertex -3.196202e+001 -1.300000e+001 -1.843412e+001
      vertex -3.184923e+001 -1.300000e+001 -1.885505e+001
      vertex -3.187764e+001 -1.425000e+001 -1.877254e+001
    endloop
  endfacet
  facet normal -7.845835e-002  0.000000e+000 -9.969174e-001
    outer loop
      vertex -2.950000e+001 -1.425000e+001 -2.050000e+001
      vertex -2.950000e+001 -1.550000e+001 -2.050000e+001
      vertex -2.989109e+001 -1.425000e+001 -2.046922e+001
    endloop
  endfacet
  facet normal -8.715641e-002 -2.739248e-003 -9.961909e-001
    outer loop
      vertex -2.989109e+001 -1.425000e+001 -2.046922e+001
      vertex -2.950000e+001 -1.550000e+001 -2.050000e+001
      vertex -2.993412e+001 -1.550000e+001 -2.046202e+001
    endloop
  endfacet
  facet normal -2.334443e-001  2.434255e-003 -9.723671e-001
    outer loop
      vertex -2.989109e+001 -1.425000e+001 -2.046922e+001
      vertex -2.993412e+001 -1.550000e+001 -2.046202e+001
      vertex -3.027254e+001 -1.425000e+001 -2.037764e+001
    endloop
  endfacet
  facet normal -6.755931e-001  -0.000000e+000 -7.372746e-001
    outer loop
      vertex -3.126777e+001 -1.550000e+001 -1.976777e+001
      vertex -3.126777e+001 -1.425000e+001 -1.976777e+001
      vertex -3.110697e+001 -1.550000e+001 -1.991511e+001
    endloop
  endfacet
  facet normal -6.494370e-001  6.089529e-003 -7.603910e-001
    outer loop
      vertex -3.110697e+001 -1.550000e+001 -1.991511e+001
      vertex -3.126777e+001 -1.425000e+001 -1.976777e+001
      vertex -3.096946e+001 -1.425000e+001 -2.002254e+001
    endloop
  endfacet
  facet normal -5.735601e-001 -7.305720e-003 -8.191308e-001
    outer loop
      vertex -3.110697e+001 -1.550000e+001 -1.991511e+001
      vertex -3.096946e+001 -1.425000e+001 -2.002254e+001
      vertex -3.075000e+001 -1.550000e+001 -2.016506e+001
    endloop
  endfacet
  facet normal -7.604052e-001  0.000000e+000 -6.494491e-001
    outer loop
      vertex -3.126777e+001 -1.425000e+001 -1.976777e+001
      vertex -3.126777e+001 -1.550000e+001 -1.976777e+001
      vertex -3.152254e+001 -1.425000e+001 -1.946946e+001
    endloop
  endfacet
  facet normal -7.372304e-001  1.095293e-002 -6.755526e-001
    outer loop
      vertex -3.152254e+001 -1.425000e+001 -1.946946e+001
      vertex -3.126777e+001 -1.550000e+001 -1.976777e+001
      vertex -3.141511e+001 -1.550000e+001 -1.960697e+001
    endloop
  endfacet
  facet normal -8.191308e-001 -7.305720e-003 -5.735601e-001
    outer loop
      vertex -3.152254e+001 -1.425000e+001 -1.946946e+001
      vertex -3.141511e+001 -1.550000e+001 -1.960697e+001
      vertex -3.166506e+001 -1.550000e+001 -1.925000e+001
    endloop
  endfacet
  facet normal -9.961947e-001  -0.000000e+000 -8.715675e-002
    outer loop
      vertex -3.200000e+001 -1.550000e+001 -1.800000e+001
      vertex -3.200000e+001 -1.425000e+001 -1.800000e+001
      vertex -3.196202e+001 -1.550000e+001 -1.843412e+001
    endloop
  endfacet
  facet normal -9.969127e-001 -3.042867e-003 -7.845797e-002
    outer loop
      vertex -3.196202e+001 -1.550000e+001 -1.843412e+001
      vertex -3.200000e+001 -1.425000e+001 -1.800000e+001
      vertex -3.196922e+001 -1.425000e+001 -1.839109e+001
    endloop
  endfacet
  facet normal -9.723671e-001  2.434255e-003 -2.334443e-001
    outer loop
      vertex -3.196202e+001 -1.550000e+001 -1.843412e+001
      vertex -3.196922e+001 -1.425000e+001 -1.839109e+001
      vertex -3.187764e+001 -1.425000e+001 -1.877254e+001
    endloop
  endfacet
  facet normal -8.715675e-002  0.000000e+000 -9.961947e-001
    outer loop
      vertex -2.950000e+001 -1.300000e+001 -2.050000e+001
      vertex -2.950000e+001 -1.425000e+001 -2.050000e+001
      vertex -2.993412e+001 -1.300000e+001 -2.046202e+001
    endloop
  endfacet
  facet normal -7.845797e-002  3.042867e-003 -9.969127e-001
    outer loop
      vertex -2.993412e+001 -1.300000e+001 -2.046202e+001
      vertex -2.950000e+001 -1.425000e+001 -2.050000e+001
      vertex -2.989109e+001 -1.425000e+001 -2.046922e+001
    endloop
  endfacet
  facet normal -2.334443e-001 -2.434255e-003 -9.723671e-001
    outer loop
      vertex -2.993412e+001 -1.300000e+001 -2.046202e+001
      vertex -2.989109e+001 -1.425000e+001 -2.046922e+001
      vertex -3.027254e+001 -1.425000e+001 -2.037764e+001
    endloop
  endfacet
  facet normal -6.494491e-001  -0.000000e+000 -7.604052e-001
    outer loop
      vertex -3.126777e+001 -1.425000e+001 -1.976777e+001
      vertex -3.126777e+001 -1.300000e+001 -1.976777e+001
      vertex -3.096946e+001 -1.425000e+001 -2.002254e+001
    endloop
  endfacet
  facet normal -6.755526e-001 -1.095293e-002 -7.372304e-001
    outer loop
      vertex -3.096946e+001 -1.425000e+001 -2.002254e+001
      vertex -3.126777e+001 -1.300000e+001 -1.976777e+001
      vertex -3.110697e+001 -1.300000e+001 -1.991511e+001
    endloop
  endfacet
  facet normal -5.735601e-001  7.305720e-003 -8.191308e-001
    outer loop
      vertex -3.096946e+001 -1.425000e+001 -2.002254e+001
      vertex -3.110697e+001 -1.300000e+001 -1.991511e+001
      vertex -3.075000e+001 -1.300000e+001 -2.016506e+001
    endloop
  endfacet
  facet normal -7.372746e-001  0.000000e+000 -6.755931e-001
    outer loop
      vertex -3.126777e+001 -1.300000e+001 -1.976777e+001
      vertex -3.126777e+001 -1.425000e+001 -1.976777e+001
      vertex -3.141511e+001 -1.300000e+001 -1.960697e+001
    endloop
  endfacet
  facet normal -7.603910e-001 -6.089529e-003 -6.494370e-001
    outer loop
      vertex -3.141511e+001 -1.300000e+001 -1.960697e+001
      vertex -3.126777e+001 -1.425000e+001 -1.976777e+001
      vertex -3.152254e+001 -1.425000e+001 -1.946946e+001
    endloop
  endfacet
  facet normal -8.191308e-001  7.305720e-003 -5.735601e-001
    outer loop
      vertex -3.141511e+001 -1.300000e+001 -1.960697e+001
      vertex -3.152254e+001 -1.425000e+001 -1.946946e+001
      vertex -3.166506e+001 -1.300000e+001 -1.925000e+001
    endloop
  endfacet
  facet normal -9.969174e-001  -0.000000e+000 -7.845835e-002
    outer loop
      vertex -3.200000e+001 -1.425000e+001 -1.800000e+001
      vertex -3.200000e+001 -1.300000e+001 -1.800000e+001
      vertex -3.196922e+001 -1.425000e+001 -1.839109e+001
    endloop
  endfacet
  facet normal -9.961909e-001  2.739248e-003 -8.715641e-002
    outer loop
      vertex -3.196922e+001 -1.425000e+001 -1.839109e+001
      vertex -3.200000e+001 -1.300000e+001 -1.800000e+001
      vertex -3.196202e+001 -1.300000e+001 -1.843412e+001
    endloop
  endfacet
  facet normal -9.723671e-001 -2.434255e-003 -2.334443e-001
    outer loop
      vertex -3.196922e+001 -1.425000e+001 -1.839109e+001
      vertex -3.196202e+001 -1.300000e+001 -1.843412e+001
      vertex -3.187764e+001 -1.425000e+001 -1.877254e+001
    endloop
  endfacet
  facet normal  1.000000e+000  0.000000e+000  0.000000e+000
    outer loop
      vertex -1.500000e+001 -1.300000e+001 -3.108624e-015
      vertex -1.500000e+001 -1.425000e+001 -7.750000e+000
      vertex -1.500000e+001 -1.300000e+001 -7.750000e+000
    endloop
  endfacet
  facet normal  1.000000e+000  0.000000e+000  0.000000e+000
    outer loop
      vertex -1.500000e+001 -1.550000e+001 -3.108624e-015
      vertex -1.500000e+001 -1.550000e+001 -7.750000e+000
      vertex -1.500000e+001 -1.425000e+001 -7.750000e+000
    endloop
  endfacet
  facet normal  9.999999e-001  0.000000e+000  -0.000000e+000
    outer loop
      vertex -1.500000e+001 -1.550000e+001 -3.108624e-015
      vertex -1.500000e+001 -1.425000e+001 -7.750000e+000
      vertex -1.500000e+001 -1.425000e+001  2.165064e+000
    endloop
  endfacet
  facet normal  9.999999e-001  0.000000e+000  0.000000e+000
    outer loop
      vertex -1.500000e+001 -1.550000e+001 -3.108624e-015
      vertex -1.500000e+001 -1.425000e+001  2.165064e+000
      vertex -1.500000e+001 -1.460697e+001  1.915111e+000
    endloop
  endfacet
  facet normal  9.999999e-001  0.000000e+000  0.000000e+000
    outer loop
      vertex -1.500000e+001 -1.550000e+001 -3.108624e-015
      vertex -1.500000e+001 -1.460697e+001  1.915111e+000
      vertex -1.500000e+001 -1.476777e+001  1.767767e+000
    endloop
  endfacet
  facet normal  1.000000e+000  0.000000e+000  0.000000e+000
    outer loop
      vertex -1.500000e+001 -1.550000e+001 -3.108624e-015
      vertex -1.500000e+001 -1.476777e+001  1.767767e+000
      vertex -1.500000e+001 -1.491511e+001  1.606969e+000
    endloop
  endfacet
  facet normal  1.000000e+000  0.000000e+000  0.000000e+000
    outer loop
      vertex -1.500000e+001 -1.550000e+001 -3.108624e-015
      vertex -1.500000e+001 -1.491511e+001  1.606969e+000
      vertex -1.500000e+001 -1.516506e+001  1.250000e+000
    endloop
  endfacet
  facet normal  1.000000e+000  0.000000e+000  0.000000e+000
    outer loop
      vertex -1.500000e+001 -1.550000e+001 -3.108624e-015
      vertex -1.500000e+001 -1.516506e+001  1.250000e+000
      vertex -1.500000e+001 -1.534923e+001  8.550504e-001
    endloop
  endfacet
  facet normal  1.000000e+000  0.000000e+000  0.000000e+000
    outer loop
      vertex -1.500000e+001 -1.550000e+001 -3.108624e-015
      vertex -1.500000e+001 -1.534923e+001  8.550504e-001
      vertex -1.500000e+001 -1.546202e+001  4.341204e-001
    endloop
  endfacet
  facet normal  1.000000e+000  -0.000000e+000  0.000000e+000
    outer loop
      vertex -1.500000e+001 -1.425000e+001 -7.750000e+000
      vertex -1.500000e+001 -1.550000e+001 -7.750000e+000
      vertex -1.500000e+001 -1.425000e+001 -1.800000e+001
    endloop
  endfacet
  facet normal  1.000000e+000  0.000000e+000  0.000000e+000
    outer loop
      vertex -1.500000e+001 -1.425000e+001 -1.800000e+001
      vertex -1.500000e+001 -1.550000e+001 -7.750000e+000
      vertex -1.500000e+001 -1.550000e+001 -1.025000e+001
    endloop
  endfacet
  facet normal  1.000000e+000  0.000000e+000  0.000000e+000
    outer loop
      vertex -1.500000e+001 -1.425000e+001 -1.800000e+001
      vertex -1.500000e+001 -1.550000e+001 -1.025000e+001
      vertex -1.500000e+001 -1.550000e+001 -1.800000e+001
    endloop
  endfacet
  facet normal  1.000000e+000  0.000000e+000  0.000000e+000
    outer loop
      vertex -1.500000e+001 -1.343412e+001  2.462019e+000
      vertex -1.500000e+001 -1.385505e+001  2.349231e+000
      vertex -1.500000e+001 -1.300000e+001  2.500000e+000
    endloop
  endfacet
  facet normal  1.000000e+000  0.000000e+000  0.000000e+000
    outer loop
      vertex -1.500000e+001 -1.300000e+001  2.500000e+000
      vertex -1.500000e+001 -1.385505e+001  2.349231e+000
      vertex -1.500000e+001 -1.425000e+001  2.165064e+000
    endloop
  endfacet
  facet normal  1.000000e+000  -0.000000e+000  0.000000e+000
    outer loop
      vertex -1.500000e+001 -1.300000e+001  2.500000e+000
      vertex -1.500000e+001 -1.425000e+001  2.165064e+000
      vertex -1.500000e+001 -1.300000e+001  1.250000e+000
    endloop
  endfacet
  facet normal  9.999999e-001  0.000000e+000  0.000000e+000
    outer loop
      vertex -1.500000e+001 -1.300000e+001  1.250000e+000
      vertex -1.500000e+001 -1.425000e+001  2.165064e+000
      vertex -1.500000e+001 -1.425000e+001 -7.750000e+000
    endloop
  endfacet
  facet normal  1.000000e+000  0.000000e+000  0.000000e+000
    outer loop
      vertex -1.500000e+001 -1.300000e+001  1.250000e+000
      vertex -1.500000e+001 -1.425000e+001 -7.750000e+000
      vertex -1.500000e+001 -1.300000e+001 -3.108624e-015
    endloop
  endfacet
  facet normal  1.000000e+000  -0.000000e+000  0.000000e+000
    outer loop
      vertex -1.500000e+001 -1.300000e+001 -7.750000e+000
      vertex -1.500000e+001 -1.425000e+001 -7.750000e+000
      vertex -1.500000e+001 -1.300000e+001 -1.025000e+001
    endloop
  endfacet
  facet normal  1.000000e+000  0.000000e+000  0.000000e+000
    outer loop
      vertex -1.500000e+001 -1.300000e+001 -1.025000e+001
      vertex -1.500000e+001 -1.425000e+001 -7.750000e+000
      vertex -1.500000e+001 -1.425000e+001 -1.800000e+001
    endloop
  endfacet
  facet normal  1.000000e+000  0.000000e+000  0.000000e+000
    outer loop
      vertex -1.500000e+001 -1.300000e+001 -1.025000e+001
      vertex -1.500000e+001 -1.425000e+001 -1.800000e+001
      vertex -1.500000e+001 -1.300000e+001 -1.800000e+001
    endloop
  endfacet
  facet normal  9.659149e-001 -4.869870e-003 -2.588142e-001
    outer loop
      vertex -1.503798e+001 -1.550000e+001 -1.843412e+001
      vertex -1.515077e+001 -1.550000e+001 -1.885505e+001
      vertex -1.512236e+001 -1.425000e+001 -1.877254e+001
    endloop
  endfacet
  facet normal  9.238702e-001  4.261814e-003 -3.826823e-001
    outer loop
      vertex -1.527248e+001 -1.425000e+001 -1.913498e+001
      vertex -1.512236e+001 -1.425000e+001 -1.877254e+001
      vertex -1.515077e+001 -1.550000e+001 -1.885505e+001
    endloop
  endfacet
  facet normal  9.062892e-001 -6.391470e-003 -4.226099e-001
    outer loop
      vertex -1.515077e+001 -1.550000e+001 -1.885505e+001
      vertex -1.533494e+001 -1.550000e+001 -1.925000e+001
      vertex -1.527248e+001 -1.425000e+001 -1.913498e+001
    endloop
  endfacet
  facet normal  8.526288e-001  5.480291e-003 -5.224884e-001
    outer loop
      vertex -1.547746e+001 -1.425000e+001 -1.946946e+001
      vertex -1.527248e+001 -1.425000e+001 -1.913498e+001
      vertex -1.533494e+001 -1.550000e+001 -1.925000e+001
    endloop
  endfacet
  facet normal  5.224884e-001  5.480291e-003 -8.526288e-001
    outer loop
      vertex -1.603054e+001 -1.425000e+001 -2.002254e+001
      vertex -1.625000e+001 -1.550000e+001 -2.016506e+001
      vertex -1.636502e+001 -1.425000e+001 -2.022752e+001
    endloop
  endfacet
  facet normal  4.226099e-001 -6.391470e-003 -9.062892e-001
    outer loop
      vertex -1.636502e+001 -1.425000e+001 -2.022752e+001
      vertex -1.625000e+001 -1.550000e+001 -2.016506e+001
      vertex -1.664495e+001 -1.550000e+001 -2.034923e+001
    endloop
  endfacet
  facet normal  3.826823e-001  4.261814e-003 -9.238702e-001
    outer loop
      vertex -1.636502e+001 -1.425000e+001 -2.022752e+001
      vertex -1.664495e+001 -1.550000e+001 -2.034923e+001
      vertex -1.672746e+001 -1.425000e+001 -2.037764e+001
    endloop
  endfacet
  facet normal  2.588142e-001 -4.869870e-003 -9.659149e-001
    outer loop
      vertex -1.672746e+001 -1.425000e+001 -2.037764e+001
      vertex -1.664495e+001 -1.550000e+001 -2.034923e+001
      vertex -1.706588e+001 -1.550000e+001 -2.046202e+001
    endloop
  endfacet
  facet normal  9.659149e-001  4.869870e-003 -2.588142e-001
    outer loop
      vertex -1.503798e+001 -1.300000e+001 -1.843412e+001
      vertex -1.512236e+001 -1.425000e+001 -1.877254e+001
      vertex -1.515077e+001 -1.300000e+001 -1.885505e+001
    endloop
  endfacet
  facet normal  9.238702e-001 -4.261814e-003 -3.826823e-001
    outer loop
      vertex -1.515077e+001 -1.300000e+001 -1.885505e+001
      vertex -1.512236e+001 -1.425000e+001 -1.877254e+001
      vertex -1.527248e+001 -1.425000e+001 -1.913498e+001
    endloop
  endfacet
  facet normal  9.062892e-001  6.391470e-003 -4.226099e-001
    outer loop
      vertex -1.515077e+001 -1.300000e+001 -1.885505e+001
      vertex -1.527248e+001 -1.425000e+001 -1.913498e+001
      vertex -1.533494e+001 -1.300000e+001 -1.925000e+001
    endloop
  endfacet
  facet normal  8.526288e-001 -5.480291e-003 -5.224884e-001
    outer loop
      vertex -1.533494e+001 -1.300000e+001 -1.925000e+001
      vertex -1.527248e+001 -1.425000e+001 -1.913498e+001
      vertex -1.547746e+001 -1.425000e+001 -1.946946e+001
    endloop
  endfacet
  facet normal  5.224884e-001 -5.480291e-003 -8.526288e-001
    outer loop
      vertex -1.603054e+001 -1.425000e+001 -2.002254e+001
      vertex -1.636502e+001 -1.425000e+001 -2.022752e+001
      vertex -1.625000e+001 -1.300000e+001 -2.016506e+001
    endloop
  endfacet
  facet normal  4.226099e-001  6.391470e-003 -9.062892e-001
    outer loop
      vertex -1.664495e+001 -1.300000e+001 -2.034923e+001
      vertex -1.625000e+001 -1.300000e+001 -2.016506e+001
      vertex -1.636502e+001 -1.425000e+001 -2.022752e+001
    endloop
  endfacet
  facet normal  3.826823e-001 -4.261814e-003 -9.238702e-001
    outer loop
      vertex -1.636502e+001 -1.425000e+001 -2.022752e+001
      vertex -1.672746e+001 -1.425000e+001 -2.037764e+001
      vertex -1.664495e+001 -1.300000e+001 -2.034923e+001
    endloop
  endfacet
  facet normal  2.588142e-001  4.869870e-003 -9.659149e-001
    outer loop
      vertex -1.706588e+001 -1.300000e+001 -2.046202e+001
      vertex -1.664495e+001 -1.300000e+001 -2.034923e+001
      vertex -1.672746e+001 -1.425000e+001 -2.037764e+001
    endloop
  endfacet
  facet normal  9.969174e-001  0.000000e+000 -7.845835e-002
    outer loop
      vertex -1.500000e+001 -1.425000e+001 -1.800000e+001
      vertex -1.500000e+001 -1.550000e+001 -1.800000e+001
      vertex -1.503078e+001 -1.425000e+001 -1.839109e+001
    endloop
  endfacet
  facet normal  9.961909e-001 -2.739248e-003 -8.715641e-002
    outer loop
      vertex -1.503078e+001 -1.425000e+001 -1.839109e+001
      vertex -1.500000e+001 -1.550000e+001 -1.800000e+001
      vertex -1.503798e+001 -1.550000e+001 -1.843412e+001
    endloop
  endfacet
  facet normal  9.723671e-001  2.434255e-003 -2.334443e-001
    outer loop
      vertex -1.503078e+001 -1.425000e+001 -1.839109e+001
      vertex -1.503798e+001 -1.550000e+001 -1.843412e+001
      vertex -1.512236e+001 -1.425000e+001 -1.877254e+001
    endloop
  endfacet
  facet normal  7.372746e-001  0.000000e+000 -6.755931e-001
    outer loop
      vertex -1.573223e+001 -1.550000e+001 -1.976777e+001
      vertex -1.573223e+001 -1.425000e+001 -1.976777e+001
      vertex -1.558489e+001 -1.550000e+001 -1.960697e+001
    endloop
  endfacet
  facet normal  7.603910e-001  6.089529e-003 -6.494370e-001
    outer loop
      vertex -1.558489e+001 -1.550000e+001 -1.960697e+001
      vertex -1.573223e+001 -1.425000e+001 -1.976777e+001
      vertex -1.547746e+001 -1.425000e+001 -1.946946e+001
    endloop
  endfacet
  facet normal  8.191308e-001 -7.305720e-003 -5.735601e-001
    outer loop
      vertex -1.558489e+001 -1.550000e+001 -1.960697e+001
      vertex -1.547746e+001 -1.425000e+001 -1.946946e+001
      vertex -1.533494e+001 -1.550000e+001 -1.925000e+001
    endloop
  endfacet
  facet normal  6.494491e-001  0.000000e+000 -7.604052e-001
    outer loop
      vertex -1.573223e+001 -1.425000e+001 -1.976777e+001
      vertex -1.573223e+001 -1.550000e+001 -1.976777e+001
      vertex -1.603054e+001 -1.425000e+001 -2.002254e+001
    endloop
  endfacet
  facet normal  6.755505e-001  1.095200e-002 -7.372324e-001
    outer loop
      vertex -1.603054e+001 -1.425000e+001 -2.002254e+001
      vertex -1.573223e+001 -1.550000e+001 -1.976777e+001
      vertex -1.589303e+001 -1.550000e+001 -1.991511e+001
    endloop
  endfacet
  facet normal  5.735611e-001 -7.305983e-003 -8.191301e-001
    outer loop
      vertex -1.603054e+001 -1.425000e+001 -2.002254e+001
      vertex -1.589303e+001 -1.550000e+001 -1.991511e+001
      vertex -1.625000e+001 -1.550000e+001 -2.016506e+001
    endloop
  endfacet
  facet normal  8.715675e-002  0.000000e+000 -9.961947e-001
    outer loop
      vertex -1.750000e+001 -1.550000e+001 -2.050000e+001
      vertex -1.750000e+001 -1.425000e+001 -2.050000e+001
      vertex -1.706588e+001 -1.550000e+001 -2.046202e+001
    endloop
  endfacet
  facet normal  7.845797e-002 -3.042867e-003 -9.969127e-001
    outer loop
      vertex -1.706588e+001 -1.550000e+001 -2.046202e+001
      vertex -1.750000e+001 -1.425000e+001 -2.050000e+001
      vertex -1.710891e+001 -1.425000e+001 -2.046922e+001
    endloop
  endfacet
  facet normal  2.334443e-001  2.434255e-003 -9.723671e-001
    outer loop
      vertex -1.706588e+001 -1.550000e+001 -2.046202e+001
      vertex -1.710891e+001 -1.425000e+001 -2.046922e+001
      vertex -1.672746e+001 -1.425000e+001 -2.037764e+001
    endloop
  endfacet
  facet normal  9.961947e-001  0.000000e+000 -8.715675e-002
    outer loop
      vertex -1.500000e+001 -1.300000e+001 -1.800000e+001
      vertex -1.500000e+001 -1.425000e+001 -1.800000e+001
      vertex -1.503798e+001 -1.300000e+001 -1.843412e+001
    endloop
  endfacet
  facet normal  9.969127e-001  3.042867e-003 -7.845797e-002
    outer loop
      vertex -1.503798e+001 -1.300000e+001 -1.843412e+001
      vertex -1.500000e+001 -1.425000e+001 -1.800000e+001
      vertex -1.503078e+001 -1.425000e+001 -1.839109e+001
    endloop
  endfacet
  facet normal  9.723671e-001 -2.434255e-003 -2.334443e-001
    outer loop
      vertex -1.503798e+001 -1.300000e+001 -1.843412e+001
      vertex -1.503078e+001 -1.425000e+001 -1.839109e+001
      vertex -1.512236e+001 -1.425000e+001 -1.877254e+001
    endloop
  endfacet
  facet normal  7.604052e-001  0.000000e+000 -6.494491e-001
    outer loop
      vertex -1.573223e+001 -1.425000e+001 -1.976777e+001
      vertex -1.573223e+001 -1.300000e+001 -1.976777e+001
      vertex -1.547746e+001 -1.425000e+001 -1.946946e+001
    endloop
  endfacet
  facet normal  7.372304e-001 -1.095293e-002 -6.755526e-001
    outer loop
      vertex -1.547746e+001 -1.425000e+001 -1.946946e+001
      vertex -1.573223e+001 -1.300000e+001 -1.976777e+001
      vertex -1.558489e+001 -1.300000e+001 -1.960697e+001
    endloop
  endfacet
  facet normal  8.191308e-001  7.305720e-003 -5.735601e-001
    outer loop
      vertex -1.547746e+001 -1.425000e+001 -1.946946e+001
      vertex -1.558489e+001 -1.300000e+001 -1.960697e+001
      vertex -1.533494e+001 -1.300000e+001 -1.925000e+001
    endloop
  endfacet
  facet normal  6.755910e-001  0.000000e+000 -7.372767e-001
    outer loop
      vertex -1.573223e+001 -1.300000e+001 -1.976777e+001
      vertex -1.573223e+001 -1.425000e+001 -1.976777e+001
      vertex -1.589303e+001 -1.300000e+001 -1.991511e+001
    endloop
  endfacet
  facet normal  6.494370e-001 -6.089034e-003 -7.603910e-001
    outer loop
      vertex -1.589303e+001 -1.300000e+001 -1.991511e+001
      vertex -1.573223e+001 -1.425000e+001 -1.976777e+001
      vertex -1.603054e+001 -1.425000e+001 -2.002254e+001
    endloop
  endfacet
  facet normal  5.735611e-001  7.305983e-003 -8.191301e-001
    outer loop
      vertex -1.589303e+001 -1.300000e+001 -1.991511e+001
      vertex -1.603054e+001 -1.425000e+001 -2.002254e+001
      vertex -1.625000e+001 -1.300000e+001 -2.016506e+001
    endloop
  endfacet
  facet normal  7.845835e-002  0.000000e+000 -9.969174e-001
    outer loop
      vertex -1.750000e+001 -1.425000e+001 -2.050000e+001
      vertex -1.750000e+001 -1.300000e+001 -2.050000e+001
      vertex -1.710891e+001 -1.425000e+001 -2.046922e+001
    endloop
  endfacet
  facet normal  8.715641e-002  2.739248e-003 -9.961909e-001
    outer loop
      vertex -1.710891e+001 -1.425000e+001 -2.046922e+001
      vertex -1.750000e+001 -1.300000e+001 -2.050000e+001
      vertex -1.706588e+001 -1.300000e+001 -2.046202e+001
    endloop
  endfacet
  facet normal  2.334443e-001 -2.434255e-003 -9.723671e-001
    outer loop
      vertex -1.710891e+001 -1.425000e+001 -2.046922e+001
      vertex -1.706588e+001 -1.300000e+001 -2.046202e+001
      vertex -1.672746e+001 -1.425000e+001 -2.037764e+001
    endloop
  endfacet
  facet normal  1.000000e+000  -0.000000e+000  0.000000e+000
    outer loop
      vertex  3.200000e+001 -1.550000e+001 -7.750000e+000
      vertex  3.200000e+001 -1.550000e+001 -1.025000e+001
      vertex  3.200000e+001 -1.425000e+001 -1.800000e+001
    endloop
  endfacet
  facet normal  1.000000e+000  0.000000e+000  0.000000e+000
    outer loop
      vertex  3.200000e+001 -1.300000e+001 -1.800000e+001
      vertex  3.200000e+001 -1.300000e+001 -1.025000e+001
      vertex  3.200000e+001 -1.425000e+001 -1.800000e+001
    endloop
  endfacet
  facet normal  1.000000e+000  0.000000e+000  0.000000e+000
    outer loop
      vertex  3.200000e+001 -1.300000e+001 -7.750000e+000
      vertex  3.200000e+001 -1.425000e+001 -1.800000e+001
      vertex  3.200000e+001 -1.300000e+001 -1.025000e+001
    endloop
  endfacet
  facet normal  1.000000e+000  0.000000e+000  -0.000000e+000
    outer loop
      vertex  3.200000e+001 -1.550000e+001 -7.750000e+000
      vertex  3.200000e+001 -1.425000e+001 -1.800000e+001
      vertex  3.200000e+001 -1.300000e+001 -7.750000e+000
    endloop
  endfacet
  facet normal  1.000000e+000  0.000000e+000  0.000000e+000
    outer loop
      vertex  3.200000e+001 -1.550000e+001 -1.800000e+001
      vertex  3.200000e+001 -1.425000e+001 -1.800000e+001
      vertex  3.200000e+001 -1.550000e+001 -1.025000e+001
    endloop
  endfacet
  facet normal  1.000000e+000  -0.000000e+000  0.000000e+000
    outer loop
      vertex  3.200000e+001  4.250000e+000  2.500000e+000
      vertex  3.200000e+001  4.866011e-003  2.500000e+000
      vertex  3.200000e+001  4.866011e-003  0.000000e+000
    endloop
  endfacet
  facet normal  1.000000e+000  0.000000e+000  0.000000e+000
    outer loop
      vertex  3.200000e+001  4.250000e+000  0.000000e+000
      vertex  3.200000e+001  4.250000e+000  2.500000e+000
      vertex  3.200000e+001  4.866011e-003  0.000000e+000
    endloop
  endfacet
  facet normal  1.000000e+000  0.000000e+000  -0.000000e+000
    outer loop
      vertex  3.200000e+001 -1.300000e+001  2.500000e+000
      vertex  3.200000e+001  4.866011e-003  0.000000e+000
      vertex  3.200000e+001  4.866011e-003  2.500000e+000
    endloop
  endfacet
  facet normal  1.000000e+000  0.000000e+000  0.000000e+000
    outer loop
      vertex  3.200000e+001 -1.300000e+001  0.000000e+000
      vertex  3.200000e+001  4.866011e-003  0.000000e+000
      vertex  3.200000e+001 -1.300000e+001  2.500000e+000
    endloop
  endfacet
  facet normal  1.000000e+000  -0.000000e+000  0.000000e+000
    outer loop
      vertex  3.200000e+001  2.400000e+001  2.500000e+000
      vertex  3.200000e+001  4.250000e+000  2.500000e+000
      vertex  3.200000e+001  2.400000e+001  1.250000e+000
    endloop
  endfacet
  facet normal  1.000000e+000  0.000000e+000  0.000000e+000
    outer loop
      vertex  3.200000e+001  4.250000e+000  0.000000e+000
      vertex  3.200000e+001  2.400000e+001  1.250000e+000
      vertex  3.200000e+001  4.250000e+000  2.500000e+000
    endloop
  endfacet
  facet normal  1.000000e+000  0.000000e+000  0.000000e+000
    outer loop
      vertex  3.200000e+001  2.400000e+001  0.000000e+000
      vertex  3.200000e+001  2.400000e+001  1.250000e+000
      vertex  3.200000e+001  4.250000e+000  0.000000e+000
    endloop
  endfacet
  facet normal  1.000000e+000  0.000000e+000  0.000000e+000
    outer loop
      vertex  3.200000e+001 -1.491511e+001  1.606969e+000
      vertex  3.200000e+001 -1.300000e+001 -7.750000e+000
      vertex  3.200000e+001 -1.476777e+001  1.767767e+000
    endloop
  endfacet
  facet normal  1.000000e+000  -0.000000e+000  0.000000e+000
    outer loop
      vertex  3.200000e+001 -1.460697e+001  1.915111e+000
      vertex  3.200000e+001 -1.476777e+001  1.767767e+000
      vertex  3.200000e+001 -1.300000e+001 -7.750000e+000
    endloop
  endfacet
  facet normal  1.000000e+000  0.000000e+000  0.000000e+000
    outer loop
      vertex  3.200000e+001 -1.300000e+001 -7.750000e+000
      vertex  3.200000e+001 -1.300000e+001  0.000000e+000
      vertex  3.200000e+001 -1.343412e+001  2.462019e+000
    endloop
  endfacet
  facet normal  1.000000e+000  0.000000e+000  0.000000e+000
    outer loop
      vertex  3.200000e+001 -1.300000e+001 -7.750000e+000
      vertex  3.200000e+001 -1.343412e+001  2.462019e+000
      vertex  3.200000e+001 -1.385505e+001  2.349231e+000
    endloop
  endfacet
  facet normal  1.000000e+000  0.000000e+000  0.000000e+000
    outer loop
      vertex  3.200000e+001 -1.300000e+001 -7.750000e+000
      vertex  3.200000e+001 -1.385505e+001  2.349231e+000
      vertex  3.200000e+001 -1.425000e+001  2.165064e+000
    endloop
  endfacet
  facet normal  9.999999e-001  0.000000e+000  0.000000e+000
    outer loop
      vertex  3.200000e+001 -1.300000e+001 -7.750000e+000
      vertex  3.200000e+001 -1.425000e+001  2.165064e+000
      vertex  3.200000e+001 -1.460697e+001  1.915111e+000
    endloop
  endfacet
  facet normal  1.000000e+000  0.000000e+000  0.000000e+000
    outer loop
      vertex  3.200000e+001 -1.300000e+001 -7.750000e+000
      vertex  3.200000e+001 -1.491511e+001  1.606969e+000
      vertex  3.200000e+001 -1.516506e+001  1.250000e+000
    endloop
  endfacet
  facet normal  9.999999e-001  0.000000e+000  0.000000e+000
    outer loop
      vertex  3.200000e+001 -1.300000e+001 -7.750000e+000
      vertex  3.200000e+001 -1.516506e+001  1.250000e+000
      vertex  3.200000e+001 -1.534923e+001  8.550504e-001
    endloop
  endfacet
  facet normal  1.000000e+000  0.000000e+000  0.000000e+000
    outer loop
      vertex  3.200000e+001 -1.300000e+001 -7.750000e+000
      vertex  3.200000e+001 -1.534923e+001  8.550504e-001
      vertex  3.200000e+001 -1.546202e+001  4.341204e-001
    endloop
  endfacet
  facet normal  1.000000e+000  0.000000e+000  0.000000e+000
    outer loop
      vertex  3.200000e+001 -1.300000e+001 -7.750000e+000
      vertex  3.200000e+001 -1.546202e+001  4.341204e-001
      vertex  3.200000e+001 -1.550000e+001  1.776357e-015
    endloop
  endfacet
  facet normal  1.000000e+000  0.000000e+000  0.000000e+000
    outer loop
      vertex  3.200000e+001 -1.300000e+001 -7.750000e+000
      vertex  3.200000e+001 -1.550000e+001  1.776357e-015
      vertex  3.200000e+001 -1.550000e+001 -7.750000e+000
    endloop
  endfacet
  facet normal  1.000000e+000  0.000000e+000  -0.000000e+000
    outer loop
      vertex  3.200000e+001 -1.343412e+001  2.462019e+000
      vertex  3.200000e+001 -1.300000e+001  0.000000e+000
      vertex  3.200000e+001 -1.300000e+001  2.500000e+000
    endloop
  endfacet
  facet normal  9.659149e-001 -4.869870e-003 -2.588142e-001
    outer loop
      vertex  3.196202e+001 -1.550000e+001 -1.843412e+001
      vertex  3.184923e+001 -1.550000e+001 -1.885505e+001
      vertex  3.187764e+001 -1.425000e+001 -1.877254e+001
    endloop
  endfacet
  facet normal  9.238702e-001  4.261814e-003 -3.826823e-001
    outer loop
      vertex  3.172752e+001 -1.425000e+001 -1.913498e+001
      vertex  3.187764e+001 -1.425000e+001 -1.877254e+001
      vertex  3.184923e+001 -1.550000e+001 -1.885505e+001
    endloop
  endfacet
  facet normal  9.062892e-001 -6.391470e-003 -4.226099e-001
    outer loop
      vertex  3.184923e+001 -1.550000e+001 -1.885505e+001
      vertex  3.166506e+001 -1.550000e+001 -1.925000e+001
      vertex  3.172752e+001 -1.425000e+001 -1.913498e+001
    endloop
  endfacet
  facet normal  8.526288e-001  5.480291e-003 -5.224884e-001
    outer loop
      vertex  3.152254e+001 -1.425000e+001 -1.946946e+001
      vertex  3.172752e+001 -1.425000e+001 -1.913498e+001
      vertex  3.166506e+001 -1.550000e+001 -1.925000e+001
    endloop
  endfacet
  facet normal  5.224884e-001  5.480291e-003 -8.526288e-001
    outer loop
      vertex  3.096946e+001 -1.425000e+001 -2.002254e+001
      vertex  3.075000e+001 -1.550000e+001 -2.016506e+001
      vertex  3.063498e+001 -1.425000e+001 -2.022752e+001
    endloop
  endfacet
  facet normal  4.226099e-001 -6.391470e-003 -9.062892e-001
    outer loop
      vertex  3.063498e+001 -1.425000e+001 -2.022752e+001
      vertex  3.075000e+001 -1.550000e+001 -2.016506e+001
      vertex  3.035505e+001 -1.550000e+001 -2.034923e+001
    endloop
  endfacet
  facet normal  3.826823e-001  4.261814e-003 -9.238702e-001
    outer loop
      vertex  3.063498e+001 -1.425000e+001 -2.022752e+001
      vertex  3.035505e+001 -1.550000e+001 -2.034923e+001
      vertex  3.027254e+001 -1.425000e+001 -2.037764e+001
    endloop
  endfacet
  facet normal  2.588142e-001 -4.869870e-003 -9.659149e-001
    outer loop
      vertex  3.027254e+001 -1.425000e+001 -2.037764e+001
      vertex  3.035505e+001 -1.550000e+001 -2.034923e+001
      vertex  2.993412e+001 -1.550000e+001 -2.046202e+001
    endloop
  endfacet
  facet normal  9.659149e-001  4.869870e-003 -2.588142e-001
    outer loop
      vertex  3.196202e+001 -1.300000e+001 -1.843412e+001
      vertex  3.187764e+001 -1.425000e+001 -1.877254e+001
      vertex  3.184923e+001 -1.300000e+001 -1.885505e+001
    endloop
  endfacet
  facet normal  9.238702e-001 -4.261814e-003 -3.826823e-001
    outer loop
      vertex  3.184923e+001 -1.300000e+001 -1.885505e+001
      vertex  3.187764e+001 -1.425000e+001 -1.877254e+001
      vertex  3.172752e+001 -1.425000e+001 -1.913498e+001
    endloop
  endfacet
  facet normal  9.062892e-001  6.391470e-003 -4.226099e-001
    outer loop
      vertex  3.184923e+001 -1.300000e+001 -1.885505e+001
      vertex  3.172752e+001 -1.425000e+001 -1.913498e+001
      vertex  3.166506e+001 -1.300000e+001 -1.925000e+001
    endloop
  endfacet
  facet normal  8.526288e-001 -5.480291e-003 -5.224884e-001
    outer loop
      vertex  3.166506e+001 -1.300000e+001 -1.925000e+001
      vertex  3.172752e+001 -1.425000e+001 -1.913498e+001
      vertex  3.152254e+001 -1.425000e+001 -1.946946e+001
    endloop
  endfacet
  facet normal  5.224884e-001 -5.480291e-003 -8.526288e-001
    outer loop
      vertex  3.096946e+001 -1.425000e+001 -2.002254e+001
      vertex  3.063498e+001 -1.425000e+001 -2.022752e+001
      vertex  3.075000e+001 -1.300000e+001 -2.016506e+001
    endloop
  endfacet
  facet normal  4.226099e-001  6.391470e-003 -9.062892e-001
    outer loop
      vertex  3.035505e+001 -1.300000e+001 -2.034923e+001
      vertex  3.075000e+001 -1.300000e+001 -2.016506e+001
      vertex  3.063498e+001 -1.425000e+001 -2.022752e+001
    endloop
  endfacet
  facet normal  3.826823e-001 -4.261814e-003 -9.238702e-001
    outer loop
      vertex  3.063498e+001 -1.425000e+001 -2.022752e+001
      vertex  3.027254e+001 -1.425000e+001 -2.037764e+001
      vertex  3.035505e+001 -1.300000e+001 -2.034923e+001
    endloop
  endfacet
  facet normal  2.588142e-001  4.869870e-003 -9.659149e-001
    outer loop
      vertex  2.993412e+001 -1.300000e+001 -2.046202e+001
      vertex  3.035505e+001 -1.300000e+001 -2.034923e+001
      vertex  3.027254e+001 -1.425000e+001 -2.037764e+001
    endloop
  endfacet
  facet normal  9.969174e-001  0.000000e+000 -7.845835e-002
    outer loop
      vertex  3.200000e+001 -1.425000e+001 -1.800000e+001
      vertex  3.200000e+001 -1.550000e+001 -1.800000e+001
      vertex  3.196922e+001 -1.425000e+001 -1.839109e+001
    endloop
  endfacet
  facet normal  9.961909e-001 -2.739248e-003 -8.715641e-002
    outer loop
      vertex  3.196922e+001 -1.425000e+001 -1.839109e+001
      vertex  3.200000e+001 -1.550000e+001 -1.800000e+001
      vertex  3.196202e+001 -1.550000e+001 -1.843412e+001
    endloop
  endfacet
  facet normal  9.723671e-001  2.434255e-003 -2.334443e-001
    outer loop
      vertex  3.196922e+001 -1.425000e+001 -1.839109e+001
      vertex  3.196202e+001 -1.550000e+001 -1.843412e+001
      vertex  3.187764e+001 -1.425000e+001 -1.877254e+001
    endloop
  endfacet
  facet normal  7.372746e-001  0.000000e+000 -6.755931e-001
    outer loop
      vertex  3.126777e+001 -1.550000e+001 -1.976777e+001
      vertex  3.126777e+001 -1.425000e+001 -1.976777e+001
      vertex  3.141511e+001 -1.550000e+001 -1.960697e+001
    endloop
  endfacet
  facet normal  7.603910e-001  6.089529e-003 -6.494370e-001
    outer loop
      vertex  3.141511e+001 -1.550000e+001 -1.960697e+001
      vertex  3.126777e+001 -1.425000e+001 -1.976777e+001
      vertex  3.152254e+001 -1.425000e+001 -1.946946e+001
    endloop
  endfacet
  facet normal  8.191308e-001 -7.305720e-003 -5.735601e-001
    outer loop
      vertex  3.141511e+001 -1.550000e+001 -1.960697e+001
      vertex  3.152254e+001 -1.425000e+001 -1.946946e+001
      vertex  3.166506e+001 -1.550000e+001 -1.925000e+001
    endloop
  endfacet
  facet normal  6.494491e-001  0.000000e+000 -7.604052e-001
    outer loop
      vertex  3.126777e+001 -1.425000e+001 -1.976777e+001
      vertex  3.126777e+001 -1.550000e+001 -1.976777e+001
      vertex  3.096946e+001 -1.425000e+001 -2.002254e+001
    endloop
  endfacet
  facet normal  6.755526e-001  1.095293e-002 -7.372304e-001
    outer loop
      vertex  3.096946e+001 -1.425000e+001 -2.002254e+001
      vertex  3.126777e+001 -1.550000e+001 -1.976777e+001
      vertex  3.110697e+001 -1.550000e+001 -1.991511e+001
    endloop
  endfacet
  facet normal  5.735601e-001 -7.305720e-003 -8.191308e-001
    outer loop
      vertex  3.096946e+001 -1.425000e+001 -2.002254e+001
      vertex  3.110697e+001 -1.550000e+001 -1.991511e+001
      vertex  3.075000e+001 -1.550000e+001 -2.016506e+001
    endloop
  endfacet
  facet normal  8.715675e-002  0.000000e+000 -9.961947e-001
    outer loop
      vertex  2.950000e+001 -1.550000e+001 -2.050000e+001
      vertex  2.950000e+001 -1.425000e+001 -2.050000e+001
      vertex  2.993412e+001 -1.550000e+001 -2.046202e+001
    endloop
  endfacet
  facet normal  7.845797e-002 -3.042867e-003 -9.969127e-001
    outer loop
      vertex  2.993412e+001 -1.550000e+001 -2.046202e+001
      vertex  2.950000e+001 -1.425000e+001 -2.050000e+001
      vertex  2.989109e+001 -1.425000e+001 -2.046922e+001
    endloop
  endfacet
  facet normal  2.334443e-001  2.434255e-003 -9.723671e-001
    outer loop
      vertex  2.993412e+001 -1.550000e+001 -2.046202e+001
      vertex  2.989109e+001 -1.425000e+001 -2.046922e+001
      vertex  3.027254e+001 -1.425000e+001 -2.037764e+001
    endloop
  endfacet
  facet normal  9.961947e-001  0.000000e+000 -8.715675e-002
    outer loop
      vertex  3.200000e+001 -1.300000e+001 -1.800000e+001
      vertex  3.200000e+001 -1.425000e+001 -1.800000e+001
      vertex  3.196202e+001 -1.300000e+001 -1.843412e+001
    endloop
  endfacet
  facet normal  9.969127e-001  3.042867e-003 -7.845797e-002
    outer loop
      vertex  3.196202e+001 -1.300000e+001 -1.843412e+001
      vertex  3.200000e+001 -1.425000e+001 -1.800000e+001
      vertex  3.196922e+001 -1.425000e+001 -1.839109e+001
    endloop
  endfacet
  facet normal  9.723671e-001 -2.434255e-003 -2.334443e-001
    outer loop
      vertex  3.196202e+001 -1.300000e+001 -1.843412e+001
      vertex  3.196922e+001 -1.425000e+001 -1.839109e+001
      vertex  3.187764e+001 -1.425000e+001 -1.877254e+001
    endloop
  endfacet
  facet normal  7.604052e-001  0.000000e+000 -6.494491e-001
    outer loop
      vertex  3.126777e+001 -1.425000e+001 -1.976777e+001
      vertex  3.126777e+001 -1.300000e+001 -1.976777e+001
      vertex  3.152254e+001 -1.425000e+001 -1.946946e+001
    endloop
  endfacet
  facet normal  7.372304e-001 -1.095293e-002 -6.755526e-001
    outer loop
      vertex  3.152254e+001 -1.425000e+001 -1.946946e+001
      vertex  3.126777e+001 -1.300000e+001 -1.976777e+001
      vertex  3.141511e+001 -1.300000e+001 -1.960697e+001
    endloop
  endfacet
  facet normal  8.191308e-001  7.305720e-003 -5.735601e-001
    outer loop
      vertex  3.152254e+001 -1.425000e+001 -1.946946e+001
      vertex  3.141511e+001 -1.300000e+001 -1.960697e+001
      vertex  3.166506e+001 -1.300000e+001 -1.925000e+001
    endloop
  endfacet
  facet normal  6.755931e-001  0.000000e+000 -7.372746e-001
    outer loop
      vertex  3.126777e+001 -1.300000e+001 -1.976777e+001
      vertex  3.126777e+001 -1.425000e+001 -1.976777e+001
      vertex  3.110697e+001 -1.300000e+001 -1.991511e+001
    endloop
  endfacet
  facet normal  6.494370e-001 -6.089529e-003 -7.603910e-001
    outer loop
      vertex  3.110697e+001 -1.300000e+001 -1.991511e+001
      vertex  3.126777e+001 -1.425000e+001 -1.976777e+001
      vertex  3.096946e+001 -1.425000e+001 -2.002254e+001
    endloop
  endfacet
  facet normal  5.735601e-001  7.305720e-003 -8.191308e-001
    outer loop
      vertex  3.110697e+001 -1.300000e+001 -1.991511e+001
      vertex  3.096946e+001 -1.425000e+001 -2.002254e+001
      vertex  3.075000e+001 -1.300000e+001 -2.016506e+001
    endloop
  endfacet
  facet normal  7.845835e-002  0.000000e+000 -9.969174e-001
    outer loop
      vertex  2.950000e+001 -1.425000e+001 -2.050000e+001
      vertex  2.950000e+001 -1.300000e+001 -2.050000e+001
      vertex  2.989109e+001 -1.425000e+001 -2.046922e+001
    endloop
  endfacet
  facet normal  8.715641e-002  2.739248e-003 -9.961909e-001
    outer loop
      vertex  2.989109e+001 -1.425000e+001 -2.046922e+001
      vertex  2.950000e+001 -1.300000e+001 -2.050000e+001
      vertex  2.993412e+001 -1.300000e+001 -2.046202e+001
    endloop
  endfacet
  facet normal  2.334443e-001 -2.434255e-003 -9.723671e-001
    outer loop
      vertex  2.989109e+001 -1.425000e+001 -2.046922e+001
      vertex  2.993412e+001 -1.300000e+001 -2.046202e+001
      vertex  3.027254e+001 -1.425000e+001 -2.037764e+001
    endloop
  endfacet
  facet normal -1.000000e+000  0.000000e+000  0.000000e+000
    outer loop
      vertex  1.500000e+001 -1.550000e+001 -1.025000e+001
      vertex  1.500000e+001 -1.425000e+001 -1.800000e+001
      vertex  1.500000e+001 -1.550000e+001 -1.800000e+001
    endloop
  endfacet
  facet normal -1.000000e+000  0.000000e+000  0.000000e+000
    outer loop
      vertex  1.500000e+001 -1.425000e+001 -1.800000e+001
      vertex  1.500000e+001 -1.550000e+001 -1.025000e+001
      vertex  1.500000e+001 -1.425000e+001 -7.750000e+000
    endloop
  endfacet
  facet normal -1.000000e+000  0.000000e+000  0.000000e+000
    outer loop
      vertex  1.500000e+001 -1.425000e+001 -7.750000e+000
      vertex  1.500000e+001 -1.550000e+001 -1.025000e+001
      vertex  1.500000e+001 -1.550000e+001 -7.750000e+000
    endloop
  endfacet
  facet normal -1.000000e+000  0.000000e+000  0.000000e+000
    outer loop
      vertex  1.500000e+001 -1.300000e+001 -1.025000e+001
      vertex  1.500000e+001 -1.425000e+001 -7.750000e+000
      vertex  1.500000e+001 -1.300000e+001 -7.750000e+000
    endloop
  endfacet
  facet normal -1.000000e+000  -0.000000e+000  0.000000e+000
    outer loop
      vertex  1.500000e+001 -1.425000e+001 -7.750000e+000
      vertex  1.500000e+001 -1.300000e+001 -1.025000e+001
      vertex  1.500000e+001 -1.425000e+001 -1.800000e+001
    endloop
  endfacet
  facet normal -1.000000e+000  0.000000e+000  -0.000000e+000
    outer loop
      vertex  1.500000e+001 -1.425000e+001 -1.800000e+001
      vertex  1.500000e+001 -1.300000e+001 -1.025000e+001
      vertex  1.500000e+001 -1.300000e+001 -1.800000e+001
    endloop
  endfacet
  facet normal -1.000000e+000  0.000000e+000  0.000000e+000
    outer loop
      vertex  1.500000e+001 -1.300000e+001  1.250000e+000
      vertex  1.500000e+001 -1.425000e+001  2.165064e+000
      vertex  1.500000e+001 -1.300000e+001  2.500000e+000
    endloop
  endfacet
  facet normal -1.000000e+000  -0.000000e+000  -0.000000e+000
    outer loop
      vertex  1.500000e+001 -1.425000e+001  2.165064e+000
      vertex  1.500000e+001 -1.300000e+001  1.250000e+000
      vertex  1.500000e+001 -1.300000e+001  0.000000e+000
    endloop
  endfacet
  facet normal -9.999999e-001  0.000000e+000  0.000000e+000
    outer loop
      vertex  1.500000e+001 -1.425000e+001  2.165064e+000
      vertex  1.500000e+001 -1.425000e+001 -7.750000e+000
      vertex  1.500000e+001 -1.550000e+001 -7.750000e+000
    endloop
  endfacet
  facet normal -1.000000e+000  0.000000e+000  0.000000e+000
    outer loop
      vertex  1.500000e+001 -1.425000e+001  2.165064e+000
      vertex  1.500000e+001 -1.550000e+001 -7.750000e+000
      vertex  1.500000e+001 -1.550000e+001  0.000000e+000
    endloop
  endfacet
  facet normal -1.000000e+000  0.000000e+000  0.000000e+000
    outer loop
      vertex  1.500000e+001 -1.425000e+001  2.165064e+000
      vertex  1.500000e+001 -1.550000e+001  0.000000e+000
      vertex  1.500000e+001 -1.546202e+001  4.341204e-001
    endloop
  endfacet
  facet normal -9.999999e-001  0.000000e+000  0.000000e+000
    outer loop
      vertex  1.500000e+001 -1.425000e+001  2.165064e+000
      vertex  1.500000e+001 -1.546202e+001  4.341204e-001
      vertex  1.500000e+001 -1.534923e+001  8.550504e-001
    endloop
  endfacet
  facet normal -1.000000e+000  0.000000e+000  0.000000e+000
    outer loop
      vertex  1.500000e+001 -1.425000e+001  2.165064e+000
      vertex  1.500000e+001 -1.534923e+001  8.550504e-001
      vertex  1.500000e+001 -1.516506e+001  1.250000e+000
    endloop
  endfacet
  facet normal -1.000000e+000  0.000000e+000  0.000000e+000
    outer loop
      vertex  1.500000e+001 -1.425000e+001  2.165064e+000
      vertex  1.500000e+001 -1.516506e+001  1.250000e+000
      vertex  1.500000e+001 -1.491511e+001  1.606969e+000
    endloop
  endfacet
  facet normal -9.999999e-001  0.000000e+000  0.000000e+000
    outer loop
      vertex  1.500000e+001 -1.425000e+001  2.165064e+000
      vertex  1.500000e+001 -1.491511e+001  1.606969e+000
      vertex  1.500000e+001 -1.476777e+001  1.767767e+000
    endloop
  endfacet
  facet normal -9.999999e-001  0.000000e+000  0.000000e+000
    outer loop
      vertex  1.500000e+001 -1.425000e+001  2.165064e+000
      vertex  1.500000e+001 -1.476777e+001  1.767767e+000
      vertex  1.500000e+001 -1.460697e+001  1.915111e+000
    endloop
  endfacet
  facet normal -1.000000e+000  0.000000e+000  0.000000e+000
    outer loop
      vertex  1.500000e+001 -1.300000e+001 -7.750000e+000
      vertex  1.500000e+001 -1.425000e+001 -7.750000e+000
      vertex  1.500000e+001 -1.300000e+001  0.000000e+000
    endloop
  endfacet
  facet normal -9.999999e-001  -0.000000e+000  0.000000e+000
    outer loop
      vertex  1.500000e+001 -1.300000e+001  0.000000e+000
      vertex  1.500000e+001 -1.425000e+001 -7.750000e+000
      vertex  1.500000e+001 -1.425000e+001  2.165064e+000
    endloop
  endfacet
  facet normal -1.000000e+000  0.000000e+000  0.000000e+000
    outer loop
      vertex  1.500000e+001 -1.385505e+001  2.349231e+000
      vertex  1.500000e+001 -1.343412e+001  2.462019e+000
      vertex  1.500000e+001 -1.425000e+001  2.165064e+000
    endloop
  endfacet
  facet normal -9.999999e-001  0.000000e+000  0.000000e+000
    outer loop
      vertex  1.500000e+001 -1.425000e+001  2.165064e+000
      vertex  1.500000e+001 -1.343412e+001  2.462019e+000
      vertex  1.500000e+001 -1.300000e+001  2.500000e+000
    endloop
  endfacet
  facet normal -2.588142e-001 -4.869870e-003 -9.659149e-001
    outer loop
      vertex  1.706588e+001 -1.550000e+001 -2.046202e+001
      vertex  1.664495e+001 -1.550000e+001 -2.034923e+001
      vertex  1.672746e+001 -1.425000e+001 -2.037764e+001
    endloop
  endfacet
  facet normal -3.826823e-001  4.261814e-003 -9.238702e-001
    outer loop
      vertex  1.636502e+001 -1.425000e+001 -2.022752e+001
      vertex  1.672746e+001 -1.425000e+001 -2.037764e+001
      vertex  1.664495e+001 -1.550000e+001 -2.034923e+001
    endloop
  endfacet
  facet normal -4.226099e-001 -6.391470e-003 -9.062892e-001
    outer loop
      vertex  1.664495e+001 -1.550000e+001 -2.034923e+001
      vertex  1.625000e+001 -1.550000e+001 -2.016506e+001
      vertex  1.636502e+001 -1.425000e+001 -2.022752e+001
    endloop
  endfacet
  facet normal -5.224884e-001  5.480291e-003 -8.526288e-001
    outer loop
      vertex  1.603054e+001 -1.425000e+001 -2.002254e+001
      vertex  1.636502e+001 -1.425000e+001 -2.022752e+001
      vertex  1.625000e+001 -1.550000e+001 -2.016506e+001
    endloop
  endfacet
  facet normal -8.526288e-001  5.480291e-003 -5.224884e-001
    outer loop
      vertex  1.547746e+001 -1.425000e+001 -1.946946e+001
      vertex  1.533494e+001 -1.550000e+001 -1.925000e+001
      vertex  1.527248e+001 -1.425000e+001 -1.913498e+001
    endloop
  endfacet
  facet normal -9.062892e-001 -6.391470e-003 -4.226099e-001
    outer loop
      vertex  1.527248e+001 -1.425000e+001 -1.913498e+001
      vertex  1.533494e+001 -1.550000e+001 -1.925000e+001
      vertex  1.515077e+001 -1.550000e+001 -1.885505e+001
    endloop
  endfacet
  facet normal -9.238702e-001  4.261814e-003 -3.826823e-001
    outer loop
      vertex  1.527248e+001 -1.425000e+001 -1.913498e+001
      vertex  1.515077e+001 -1.550000e+001 -1.885505e+001
      vertex  1.512236e+001 -1.425000e+001 -1.877254e+001
    endloop
  endfacet
  facet normal -9.659149e-001 -4.869870e-003 -2.588142e-001
    outer loop
      vertex  1.512236e+001 -1.425000e+001 -1.877254e+001
      vertex  1.515077e+001 -1.550000e+001 -1.885505e+001
      vertex  1.503798e+001 -1.550000e+001 -1.843412e+001
    endloop
  endfacet
  facet normal -2.588142e-001  4.869870e-003 -9.659149e-001
    outer loop
      vertex  1.706588e+001 -1.300000e+001 -2.046202e+001
      vertex  1.672746e+001 -1.425000e+001 -2.037764e+001
      vertex  1.664495e+001 -1.300000e+001 -2.034923e+001
    endloop
  endfacet
  facet normal -3.826823e-001 -4.261814e-003 -9.238702e-001
    outer loop
      vertex  1.664495e+001 -1.300000e+001 -2.034923e+001
      vertex  1.672746e+001 -1.425000e+001 -2.037764e+001
      vertex  1.636502e+001 -1.425000e+001 -2.022752e+001
    endloop
  endfacet
  facet normal -4.226099e-001  6.391470e-003 -9.062892e-001
    outer loop
      vertex  1.664495e+001 -1.300000e+001 -2.034923e+001
      vertex  1.636502e+001 -1.425000e+001 -2.022752e+001
      vertex  1.625000e+001 -1.300000e+001 -2.016506e+001
    endloop
  endfacet
  facet normal -5.224884e-001 -5.480291e-003 -8.526288e-001
    outer loop
      vertex  1.625000e+001 -1.300000e+001 -2.016506e+001
      vertex  1.636502e+001 -1.425000e+001 -2.022752e+001
      vertex  1.603054e+001 -1.425000e+001 -2.002254e+001
    endloop
  endfacet
  facet normal -8.526288e-001 -5.480291e-003 -5.224884e-001
    outer loop
      vertex  1.547746e+001 -1.425000e+001 -1.946946e+001
      vertex  1.527248e+001 -1.425000e+001 -1.913498e+001
      vertex  1.533494e+001 -1.300000e+001 -1.925000e+001
    endloop
  endfacet
  facet normal -9.062892e-001  6.391470e-003 -4.226099e-001
    outer loop
      vertex  1.515077e+001 -1.300000e+001 -1.885505e+001
      vertex  1.533494e+001 -1.300000e+001 -1.925000e+001
      vertex  1.527248e+001 -1.425000e+001 -1.913498e+001
    endloop
  endfacet
  facet normal -9.238702e-001 -4.261814e-003 -3.826823e-001
    outer loop
      vertex  1.527248e+001 -1.425000e+001 -1.913498e+001
      vertex  1.512236e+001 -1.425000e+001 -1.877254e+001
      vertex  1.515077e+001 -1.300000e+001 -1.885505e+001
    endloop
  endfacet
  facet normal -9.659149e-001  4.869870e-003 -2.588142e-001
    outer loop
      vertex  1.503798e+001 -1.300000e+001 -1.843412e+001
      vertex  1.515077e+001 -1.300000e+001 -1.885505e+001
      vertex  1.512236e+001 -1.425000e+001 -1.877254e+001
    endloop
  endfacet
  facet normal -7.845835e-002  0.000000e+000 -9.969174e-001
    outer loop
      vertex  1.750000e+001 -1.425000e+001 -2.050000e+001
      vertex  1.750000e+001 -1.550000e+001 -2.050000e+001
      vertex  1.710891e+001 -1.425000e+001 -2.046922e+001
    endloop
  endfacet
  facet normal -8.715641e-002 -2.739248e-003 -9.961909e-001
    outer loop
      vertex  1.710891e+001 -1.425000e+001 -2.046922e+001
      vertex  1.750000e+001 -1.550000e+001 -2.050000e+001
      vertex  1.706588e+001 -1.550000e+001 -2.046202e+001
    endloop
  endfacet
  facet normal -2.334443e-001  2.434255e-003 -9.723671e-001
    outer loop
      vertex  1.710891e+001 -1.425000e+001 -2.046922e+001
      vertex  1.706588e+001 -1.550000e+001 -2.046202e+001
      vertex  1.672746e+001 -1.425000e+001 -2.037764e+001
    endloop
  endfacet
  facet normal -6.755910e-001  -0.000000e+000 -7.372767e-001
    outer loop
      vertex  1.573223e+001 -1.550000e+001 -1.976777e+001
      vertex  1.573223e+001 -1.425000e+001 -1.976777e+001
      vertex  1.589303e+001 -1.550000e+001 -1.991511e+001
    endloop
  endfacet
  facet normal -6.494370e-001  6.089034e-003 -7.603910e-001
    outer loop
      vertex  1.589303e+001 -1.550000e+001 -1.991511e+001
      vertex  1.573223e+001 -1.425000e+001 -1.976777e+001
      vertex  1.603054e+001 -1.425000e+001 -2.002254e+001
    endloop
  endfacet
  facet normal -5.735611e-001 -7.305983e-003 -8.191301e-001
    outer loop
      vertex  1.589303e+001 -1.550000e+001 -1.991511e+001
      vertex  1.603054e+001 -1.425000e+001 -2.002254e+001
      vertex  1.625000e+001 -1.550000e+001 -2.016506e+001
    endloop
  endfacet
  facet normal -7.604052e-001  0.000000e+000 -6.494491e-001
    outer loop
      vertex  1.573223e+001 -1.425000e+001 -1.976777e+001
      vertex  1.573223e+001 -1.550000e+001 -1.976777e+001
      vertex  1.547746e+001 -1.425000e+001 -1.946946e+001
    endloop
  endfacet
  facet normal -7.372304e-001  1.095293e-002 -6.755526e-001
    outer loop
      vertex  1.547746e+001 -1.425000e+001 -1.946946e+001
      vertex  1.573223e+001 -1.550000e+001 -1.976777e+001
      vertex  1.558489e+001 -1.550000e+001 -1.960697e+001
    endloop
  endfacet
  facet normal -8.191308e-001 -7.305720e-003 -5.735601e-001
    outer loop
      vertex  1.547746e+001 -1.425000e+001 -1.946946e+001
      vertex  1.558489e+001 -1.550000e+001 -1.960697e+001
      vertex  1.533494e+001 -1.550000e+001 -1.925000e+001
    endloop
  endfacet
  facet normal -9.961947e-001  -0.000000e+000 -8.715675e-002
    outer loop
      vertex  1.500000e+001 -1.550000e+001 -1.800000e+001
      vertex  1.500000e+001 -1.425000e+001 -1.800000e+001
      vertex  1.503798e+001 -1.550000e+001 -1.843412e+001
    endloop
  endfacet
  facet normal -9.969127e-001 -3.042867e-003 -7.845797e-002
    outer loop
      vertex  1.503798e+001 -1.550000e+001 -1.843412e+001
      vertex  1.500000e+001 -1.425000e+001 -1.800000e+001
      vertex  1.503078e+001 -1.425000e+001 -1.839109e+001
    endloop
  endfacet
  facet normal -9.723671e-001  2.434255e-003 -2.334443e-001
    outer loop
      vertex  1.503798e+001 -1.550000e+001 -1.843412e+001
      vertex  1.503078e+001 -1.425000e+001 -1.839109e+001
      vertex  1.512236e+001 -1.425000e+001 -1.877254e+001
    endloop
  endfacet
  facet normal -8.715675e-002  0.000000e+000 -9.961947e-001
    outer loop
      vertex  1.750000e+001 -1.300000e+001 -2.050000e+001
      vertex  1.750000e+001 -1.425000e+001 -2.050000e+001
      vertex  1.706588e+001 -1.300000e+001 -2.046202e+001
    endloop
  endfacet
  facet normal -7.845797e-002  3.042867e-003 -9.969127e-001
    outer loop
      vertex  1.706588e+001 -1.300000e+001 -2.046202e+001
      vertex  1.750000e+001 -1.425000e+001 -2.050000e+001
      vertex  1.710891e+001 -1.425000e+001 -2.046922e+001
    endloop
  endfacet
  facet normal -2.334443e-001 -2.434255e-003 -9.723671e-001
    outer loop
      vertex  1.706588e+001 -1.300000e+001 -2.046202e+001
      vertex  1.710891e+001 -1.425000e+001 -2.046922e+001
      vertex  1.672746e+001 -1.425000e+001 -2.037764e+001
    endloop
  endfacet
  facet normal -6.494491e-001  -0.000000e+000 -7.604052e-001
    outer loop
      vertex  1.573223e+001 -1.425000e+001 -1.976777e+001
      vertex  1.573223e+001 -1.300000e+001 -1.976777e+001
      vertex  1.603054e+001 -1.425000e+001 -2.002254e+001
    endloop
  endfacet
  facet normal -6.755505e-001 -1.095200e-002 -7.372324e-001
    outer loop
      vertex  1.603054e+001 -1.425000e+001 -2.002254e+001
      vertex  1.573223e+001 -1.300000e+001 -1.976777e+001
      vertex  1.589303e+001 -1.300000e+001 -1.991511e+001
    endloop
  endfacet
  facet normal -5.735611e-001  7.305983e-003 -8.191301e-001
    outer loop
      vertex  1.603054e+001 -1.425000e+001 -2.002254e+001
      vertex  1.589303e+001 -1.300000e+001 -1.991511e+001
      vertex  1.625000e+001 -1.300000e+001 -2.016506e+001
    endloop
  endfacet
  facet normal -7.372746e-001  0.000000e+000 -6.755931e-001
    outer loop
      vertex  1.573223e+001 -1.300000e+001 -1.976777e+001
      vertex  1.573223e+001 -1.425000e+001 -1.976777e+001
      vertex  1.558489e+001 -1.300000e+001 -1.960697e+001
    endloop
  endfacet
  facet normal -7.603910e-001 -6.089529e-003 -6.494370e-001
    outer loop
      vertex  1.558489e+001 -1.300000e+001 -1.960697e+001
      vertex  1.573223e+001 -1.425000e+001 -1.976777e+001
      vertex  1.547746e+001 -1.425000e+001 -1.946946e+001
    endloop
  endfacet
  facet normal -8.191308e-001  7.305720e-003 -5.735601e-001
    outer loop
      vertex  1.558489e+001 -1.300000e+001 -1.960697e+001
      vertex  1.547746e+001 -1.425000e+001 -1.946946e+001
      vertex  1.533494e+001 -1.300000e+001 -1.925000e+001
    endloop
  endfacet
  facet normal -9.969174e-001  -0.000000e+000 -7.845835e-002
    outer loop
      vertex  1.500000e+001 -1.425000e+001 -1.800000e+001
      vertex  1.500000e+001 -1.300000e+001 -1.800000e+001
      vertex  1.503078e+001 -1.425000e+001 -1.839109e+001
    endloop
  endfacet
  facet normal -9.961909e-001  2.739248e-003 -8.715641e-002
    outer loop
      vertex  1.503078e+001 -1.425000e+001 -1.839109e+001
      vertex  1.500000e+001 -1.300000e+001 -1.800000e+001
      vertex  1.503798e+001 -1.300000e+001 -1.843412e+001
    endloop
  endfacet
  facet normal -9.723671e-001 -2.434255e-003 -2.334443e-001
    outer loop
      vertex  1.503078e+001 -1.425000e+001 -1.839109e+001
      vertex  1.503798e+001 -1.300000e+001 -1.843412e+001
      vertex  1.512236e+001 -1.425000e+001 -1.877254e+001
    endloop
  endfacet
  facet normal  0.000000e+000  -0.000000e+000  1.000000e+000
    outer loop
      vertex -4.500000e+000  4.866011e-003  2.500000e+000
      vertex -3.600000e+000 -2.000000e+001  2.500000e+000
      vertex -3.563357e+000 -1.948767e+001  2.500000e+000
    endloop
  endfacet
  facet normal  0.000000e+000  -0.000000e+000  1.000000e+000
    outer loop
      vertex -4.500000e+000  4.866011e-003  2.500000e+000
      vertex -3.563357e+000 -1.948767e+001  2.500000e+000
      vertex  3.552714e-015  4.866011e-003  2.500000e+000
    endloop
  endfacet
  facet normal  0.000000e+000  0.000000e+000  1.000000e+000
    outer loop
      vertex  2.925000e+001  0.000000e+000  2.500000e+000
      vertex  3.200000e+001  4.866011e-003  2.500000e+000
      vertex  2.924999e+001  4.897412e-003  2.500000e+000
    endloop
  endfacet
  facet normal  0.000000e+000  0.000000e+000  1.000000e+000
    outer loop
      vertex  2.575000e+001  2.143061e-016  2.500000e+000
      vertex  2.575001e+001  4.897412e-003  2.500000e+000
      vertex  2.430000e+001  4.866011e-003  2.500000e+000
    endloop
  endfacet
  facet normal  0.000000e+000  -0.000000e+000  1.000000e+000
    outer loop
      vertex -1.783494e+001  2.125000e+001  2.500000e+000
      vertex -1.765077e+001  2.085505e+001  2.500000e+000
      vertex -6.093776e+000  2.181702e+001  2.500000e+000
    endloop
  endfacet
  facet normal  0.000000e+000  0.000000e+000  1.000000e+000
    outer loop
      vertex  1.200000e+001 -2.000000e+001  2.500000e+000
      vertex  1.200000e+001 -1.650000e+001  2.500000e+000
      vertex  1.196109e+001 -2.096560e+001  2.500000e+000
    endloop
  endfacet
  facet normal  0.000000e+000  0.000000e+000  1.000000e+000
    outer loop
      vertex  8.982129e+000 -2.795747e+001  2.500000e+000
      vertex  3.563357e+000 -2.051233e+001  2.500000e+000
      vertex  3.454175e+000 -2.101424e+001  2.500000e+000
    endloop
  endfacet
  facet normal  -0.000000e+000  0.000000e+000  1.000000e+000
    outer loop
      vertex  2.083000e+001  7.500000e+000  2.500000e+000
      vertex  1.160701e+001  5.860052e+000  2.500000e+000
      vertex  1.130834e+001  5.535617e+000  2.500000e+000
    endloop
  endfacet
  facet normal  -0.000000e+000  0.000000e+000  1.000000e+000
    outer loop
      vertex  3.200000e+001  4.250000e+000  2.500000e+000
      vertex  2.784141e+001  1.716374e+000  2.500000e+000
      vertex  2.816970e+001  1.616789e+000  2.500000e+000
    endloop
  endfacet
  facet normal  0.000000e+000  0.000000e+000  1.000000e+000
    outer loop
      vertex -3.200000e+001 -1.300000e+001  2.500000e+000
      vertex -2.850000e+001  4.866011e-003  2.500000e+000
      vertex -3.200000e+001  4.866011e-003  2.500000e+000
    endloop
  endfacet
  facet normal  0.000000e+000  0.000000e+000  9.999999e-001
    outer loop
      vertex -2.734515e+001  1.697835e+001  2.500000e+000
      vertex -2.000000e+001  1.750000e+001  2.500000e+000
      vertex -2.746066e+001  1.719446e+001  2.500000e+000
    endloop
  endfacet
  facet normal  0.000000e+000  -0.000000e+000  1.000000e+000
    outer loop
      vertex -1.969446e+001 -4.606630e-001  2.500000e+000
      vertex -1.947835e+001 -3.451506e-001  2.500000e+000
      vertex -1.900000e+001  4.866011e-003  2.500000e+000
    endloop
  endfacet
  facet normal  0.000000e+000  -0.000000e+000  1.000000e+000
    outer loop
      vertex -1.947835e+001 -3.451506e-001  2.500000e+000
      vertex -1.924386e+001 -2.740184e-001  2.500000e+000
      vertex -1.900000e+001  4.866011e-003  2.500000e+000
    endloop
  endfacet
  facet normal  0.000000e+000  -0.000000e+000  1.000000e+000
    outer loop
      vertex -1.924386e+001 -2.740184e-001  2.500000e+000
      vertex -1.900000e+001 -2.500000e-001  2.500000e+000
      vertex -1.900000e+001  4.866011e-003  2.500000e+000
    endloop
  endfacet
  facet normal  0.000000e+000  0.000000e+000  1.000000e+000
    outer loop
      vertex -2.085505e+001  1.765077e+001  2.500000e+000
      vertex -2.825614e+001  1.772598e+001  2.500000e+000
      vertex -2.802165e+001  1.765485e+001  2.500000e+000
    endloop
  endfacet
  facet normal  0.000000e+000  -0.000000e+000  1.000000e+000
    outer loop
      vertex -3.563357e+000 -1.948767e+001  2.500000e+000
      vertex -3.454175e+000 -1.898576e+001  2.500000e+000
      vertex  3.552714e-015  4.866011e-003  2.500000e+000
    endloop
  endfacet
  facet normal  0.000000e+000  -0.000000e+000  1.000000e+000
    outer loop
      vertex -3.454175e+000 -1.898576e+001  2.500000e+000
      vertex -3.274675e+000 -1.850451e+001  2.500000e+000
      vertex  3.552714e-015  4.866011e-003  2.500000e+000
    endloop
  endfacet
  facet normal  0.000000e+000  -0.000000e+000  1.000000e+000
    outer loop
      vertex -3.274675e+000 -1.850451e+001  2.500000e+000
      vertex -3.028513e+000 -1.805369e+001  2.500000e+000
      vertex  3.552714e-015  4.866011e-003  2.500000e+000
    endloop
  endfacet
  facet normal  0.000000e+000  -0.000000e+000  1.000000e+000
    outer loop
      vertex -3.028513e+000 -1.805369e+001  2.500000e+000
      vertex -2.720698e+000 -1.764250e+001  2.500000e+000
      vertex  3.552714e-015  4.866011e-003  2.500000e+000
    endloop
  endfacet
  facet normal  0.000000e+000  -0.000000e+000  9.999999e-001
    outer loop
      vertex -2.720698e+000 -1.764250e+001  2.500000e+000
      vertex -2.357499e+000 -1.727930e+001  2.500000e+000
      vertex  3.552714e-015  4.866011e-003  2.500000e+000
    endloop
  endfacet
  facet normal  0.000000e+000  -0.000000e+000  1.000000e+000
    outer loop
      vertex -2.357499e+000 -1.727930e+001  2.500000e+000
      vertex -1.946307e+000 -1.697149e+001  2.500000e+000
      vertex  3.552714e-015  4.866011e-003  2.500000e+000
    endloop
  endfacet
  facet normal  0.000000e+000  -0.000000e+000  1.000000e+000
    outer loop
      vertex -1.946307e+000 -1.697149e+001  2.500000e+000
      vertex -1.495494e+000 -1.672532e+001  2.500000e+000
      vertex  3.552714e-015  4.866011e-003  2.500000e+000
    endloop
  endfacet
  facet normal  0.000000e+000  -0.000000e+000  9.999999e-001
    outer loop
      vertex -1.495494e+000 -1.672532e+001  2.500000e+000
      vertex -1.014237e+000 -1.654583e+001  2.500000e+000
      vertex  3.552714e-015  4.866011e-003  2.500000e+000
    endloop
  endfacet
  facet normal  0.000000e+000  -0.000000e+000  1.000000e+000
    outer loop
      vertex -1.014237e+000 -1.654583e+001  2.500000e+000
      vertex -5.123334e-001 -1.643664e+001  2.500000e+000
      vertex  3.552714e-015  4.866011e-003  2.500000e+000
    endloop
  endfacet
  facet normal  0.000000e+000  -0.000000e+000  1.000000e+000
    outer loop
      vertex -5.123334e-001 -1.643664e+001  2.500000e+000
      vertex  2.669723e-015 -1.640000e+001  2.500000e+000
      vertex  3.552714e-015  4.866011e-003  2.500000e+000
    endloop
  endfacet
  facet normal  0.000000e+000  0.000000e+000  1.000000e+000
    outer loop
      vertex -1.200000e+001 -1.035000e+001  2.500000e+000
      vertex -1.200000e+001 -4.650000e+000  2.500000e+000
      vertex -1.900000e+001 -2.750000e+000  2.500000e+000
    endloop
  endfacet
  facet normal  0.000000e+000  0.000000e+000  1.000000e+000
    outer loop
      vertex -1.200000e+001 -1.035000e+001  2.500000e+000
      vertex -1.900000e+001 -2.750000e+000  2.500000e+000
      vertex -1.500000e+001 -1.300000e+001  2.500000e+000
    endloop
  endfacet
  facet normal  0.000000e+000  0.000000e+000  1.000000e+000
    outer loop
      vertex -1.200000e+001 -1.035000e+001  2.500000e+000
      vertex -1.500000e+001 -1.300000e+001  2.500000e+000
      vertex -1.350000e+001 -1.300000e+001  2.500000e+000
    endloop
  endfacet
  facet normal  0.000000e+000  0.000000e+000  1.000000e+000
    outer loop
      vertex -1.200000e+001 -1.035000e+001  2.500000e+000
      vertex -1.350000e+001 -1.300000e+001  2.500000e+000
      vertex -1.200000e+001 -1.300000e+001  2.500000e+000
    endloop
  endfacet
  facet normal  -0.000000e+000  0.000000e+000  1.000000e+000
    outer loop
      vertex -2.400000e+001  3.200000e+001  2.500000e+000
      vertex -2.478414e+001  3.196148e+001  2.500000e+000
      vertex -2.000000e+001  2.250000e+001  2.500000e+000
    endloop
  endfacet
  facet normal  -0.000000e+000  -0.000000e+000  1.000000e+000
    outer loop
      vertex -2.400000e+001  3.200000e+001  2.500000e+000
      vertex -2.000000e+001  2.250000e+001  2.500000e+000
      vertex -1.956588e+001  2.246202e+001  2.500000e+000
    endloop
  endfacet
  facet normal  -0.000000e+000  -0.000000e+000  1.000000e+000
    outer loop
      vertex -2.400000e+001  3.200000e+001  2.500000e+000
      vertex -1.956588e+001  2.246202e+001  2.500000e+000
      vertex -1.914495e+001  2.234923e+001  2.500000e+000
    endloop
  endfacet
  facet normal  -0.000000e+000  -0.000000e+000  1.000000e+000
    outer loop
      vertex -2.400000e+001  3.200000e+001  2.500000e+000
      vertex -1.914495e+001  2.234923e+001  2.500000e+000
      vertex -1.875000e+001  2.216506e+001  2.500000e+000
    endloop
  endfacet
  facet normal  -0.000000e+000  -0.000000e+000  1.000000e+000
    outer loop
      vertex -2.400000e+001  3.200000e+001  2.500000e+000
      vertex -1.875000e+001  2.216506e+001  2.500000e+000
      vertex -1.839303e+001  2.191511e+001  2.500000e+000
    endloop
  endfacet
  facet normal  -0.000000e+000  -0.000000e+000  1.000000e+000
    outer loop
      vertex -2.400000e+001  3.200000e+001  2.500000e+000
      vertex -1.839303e+001  2.191511e+001  2.500000e+000
      vertex -1.808489e+001  2.160697e+001  2.500000e+000
    endloop
  endfacet
  facet normal  -0.000000e+000  -0.000000e+000  1.000000e+000
    outer loop
      vertex -2.400000e+001  3.200000e+001  2.500000e+000
      vertex -1.808489e+001  2.160697e+001  2.500000e+000
      vertex -1.783494e+001  2.125000e+001  2.500000e+000
    endloop
  endfacet
  facet normal  0.000000e+000  -0.000000e+000  1.000000e+000
    outer loop
      vertex -2.400000e+001  3.200000e+001  2.500000e+000
      vertex -1.783494e+001  2.125000e+001  2.500000e+000
      vertex -6.093776e+000  2.181702e+001  2.500000e+000
    endloop
  endfacet
  facet normal  0.000000e+000  -0.000000e+000  1.000000e+000
    outer loop
      vertex -2.400000e+001  3.200000e+001  2.500000e+000
      vertex -6.093776e+000  2.181702e+001  2.500000e+000
      vertex -6.001304e+000  2.212186e+001  2.500000e+000
    endloop
  endfacet
  facet normal  0.000000e+000  -0.000000e+000  1.000000e+000
    outer loop
      vertex -2.400000e+001  3.200000e+001  2.500000e+000
      vertex -6.001304e+000  2.212186e+001  2.500000e+000
      vertex -5.851138e+000  2.240280e+001  2.500000e+000
    endloop
  endfacet
  facet normal  0.000000e+000  -0.000000e+000  1.000000e+000
    outer loop
      vertex -2.400000e+001  3.200000e+001  2.500000e+000
      vertex -5.851138e+000  2.240280e+001  2.500000e+000
      vertex -5.649048e+000  2.264905e+001  2.500000e+000
    endloop
  endfacet
  facet normal  0.000000e+000  -0.000000e+000  9.999999e-001
    outer loop
      vertex -2.400000e+001  3.200000e+001  2.500000e+000
      vertex -5.649048e+000  2.264905e+001  2.500000e+000
      vertex -5.402802e+000  2.285114e+001  2.500000e+000
    endloop
  endfacet
  facet normal  0.000000e+000  -0.000000e+000  1.000000e+000
    outer loop
      vertex -2.400000e+001  3.200000e+001  2.500000e+000
      vertex -5.402802e+000  2.285114e+001  2.500000e+000
      vertex -5.121861e+000  2.300130e+001  2.500000e+000
    endloop
  endfacet
  facet normal  0.000000e+000  -0.000000e+000  1.000000e+000
    outer loop
      vertex -2.400000e+001  3.200000e+001  2.500000e+000
      vertex -5.121861e+000  2.300130e+001  2.500000e+000
      vertex -4.817022e+000  2.309378e+001  2.500000e+000
    endloop
  endfacet
  facet normal  0.000000e+000  -0.000000e+000  1.000000e+000
    outer loop
      vertex -2.400000e+001  3.200000e+001  2.500000e+000
      vertex -4.817022e+000  2.309378e+001  2.500000e+000
      vertex -4.500000e+000  2.312500e+001  2.500000e+000
    endloop
  endfacet
  facet normal  0.000000e+000  -0.000000e+000  1.000000e+000
    outer loop
      vertex -2.400000e+001  3.200000e+001  2.500000e+000
      vertex -4.500000e+000  2.312500e+001  2.500000e+000
      vertex  1.776357e-015  3.200000e+001  2.500000e+000
    endloop
  endfacet
  facet normal  -0.000000e+000  0.000000e+000  1.000000e+000
    outer loop
      vertex -9.000000e+000 -4.650000e+000  2.500000e+000
      vertex -9.000000e+000 -1.035000e+001  2.500000e+000
      vertex -8.982129e+000 -2.795747e+001  2.500000e+000
    endloop
  endfacet
  facet normal  -0.000000e+000  -0.000000e+000  1.000000e+000
    outer loop
      vertex -9.000000e+000 -4.650000e+000  2.500000e+000
      vertex -8.982129e+000 -2.795747e+001  2.500000e+000
      vertex -8.312693e+000 -2.865443e+001  2.500000e+000
    endloop
  endfacet
  facet normal  -0.000000e+000  -0.000000e+000  1.000000e+000
    outer loop
      vertex -9.000000e+000 -4.650000e+000  2.500000e+000
      vertex -8.312693e+000 -2.865443e+001  2.500000e+000
      vertex -7.589345e+000 -2.929526e+001  2.500000e+000
    endloop
  endfacet
  facet normal  -0.000000e+000  -0.000000e+000  1.000000e+000
    outer loop
      vertex -9.000000e+000 -4.650000e+000  2.500000e+000
      vertex -7.589345e+000 -2.929526e+001  2.500000e+000
      vertex -6.816777e+000 -2.987581e+001  2.500000e+000
    endloop
  endfacet
  facet normal  -0.000000e+000  -0.000000e+000  1.000000e+000
    outer loop
      vertex -9.000000e+000 -4.650000e+000  2.500000e+000
      vertex -6.816777e+000 -2.987581e+001  2.500000e+000
      vertex -6.000000e+000 -3.039231e+001  2.500000e+000
    endloop
  endfacet
  facet normal  -0.000000e+000  -0.000000e+000  1.000000e+000
    outer loop
      vertex -9.000000e+000 -4.650000e+000  2.500000e+000
      vertex -6.000000e+000 -3.039231e+001  2.500000e+000
      vertex -5.144311e+000 -3.084141e+001  2.500000e+000
    endloop
  endfacet
  facet normal  0.000000e+000  -0.000000e+000  1.000000e+000
    outer loop
      vertex -9.000000e+000 -4.650000e+000  2.500000e+000
      vertex -5.144311e+000 -3.084141e+001  2.500000e+000
      vertex -4.500000e+000  4.866011e-003  2.500000e+000
    endloop
  endfacet
  facet normal  0.000000e+000  0.000000e+000  1.000000e+000
    outer loop
      vertex -4.255259e+000 -3.122020e+001  2.500000e+000
      vertex  8.453850e-015 -3.200000e+001  2.500000e+000
      vertex -1.409436e-015 -2.360000e+001  2.500000e+000
    endloop
  endfacet
  facet normal  0.000000e+000  0.000000e+000  1.000000e+000
    outer loop
      vertex -4.255259e+000 -3.122020e+001  2.500000e+000
      vertex -1.409436e-015 -2.360000e+001  2.500000e+000
      vertex -5.123334e-001 -2.356336e+001  2.500000e+000
    endloop
  endfacet
  facet normal  0.000000e+000  0.000000e+000  1.000000e+000
    outer loop
      vertex -4.255259e+000 -3.122020e+001  2.500000e+000
      vertex -5.123334e-001 -2.356336e+001  2.500000e+000
      vertex -1.014237e+000 -2.345417e+001  2.500000e+000
    endloop
  endfacet
  facet normal  0.000000e+000  0.000000e+000  1.000000e+000
    outer loop
      vertex -4.255259e+000 -3.122020e+001  2.500000e+000
      vertex -1.014237e+000 -2.345417e+001  2.500000e+000
      vertex -1.495494e+000 -2.327468e+001  2.500000e+000
    endloop
  endfacet
  facet normal  0.000000e+000  0.000000e+000  1.000000e+000
    outer loop
      vertex -4.255259e+000 -3.122020e+001  2.500000e+000
      vertex -1.495494e+000 -2.327468e+001  2.500000e+000
      vertex -1.946307e+000 -2.302851e+001  2.500000e+000
    endloop
  endfacet
  facet normal  0.000000e+000  0.000000e+000  1.000000e+000
    outer loop
      vertex -4.255259e+000 -3.122020e+001  2.500000e+000
      vertex -1.946307e+000 -2.302851e+001  2.500000e+000
      vertex -2.357499e+000 -2.272070e+001  2.500000e+000
    endloop
  endfacet
  facet normal  0.000000e+000  0.000000e+000  1.000000e+000
    outer loop
      vertex -4.255259e+000 -3.122020e+001  2.500000e+000
      vertex -2.357499e+000 -2.272070e+001  2.500000e+000
      vertex -2.720698e+000 -2.235750e+001  2.500000e+000
    endloop
  endfacet
  facet normal  0.000000e+000  0.000000e+000  1.000000e+000
    outer loop
      vertex -4.255259e+000 -3.122020e+001  2.500000e+000
      vertex -2.720698e+000 -2.235750e+001  2.500000e+000
      vertex -3.028513e+000 -2.194631e+001  2.500000e+000
    endloop
  endfacet
  facet normal  0.000000e+000  0.000000e+000  1.000000e+000
    outer loop
      vertex -4.255259e+000 -3.122020e+001  2.500000e+000
      vertex -3.028513e+000 -2.194631e+001  2.500000e+000
      vertex -3.274675e+000 -2.149549e+001  2.500000e+000
    endloop
  endfacet
  facet normal  0.000000e+000  0.000000e+000  1.000000e+000
    outer loop
      vertex -4.255259e+000 -3.122020e+001  2.500000e+000
      vertex -3.274675e+000 -2.149549e+001  2.500000e+000
      vertex -3.454175e+000 -2.101424e+001  2.500000e+000
    endloop
  endfacet
  facet normal  0.000000e+000  0.000000e+000  9.999999e-001
    outer loop
      vertex -4.255259e+000 -3.122020e+001  2.500000e+000
      vertex -3.454175e+000 -2.101424e+001  2.500000e+000
      vertex -3.563357e+000 -2.051233e+001  2.500000e+000
    endloop
  endfacet
  facet normal  0.000000e+000  0.000000e+000  9.999999e-001
    outer loop
      vertex -4.255259e+000 -3.122020e+001  2.500000e+000
      vertex -3.563357e+000 -2.051233e+001  2.500000e+000
      vertex -3.600000e+000 -2.000000e+001  2.500000e+000
    endloop
  endfacet
  facet normal  0.000000e+000  0.000000e+000  9.999999e-001
    outer loop
      vertex -4.255259e+000 -3.122020e+001  2.500000e+000
      vertex -3.600000e+000 -2.000000e+001  2.500000e+000
      vertex -4.500000e+000  4.866011e-003  2.500000e+000
    endloop
  endfacet
  facet normal  0.000000e+000  0.000000e+000  1.000000e+000
    outer loop
      vertex -4.255259e+000 -3.122020e+001  2.500000e+000
      vertex -4.500000e+000  4.866011e-003  2.500000e+000
      vertex -5.144311e+000 -3.084141e+001  2.500000e+000
    endloop
  endfacet
  facet normal  0.000000e+000  0.000000e+000  9.999999e-001
    outer loop
      vertex -1.196109e+001 -2.096560e+001  2.500000e+000
      vertex -1.200000e+001 -1.035000e+001  2.500000e+000
      vertex -1.200000e+001 -1.300000e+001  2.500000e+000
    endloop
  endfacet
  facet normal  0.000000e+000  0.000000e+000  1.000000e+000
    outer loop
      vertex -1.196109e+001 -2.096560e+001  2.500000e+000
      vertex -1.200000e+001 -1.300000e+001  2.500000e+000
      vertex -1.200000e+001 -1.650000e+001  2.500000e+000
    endloop
  endfacet
  facet normal  0.000000e+000  0.000000e+000  1.000000e+000
    outer loop
      vertex -1.196109e+001 -2.096560e+001  2.500000e+000
      vertex -1.200000e+001 -1.650000e+001  2.500000e+000
      vertex -1.200000e+001 -2.000000e+001  2.500000e+000
    endloop
  endfacet
  facet normal  -0.000000e+000  -0.000000e+000  1.000000e+000
    outer loop
      vertex -1.200000e+001 -1.035000e+001  2.500000e+000
      vertex -1.196109e+001 -2.096560e+001  2.500000e+000
      vertex -1.184460e+001 -2.192494e+001  2.500000e+000
    endloop
  endfacet
  facet normal  -0.000000e+000  -0.000000e+000  1.000000e+000
    outer loop
      vertex -1.200000e+001 -1.035000e+001  2.500000e+000
      vertex -1.184460e+001 -2.192494e+001  2.500000e+000
      vertex -1.165130e+001 -2.287179e+001  2.500000e+000
    endloop
  endfacet
  facet normal  -0.000000e+000  -0.000000e+000  1.000000e+000
    outer loop
      vertex -1.200000e+001 -1.035000e+001  2.500000e+000
      vertex -1.165130e+001 -2.287179e+001  2.500000e+000
      vertex -1.138244e+001 -2.380002e+001  2.500000e+000
    endloop
  endfacet
  facet normal  -0.000000e+000  -0.000000e+000  1.000000e+000
    outer loop
      vertex -1.200000e+001 -1.035000e+001  2.500000e+000
      vertex -1.138244e+001 -2.380002e+001  2.500000e+000
      vertex -1.103975e+001 -2.470360e+001  2.500000e+000
    endloop
  endfacet
  facet normal  -0.000000e+000  -0.000000e+000  1.000000e+000
    outer loop
      vertex -1.200000e+001 -1.035000e+001  2.500000e+000
      vertex -1.103975e+001 -2.470360e+001  2.500000e+000
      vertex -1.062547e+001 -2.557668e+001  2.500000e+000
    endloop
  endfacet
  facet normal  -0.000000e+000  -0.000000e+000  1.000000e+000
    outer loop
      vertex -1.200000e+001 -1.035000e+001  2.500000e+000
      vertex -1.062547e+001 -2.557668e+001  2.500000e+000
      vertex -1.014228e+001 -2.641359e+001  2.500000e+000
    endloop
  endfacet
  facet normal  0.000000e+000  -0.000000e+000  1.000000e+000
    outer loop
      vertex -1.200000e+001 -1.035000e+001  2.500000e+000
      vertex -1.014228e+001 -2.641359e+001  2.500000e+000
      vertex -9.000000e+000 -1.035000e+001  2.500000e+000
    endloop
  endfacet
  facet normal  0.000000e+000  0.000000e+000  1.000000e+000
    outer loop
      vertex -1.200000e+001 -4.650000e+000  2.500000e+000
      vertex -1.811612e+001 -6.161165e-001  2.500000e+000
      vertex -1.796066e+001 -8.055372e-001  2.500000e+000
    endloop
  endfacet
  facet normal  0.000000e+000  0.000000e+000  1.000000e+000
    outer loop
      vertex -1.200000e+001 -4.650000e+000  2.500000e+000
      vertex -1.796066e+001 -8.055372e-001  2.500000e+000
      vertex -1.784515e+001 -1.021646e+000  2.500000e+000
    endloop
  endfacet
  facet normal  0.000000e+000  0.000000e+000  1.000000e+000
    outer loop
      vertex -1.200000e+001 -4.650000e+000  2.500000e+000
      vertex -1.784515e+001 -1.021646e+000  2.500000e+000
      vertex -1.777402e+001 -1.256137e+000  2.500000e+000
    endloop
  endfacet
  facet normal  0.000000e+000  0.000000e+000  1.000000e+000
    outer loop
      vertex -1.200000e+001 -4.650000e+000  2.500000e+000
      vertex -1.777402e+001 -1.256137e+000  2.500000e+000
      vertex -1.775000e+001 -1.500000e+000  2.500000e+000
    endloop
  endfacet
  facet normal  0.000000e+000  0.000000e+000  9.999999e-001
    outer loop
      vertex -1.200000e+001 -4.650000e+000  2.500000e+000
      vertex -1.775000e+001 -1.500000e+000  2.500000e+000
      vertex -1.777402e+001 -1.743863e+000  2.500000e+000
    endloop
  endfacet
  facet normal  0.000000e+000  0.000000e+000  9.999999e-001
    outer loop
      vertex -1.200000e+001 -4.650000e+000  2.500000e+000
      vertex -1.777402e+001 -1.743863e+000  2.500000e+000
      vertex -1.784515e+001 -1.978354e+000  2.500000e+000
    endloop
  endfacet
  facet normal  0.000000e+000  0.000000e+000  9.999999e-001
    outer loop
      vertex -1.200000e+001 -4.650000e+000  2.500000e+000
      vertex -1.784515e+001 -1.978354e+000  2.500000e+000
      vertex -1.796066e+001 -2.194463e+000  2.500000e+000
    endloop
  endfacet
  facet normal  0.000000e+000  0.000000e+000  1.000000e+000
    outer loop
      vertex -1.200000e+001 -4.650000e+000  2.500000e+000
      vertex -1.796066e+001 -2.194463e+000  2.500000e+000
      vertex -1.811612e+001 -2.383883e+000  2.500000e+000
    endloop
  endfacet
  facet normal  0.000000e+000  0.000000e+000  1.000000e+000
    outer loop
      vertex -1.200000e+001 -4.650000e+000  2.500000e+000
      vertex -1.811612e+001 -2.383883e+000  2.500000e+000
      vertex -1.830554e+001 -2.539337e+000  2.500000e+000
    endloop
  endfacet
  facet normal  0.000000e+000  0.000000e+000  1.000000e+000
    outer loop
      vertex -1.200000e+001 -4.650000e+000  2.500000e+000
      vertex -1.830554e+001 -2.539337e+000  2.500000e+000
      vertex -1.852165e+001 -2.654850e+000  2.500000e+000
    endloop
  endfacet
  facet normal  0.000000e+000  0.000000e+000  9.999999e-001
    outer loop
      vertex -1.200000e+001 -4.650000e+000  2.500000e+000
      vertex -1.852165e+001 -2.654850e+000  2.500000e+000
      vertex -1.875614e+001 -2.725982e+000  2.500000e+000
    endloop
  endfacet
  facet normal  0.000000e+000  0.000000e+000  1.000000e+000
    outer loop
      vertex -1.200000e+001 -4.650000e+000  2.500000e+000
      vertex -1.875614e+001 -2.725982e+000  2.500000e+000
      vertex -1.900000e+001 -2.750000e+000  2.500000e+000
    endloop
  endfacet
  facet normal  0.000000e+000  0.000000e+000  1.000000e+000
    outer loop
      vertex -2.350000e+001 -1.300000e+001  2.500000e+000
      vertex -1.500000e+001 -1.300000e+001  2.500000e+000
      vertex -1.900000e+001 -2.750000e+000  2.500000e+000
    endloop
  endfacet
  facet normal  0.000000e+000  0.000000e+000  1.000000e+000
    outer loop
      vertex -2.350000e+001 -1.300000e+001  2.500000e+000
      vertex -1.900000e+001 -2.750000e+000  2.500000e+000
      vertex -1.924386e+001 -2.725982e+000  2.500000e+000
    endloop
  endfacet
  facet normal  0.000000e+000  0.000000e+000  1.000000e+000
    outer loop
      vertex -2.350000e+001 -1.300000e+001  2.500000e+000
      vertex -1.924386e+001 -2.725982e+000  2.500000e+000
      vertex -1.947835e+001 -2.654850e+000  2.500000e+000
    endloop
  endfacet
  facet normal  0.000000e+000  0.000000e+000  1.000000e+000
    outer loop
      vertex -2.350000e+001 -1.300000e+001  2.500000e+000
      vertex -1.947835e+001 -2.654850e+000  2.500000e+000
      vertex -1.969446e+001 -2.539337e+000  2.500000e+000
    endloop
  endfacet
  facet normal  0.000000e+000  0.000000e+000  1.000000e+000
    outer loop
      vertex -2.350000e+001 -1.300000e+001  2.500000e+000
      vertex -1.969446e+001 -2.539337e+000  2.500000e+000
      vertex -1.988388e+001 -2.383883e+000  2.500000e+000
    endloop
  endfacet
  facet normal  0.000000e+000  0.000000e+000  1.000000e+000
    outer loop
      vertex -2.350000e+001 -1.300000e+001  2.500000e+000
      vertex -1.988388e+001 -2.383883e+000  2.500000e+000
      vertex -2.003934e+001 -2.194463e+000  2.500000e+000
    endloop
  endfacet
  facet normal  0.000000e+000  0.000000e+000  1.000000e+000
    outer loop
      vertex -2.350000e+001 -1.300000e+001  2.500000e+000
      vertex -2.003934e+001 -2.194463e+000  2.500000e+000
      vertex -2.015485e+001 -1.978354e+000  2.500000e+000
    endloop
  endfacet
  facet normal  0.000000e+000  0.000000e+000  1.000000e+000
    outer loop
      vertex -2.350000e+001 -1.300000e+001  2.500000e+000
      vertex -2.015485e+001 -1.978354e+000  2.500000e+000
      vertex -2.022598e+001 -1.743863e+000  2.500000e+000
    endloop
  endfacet
  facet normal  0.000000e+000  0.000000e+000  1.000000e+000
    outer loop
      vertex -2.350000e+001 -1.300000e+001  2.500000e+000
      vertex -2.022598e+001 -1.743863e+000  2.500000e+000
      vertex -2.025000e+001 -1.500000e+000  2.500000e+000
    endloop
  endfacet
  facet normal  0.000000e+000  0.000000e+000  1.000000e+000
    outer loop
      vertex -2.350000e+001 -1.300000e+001  2.500000e+000
      vertex -2.025000e+001 -1.500000e+000  2.500000e+000
      vertex -2.850000e+001  4.866011e-003  2.500000e+000
    endloop
  endfacet
  facet normal  0.000000e+000  0.000000e+000  1.000000e+000
    outer loop
      vertex -2.350000e+001 -1.300000e+001  2.500000e+000
      vertex -2.850000e+001  4.866011e-003  2.500000e+000
      vertex -3.200000e+001 -1.300000e+001  2.500000e+000
    endloop
  endfacet
  facet normal  0.000000e+000  -0.000000e+000  1.000000e+000
    outer loop
      vertex -2.850000e+001  4.866011e-003  2.500000e+000
      vertex -2.025000e+001 -1.500000e+000  2.500000e+000
      vertex -2.022598e+001 -1.256137e+000  2.500000e+000
    endloop
  endfacet
  facet normal  0.000000e+000  -0.000000e+000  1.000000e+000
    outer loop
      vertex -2.850000e+001  4.866011e-003  2.500000e+000
      vertex -2.022598e+001 -1.256137e+000  2.500000e+000
      vertex -2.015485e+001 -1.021646e+000  2.500000e+000
    endloop
  endfacet
  facet normal  0.000000e+000  -0.000000e+000  1.000000e+000
    outer loop
      vertex -2.850000e+001  4.866011e-003  2.500000e+000
      vertex -2.015485e+001 -1.021646e+000  2.500000e+000
      vertex -2.003934e+001 -8.055372e-001  2.500000e+000
    endloop
  endfacet
  facet normal  0.000000e+000  -0.000000e+000  1.000000e+000
    outer loop
      vertex -2.850000e+001  4.866011e-003  2.500000e+000
      vertex -2.003934e+001 -8.055372e-001  2.500000e+000
      vertex -1.988388e+001 -6.161165e-001  2.500000e+000
    endloop
  endfacet
  facet normal  0.000000e+000  -0.000000e+000  1.000000e+000
    outer loop
      vertex -2.850000e+001  4.866011e-003  2.500000e+000
      vertex -1.988388e+001 -6.161165e-001  2.500000e+000
      vertex -1.969446e+001 -4.606630e-001  2.500000e+000
    endloop
  endfacet
  facet normal  0.000000e+000  -0.000000e+000  1.000000e+000
    outer loop
      vertex -2.850000e+001  4.866011e-003  2.500000e+000
      vertex -1.969446e+001 -4.606630e-001  2.500000e+000
      vertex -1.900000e+001  4.866011e-003  2.500000e+000
    endloop
  endfacet
  facet normal  -0.000000e+000  0.000000e+000  1.000000e+000
    outer loop
      vertex -2.844456e+001  3.065176e+001  2.500000e+000
      vertex -2.907515e+001  3.018408e+001  2.500000e+000
      vertex -2.850000e+001  1.775000e+001  2.500000e+000
    endloop
  endfacet
  facet normal  0.000000e+000  0.000000e+000  1.000000e+000
    outer loop
      vertex -2.844456e+001  3.065176e+001  2.500000e+000
      vertex -2.850000e+001  1.775000e+001  2.500000e+000
      vertex -2.125000e+001  2.216506e+001  2.500000e+000
    endloop
  endfacet
  facet normal  0.000000e+000  -0.000000e+000  1.000000e+000
    outer loop
      vertex -2.844456e+001  3.065176e+001  2.500000e+000
      vertex -2.125000e+001  2.216506e+001  2.500000e+000
      vertex -2.085505e+001  2.234923e+001  2.500000e+000
    endloop
  endfacet
  facet normal  0.000000e+000  -0.000000e+000  1.000000e+000
    outer loop
      vertex -2.844456e+001  3.065176e+001  2.500000e+000
      vertex -2.085505e+001  2.234923e+001  2.500000e+000
      vertex -2.043412e+001  2.246202e+001  2.500000e+000
    endloop
  endfacet
  facet normal  0.000000e+000  -0.000000e+000  1.000000e+000
    outer loop
      vertex -2.844456e+001  3.065176e+001  2.500000e+000
      vertex -2.043412e+001  2.246202e+001  2.500000e+000
      vertex -2.000000e+001  2.250000e+001  2.500000e+000
    endloop
  endfacet
  facet normal  -0.000000e+000  0.000000e+000  1.000000e+000
    outer loop
      vertex  8.700000e+000 -7.800000e+000  2.500000e+000
      vertex  2.669723e-015 -1.640000e+001  2.500000e+000
      vertex  5.123334e-001 -1.643664e+001  2.500000e+000
    endloop
  endfacet
  facet normal  -0.000000e+000  0.000000e+000  1.000000e+000
    outer loop
      vertex  8.700000e+000 -7.800000e+000  2.500000e+000
      vertex  5.123334e-001 -1.643664e+001  2.500000e+000
      vertex  1.014237e+000 -1.654583e+001  2.500000e+000
    endloop
  endfacet
  facet normal  -0.000000e+000  0.000000e+000  1.000000e+000
    outer loop
      vertex  8.700000e+000 -7.800000e+000  2.500000e+000
      vertex  1.014237e+000 -1.654583e+001  2.500000e+000
      vertex  1.495494e+000 -1.672532e+001  2.500000e+000
    endloop
  endfacet
  facet normal  -0.000000e+000  0.000000e+000  1.000000e+000
    outer loop
      vertex  8.700000e+000 -7.800000e+000  2.500000e+000
      vertex  1.495494e+000 -1.672532e+001  2.500000e+000
      vertex  1.946307e+000 -1.697149e+001  2.500000e+000
    endloop
  endfacet
  facet normal  -0.000000e+000  0.000000e+000  1.000000e+000
    outer loop
      vertex  8.700000e+000 -7.800000e+000  2.500000e+000
      vertex  1.946307e+000 -1.697149e+001  2.500000e+000
      vertex  2.357499e+000 -1.727930e+001  2.500000e+000
    endloop
  endfacet
  facet normal  -0.000000e+000  0.000000e+000  1.000000e+000
    outer loop
      vertex  8.700000e+000 -7.800000e+000  2.500000e+000
      vertex  2.357499e+000 -1.727930e+001  2.500000e+000
      vertex  2.720698e+000 -1.764250e+001  2.500000e+000
    endloop
  endfacet
  facet normal  -0.000000e+000  0.000000e+000  1.000000e+000
    outer loop
      vertex  8.700000e+000 -7.800000e+000  2.500000e+000
      vertex  2.720698e+000 -1.764250e+001  2.500000e+000
      vertex  3.028513e+000 -1.805369e+001  2.500000e+000
    endloop
  endfacet
  facet normal  -0.000000e+000  0.000000e+000  1.000000e+000
    outer loop
      vertex  8.700000e+000 -7.800000e+000  2.500000e+000
      vertex  3.028513e+000 -1.805369e+001  2.500000e+000
      vertex  3.274675e+000 -1.850451e+001  2.500000e+000
    endloop
  endfacet
  facet normal  -0.000000e+000  0.000000e+000  1.000000e+000
    outer loop
      vertex  8.700000e+000 -7.800000e+000  2.500000e+000
      vertex  3.274675e+000 -1.850451e+001  2.500000e+000
      vertex  3.454175e+000 -1.898576e+001  2.500000e+000
    endloop
  endfacet
  facet normal  -0.000000e+000  0.000000e+000  1.000000e+000
    outer loop
      vertex  8.700000e+000 -7.800000e+000  2.500000e+000
      vertex  3.454175e+000 -1.898576e+001  2.500000e+000
      vertex  3.563357e+000 -1.948767e+001  2.500000e+000
    endloop
  endfacet
  facet normal  -0.000000e+000  0.000000e+000  1.000000e+000
    outer loop
      vertex  8.700000e+000 -7.800000e+000  2.500000e+000
      vertex  3.563357e+000 -1.948767e+001  2.500000e+000
      vertex  3.600000e+000 -2.000000e+001  2.500000e+000
    endloop
  endfacet
  facet normal  -0.000000e+000  0.000000e+000  1.000000e+000
    outer loop
      vertex  8.700000e+000 -7.800000e+000  2.500000e+000
      vertex  3.600000e+000 -2.000000e+001  2.500000e+000
      vertex  3.563357e+000 -2.051233e+001  2.500000e+000
    endloop
  endfacet
  facet normal  -0.000000e+000  0.000000e+000  1.000000e+000
    outer loop
      vertex  8.700000e+000 -7.800000e+000  2.500000e+000
      vertex  3.563357e+000 -2.051233e+001  2.500000e+000
      vertex  8.982129e+000 -2.795747e+001  2.500000e+000
    endloop
  endfacet
  facet normal  0.000000e+000  -0.000000e+000  1.000000e+000
    outer loop
      vertex  8.700000e+000 -7.800000e+000  2.500000e+000
      vertex  8.982129e+000 -2.795747e+001  2.500000e+000
      vertex  9.593313e+000 -2.720891e+001  2.500000e+000
    endloop
  endfacet
  facet normal  0.000000e+000  -0.000000e+000  1.000000e+000
    outer loop
      vertex  8.700000e+000 -7.800000e+000  2.500000e+000
      vertex  9.593313e+000 -2.720891e+001  2.500000e+000
      vertex  1.014228e+001 -2.641359e+001  2.500000e+000
    endloop
  endfacet
  facet normal  0.000000e+000  -0.000000e+000  1.000000e+000
    outer loop
      vertex  8.700000e+000 -7.800000e+000  2.500000e+000
      vertex  1.014228e+001 -2.641359e+001  2.500000e+000
      vertex  1.062547e+001 -2.557668e+001  2.500000e+000
    endloop
  endfacet
  facet normal  0.000000e+000  -0.000000e+000  1.000000e+000
    outer loop
      vertex  8.700000e+000 -7.800000e+000  2.500000e+000
      vertex  1.062547e+001 -2.557668e+001  2.500000e+000
      vertex  1.103975e+001 -2.470360e+001  2.500000e+000
    endloop
  endfacet
  facet normal  0.000000e+000  -0.000000e+000  1.000000e+000
    outer loop
      vertex  8.700000e+000 -7.800000e+000  2.500000e+000
      vertex  1.103975e+001 -2.470360e+001  2.500000e+000
      vertex  1.138244e+001 -2.380002e+001  2.500000e+000
    endloop
  endfacet
  facet normal  0.000000e+000  -0.000000e+000  1.000000e+000
    outer loop
      vertex  8.700000e+000 -7.800000e+000  2.500000e+000
      vertex  1.138244e+001 -2.380002e+001  2.500000e+000
      vertex  1.165130e+001 -2.287179e+001  2.500000e+000
    endloop
  endfacet
  facet normal  0.000000e+000  -0.000000e+000  1.000000e+000
    outer loop
      vertex  8.700000e+000 -7.800000e+000  2.500000e+000
      vertex  1.165130e+001 -2.287179e+001  2.500000e+000
      vertex  1.184460e+001 -2.192494e+001  2.500000e+000
    endloop
  endfacet
  facet normal  0.000000e+000  -0.000000e+000  1.000000e+000
    outer loop
      vertex  8.700000e+000 -7.800000e+000  2.500000e+000
      vertex  1.184460e+001 -2.192494e+001  2.500000e+000
      vertex  1.196109e+001 -2.096560e+001  2.500000e+000
    endloop
  endfacet
  facet normal  0.000000e+000  -0.000000e+000  1.000000e+000
    outer loop
      vertex  8.700000e+000 -7.800000e+000  2.500000e+000
      vertex  1.196109e+001 -2.096560e+001  2.500000e+000
      vertex  1.200000e+001 -1.650000e+001  2.500000e+000
    endloop
  endfacet
  facet normal  0.000000e+000  -0.000000e+000  9.999999e-001
    outer loop
      vertex  8.700000e+000 -7.800000e+000  2.500000e+000
      vertex  1.200000e+001 -1.650000e+001  2.500000e+000
      vertex  1.200000e+001 -1.300000e+001  2.500000e+000
    endloop
  endfacet
  facet normal  0.000000e+000  -0.000000e+000  1.000000e+000
    outer loop
      vertex  8.700000e+000 -7.800000e+000  2.500000e+000
      vertex  1.200000e+001 -1.300000e+001  2.500000e+000
      vertex  1.350000e+001 -1.300000e+001  2.500000e+000
    endloop
  endfacet
  facet normal  0.000000e+000  -0.000000e+000  1.000000e+000
    outer loop
      vertex  8.700000e+000 -7.800000e+000  2.500000e+000
      vertex  1.350000e+001 -1.300000e+001  2.500000e+000
      vertex  1.500000e+001 -1.300000e+001  2.500000e+000
    endloop
  endfacet
  facet normal  0.000000e+000  -0.000000e+000  1.000000e+000
    outer loop
      vertex  8.700000e+000 -7.800000e+000  2.500000e+000
      vertex  1.500000e+001 -1.300000e+001  2.500000e+000
      vertex  2.350000e+001 -1.300000e+001  2.500000e+000
    endloop
  endfacet
  facet normal  0.000000e+000  -0.000000e+000  1.000000e+000
    outer loop
      vertex  8.700000e+000 -7.800000e+000  2.500000e+000
      vertex  2.350000e+001 -1.300000e+001  2.500000e+000
      vertex  2.430000e+001 -7.800000e+000  2.500000e+000
    endloop
  endfacet
  facet normal  0.000000e+000  -0.000000e+000  1.000000e+000
    outer loop
      vertex  8.453850e-015 -3.200000e+001  2.500000e+000
      vertex  4.831913e-001 -3.199027e+001  2.500000e+000
      vertex  1.446440e+000 -3.191251e+001  2.500000e+000
    endloop
  endfacet
  facet normal  0.000000e+000  -0.000000e+000  1.000000e+000
    outer loop
      vertex  8.453850e-015 -3.200000e+001  2.500000e+000
      vertex  1.446440e+000 -3.191251e+001  2.500000e+000
      vertex  2.400308e+000 -3.175749e+001  2.500000e+000
    endloop
  endfacet
  facet normal  0.000000e+000  -0.000000e+000  1.000000e+000
    outer loop
      vertex  8.453850e-015 -3.200000e+001  2.500000e+000
      vertex  2.400308e+000 -3.175749e+001  2.500000e+000
      vertex  3.338609e+000 -3.152622e+001  2.500000e+000
    endloop
  endfacet
  facet normal  0.000000e+000  -0.000000e+000  1.000000e+000
    outer loop
      vertex  8.453850e-015 -3.200000e+001  2.500000e+000
      vertex  3.338609e+000 -3.152622e+001  2.500000e+000
      vertex  4.255259e+000 -3.122020e+001  2.500000e+000
    endloop
  endfacet
  facet normal  0.000000e+000  -0.000000e+000  1.000000e+000
    outer loop
      vertex  8.453850e-015 -3.200000e+001  2.500000e+000
      vertex  4.255259e+000 -3.122020e+001  2.500000e+000
      vertex  5.144311e+000 -3.084141e+001  2.500000e+000
    endloop
  endfacet
  facet normal  0.000000e+000  -0.000000e+000  1.000000e+000
    outer loop
      vertex  8.453850e-015 -3.200000e+001  2.500000e+000
      vertex  5.144311e+000 -3.084141e+001  2.500000e+000
      vertex  6.000000e+000 -3.039231e+001  2.500000e+000
    endloop
  endfacet
  facet normal  0.000000e+000  -0.000000e+000  1.000000e+000
    outer loop
      vertex  8.453850e-015 -3.200000e+001  2.500000e+000
      vertex  6.000000e+000 -3.039231e+001  2.500000e+000
      vertex  6.816777e+000 -2.987581e+001  2.500000e+000
    endloop
  endfacet
  facet normal  0.000000e+000  -0.000000e+000  1.000000e+000
    outer loop
      vertex  8.453850e-015 -3.200000e+001  2.500000e+000
      vertex  6.816777e+000 -2.987581e+001  2.500000e+000
      vertex  7.589345e+000 -2.929526e+001  2.500000e+000
    endloop
  endfacet
  facet normal  0.000000e+000  -0.000000e+000  1.000000e+000
    outer loop
      vertex  8.453850e-015 -3.200000e+001  2.500000e+000
      vertex  7.589345e+000 -2.929526e+001  2.500000e+000
      vertex  8.312693e+000 -2.865443e+001  2.500000e+000
    endloop
  endfacet
  facet normal  0.000000e+000  -0.000000e+000  1.000000e+000
    outer loop
      vertex  8.453850e-015 -3.200000e+001  2.500000e+000
      vertex  8.312693e+000 -2.865443e+001  2.500000e+000
      vertex  8.982129e+000 -2.795747e+001  2.500000e+000
    endloop
  endfacet
  facet normal  0.000000e+000  0.000000e+000  1.000000e+000
    outer loop
      vertex  8.453850e-015 -3.200000e+001  2.500000e+000
      vertex  8.982129e+000 -2.795747e+001  2.500000e+000
      vertex  3.454175e+000 -2.101424e+001  2.500000e+000
    endloop
  endfacet
  facet normal  0.000000e+000  0.000000e+000  1.000000e+000
    outer loop
      vertex  8.453850e-015 -3.200000e+001  2.500000e+000
      vertex  3.454175e+000 -2.101424e+001  2.500000e+000
      vertex  3.274675e+000 -2.149549e+001  2.500000e+000
    endloop
  endfacet
  facet normal  0.000000e+000  0.000000e+000  1.000000e+000
    outer loop
      vertex  8.453850e-015 -3.200000e+001  2.500000e+000
      vertex  3.274675e+000 -2.149549e+001  2.500000e+000
      vertex  3.028513e+000 -2.194631e+001  2.500000e+000
    endloop
  endfacet
  facet normal  0.000000e+000  0.000000e+000  9.999999e-001
    outer loop
      vertex  8.453850e-015 -3.200000e+001  2.500000e+000
      vertex  3.028513e+000 -2.194631e+001  2.500000e+000
      vertex  2.720698e+000 -2.235750e+001  2.500000e+000
    endloop
  endfacet
  facet normal  0.000000e+000  0.000000e+000  9.999999e-001
    outer loop
      vertex  8.453850e-015 -3.200000e+001  2.500000e+000
      vertex  2.720698e+000 -2.235750e+001  2.500000e+000
      vertex  2.357499e+000 -2.272070e+001  2.500000e+000
    endloop
  endfacet
  facet normal  0.000000e+000  0.000000e+000  1.000000e+000
    outer loop
      vertex  8.453850e-015 -3.200000e+001  2.500000e+000
      vertex  2.357499e+000 -2.272070e+001  2.500000e+000
      vertex  1.946307e+000 -2.302851e+001  2.500000e+000
    endloop
  endfacet
  facet normal  0.000000e+000  0.000000e+000  1.000000e+000
    outer loop
      vertex  8.453850e-015 -3.200000e+001  2.500000e+000
      vertex  1.946307e+000 -2.302851e+001  2.500000e+000
      vertex  1.495494e+000 -2.327468e+001  2.500000e+000
    endloop
  endfacet
  facet normal  0.000000e+000  0.000000e+000  1.000000e+000
    outer loop
      vertex  8.453850e-015 -3.200000e+001  2.500000e+000
      vertex  1.495494e+000 -2.327468e+001  2.500000e+000
      vertex  1.014237e+000 -2.345417e+001  2.500000e+000
    endloop
  endfacet
  facet normal  0.000000e+000  0.000000e+000  1.000000e+000
    outer loop
      vertex  8.453850e-015 -3.200000e+001  2.500000e+000
      vertex  1.014237e+000 -2.345417e+001  2.500000e+000
      vertex  5.123334e-001 -2.356336e+001  2.500000e+000
    endloop
  endfacet
  facet normal  0.000000e+000  0.000000e+000  1.000000e+000
    outer loop
      vertex  8.453850e-015 -3.200000e+001  2.500000e+000
      vertex  5.123334e-001 -2.356336e+001  2.500000e+000
      vertex -1.409436e-015 -2.360000e+001  2.500000e+000
    endloop
  endfacet
  facet normal  0.000000e+000  -0.000000e+000  1.000000e+000
    outer loop
      vertex  3.552714e-015  4.866011e-003  2.500000e+000
      vertex  8.700000e+000  4.866011e-003  2.500000e+000
      vertex  8.700000e+000  3.200000e+000  2.500000e+000
    endloop
  endfacet
  facet normal  0.000000e+000  -0.000000e+000  1.000000e+000
    outer loop
      vertex  3.552714e-015  4.866011e-003  2.500000e+000
      vertex  8.700000e+000  3.200000e+000  2.500000e+000
      vertex  9.720487e+000  4.839119e+000  2.500000e+000
    endloop
  endfacet
  facet normal  0.000000e+000  0.000000e+000  1.000000e+000
    outer loop
      vertex  3.552714e-015  4.866011e-003  2.500000e+000
      vertex  9.720487e+000  4.839119e+000  2.500000e+000
      vertex  9.279513e+000  4.839119e+000  2.500000e+000
    endloop
  endfacet
  facet normal  0.000000e+000  0.000000e+000  1.000000e+000
    outer loop
      vertex  3.552714e-015  4.866011e-003  2.500000e+000
      vertex  9.279513e+000  4.839119e+000  2.500000e+000
      vertex  8.844554e+000  4.911701e+000  2.500000e+000
    endloop
  endfacet
  facet normal  0.000000e+000  0.000000e+000  1.000000e+000
    outer loop
      vertex  3.552714e-015  4.866011e-003  2.500000e+000
      vertex  8.844554e+000  4.911701e+000  2.500000e+000
      vertex  8.427473e+000  5.054885e+000  2.500000e+000
    endloop
  endfacet
  facet normal  0.000000e+000  0.000000e+000  1.000000e+000
    outer loop
      vertex  3.552714e-015  4.866011e-003  2.500000e+000
      vertex  8.427473e+000  5.054885e+000  2.500000e+000
      vertex  8.039648e+000  5.264766e+000  2.500000e+000
    endloop
  endfacet
  facet normal  0.000000e+000  0.000000e+000  1.000000e+000
    outer loop
      vertex  3.552714e-015  4.866011e-003  2.500000e+000
      vertex  8.039648e+000  5.264766e+000  2.500000e+000
      vertex  7.691658e+000  5.535617e+000  2.500000e+000
    endloop
  endfacet
  facet normal  0.000000e+000  0.000000e+000  1.000000e+000
    outer loop
      vertex  3.552714e-015  4.866011e-003  2.500000e+000
      vertex  7.691658e+000  5.535617e+000  2.500000e+000
      vertex  7.392995e+000  5.860052e+000  2.500000e+000
    endloop
  endfacet
  facet normal  0.000000e+000  0.000000e+000  1.000000e+000
    outer loop
      vertex  3.552714e-015  4.866011e-003  2.500000e+000
      vertex  7.392995e+000  5.860052e+000  2.500000e+000
      vertex  7.151805e+000  6.229220e+000  2.500000e+000
    endloop
  endfacet
  facet normal  0.000000e+000  0.000000e+000  1.000000e+000
    outer loop
      vertex  3.552714e-015  4.866011e-003  2.500000e+000
      vertex  7.151805e+000  6.229220e+000  2.500000e+000
      vertex  6.974668e+000  6.633052e+000  2.500000e+000
    endloop
  endfacet
  facet normal  0.000000e+000  0.000000e+000  9.999999e-001
    outer loop
      vertex  3.552714e-015  4.866011e-003  2.500000e+000
      vertex  6.974668e+000  6.633052e+000  2.500000e+000
      vertex  6.866416e+000  7.060533e+000  2.500000e+000
    endloop
  endfacet
  facet normal  0.000000e+000  0.000000e+000  1.000000e+000
    outer loop
      vertex  3.552714e-015  4.866011e-003  2.500000e+000
      vertex  6.866416e+000  7.060533e+000  2.500000e+000
      vertex  6.830000e+000  7.500000e+000  2.500000e+000
    endloop
  endfacet
  facet normal  0.000000e+000  -0.000000e+000  1.000000e+000
    outer loop
      vertex  3.552714e-015  4.866011e-003  2.500000e+000
      vertex  6.830000e+000  7.500000e+000  2.500000e+000
      vertex  6.866416e+000  7.939467e+000  2.500000e+000
    endloop
  endfacet
  facet normal  0.000000e+000  -0.000000e+000  1.000000e+000
    outer loop
      vertex  3.552714e-015  4.866011e-003  2.500000e+000
      vertex  6.866416e+000  7.939467e+000  2.500000e+000
      vertex  6.974668e+000  8.366947e+000  2.500000e+000
    endloop
  endfacet
  facet normal  0.000000e+000  -0.000000e+000  1.000000e+000
    outer loop
      vertex  3.552714e-015  4.866011e-003  2.500000e+000
      vertex  6.974668e+000  8.366947e+000  2.500000e+000
      vertex  7.151805e+000  8.770780e+000  2.500000e+000
    endloop
  endfacet
  facet normal  0.000000e+000  -0.000000e+000  1.000000e+000
    outer loop
      vertex  3.552714e-015  4.866011e-003  2.500000e+000
      vertex  7.151805e+000  8.770780e+000  2.500000e+000
      vertex  7.392995e+000  9.139948e+000  2.500000e+000
    endloop
  endfacet
  facet normal  0.000000e+000  0.000000e+000  1.000000e+000
    outer loop
      vertex  3.552714e-015  4.866011e-003  2.500000e+000
      vertex  7.392995e+000  9.139948e+000  2.500000e+000
      vertex  1.776357e-015  3.200000e+001  2.500000e+000
    endloop
  endfacet
  facet normal  0.000000e+000  0.000000e+000  1.000000e+000
    outer loop
      vertex  9.720487e+000  1.016088e+001  2.500000e+000
      vertex  2.000000e+001  1.750000e+001  2.500000e+000
      vertex  1.956588e+001  1.753798e+001  2.500000e+000
    endloop
  endfacet
  facet normal  0.000000e+000  0.000000e+000  1.000000e+000
    outer loop
      vertex  9.720487e+000  1.016088e+001  2.500000e+000
      vertex  1.956588e+001  1.753798e+001  2.500000e+000
      vertex  1.914495e+001  1.765077e+001  2.500000e+000
    endloop
  endfacet
  facet normal  0.000000e+000  0.000000e+000  1.000000e+000
    outer loop
      vertex  9.720487e+000  1.016088e+001  2.500000e+000
      vertex  1.914495e+001  1.765077e+001  2.500000e+000
      vertex  1.875000e+001  1.783494e+001  2.500000e+000
    endloop
  endfacet
  facet normal  0.000000e+000  0.000000e+000  1.000000e+000
    outer loop
      vertex  9.720487e+000  1.016088e+001  2.500000e+000
      vertex  1.875000e+001  1.783494e+001  2.500000e+000
      vertex  1.839303e+001  1.808489e+001  2.500000e+000
    endloop
  endfacet
  facet normal  0.000000e+000  0.000000e+000  9.999999e-001
    outer loop
      vertex  9.720487e+000  1.016088e+001  2.500000e+000
      vertex  1.839303e+001  1.808489e+001  2.500000e+000
      vertex  1.808489e+001  1.839303e+001  2.500000e+000
    endloop
  endfacet
  facet normal  0.000000e+000  0.000000e+000  9.999999e-001
    outer loop
      vertex  9.720487e+000  1.016088e+001  2.500000e+000
      vertex  1.808489e+001  1.839303e+001  2.500000e+000
      vertex  1.783494e+001  1.875000e+001  2.500000e+000
    endloop
  endfacet
  facet normal  0.000000e+000  0.000000e+000  1.000000e+000
    outer loop
      vertex  9.720487e+000  1.016088e+001  2.500000e+000
      vertex  1.783494e+001  1.875000e+001  2.500000e+000
      vertex  1.765077e+001  1.914495e+001  2.500000e+000
    endloop
  endfacet
  facet normal  0.000000e+000  0.000000e+000  1.000000e+000
    outer loop
      vertex  9.720487e+000  1.016088e+001  2.500000e+000
      vertex  1.765077e+001  1.914495e+001  2.500000e+000
      vertex  1.753798e+001  1.956588e+001  2.500000e+000
    endloop
  endfacet
  facet normal  0.000000e+000  0.000000e+000  9.999999e-001
    outer loop
      vertex  9.720487e+000  1.016088e+001  2.500000e+000
      vertex  1.753798e+001  1.956588e+001  2.500000e+000
      vertex  1.750000e+001  2.000000e+001  2.500000e+000
    endloop
  endfacet
  facet normal  0.000000e+000  -0.000000e+000  1.000000e+000
    outer loop
      vertex  1.776357e-015  3.200000e+001  2.500000e+000
      vertex  7.392995e+000  9.139948e+000  2.500000e+000
      vertex  7.691658e+000  9.464383e+000  2.500000e+000
    endloop
  endfacet
  facet normal  0.000000e+000  -0.000000e+000  1.000000e+000
    outer loop
      vertex  1.776357e-015  3.200000e+001  2.500000e+000
      vertex  7.691658e+000  9.464383e+000  2.500000e+000
      vertex  8.039648e+000  9.735234e+000  2.500000e+000
    endloop
  endfacet
  facet normal  0.000000e+000  -0.000000e+000  1.000000e+000
    outer loop
      vertex  1.776357e-015  3.200000e+001  2.500000e+000
      vertex  8.039648e+000  9.735234e+000  2.500000e+000
      vertex  8.427473e+000  9.945115e+000  2.500000e+000
    endloop
  endfacet
  facet normal  0.000000e+000  -0.000000e+000  1.000000e+000
    outer loop
      vertex  1.776357e-015  3.200000e+001  2.500000e+000
      vertex  8.427473e+000  9.945115e+000  2.500000e+000
      vertex  8.844554e+000  1.008830e+001  2.500000e+000
    endloop
  endfacet
  facet normal  0.000000e+000  -0.000000e+000  9.999999e-001
    outer loop
      vertex  1.776357e-015  3.200000e+001  2.500000e+000
      vertex  8.844554e+000  1.008830e+001  2.500000e+000
      vertex  9.279513e+000  1.016088e+001  2.500000e+000
    endloop
  endfacet
  facet normal  0.000000e+000  -0.000000e+000  1.000000e+000
    outer loop
      vertex  1.776357e-015  3.200000e+001  2.500000e+000
      vertex  9.279513e+000  1.016088e+001  2.500000e+000
      vertex  9.720487e+000  1.016088e+001  2.500000e+000
    endloop
  endfacet
  facet normal  0.000000e+000  -0.000000e+000  1.000000e+000
    outer loop
      vertex  1.776357e-015  3.200000e+001  2.500000e+000
      vertex  9.720487e+000  1.016088e+001  2.500000e+000
      vertex  1.750000e+001  2.000000e+001  2.500000e+000
    endloop
  endfacet
  facet normal  0.000000e+000  -0.000000e+000  1.000000e+000
    outer loop
      vertex  1.776357e-015  3.200000e+001  2.500000e+000
      vertex  1.750000e+001  2.000000e+001  2.500000e+000
      vertex  1.753798e+001  2.043412e+001  2.500000e+000
    endloop
  endfacet
  facet normal  0.000000e+000  -0.000000e+000  1.000000e+000
    outer loop
      vertex  1.776357e-015  3.200000e+001  2.500000e+000
      vertex  1.753798e+001  2.043412e+001  2.500000e+000
      vertex  1.765077e+001  2.085505e+001  2.500000e+000
    endloop
  endfacet
  facet normal  0.000000e+000  -0.000000e+000  1.000000e+000
    outer loop
      vertex  1.776357e-015  3.200000e+001  2.500000e+000
      vertex  1.765077e+001  2.085505e+001  2.500000e+000
      vertex  1.783494e+001  2.125000e+001  2.500000e+000
    endloop
  endfacet
  facet normal  0.000000e+000  -0.000000e+000  1.000000e+000
    outer loop
      vertex  1.776357e-015  3.200000e+001  2.500000e+000
      vertex  1.783494e+001  2.125000e+001  2.500000e+000
      vertex  1.808489e+001  2.160697e+001  2.500000e+000
    endloop
  endfacet
  facet normal  0.000000e+000  -0.000000e+000  1.000000e+000
    outer loop
      vertex  1.776357e-015  3.200000e+001  2.500000e+000
      vertex  1.808489e+001  2.160697e+001  2.500000e+000
      vertex  1.839303e+001  2.191511e+001  2.500000e+000
    endloop
  endfacet
  facet normal  0.000000e+000  -0.000000e+000  1.000000e+000
    outer loop
      vertex  1.776357e-015  3.200000e+001  2.500000e+000
      vertex  1.839303e+001  2.191511e+001  2.500000e+000
      vertex  1.875000e+001  2.216506e+001  2.500000e+000
    endloop
  endfacet
  facet normal  0.000000e+000  -0.000000e+000  9.999999e-001
    outer loop
      vertex  1.776357e-015  3.200000e+001  2.500000e+000
      vertex  1.875000e+001  2.216506e+001  2.500000e+000
      vertex  1.914495e+001  2.234923e+001  2.500000e+000
    endloop
  endfacet
  facet normal  0.000000e+000  -0.000000e+000  1.000000e+000
    outer loop
      vertex  1.776357e-015  3.200000e+001  2.500000e+000
      vertex  1.914495e+001  2.234923e+001  2.500000e+000
      vertex  1.956588e+001  2.246202e+001  2.500000e+000
    endloop
  endfacet
  facet normal  0.000000e+000  -0.000000e+000  1.000000e+000
    outer loop
      vertex  1.776357e-015  3.200000e+001  2.500000e+000
      vertex  1.956588e+001  2.246202e+001  2.500000e+000
      vertex  2.000000e+001  2.250000e+001  2.500000e+000
    endloop
  endfacet
  facet normal  -0.000000e+000  -0.000000e+000  1.000000e+000
    outer loop
      vertex  1.776357e-015  3.200000e+001  2.500000e+000
      vertex  2.000000e+001  2.250000e+001  2.500000e+000
      vertex  2.043412e+001  2.246202e+001  2.500000e+000
    endloop
  endfacet
  facet normal  -0.000000e+000  -0.000000e+000  1.000000e+000
    outer loop
      vertex  1.776357e-015  3.200000e+001  2.500000e+000
      vertex  2.043412e+001  2.246202e+001  2.500000e+000
      vertex  2.085505e+001  2.234923e+001  2.500000e+000
    endloop
  endfacet
  facet normal  0.000000e+000  -0.000000e+000  1.000000e+000
    outer loop
      vertex  2.327951e+001  1.016088e+001  2.500000e+000
      vertex  2.372049e+001  1.016088e+001  2.500000e+000
      vertex  2.400000e+001  3.200000e+001  2.500000e+000
    endloop
  endfacet
  facet normal  0.000000e+000  0.000000e+000  9.999999e-001
    outer loop
      vertex  2.327951e+001  1.016088e+001  2.500000e+000
      vertex  2.400000e+001  3.200000e+001  2.500000e+000
      vertex  2.250000e+001  2.000000e+001  2.500000e+000
    endloop
  endfacet
  facet normal  0.000000e+000  0.000000e+000  1.000000e+000
    outer loop
      vertex  2.327951e+001  1.016088e+001  2.500000e+000
      vertex  2.250000e+001  2.000000e+001  2.500000e+000
      vertex  2.246202e+001  1.956588e+001  2.500000e+000
    endloop
  endfacet
  facet normal  0.000000e+000  0.000000e+000  9.999999e-001
    outer loop
      vertex  2.327951e+001  1.016088e+001  2.500000e+000
      vertex  2.246202e+001  1.956588e+001  2.500000e+000
      vertex  2.234923e+001  1.914495e+001  2.500000e+000
    endloop
  endfacet
  facet normal  0.000000e+000  0.000000e+000  1.000000e+000
    outer loop
      vertex  2.327951e+001  1.016088e+001  2.500000e+000
      vertex  2.234923e+001  1.914495e+001  2.500000e+000
      vertex  2.216506e+001  1.875000e+001  2.500000e+000
    endloop
  endfacet
  facet normal  0.000000e+000  0.000000e+000  1.000000e+000
    outer loop
      vertex  2.327951e+001  1.016088e+001  2.500000e+000
      vertex  2.216506e+001  1.875000e+001  2.500000e+000
      vertex  2.191511e+001  1.839303e+001  2.500000e+000
    endloop
  endfacet
  facet normal  0.000000e+000  0.000000e+000  1.000000e+000
    outer loop
      vertex  2.327951e+001  1.016088e+001  2.500000e+000
      vertex  2.191511e+001  1.839303e+001  2.500000e+000
      vertex  2.160697e+001  1.808489e+001  2.500000e+000
    endloop
  endfacet
  facet normal  0.000000e+000  0.000000e+000  1.000000e+000
    outer loop
      vertex  2.327951e+001  1.016088e+001  2.500000e+000
      vertex  2.160697e+001  1.808489e+001  2.500000e+000
      vertex  2.125000e+001  1.783494e+001  2.500000e+000
    endloop
  endfacet
  facet normal  0.000000e+000  0.000000e+000  9.999999e-001
    outer loop
      vertex  2.327951e+001  1.016088e+001  2.500000e+000
      vertex  2.125000e+001  1.783494e+001  2.500000e+000
      vertex  2.085505e+001  1.765077e+001  2.500000e+000
    endloop
  endfacet
  facet normal  0.000000e+000  0.000000e+000  9.999999e-001
    outer loop
      vertex  2.327951e+001  1.016088e+001  2.500000e+000
      vertex  2.085505e+001  1.765077e+001  2.500000e+000
      vertex  2.043412e+001  1.753798e+001  2.500000e+000
    endloop
  endfacet
  facet normal  0.000000e+000  0.000000e+000  1.000000e+000
    outer loop
      vertex  2.327951e+001  1.016088e+001  2.500000e+000
      vertex  2.043412e+001  1.753798e+001  2.500000e+000
      vertex  2.000000e+001  1.750000e+001  2.500000e+000
    endloop
  endfacet
  facet normal  0.000000e+000  0.000000e+000  1.000000e+000
    outer loop
      vertex  2.372049e+001  1.016088e+001  2.500000e+000
      vertex  2.706147e+001  3.139104e+001  2.500000e+000
      vertex  2.632228e+001  3.165552e+001  2.500000e+000
    endloop
  endfacet
  facet normal  0.000000e+000  0.000000e+000  1.000000e+000
    outer loop
      vertex  2.372049e+001  1.016088e+001  2.500000e+000
      vertex  2.632228e+001  3.165552e+001  2.500000e+000
      vertex  2.556072e+001  3.184628e+001  2.500000e+000
    endloop
  endfacet
  facet normal  0.000000e+000  0.000000e+000  1.000000e+000
    outer loop
      vertex  2.372049e+001  1.016088e+001  2.500000e+000
      vertex  2.556072e+001  3.184628e+001  2.500000e+000
      vertex  2.478414e+001  3.196148e+001  2.500000e+000
    endloop
  endfacet
  facet normal  0.000000e+000  0.000000e+000  1.000000e+000
    outer loop
      vertex  2.372049e+001  1.016088e+001  2.500000e+000
      vertex  2.478414e+001  3.196148e+001  2.500000e+000
      vertex  2.400000e+001  3.200000e+001  2.500000e+000
    endloop
  endfacet
  facet normal  -0.000000e+000  0.000000e+000  1.000000e+000
    outer loop
      vertex  2.706147e+001  3.139104e+001  2.500000e+000
      vertex  2.372049e+001  1.016088e+001  2.500000e+000
      vertex  2.415545e+001  1.008830e+001  2.500000e+000
    endloop
  endfacet
  facet normal  -0.000000e+000  0.000000e+000  1.000000e+000
    outer loop
      vertex  2.706147e+001  3.139104e+001  2.500000e+000
      vertex  2.415545e+001  1.008830e+001  2.500000e+000
      vertex  2.457253e+001  9.945115e+000  2.500000e+000
    endloop
  endfacet
  facet normal  -0.000000e+000  0.000000e+000  1.000000e+000
    outer loop
      vertex  2.706147e+001  3.139104e+001  2.500000e+000
      vertex  2.457253e+001  9.945115e+000  2.500000e+000
      vertex  2.496035e+001  9.735234e+000  2.500000e+000
    endloop
  endfacet
  facet normal  -0.000000e+000  0.000000e+000  1.000000e+000
    outer loop
      vertex  2.706147e+001  3.139104e+001  2.500000e+000
      vertex  2.496035e+001  9.735234e+000  2.500000e+000
      vertex  2.530834e+001  9.464383e+000  2.500000e+000
    endloop
  endfacet
  facet normal  -0.000000e+000  0.000000e+000  1.000000e+000
    outer loop
      vertex  2.706147e+001  3.139104e+001  2.500000e+000
      vertex  2.530834e+001  9.464383e+000  2.500000e+000
      vertex  2.560701e+001  9.139948e+000  2.500000e+000
    endloop
  endfacet
  facet normal  -0.000000e+000  0.000000e+000  1.000000e+000
    outer loop
      vertex  2.706147e+001  3.139104e+001  2.500000e+000
      vertex  2.560701e+001  9.139948e+000  2.500000e+000
      vertex  2.584819e+001  8.770780e+000  2.500000e+000
    endloop
  endfacet
  facet normal  -0.000000e+000  0.000000e+000  1.000000e+000
    outer loop
      vertex  2.706147e+001  3.139104e+001  2.500000e+000
      vertex  2.584819e+001  8.770780e+000  2.500000e+000
      vertex  2.602533e+001  8.366947e+000  2.500000e+000
    endloop
  endfacet
  facet normal  -0.000000e+000  0.000000e+000  1.000000e+000
    outer loop
      vertex  2.706147e+001  3.139104e+001  2.500000e+000
      vertex  2.602533e+001  8.366947e+000  2.500000e+000
      vertex  2.613358e+001  7.939467e+000  2.500000e+000
    endloop
  endfacet
  facet normal  -0.000000e+000  0.000000e+000  1.000000e+000
    outer loop
      vertex  2.706147e+001  3.139104e+001  2.500000e+000
      vertex  2.613358e+001  7.939467e+000  2.500000e+000
      vertex  2.750000e+001  1.750000e+000  2.500000e+000
    endloop
  endfacet
  facet normal  0.000000e+000  -0.000000e+000  1.000000e+000
    outer loop
      vertex  2.706147e+001  3.139104e+001  2.500000e+000
      vertex  2.750000e+001  1.750000e+000  2.500000e+000
      vertex  2.777117e+001  3.105537e+001  2.500000e+000
    endloop
  endfacet
  facet normal  -0.000000e+000  0.000000e+000  1.000000e+000
    outer loop
      vertex  2.000000e+001  1.750000e+001  2.500000e+000
      vertex  9.720487e+000  1.016088e+001  2.500000e+000
      vertex  1.015545e+001  1.008830e+001  2.500000e+000
    endloop
  endfacet
  facet normal  -0.000000e+000  0.000000e+000  1.000000e+000
    outer loop
      vertex  2.000000e+001  1.750000e+001  2.500000e+000
      vertex  1.015545e+001  1.008830e+001  2.500000e+000
      vertex  1.057253e+001  9.945115e+000  2.500000e+000
    endloop
  endfacet
  facet normal  -0.000000e+000  0.000000e+000  1.000000e+000
    outer loop
      vertex  2.000000e+001  1.750000e+001  2.500000e+000
      vertex  1.057253e+001  9.945115e+000  2.500000e+000
      vertex  1.096035e+001  9.735234e+000  2.500000e+000
    endloop
  endfacet
  facet normal  -0.000000e+000  0.000000e+000  1.000000e+000
    outer loop
      vertex  2.000000e+001  1.750000e+001  2.500000e+000
      vertex  1.096035e+001  9.735234e+000  2.500000e+000
      vertex  1.130834e+001  9.464383e+000  2.500000e+000
    endloop
  endfacet
  facet normal  -0.000000e+000  0.000000e+000  9.999999e-001
    outer loop
      vertex  2.000000e+001  1.750000e+001  2.500000e+000
      vertex  1.130834e+001  9.464383e+000  2.500000e+000
      vertex  1.160701e+001  9.139948e+000  2.500000e+000
    endloop
  endfacet
  facet normal  -0.000000e+000  0.000000e+000  1.000000e+000
    outer loop
      vertex  2.000000e+001  1.750000e+001  2.500000e+000
      vertex  1.160701e+001  9.139948e+000  2.500000e+000
      vertex  1.184820e+001  8.770780e+000  2.500000e+000
    endloop
  endfacet
  facet normal  -0.000000e+000  0.000000e+000  1.000000e+000
    outer loop
      vertex  2.000000e+001  1.750000e+001  2.500000e+000
      vertex  1.184820e+001  8.770780e+000  2.500000e+000
      vertex  1.202533e+001  8.366947e+000  2.500000e+000
    endloop
  endfacet
  facet normal  -0.000000e+000  0.000000e+000  1.000000e+000
    outer loop
      vertex  2.000000e+001  1.750000e+001  2.500000e+000
      vertex  1.202533e+001  8.366947e+000  2.500000e+000
      vertex  1.213358e+001  7.939467e+000  2.500000e+000
    endloop
  endfacet
  facet normal  -0.000000e+000  0.000000e+000  1.000000e+000
    outer loop
      vertex  2.000000e+001  1.750000e+001  2.500000e+000
      vertex  1.213358e+001  7.939467e+000  2.500000e+000
      vertex  1.217000e+001  7.500000e+000  2.500000e+000
    endloop
  endfacet
  facet normal  -0.000000e+000  0.000000e+000  1.000000e+000
    outer loop
      vertex  2.000000e+001  1.750000e+001  2.500000e+000
      vertex  1.217000e+001  7.500000e+000  2.500000e+000
      vertex  1.213358e+001  7.060533e+000  2.500000e+000
    endloop
  endfacet
  facet normal  -0.000000e+000  0.000000e+000  1.000000e+000
    outer loop
      vertex  2.000000e+001  1.750000e+001  2.500000e+000
      vertex  1.213358e+001  7.060533e+000  2.500000e+000
      vertex  1.202533e+001  6.633052e+000  2.500000e+000
    endloop
  endfacet
  facet normal  -0.000000e+000  0.000000e+000  1.000000e+000
    outer loop
      vertex  2.000000e+001  1.750000e+001  2.500000e+000
      vertex  1.202533e+001  6.633052e+000  2.500000e+000
      vertex  1.184820e+001  6.229220e+000  2.500000e+000
    endloop
  endfacet
  facet normal  -0.000000e+000  0.000000e+000  1.000000e+000
    outer loop
      vertex  2.000000e+001  1.750000e+001  2.500000e+000
      vertex  1.184820e+001  6.229220e+000  2.500000e+000
      vertex  1.160701e+001  5.860052e+000  2.500000e+000
    endloop
  endfacet
  facet normal  0.000000e+000  0.000000e+000  1.000000e+000
    outer loop
      vertex  2.000000e+001  1.750000e+001  2.500000e+000
      vertex  1.160701e+001  5.860052e+000  2.500000e+000
      vertex  2.083000e+001  7.500000e+000  2.500000e+000
    endloop
  endfacet
  facet normal  0.000000e+000  -0.000000e+000  1.000000e+000
    outer loop
      vertex  2.000000e+001  1.750000e+001  2.500000e+000
      vertex  2.083000e+001  7.500000e+000  2.500000e+000
      vertex  2.086642e+001  7.939467e+000  2.500000e+000
    endloop
  endfacet
  facet normal  0.000000e+000  -0.000000e+000  1.000000e+000
    outer loop
      vertex  2.000000e+001  1.750000e+001  2.500000e+000
      vertex  2.086642e+001  7.939467e+000  2.500000e+000
      vertex  2.097467e+001  8.366947e+000  2.500000e+000
    endloop
  endfacet
  facet normal  0.000000e+000  -0.000000e+000  1.000000e+000
    outer loop
      vertex  2.000000e+001  1.750000e+001  2.500000e+000
      vertex  2.097467e+001  8.366947e+000  2.500000e+000
      vertex  2.115181e+001  8.770780e+000  2.500000e+000
    endloop
  endfacet
  facet normal  0.000000e+000  -0.000000e+000  1.000000e+000
    outer loop
      vertex  2.000000e+001  1.750000e+001  2.500000e+000
      vertex  2.115181e+001  8.770780e+000  2.500000e+000
      vertex  2.139299e+001  9.139948e+000  2.500000e+000
    endloop
  endfacet
  facet normal  0.000000e+000  -0.000000e+000  1.000000e+000
    outer loop
      vertex  2.000000e+001  1.750000e+001  2.500000e+000
      vertex  2.139299e+001  9.139948e+000  2.500000e+000
      vertex  2.169166e+001  9.464383e+000  2.500000e+000
    endloop
  endfacet
  facet normal  0.000000e+000  -0.000000e+000  9.999999e-001
    outer loop
      vertex  2.000000e+001  1.750000e+001  2.500000e+000
      vertex  2.169166e+001  9.464383e+000  2.500000e+000
      vertex  2.203965e+001  9.735234e+000  2.500000e+000
    endloop
  endfacet
  facet normal  0.000000e+000  -0.000000e+000  1.000000e+000
    outer loop
      vertex  2.000000e+001  1.750000e+001  2.500000e+000
      vertex  2.203965e+001  9.735234e+000  2.500000e+000
      vertex  2.242747e+001  9.945115e+000  2.500000e+000
    endloop
  endfacet
  facet normal  0.000000e+000  -0.000000e+000  1.000000e+000
    outer loop
      vertex  2.000000e+001  1.750000e+001  2.500000e+000
      vertex  2.242747e+001  9.945115e+000  2.500000e+000
      vertex  2.284455e+001  1.008830e+001  2.500000e+000
    endloop
  endfacet
  facet normal  0.000000e+000  -0.000000e+000  1.000000e+000
    outer loop
      vertex  2.000000e+001  1.750000e+001  2.500000e+000
      vertex  2.284455e+001  1.008830e+001  2.500000e+000
      vertex  2.327951e+001  1.016088e+001  2.500000e+000
    endloop
  endfacet
  facet normal  0.000000e+000  0.000000e+000  1.000000e+000
    outer loop
      vertex  8.700000e+000  3.200000e+000  2.500000e+000
      vertex  2.430000e+001  3.200000e+000  2.500000e+000
      vertex  2.372049e+001  4.839119e+000  2.500000e+000
    endloop
  endfacet
  facet normal  0.000000e+000  0.000000e+000  1.000000e+000
    outer loop
      vertex  8.700000e+000  3.200000e+000  2.500000e+000
      vertex  2.372049e+001  4.839119e+000  2.500000e+000
      vertex  2.327951e+001  4.839119e+000  2.500000e+000
    endloop
  endfacet
  facet normal  0.000000e+000  0.000000e+000  1.000000e+000
    outer loop
      vertex  8.700000e+000  3.200000e+000  2.500000e+000
      vertex  2.327951e+001  4.839119e+000  2.500000e+000
      vertex  2.284455e+001  4.911701e+000  2.500000e+000
    endloop
  endfacet
  facet normal  0.000000e+000  0.000000e+000  1.000000e+000
    outer loop
      vertex  8.700000e+000  3.200000e+000  2.500000e+000
      vertex  2.284455e+001  4.911701e+000  2.500000e+000
      vertex  2.242747e+001  5.054885e+000  2.500000e+000
    endloop
  endfacet
  facet normal  0.000000e+000  0.000000e+000  9.999999e-001
    outer loop
      vertex  8.700000e+000  3.200000e+000  2.500000e+000
      vertex  2.242747e+001  5.054885e+000  2.500000e+000
      vertex  2.203965e+001  5.264766e+000  2.500000e+000
    endloop
  endfacet
  facet normal  0.000000e+000  0.000000e+000  1.000000e+000
    outer loop
      vertex  8.700000e+000  3.200000e+000  2.500000e+000
      vertex  2.203965e+001  5.264766e+000  2.500000e+000
      vertex  2.169166e+001  5.535617e+000  2.500000e+000
    endloop
  endfacet
  facet normal  0.000000e+000  0.000000e+000  1.000000e+000
    outer loop
      vertex  8.700000e+000  3.200000e+000  2.500000e+000
      vertex  2.169166e+001  5.535617e+000  2.500000e+000
      vertex  2.139299e+001  5.860052e+000  2.500000e+000
    endloop
  endfacet
  facet normal  0.000000e+000  0.000000e+000  1.000000e+000
    outer loop
      vertex  8.700000e+000  3.200000e+000  2.500000e+000
      vertex  2.139299e+001  5.860052e+000  2.500000e+000
      vertex  2.115181e+001  6.229220e+000  2.500000e+000
    endloop
  endfacet
  facet normal  0.000000e+000  0.000000e+000  1.000000e+000
    outer loop
      vertex  8.700000e+000  3.200000e+000  2.500000e+000
      vertex  2.115181e+001  6.229220e+000  2.500000e+000
      vertex  2.097467e+001  6.633052e+000  2.500000e+000
    endloop
  endfacet
  facet normal  0.000000e+000  0.000000e+000  9.999999e-001
    outer loop
      vertex  8.700000e+000  3.200000e+000  2.500000e+000
      vertex  2.097467e+001  6.633052e+000  2.500000e+000
      vertex  2.086642e+001  7.060533e+000  2.500000e+000
    endloop
  endfacet
  facet normal  0.000000e+000  0.000000e+000  9.999999e-001
    outer loop
      vertex  8.700000e+000  3.200000e+000  2.500000e+000
      vertex  2.086642e+001  7.060533e+000  2.500000e+000
      vertex  2.083000e+001  7.500000e+000  2.500000e+000
    endloop
  endfacet
  facet normal  0.000000e+000  0.000000e+000  1.000000e+000
    outer loop
      vertex  8.700000e+000  3.200000e+000  2.500000e+000
      vertex  2.083000e+001  7.500000e+000  2.500000e+000
      vertex  1.130834e+001  5.535617e+000  2.500000e+000
    endloop
  endfacet
  facet normal  0.000000e+000  0.000000e+000  1.000000e+000
    outer loop
      vertex  8.700000e+000  3.200000e+000  2.500000e+000
      vertex  1.130834e+001  5.535617e+000  2.500000e+000
      vertex  1.096035e+001  5.264766e+000  2.500000e+000
    endloop
  endfacet
  facet normal  0.000000e+000  0.000000e+000  1.000000e+000
    outer loop
      vertex  8.700000e+000  3.200000e+000  2.500000e+000
      vertex  1.096035e+001  5.264766e+000  2.500000e+000
      vertex  1.057253e+001  5.054885e+000  2.500000e+000
    endloop
  endfacet
  facet normal  0.000000e+000  0.000000e+000  1.000000e+000
    outer loop
      vertex  8.700000e+000  3.200000e+000  2.500000e+000
      vertex  1.057253e+001  5.054885e+000  2.500000e+000
      vertex  1.015545e+001  4.911701e+000  2.500000e+000
    endloop
  endfacet
  facet normal  0.000000e+000  0.000000e+000  1.000000e+000
    outer loop
      vertex  8.700000e+000  3.200000e+000  2.500000e+000
      vertex  1.015545e+001  4.911701e+000  2.500000e+000
      vertex  9.720487e+000  4.839119e+000  2.500000e+000
    endloop
  endfacet
  facet normal  -0.000000e+000  0.000000e+000  1.000000e+000
    outer loop
      vertex  2.400000e+001  3.200000e+001  2.500000e+000
      vertex  1.776357e-015  3.200000e+001  2.500000e+000
      vertex  2.085505e+001  2.234923e+001  2.500000e+000
    endloop
  endfacet
  facet normal  -0.000000e+000  0.000000e+000  1.000000e+000
    outer loop
      vertex  2.400000e+001  3.200000e+001  2.500000e+000
      vertex  2.085505e+001  2.234923e+001  2.500000e+000
      vertex  2.125000e+001  2.216506e+001  2.500000e+000
    endloop
  endfacet
  facet normal  -0.000000e+000  0.000000e+000  1.000000e+000
    outer loop
      vertex  2.400000e+001  3.200000e+001  2.500000e+000
      vertex  2.125000e+001  2.216506e+001  2.500000e+000
      vertex  2.160697e+001  2.191511e+001  2.500000e+000
    endloop
  endfacet
  facet normal  -0.000000e+000  0.000000e+000  1.000000e+000
    outer loop
      vertex  2.400000e+001  3.200000e+001  2.500000e+000
      vertex  2.160697e+001  2.191511e+001  2.500000e+000
      vertex  2.191511e+001  2.160697e+001  2.500000e+000
    endloop
  endfacet
  facet normal  -0.000000e+000  0.000000e+000  1.000000e+000
    outer loop
      vertex  2.400000e+001  3.200000e+001  2.500000e+000
      vertex  2.191511e+001  2.160697e+001  2.500000e+000
      vertex  2.216506e+001  2.125000e+001  2.500000e+000
    endloop
  endfacet
  facet normal  -0.000000e+000  0.000000e+000  1.000000e+000
    outer loop
      vertex  2.400000e+001  3.200000e+001  2.500000e+000
      vertex  2.216506e+001  2.125000e+001  2.500000e+000
      vertex  2.234923e+001  2.085505e+001  2.500000e+000
    endloop
  endfacet
  facet normal  -0.000000e+000  0.000000e+000  1.000000e+000
    outer loop
      vertex  2.400000e+001  3.200000e+001  2.500000e+000
      vertex  2.234923e+001  2.085505e+001  2.500000e+000
      vertex  2.246202e+001  2.043412e+001  2.500000e+000
    endloop
  endfacet
  facet normal  -0.000000e+000  0.000000e+000  1.000000e+000
    outer loop
      vertex  2.400000e+001  3.200000e+001  2.500000e+000
      vertex  2.246202e+001  2.043412e+001  2.500000e+000
      vertex  2.250000e+001  2.000000e+001  2.500000e+000
    endloop
  endfacet
  facet normal  0.000000e+000  0.000000e+000  1.000000e+000
    outer loop
      vertex  2.750000e+001  1.750000e+000  2.500000e+000
      vertex  2.613358e+001  7.939467e+000  2.500000e+000
      vertex  2.617000e+001  7.500000e+000  2.500000e+000
    endloop
  endfacet
  facet normal  0.000000e+000  0.000000e+000  9.999999e-001
    outer loop
      vertex  2.750000e+001  1.750000e+000  2.500000e+000
      vertex  2.617000e+001  7.500000e+000  2.500000e+000
      vertex  2.613358e+001  7.060533e+000  2.500000e+000
    endloop
  endfacet
  facet normal  0.000000e+000  0.000000e+000  1.000000e+000
    outer loop
      vertex  2.750000e+001  1.750000e+000  2.500000e+000
      vertex  2.613358e+001  7.060533e+000  2.500000e+000
      vertex  2.602533e+001  6.633052e+000  2.500000e+000
    endloop
  endfacet
  facet normal  0.000000e+000  0.000000e+000  1.000000e+000
    outer loop
      vertex  2.750000e+001  1.750000e+000  2.500000e+000
      vertex  2.602533e+001  6.633052e+000  2.500000e+000
      vertex  2.584819e+001  6.229220e+000  2.500000e+000
    endloop
  endfacet
  facet normal  0.000000e+000  0.000000e+000  1.000000e+000
    outer loop
      vertex  2.750000e+001  1.750000e+000  2.500000e+000
      vertex  2.584819e+001  6.229220e+000  2.500000e+000
      vertex  2.560701e+001  5.860052e+000  2.500000e+000
    endloop
  endfacet
  facet normal  0.000000e+000  0.000000e+000  9.999999e-001
    outer loop
      vertex  2.750000e+001  1.750000e+000  2.500000e+000
      vertex  2.560701e+001  5.860052e+000  2.500000e+000
      vertex  2.530834e+001  5.535617e+000  2.500000e+000
    endloop
  endfacet
  facet normal  0.000000e+000  0.000000e+000  1.000000e+000
    outer loop
      vertex  2.750000e+001  1.750000e+000  2.500000e+000
      vertex  2.530834e+001  5.535617e+000  2.500000e+000
      vertex  2.496035e+001  5.264766e+000  2.500000e+000
    endloop
  endfacet
  facet normal  0.000000e+000  0.000000e+000  1.000000e+000
    outer loop
      vertex  2.750000e+001  1.750000e+000  2.500000e+000
      vertex  2.496035e+001  5.264766e+000  2.500000e+000
      vertex  2.457253e+001  5.054885e+000  2.500000e+000
    endloop
  endfacet
  facet normal  0.000000e+000  0.000000e+000  1.000000e+000
    outer loop
      vertex  2.750000e+001  1.750000e+000  2.500000e+000
      vertex  2.457253e+001  5.054885e+000  2.500000e+000
      vertex  2.415545e+001  4.911701e+000  2.500000e+000
    endloop
  endfacet
  facet normal  0.000000e+000  0.000000e+000  9.999999e-001
    outer loop
      vertex  2.750000e+001  1.750000e+000  2.500000e+000
      vertex  2.415545e+001  4.911701e+000  2.500000e+000
      vertex  2.372049e+001  4.839119e+000  2.500000e+000
    endloop
  endfacet
  facet normal  0.000000e+000  0.000000e+000  1.000000e+000
    outer loop
      vertex  2.750000e+001  1.750000e+000  2.500000e+000
      vertex  2.372049e+001  4.839119e+000  2.500000e+000
      vertex  2.430000e+001  3.200000e+000  2.500000e+000
    endloop
  endfacet
  facet normal  0.000000e+000  -0.000000e+000  1.000000e+000
    outer loop
      vertex  2.430000e+001  4.866011e-003  2.500000e+000
      vertex  2.575001e+001  4.897412e-003  2.500000e+000
      vertex  2.578363e+001  3.414081e-001  2.500000e+000
    endloop
  endfacet
  facet normal  0.000000e+000  -0.000000e+000  9.999999e-001
    outer loop
      vertex  2.430000e+001  4.866011e-003  2.500000e+000
      vertex  2.578363e+001  3.414081e-001  2.500000e+000
      vertex  2.588321e+001  6.696960e-001  2.500000e+000
    endloop
  endfacet
  facet normal  0.000000e+000  -0.000000e+000  1.000000e+000
    outer loop
      vertex  2.430000e+001  4.866011e-003  2.500000e+000
      vertex  2.588321e+001  6.696960e-001  2.500000e+000
      vertex  2.604493e+001  9.722479e-001  2.500000e+000
    endloop
  endfacet
  facet normal  0.000000e+000  -0.000000e+000  1.000000e+000
    outer loop
      vertex  2.430000e+001  4.866011e-003  2.500000e+000
      vertex  2.604493e+001  9.722479e-001  2.500000e+000
      vertex  2.626256e+001  1.237437e+000  2.500000e+000
    endloop
  endfacet
  facet normal  0.000000e+000  -0.000000e+000  9.999999e-001
    outer loop
      vertex  2.430000e+001  4.866011e-003  2.500000e+000
      vertex  2.626256e+001  1.237437e+000  2.500000e+000
      vertex  2.652775e+001  1.455072e+000  2.500000e+000
    endloop
  endfacet
  facet normal  0.000000e+000  0.000000e+000  1.000000e+000
    outer loop
      vertex  2.430000e+001  3.200000e+000  2.500000e+000
      vertex  2.430000e+001  4.866011e-003  2.500000e+000
      vertex  2.652775e+001  1.455072e+000  2.500000e+000
    endloop
  endfacet
  facet normal  0.000000e+000  -0.000000e+000  1.000000e+000
    outer loop
      vertex  2.430000e+001  3.200000e+000  2.500000e+000
      vertex  2.652775e+001  1.455072e+000  2.500000e+000
      vertex  2.683030e+001  1.616789e+000  2.500000e+000
    endloop
  endfacet
  facet normal  0.000000e+000  -0.000000e+000  1.000000e+000
    outer loop
      vertex  2.430000e+001  3.200000e+000  2.500000e+000
      vertex  2.683030e+001  1.616789e+000  2.500000e+000
      vertex  2.715859e+001  1.716374e+000  2.500000e+000
    endloop
  endfacet
  facet normal  0.000000e+000  -0.000000e+000  1.000000e+000
    outer loop
      vertex  2.430000e+001  3.200000e+000  2.500000e+000
      vertex  2.715859e+001  1.716374e+000  2.500000e+000
      vertex  2.750000e+001  1.750000e+000  2.500000e+000
    endloop
  endfacet
  facet normal  0.000000e+000  0.000000e+000  1.000000e+000
    outer loop
      vertex  2.430000e+001 -7.800000e+000  2.500000e+000
      vertex  2.350000e+001 -1.300000e+001  2.500000e+000
      vertex  3.200000e+001 -1.300000e+001  2.500000e+000
    endloop
  endfacet
  facet normal  0.000000e+000  0.000000e+000  1.000000e+000
    outer loop
      vertex  2.430000e+001 -7.800000e+000  2.500000e+000
      vertex  3.200000e+001 -1.300000e+001  2.500000e+000
      vertex  2.750000e+001 -1.750000e+000  2.500000e+000
    endloop
  endfacet
  facet normal  0.000000e+000  0.000000e+000  1.000000e+000
    outer loop
      vertex  2.430000e+001 -7.800000e+000  2.500000e+000
      vertex  2.750000e+001 -1.750000e+000  2.500000e+000
      vertex  2.715859e+001 -1.716374e+000  2.500000e+000
    endloop
  endfacet
  facet normal  0.000000e+000  0.000000e+000  1.000000e+000
    outer loop
      vertex  2.430000e+001 -7.800000e+000  2.500000e+000
      vertex  2.715859e+001 -1.716374e+000  2.500000e+000
      vertex  2.683030e+001 -1.616789e+000  2.500000e+000
    endloop
  endfacet
  facet normal  0.000000e+000  0.000000e+000  1.000000e+000
    outer loop
      vertex  2.430000e+001 -7.800000e+000  2.500000e+000
      vertex  2.683030e+001 -1.616789e+000  2.500000e+000
      vertex  2.652775e+001 -1.455072e+000  2.500000e+000
    endloop
  endfacet
  facet normal  0.000000e+000  0.000000e+000  1.000000e+000
    outer loop
      vertex  2.430000e+001 -7.800000e+000  2.500000e+000
      vertex  2.652775e+001 -1.455072e+000  2.500000e+000
      vertex  2.626256e+001 -1.237437e+000  2.500000e+000
    endloop
  endfacet
  facet normal  0.000000e+000  0.000000e+000  1.000000e+000
    outer loop
      vertex  2.430000e+001 -7.800000e+000  2.500000e+000
      vertex  2.626256e+001 -1.237437e+000  2.500000e+000
      vertex  2.604493e+001 -9.722479e-001  2.500000e+000
    endloop
  endfacet
  facet normal  0.000000e+000  0.000000e+000  1.000000e+000
    outer loop
      vertex  2.430000e+001 -7.800000e+000  2.500000e+000
      vertex  2.604493e+001 -9.722479e-001  2.500000e+000
      vertex  2.588321e+001 -6.696960e-001  2.500000e+000
    endloop
  endfacet
  facet normal  0.000000e+000  0.000000e+000  1.000000e+000
    outer loop
      vertex  2.430000e+001 -7.800000e+000  2.500000e+000
      vertex  2.588321e+001 -6.696960e-001  2.500000e+000
      vertex  2.578363e+001 -3.414081e-001  2.500000e+000
    endloop
  endfacet
  facet normal  0.000000e+000  0.000000e+000  1.000000e+000
    outer loop
      vertex  2.430000e+001 -7.800000e+000  2.500000e+000
      vertex  2.578363e+001 -3.414081e-001  2.500000e+000
      vertex  2.575000e+001  2.143061e-016  2.500000e+000
    endloop
  endfacet
  facet normal  0.000000e+000  0.000000e+000  9.999999e-001
    outer loop
      vertex  2.430000e+001 -7.800000e+000  2.500000e+000
      vertex  2.575000e+001  2.143061e-016  2.500000e+000
      vertex  2.430000e+001  4.866011e-003  2.500000e+000
    endloop
  endfacet
  facet normal  0.000000e+000  -0.000000e+000  1.000000e+000
    outer loop
      vertex  2.750000e+001  1.750000e+000  2.500000e+000
      vertex  2.784141e+001  1.716374e+000  2.500000e+000
      vertex  3.200000e+001  4.250000e+000  2.500000e+000
    endloop
  endfacet
  facet normal  0.000000e+000  -0.000000e+000  1.000000e+000
    outer loop
      vertex  2.750000e+001  1.750000e+000  2.500000e+000
      vertex  3.200000e+001  4.250000e+000  2.500000e+000
      vertex  3.200000e+001  2.400000e+001  2.500000e+000
    endloop
  endfacet
  facet normal  0.000000e+000  0.000000e+000  1.000000e+000
    outer loop
      vertex  2.750000e+001  1.750000e+000  2.500000e+000
      vertex  3.200000e+001  2.400000e+001  2.500000e+000
      vertex  3.196148e+001  2.478414e+001  2.500000e+000
    endloop
  endfacet
  facet normal  0.000000e+000  0.000000e+000  1.000000e+000
    outer loop
      vertex  2.750000e+001  1.750000e+000  2.500000e+000
      vertex  3.196148e+001  2.478414e+001  2.500000e+000
      vertex  3.184628e+001  2.556072e+001  2.500000e+000
    endloop
  endfacet
  facet normal  0.000000e+000  0.000000e+000  1.000000e+000
    outer loop
      vertex  2.750000e+001  1.750000e+000  2.500000e+000
      vertex  3.184628e+001  2.556072e+001  2.500000e+000
      vertex  3.165552e+001  2.632228e+001  2.500000e+000
    endloop
  endfacet
  facet normal  0.000000e+000  0.000000e+000  1.000000e+000
    outer loop
      vertex  2.750000e+001  1.750000e+000  2.500000e+000
      vertex  3.165552e+001  2.632228e+001  2.500000e+000
      vertex  3.139104e+001  2.706147e+001  2.500000e+000
    endloop
  endfacet
  facet normal  0.000000e+000  0.000000e+000  1.000000e+000
    outer loop
      vertex  2.750000e+001  1.750000e+000  2.500000e+000
      vertex  3.139104e+001  2.706147e+001  2.500000e+000
      vertex  3.105537e+001  2.777117e+001  2.500000e+000
    endloop
  endfacet
  facet normal  0.000000e+000  0.000000e+000  1.000000e+000
    outer loop
      vertex  2.750000e+001  1.750000e+000  2.500000e+000
      vertex  3.105537e+001  2.777117e+001  2.500000e+000
      vertex  3.065176e+001  2.844456e+001  2.500000e+000
    endloop
  endfacet
  facet normal  0.000000e+000  0.000000e+000  1.000000e+000
    outer loop
      vertex  2.750000e+001  1.750000e+000  2.500000e+000
      vertex  3.065176e+001  2.844456e+001  2.500000e+000
      vertex  3.018408e+001  2.907515e+001  2.500000e+000
    endloop
  endfacet
  facet normal  0.000000e+000  0.000000e+000  1.000000e+000
    outer loop
      vertex  2.750000e+001  1.750000e+000  2.500000e+000
      vertex  3.018408e+001  2.907515e+001  2.500000e+000
      vertex  2.965685e+001  2.965685e+001  2.500000e+000
    endloop
  endfacet
  facet normal  0.000000e+000  0.000000e+000  1.000000e+000
    outer loop
      vertex  2.750000e+001  1.750000e+000  2.500000e+000
      vertex  2.965685e+001  2.965685e+001  2.500000e+000
      vertex  2.907515e+001  3.018408e+001  2.500000e+000
    endloop
  endfacet
  facet normal  0.000000e+000  0.000000e+000  1.000000e+000
    outer loop
      vertex  2.750000e+001  1.750000e+000  2.500000e+000
      vertex  2.907515e+001  3.018408e+001  2.500000e+000
      vertex  2.844456e+001  3.065176e+001  2.500000e+000
    endloop
  endfacet
  facet normal  0.000000e+000  0.000000e+000  1.000000e+000
    outer loop
      vertex  2.750000e+001  1.750000e+000  2.500000e+000
      vertex  2.844456e+001  3.065176e+001  2.500000e+000
      vertex  2.777117e+001  3.105537e+001  2.500000e+000
    endloop
  endfacet
  facet normal  0.000000e+000  0.000000e+000  1.000000e+000
    outer loop
      vertex  3.200000e+001  4.866011e-003  2.500000e+000
      vertex  3.200000e+001  4.250000e+000  2.500000e+000
      vertex  2.816970e+001  1.616789e+000  2.500000e+000
    endloop
  endfacet
  facet normal  0.000000e+000  0.000000e+000  1.000000e+000
    outer loop
      vertex  3.200000e+001  4.866011e-003  2.500000e+000
      vertex  2.816970e+001  1.616789e+000  2.500000e+000
      vertex  2.847225e+001  1.455072e+000  2.500000e+000
    endloop
  endfacet
  facet normal  0.000000e+000  0.000000e+000  1.000000e+000
    outer loop
      vertex  3.200000e+001  4.866011e-003  2.500000e+000
      vertex  2.847225e+001  1.455072e+000  2.500000e+000
      vertex  2.873744e+001  1.237437e+000  2.500000e+000
    endloop
  endfacet
  facet normal  0.000000e+000  0.000000e+000  1.000000e+000
    outer loop
      vertex  3.200000e+001  4.866011e-003  2.500000e+000
      vertex  2.873744e+001  1.237437e+000  2.500000e+000
      vertex  2.895507e+001  9.722479e-001  2.500000e+000
    endloop
  endfacet
  facet normal  0.000000e+000  0.000000e+000  1.000000e+000
    outer loop
      vertex  3.200000e+001  4.866011e-003  2.500000e+000
      vertex  2.895507e+001  9.722479e-001  2.500000e+000
      vertex  2.911679e+001  6.696960e-001  2.500000e+000
    endloop
  endfacet
  facet normal  0.000000e+000  0.000000e+000  1.000000e+000
    outer loop
      vertex  3.200000e+001  4.866011e-003  2.500000e+000
      vertex  2.911679e+001  6.696960e-001  2.500000e+000
      vertex  2.921637e+001  3.414081e-001  2.500000e+000
    endloop
  endfacet
  facet normal  0.000000e+000  0.000000e+000  1.000000e+000
    outer loop
      vertex  3.200000e+001  4.866011e-003  2.500000e+000
      vertex  2.921637e+001  3.414081e-001  2.500000e+000
      vertex  2.924999e+001  4.897412e-003  2.500000e+000
    endloop
  endfacet
  facet normal  0.000000e+000  0.000000e+000  1.000000e+000
    outer loop
      vertex  3.200000e+001 -1.300000e+001  2.500000e+000
      vertex  3.200000e+001  4.866011e-003  2.500000e+000
      vertex  2.925000e+001  0.000000e+000  2.500000e+000
    endloop
  endfacet
  facet normal  0.000000e+000  0.000000e+000  1.000000e+000
    outer loop
      vertex  3.200000e+001 -1.300000e+001  2.500000e+000
      vertex  2.925000e+001  0.000000e+000  2.500000e+000
      vertex  2.921637e+001 -3.414081e-001  2.500000e+000
    endloop
  endfacet
  facet normal  0.000000e+000  0.000000e+000  1.000000e+000
    outer loop
      vertex  3.200000e+001 -1.300000e+001  2.500000e+000
      vertex  2.921637e+001 -3.414081e-001  2.500000e+000
      vertex  2.911679e+001 -6.696960e-001  2.500000e+000
    endloop
  endfacet
  facet normal  0.000000e+000  0.000000e+000  1.000000e+000
    outer loop
      vertex  3.200000e+001 -1.300000e+001  2.500000e+000
      vertex  2.911679e+001 -6.696960e-001  2.500000e+000
      vertex  2.895507e+001 -9.722479e-001  2.500000e+000
    endloop
  endfacet
  facet normal  0.000000e+000  0.000000e+000  1.000000e+000
    outer loop
      vertex  3.200000e+001 -1.300000e+001  2.500000e+000
      vertex  2.895507e+001 -9.722479e-001  2.500000e+000
      vertex  2.873744e+001 -1.237437e+000  2.500000e+000
    endloop
  endfacet
  facet normal  0.000000e+000  0.000000e+000  1.000000e+000
    outer loop
      vertex  3.200000e+001 -1.300000e+001  2.500000e+000
      vertex  2.873744e+001 -1.237437e+000  2.500000e+000
      vertex  2.847225e+001 -1.455072e+000  2.500000e+000
    endloop
  endfacet
  facet normal  0.000000e+000  0.000000e+000  1.000000e+000
    outer loop
      vertex  3.200000e+001 -1.300000e+001  2.500000e+000
      vertex  2.847225e+001 -1.455072e+000  2.500000e+000
      vertex  2.816970e+001 -1.616789e+000  2.500000e+000
    endloop
  endfacet
  facet normal  0.000000e+000  0.000000e+000  1.000000e+000
    outer loop
      vertex  3.200000e+001 -1.300000e+001  2.500000e+000
      vertex  2.816970e+001 -1.616789e+000  2.500000e+000
      vertex  2.784141e+001 -1.716374e+000  2.500000e+000
    endloop
  endfacet
  facet normal  0.000000e+000  0.000000e+000  9.999999e-001
    outer loop
      vertex  3.200000e+001 -1.300000e+001  2.500000e+000
      vertex  2.784141e+001 -1.716374e+000  2.500000e+000
      vertex  2.750000e+001 -1.750000e+000  2.500000e+000
    endloop
  endfacet
  facet normal  0.000000e+000  0.000000e+000  9.999999e-001
    outer loop
      vertex -2.850000e+001  1.775000e+001  2.500000e+000
      vertex -2.907515e+001  3.018408e+001  2.500000e+000
      vertex -2.965685e+001  2.965685e+001  2.500000e+000
    endloop
  endfacet
  facet normal  0.000000e+000  0.000000e+000  1.000000e+000
    outer loop
      vertex -2.850000e+001  1.775000e+001  2.500000e+000
      vertex -2.965685e+001  2.965685e+001  2.500000e+000
      vertex -3.018408e+001  2.907515e+001  2.500000e+000
    endloop
  endfacet
  facet normal  0.000000e+000  0.000000e+000  1.000000e+000
    outer loop
      vertex -2.850000e+001  1.775000e+001  2.500000e+000
      vertex -3.018408e+001  2.907515e+001  2.500000e+000
      vertex -3.065176e+001  2.844456e+001  2.500000e+000
    endloop
  endfacet
  facet normal  0.000000e+000  0.000000e+000  9.999999e-001
    outer loop
      vertex -2.850000e+001  1.775000e+001  2.500000e+000
      vertex -3.065176e+001  2.844456e+001  2.500000e+000
      vertex -3.105537e+001  2.777117e+001  2.500000e+000
    endloop
  endfacet
  facet normal  0.000000e+000  0.000000e+000  1.000000e+000
    outer loop
      vertex -2.850000e+001  1.775000e+001  2.500000e+000
      vertex -3.105537e+001  2.777117e+001  2.500000e+000
      vertex -3.139104e+001  2.706147e+001  2.500000e+000
    endloop
  endfacet
  facet normal  0.000000e+000  0.000000e+000  1.000000e+000
    outer loop
      vertex -2.850000e+001  1.775000e+001  2.500000e+000
      vertex -3.139104e+001  2.706147e+001  2.500000e+000
      vertex -3.165552e+001  2.632228e+001  2.500000e+000
    endloop
  endfacet
  facet normal  0.000000e+000  0.000000e+000  1.000000e+000
    outer loop
      vertex -2.850000e+001  1.775000e+001  2.500000e+000
      vertex -3.165552e+001  2.632228e+001  2.500000e+000
      vertex -3.184628e+001  2.556072e+001  2.500000e+000
    endloop
  endfacet
  facet normal  0.000000e+000  0.000000e+000  1.000000e+000
    outer loop
      vertex -2.850000e+001  1.775000e+001  2.500000e+000
      vertex -3.184628e+001  2.556072e+001  2.500000e+000
      vertex -3.196148e+001  2.478414e+001  2.500000e+000
    endloop
  endfacet
  facet normal  0.000000e+000  0.000000e+000  1.000000e+000
    outer loop
      vertex -2.850000e+001  1.775000e+001  2.500000e+000
      vertex -3.196148e+001  2.478414e+001  2.500000e+000
      vertex -3.200000e+001  2.400000e+001  2.500000e+000
    endloop
  endfacet
  facet normal  0.000000e+000  0.000000e+000  1.000000e+000
    outer loop
      vertex -3.200000e+001  4.250000e+000  2.500000e+000
      vertex -3.200000e+001  4.866011e-003  2.500000e+000
      vertex -2.850000e+001  4.866011e-003  2.500000e+000
    endloop
  endfacet
  facet normal  0.000000e+000  -0.000000e+000  1.000000e+000
    outer loop
      vertex -3.200000e+001  4.250000e+000  2.500000e+000
      vertex -2.850000e+001  4.866011e-003  2.500000e+000
      vertex -2.850000e+001  1.525000e+001  2.500000e+000
    endloop
  endfacet
  facet normal  0.000000e+000  0.000000e+000  1.000000e+000
    outer loop
      vertex -3.200000e+001  4.250000e+000  2.500000e+000
      vertex -2.850000e+001  1.525000e+001  2.500000e+000
      vertex -2.874386e+001  1.527402e+001  2.500000e+000
    endloop
  endfacet
  facet normal  0.000000e+000  0.000000e+000  1.000000e+000
    outer loop
      vertex -3.200000e+001  4.250000e+000  2.500000e+000
      vertex -2.874386e+001  1.527402e+001  2.500000e+000
      vertex -2.897835e+001  1.534515e+001  2.500000e+000
    endloop
  endfacet
  facet normal  0.000000e+000  0.000000e+000  1.000000e+000
    outer loop
      vertex -3.200000e+001  4.250000e+000  2.500000e+000
      vertex -2.897835e+001  1.534515e+001  2.500000e+000
      vertex -2.919446e+001  1.546066e+001  2.500000e+000
    endloop
  endfacet
  facet normal  0.000000e+000  0.000000e+000  1.000000e+000
    outer loop
      vertex -3.200000e+001  4.250000e+000  2.500000e+000
      vertex -2.919446e+001  1.546066e+001  2.500000e+000
      vertex -2.938388e+001  1.561612e+001  2.500000e+000
    endloop
  endfacet
  facet normal  0.000000e+000  0.000000e+000  1.000000e+000
    outer loop
      vertex -3.200000e+001  4.250000e+000  2.500000e+000
      vertex -2.938388e+001  1.561612e+001  2.500000e+000
      vertex -2.953934e+001  1.580554e+001  2.500000e+000
    endloop
  endfacet
  facet normal  0.000000e+000  0.000000e+000  1.000000e+000
    outer loop
      vertex -3.200000e+001  4.250000e+000  2.500000e+000
      vertex -2.953934e+001  1.580554e+001  2.500000e+000
      vertex -2.965485e+001  1.602165e+001  2.500000e+000
    endloop
  endfacet
  facet normal  0.000000e+000  0.000000e+000  1.000000e+000
    outer loop
      vertex -3.200000e+001  4.250000e+000  2.500000e+000
      vertex -2.965485e+001  1.602165e+001  2.500000e+000
      vertex -2.972598e+001  1.625614e+001  2.500000e+000
    endloop
  endfacet
  facet normal  0.000000e+000  0.000000e+000  1.000000e+000
    outer loop
      vertex -3.200000e+001  4.250000e+000  2.500000e+000
      vertex -2.972598e+001  1.625614e+001  2.500000e+000
      vertex -2.975000e+001  1.650000e+001  2.500000e+000
    endloop
  endfacet
  facet normal  0.000000e+000  -0.000000e+000  1.000000e+000
    outer loop
      vertex -3.200000e+001  4.250000e+000  2.500000e+000
      vertex -2.975000e+001  1.650000e+001  2.500000e+000
      vertex -2.972598e+001  1.674386e+001  2.500000e+000
    endloop
  endfacet
  facet normal  0.000000e+000  0.000000e+000  1.000000e+000
    outer loop
      vertex -3.200000e+001  2.400000e+001  2.500000e+000
      vertex -3.200000e+001  4.250000e+000  2.500000e+000
      vertex -2.972598e+001  1.674386e+001  2.500000e+000
    endloop
  endfacet
  facet normal  0.000000e+000  -0.000000e+000  1.000000e+000
    outer loop
      vertex -3.200000e+001  2.400000e+001  2.500000e+000
      vertex -2.972598e+001  1.674386e+001  2.500000e+000
      vertex -2.965485e+001  1.697835e+001  2.500000e+000
    endloop
  endfacet
  facet normal  0.000000e+000  -0.000000e+000  1.000000e+000
    outer loop
      vertex -3.200000e+001  2.400000e+001  2.500000e+000
      vertex -2.965485e+001  1.697835e+001  2.500000e+000
      vertex -2.953934e+001  1.719446e+001  2.500000e+000
    endloop
  endfacet
  facet normal  0.000000e+000  -0.000000e+000  1.000000e+000
    outer loop
      vertex -3.200000e+001  2.400000e+001  2.500000e+000
      vertex -2.953934e+001  1.719446e+001  2.500000e+000
      vertex -2.938388e+001  1.738388e+001  2.500000e+000
    endloop
  endfacet
  facet normal  0.000000e+000  -0.000000e+000  9.999999e-001
    outer loop
      vertex -3.200000e+001  2.400000e+001  2.500000e+000
      vertex -2.938388e+001  1.738388e+001  2.500000e+000
      vertex -2.919446e+001  1.753934e+001  2.500000e+000
    endloop
  endfacet
  facet normal  0.000000e+000  -0.000000e+000  1.000000e+000
    outer loop
      vertex -3.200000e+001  2.400000e+001  2.500000e+000
      vertex -2.919446e+001  1.753934e+001  2.500000e+000
      vertex -2.897835e+001  1.765485e+001  2.500000e+000
    endloop
  endfacet
  facet normal  0.000000e+000  -0.000000e+000  1.000000e+000
    outer loop
      vertex -3.200000e+001  2.400000e+001  2.500000e+000
      vertex -2.897835e+001  1.765485e+001  2.500000e+000
      vertex -2.874386e+001  1.772598e+001  2.500000e+000
    endloop
  endfacet
  facet normal  0.000000e+000  -0.000000e+000  1.000000e+000
    outer loop
      vertex -3.200000e+001  2.400000e+001  2.500000e+000
      vertex -2.874386e+001  1.772598e+001  2.500000e+000
      vertex -2.850000e+001  1.775000e+001  2.500000e+000
    endloop
  endfacet
  facet normal  0.000000e+000  0.000000e+000  1.000000e+000
    outer loop
      vertex -1.900000e+001  4.866011e-003  2.500000e+000
      vertex -1.050000e+001  4.866011e-003  2.500000e+000
      vertex -1.875000e+001  1.783494e+001  2.500000e+000
    endloop
  endfacet
  facet normal  0.000000e+000  0.000000e+000  1.000000e+000
    outer loop
      vertex -1.900000e+001  4.866011e-003  2.500000e+000
      vertex -1.875000e+001  1.783494e+001  2.500000e+000
      vertex -1.914495e+001  1.765077e+001  2.500000e+000
    endloop
  endfacet
  facet normal  0.000000e+000  0.000000e+000  9.999999e-001
    outer loop
      vertex -1.900000e+001  4.866011e-003  2.500000e+000
      vertex -1.914495e+001  1.765077e+001  2.500000e+000
      vertex -1.956588e+001  1.753798e+001  2.500000e+000
    endloop
  endfacet
  facet normal  0.000000e+000  0.000000e+000  1.000000e+000
    outer loop
      vertex -1.900000e+001  4.866011e-003  2.500000e+000
      vertex -1.956588e+001  1.753798e+001  2.500000e+000
      vertex -2.000000e+001  1.750000e+001  2.500000e+000
    endloop
  endfacet
  facet normal  0.000000e+000  0.000000e+000  1.000000e+000
    outer loop
      vertex -1.900000e+001  4.866011e-003  2.500000e+000
      vertex -2.000000e+001  1.750000e+001  2.500000e+000
      vertex -2.734515e+001  1.697835e+001  2.500000e+000
    endloop
  endfacet
  facet normal  0.000000e+000  0.000000e+000  1.000000e+000
    outer loop
      vertex -1.900000e+001  4.866011e-003  2.500000e+000
      vertex -2.734515e+001  1.697835e+001  2.500000e+000
      vertex -2.727402e+001  1.674386e+001  2.500000e+000
    endloop
  endfacet
  facet normal  0.000000e+000  0.000000e+000  1.000000e+000
    outer loop
      vertex -1.900000e+001  4.866011e-003  2.500000e+000
      vertex -2.727402e+001  1.674386e+001  2.500000e+000
      vertex -2.725000e+001  1.650000e+001  2.500000e+000
    endloop
  endfacet
  facet normal  0.000000e+000  0.000000e+000  1.000000e+000
    outer loop
      vertex -1.900000e+001  4.866011e-003  2.500000e+000
      vertex -2.725000e+001  1.650000e+001  2.500000e+000
      vertex -2.727402e+001  1.625614e+001  2.500000e+000
    endloop
  endfacet
  facet normal  0.000000e+000  0.000000e+000  1.000000e+000
    outer loop
      vertex -1.900000e+001  4.866011e-003  2.500000e+000
      vertex -2.727402e+001  1.625614e+001  2.500000e+000
      vertex -2.734515e+001  1.602165e+001  2.500000e+000
    endloop
  endfacet
  facet normal  0.000000e+000  0.000000e+000  1.000000e+000
    outer loop
      vertex -1.900000e+001  4.866011e-003  2.500000e+000
      vertex -2.734515e+001  1.602165e+001  2.500000e+000
      vertex -2.746066e+001  1.580554e+001  2.500000e+000
    endloop
  endfacet
  facet normal  0.000000e+000  0.000000e+000  1.000000e+000
    outer loop
      vertex -1.900000e+001  4.866011e-003  2.500000e+000
      vertex -2.746066e+001  1.580554e+001  2.500000e+000
      vertex -2.761612e+001  1.561612e+001  2.500000e+000
    endloop
  endfacet
  facet normal  0.000000e+000  0.000000e+000  1.000000e+000
    outer loop
      vertex -1.900000e+001  4.866011e-003  2.500000e+000
      vertex -2.761612e+001  1.561612e+001  2.500000e+000
      vertex -2.780554e+001  1.546066e+001  2.500000e+000
    endloop
  endfacet
  facet normal  0.000000e+000  0.000000e+000  1.000000e+000
    outer loop
      vertex -1.900000e+001  4.866011e-003  2.500000e+000
      vertex -2.780554e+001  1.546066e+001  2.500000e+000
      vertex -2.802165e+001  1.534515e+001  2.500000e+000
    endloop
  endfacet
  facet normal  0.000000e+000  0.000000e+000  1.000000e+000
    outer loop
      vertex -1.900000e+001  4.866011e-003  2.500000e+000
      vertex -2.802165e+001  1.534515e+001  2.500000e+000
      vertex -2.825614e+001  1.527402e+001  2.500000e+000
    endloop
  endfacet
  facet normal  0.000000e+000  0.000000e+000  1.000000e+000
    outer loop
      vertex -1.900000e+001  4.866011e-003  2.500000e+000
      vertex -2.825614e+001  1.527402e+001  2.500000e+000
      vertex -2.850000e+001  1.525000e+001  2.500000e+000
    endloop
  endfacet
  facet normal  0.000000e+000  0.000000e+000  1.000000e+000
    outer loop
      vertex -1.900000e+001  4.866011e-003  2.500000e+000
      vertex -2.850000e+001  1.525000e+001  2.500000e+000
      vertex -2.850000e+001  4.866011e-003  2.500000e+000
    endloop
  endfacet
  facet normal  -0.000000e+000  -0.000000e+000  9.999999e-001
    outer loop
      vertex -2.850000e+001  1.775000e+001  2.500000e+000
      vertex -2.825614e+001  1.772598e+001  2.500000e+000
      vertex -2.085505e+001  1.765077e+001  2.500000e+000
    endloop
  endfacet
  facet normal  0.000000e+000  0.000000e+000  1.000000e+000
    outer loop
      vertex -2.850000e+001  1.775000e+001  2.500000e+000
      vertex -2.085505e+001  1.765077e+001  2.500000e+000
      vertex -2.125000e+001  1.783494e+001  2.500000e+000
    endloop
  endfacet
  facet normal  0.000000e+000  0.000000e+000  1.000000e+000
    outer loop
      vertex -2.850000e+001  1.775000e+001  2.500000e+000
      vertex -2.125000e+001  1.783494e+001  2.500000e+000
      vertex -2.160697e+001  1.808489e+001  2.500000e+000
    endloop
  endfacet
  facet normal  0.000000e+000  0.000000e+000  9.999999e-001
    outer loop
      vertex -2.850000e+001  1.775000e+001  2.500000e+000
      vertex -2.160697e+001  1.808489e+001  2.500000e+000
      vertex -2.191511e+001  1.839303e+001  2.500000e+000
    endloop
  endfacet
  facet normal  0.000000e+000  0.000000e+000  1.000000e+000
    outer loop
      vertex -2.850000e+001  1.775000e+001  2.500000e+000
      vertex -2.191511e+001  1.839303e+001  2.500000e+000
      vertex -2.216506e+001  1.875000e+001  2.500000e+000
    endloop
  endfacet
  facet normal  0.000000e+000  0.000000e+000  1.000000e+000
    outer loop
      vertex -2.850000e+001  1.775000e+001  2.500000e+000
      vertex -2.216506e+001  1.875000e+001  2.500000e+000
      vertex -2.234923e+001  1.914495e+001  2.500000e+000
    endloop
  endfacet
  facet normal  0.000000e+000  0.000000e+000  1.000000e+000
    outer loop
      vertex -2.850000e+001  1.775000e+001  2.500000e+000
      vertex -2.234923e+001  1.914495e+001  2.500000e+000
      vertex -2.246202e+001  1.956588e+001  2.500000e+000
    endloop
  endfacet
  facet normal  0.000000e+000  0.000000e+000  1.000000e+000
    outer loop
      vertex -2.850000e+001  1.775000e+001  2.500000e+000
      vertex -2.246202e+001  1.956588e+001  2.500000e+000
      vertex -2.250000e+001  2.000000e+001  2.500000e+000
    endloop
  endfacet
  facet normal  0.000000e+000  -0.000000e+000  1.000000e+000
    outer loop
      vertex -2.850000e+001  1.775000e+001  2.500000e+000
      vertex -2.250000e+001  2.000000e+001  2.500000e+000
      vertex -2.246202e+001  2.043412e+001  2.500000e+000
    endloop
  endfacet
  facet normal  0.000000e+000  -0.000000e+000  1.000000e+000
    outer loop
      vertex -2.850000e+001  1.775000e+001  2.500000e+000
      vertex -2.246202e+001  2.043412e+001  2.500000e+000
      vertex -2.234923e+001  2.085505e+001  2.500000e+000
    endloop
  endfacet
  facet normal  0.000000e+000  -0.000000e+000  9.999999e-001
    outer loop
      vertex -2.850000e+001  1.775000e+001  2.500000e+000
      vertex -2.234923e+001  2.085505e+001  2.500000e+000
      vertex -2.216506e+001  2.125000e+001  2.500000e+000
    endloop
  endfacet
  facet normal  0.000000e+000  -0.000000e+000  1.000000e+000
    outer loop
      vertex -2.850000e+001  1.775000e+001  2.500000e+000
      vertex -2.216506e+001  2.125000e+001  2.500000e+000
      vertex -2.191511e+001  2.160697e+001  2.500000e+000
    endloop
  endfacet
  facet normal  0.000000e+000  -0.000000e+000  1.000000e+000
    outer loop
      vertex -2.850000e+001  1.775000e+001  2.500000e+000
      vertex -2.191511e+001  2.160697e+001  2.500000e+000
      vertex -2.160697e+001  2.191511e+001  2.500000e+000
    endloop
  endfacet
  facet normal  0.000000e+000  -0.000000e+000  1.000000e+000
    outer loop
      vertex -2.850000e+001  1.775000e+001  2.500000e+000
      vertex -2.160697e+001  2.191511e+001  2.500000e+000
      vertex -2.125000e+001  2.216506e+001  2.500000e+000
    endloop
  endfacet
  facet normal  0.000000e+000  0.000000e+000  1.000000e+000
    outer loop
      vertex -2.000000e+001  2.250000e+001  2.500000e+000
      vertex -2.478414e+001  3.196148e+001  2.500000e+000
      vertex -2.556072e+001  3.184628e+001  2.500000e+000
    endloop
  endfacet
  facet normal  0.000000e+000  0.000000e+000  1.000000e+000
    outer loop
      vertex -2.000000e+001  2.250000e+001  2.500000e+000
      vertex -2.556072e+001  3.184628e+001  2.500000e+000
      vertex -2.632228e+001  3.165552e+001  2.500000e+000
    endloop
  endfacet
  facet normal  0.000000e+000  0.000000e+000  9.999999e-001
    outer loop
      vertex -2.000000e+001  2.250000e+001  2.500000e+000
      vertex -2.632228e+001  3.165552e+001  2.500000e+000
      vertex -2.706147e+001  3.139104e+001  2.500000e+000
    endloop
  endfacet
  facet normal  0.000000e+000  0.000000e+000  1.000000e+000
    outer loop
      vertex -2.000000e+001  2.250000e+001  2.500000e+000
      vertex -2.706147e+001  3.139104e+001  2.500000e+000
      vertex -2.777117e+001  3.105537e+001  2.500000e+000
    endloop
  endfacet
  facet normal  0.000000e+000  0.000000e+000  1.000000e+000
    outer loop
      vertex -2.000000e+001  2.250000e+001  2.500000e+000
      vertex -2.777117e+001  3.105537e+001  2.500000e+000
      vertex -2.844456e+001  3.065176e+001  2.500000e+000
    endloop
  endfacet
  facet normal  0.000000e+000  -0.000000e+000  1.000000e+000
    outer loop
      vertex -1.050000e+001  4.866011e-003  2.500000e+000
      vertex -4.500000e+000  4.866011e-003  2.500000e+000
      vertex -4.500000e+000  1.987500e+001  2.500000e+000
    endloop
  endfacet
  facet normal  0.000000e+000  0.000000e+000  1.000000e+000
    outer loop
      vertex -1.050000e+001  4.866011e-003  2.500000e+000
      vertex -4.500000e+000  1.987500e+001  2.500000e+000
      vertex -4.817022e+000  1.990622e+001  2.500000e+000
    endloop
  endfacet
  facet normal  0.000000e+000  0.000000e+000  1.000000e+000
    outer loop
      vertex -1.050000e+001  4.866011e-003  2.500000e+000
      vertex -4.817022e+000  1.990622e+001  2.500000e+000
      vertex -5.121861e+000  1.999870e+001  2.500000e+000
    endloop
  endfacet
  facet normal  0.000000e+000  0.000000e+000  1.000000e+000
    outer loop
      vertex -1.050000e+001  4.866011e-003  2.500000e+000
      vertex -5.121861e+000  1.999870e+001  2.500000e+000
      vertex -5.402802e+000  2.014886e+001  2.500000e+000
    endloop
  endfacet
  facet normal  0.000000e+000  0.000000e+000  1.000000e+000
    outer loop
      vertex -1.050000e+001  4.866011e-003  2.500000e+000
      vertex -5.402802e+000  2.014886e+001  2.500000e+000
      vertex -5.649048e+000  2.035095e+001  2.500000e+000
    endloop
  endfacet
  facet normal  0.000000e+000  0.000000e+000  1.000000e+000
    outer loop
      vertex -1.050000e+001  4.866011e-003  2.500000e+000
      vertex -5.649048e+000  2.035095e+001  2.500000e+000
      vertex -5.851138e+000  2.059720e+001  2.500000e+000
    endloop
  endfacet
  facet normal  0.000000e+000  0.000000e+000  1.000000e+000
    outer loop
      vertex -1.050000e+001  4.866011e-003  2.500000e+000
      vertex -5.851138e+000  2.059720e+001  2.500000e+000
      vertex -6.001304e+000  2.087814e+001  2.500000e+000
    endloop
  endfacet
  facet normal  0.000000e+000  0.000000e+000  1.000000e+000
    outer loop
      vertex -1.050000e+001  4.866011e-003  2.500000e+000
      vertex -6.001304e+000  2.087814e+001  2.500000e+000
      vertex -6.093776e+000  2.118298e+001  2.500000e+000
    endloop
  endfacet
  facet normal  0.000000e+000  0.000000e+000  1.000000e+000
    outer loop
      vertex -1.050000e+001  4.866011e-003  2.500000e+000
      vertex -6.093776e+000  2.118298e+001  2.500000e+000
      vertex -6.125000e+000  2.150000e+001  2.500000e+000
    endloop
  endfacet
  facet normal  0.000000e+000  -0.000000e+000  1.000000e+000
    outer loop
      vertex -1.050000e+001  4.866011e-003  2.500000e+000
      vertex -6.125000e+000  2.150000e+001  2.500000e+000
      vertex -6.093776e+000  2.181702e+001  2.500000e+000
    endloop
  endfacet
  facet normal  0.000000e+000  0.000000e+000  1.000000e+000
    outer loop
      vertex -1.050000e+001  4.866011e-003  2.500000e+000
      vertex -6.093776e+000  2.181702e+001  2.500000e+000
      vertex -1.765077e+001  2.085505e+001  2.500000e+000
    endloop
  endfacet
  facet normal  0.000000e+000  0.000000e+000  1.000000e+000
    outer loop
      vertex -1.050000e+001  4.866011e-003  2.500000e+000
      vertex -1.765077e+001  2.085505e+001  2.500000e+000
      vertex -1.753798e+001  2.043412e+001  2.500000e+000
    endloop
  endfacet
  facet normal  0.000000e+000  0.000000e+000  1.000000e+000
    outer loop
      vertex -1.050000e+001  4.866011e-003  2.500000e+000
      vertex -1.753798e+001  2.043412e+001  2.500000e+000
      vertex -1.750000e+001  2.000000e+001  2.500000e+000
    endloop
  endfacet
  facet normal  0.000000e+000  0.000000e+000  1.000000e+000
    outer loop
      vertex -1.050000e+001  4.866011e-003  2.500000e+000
      vertex -1.750000e+001  2.000000e+001  2.500000e+000
      vertex -1.753798e+001  1.956588e+001  2.500000e+000
    endloop
  endfacet
  facet normal  0.000000e+000  0.000000e+000  1.000000e+000
    outer loop
      vertex -1.050000e+001  4.866011e-003  2.500000e+000
      vertex -1.753798e+001  1.956588e+001  2.500000e+000
      vertex -1.765077e+001  1.914495e+001  2.500000e+000
    endloop
  endfacet
  facet normal  0.000000e+000  0.000000e+000  1.000000e+000
    outer loop
      vertex -1.050000e+001  4.866011e-003  2.500000e+000
      vertex -1.765077e+001  1.914495e+001  2.500000e+000
      vertex -1.783494e+001  1.875000e+001  2.500000e+000
    endloop
  endfacet
  facet normal  0.000000e+000  0.000000e+000  1.000000e+000
    outer loop
      vertex -1.050000e+001  4.866011e-003  2.500000e+000
      vertex -1.783494e+001  1.875000e+001  2.500000e+000
      vertex -1.808489e+001  1.839303e+001  2.500000e+000
    endloop
  endfacet
  facet normal  0.000000e+000  0.000000e+000  1.000000e+000
    outer loop
      vertex -1.050000e+001  4.866011e-003  2.500000e+000
      vertex -1.808489e+001  1.839303e+001  2.500000e+000
      vertex -1.839303e+001  1.808489e+001  2.500000e+000
    endloop
  endfacet
  facet normal  0.000000e+000  0.000000e+000  1.000000e+000
    outer loop
      vertex -1.050000e+001  4.866011e-003  2.500000e+000
      vertex -1.839303e+001  1.808489e+001  2.500000e+000
      vertex -1.875000e+001  1.783494e+001  2.500000e+000
    endloop
  endfacet
  facet normal  -0.000000e+000  0.000000e+000  1.000000e+000
    outer loop
      vertex -1.050000e+001  4.866011e-003  2.500000e+000
      vertex -1.900000e+001  4.866011e-003  2.500000e+000
      vertex -1.900000e+001 -2.500000e-001  2.500000e+000
    endloop
  endfacet
  facet normal  -0.000000e+000  0.000000e+000  1.000000e+000
    outer loop
      vertex -1.050000e+001  4.866011e-003  2.500000e+000
      vertex -1.900000e+001 -2.500000e-001  2.500000e+000
      vertex -1.875614e+001 -2.740184e-001  2.500000e+000
    endloop
  endfacet
  facet normal  -0.000000e+000  0.000000e+000  1.000000e+000
    outer loop
      vertex -1.050000e+001  4.866011e-003  2.500000e+000
      vertex -1.875614e+001 -2.740184e-001  2.500000e+000
      vertex -1.852165e+001 -3.451506e-001  2.500000e+000
    endloop
  endfacet
  facet normal  -0.000000e+000  0.000000e+000  1.000000e+000
    outer loop
      vertex -1.050000e+001  4.866011e-003  2.500000e+000
      vertex -1.852165e+001 -3.451506e-001  2.500000e+000
      vertex -1.830554e+001 -4.606630e-001  2.500000e+000
    endloop
  endfacet
  facet normal  0.000000e+000  0.000000e+000  1.000000e+000
    outer loop
      vertex  3.552714e-015  4.866011e-003  2.500000e+000
      vertex -2.906224e+000  2.181702e+001  2.500000e+000
      vertex -2.875000e+000  2.150000e+001  2.500000e+000
    endloop
  endfacet
  facet normal  0.000000e+000  0.000000e+000  9.999999e-001
    outer loop
      vertex  3.552714e-015  4.866011e-003  2.500000e+000
      vertex -2.875000e+000  2.150000e+001  2.500000e+000
      vertex -2.906224e+000  2.118298e+001  2.500000e+000
    endloop
  endfacet
  facet normal  0.000000e+000  0.000000e+000  1.000000e+000
    outer loop
      vertex  3.552714e-015  4.866011e-003  2.500000e+000
      vertex -2.906224e+000  2.118298e+001  2.500000e+000
      vertex -2.998696e+000  2.087814e+001  2.500000e+000
    endloop
  endfacet
  facet normal  0.000000e+000  0.000000e+000  1.000000e+000
    outer loop
      vertex  3.552714e-015  4.866011e-003  2.500000e+000
      vertex -2.998696e+000  2.087814e+001  2.500000e+000
      vertex -3.148862e+000  2.059720e+001  2.500000e+000
    endloop
  endfacet
  facet normal  0.000000e+000  0.000000e+000  1.000000e+000
    outer loop
      vertex  3.552714e-015  4.866011e-003  2.500000e+000
      vertex -3.148862e+000  2.059720e+001  2.500000e+000
      vertex -3.350951e+000  2.035095e+001  2.500000e+000
    endloop
  endfacet
  facet normal  0.000000e+000  0.000000e+000  1.000000e+000
    outer loop
      vertex  3.552714e-015  4.866011e-003  2.500000e+000
      vertex -3.350951e+000  2.035095e+001  2.500000e+000
      vertex -3.597198e+000  2.014886e+001  2.500000e+000
    endloop
  endfacet
  facet normal  0.000000e+000  0.000000e+000  9.999999e-001
    outer loop
      vertex  3.552714e-015  4.866011e-003  2.500000e+000
      vertex -3.597198e+000  2.014886e+001  2.500000e+000
      vertex -3.878139e+000  1.999870e+001  2.500000e+000
    endloop
  endfacet
  facet normal  0.000000e+000  0.000000e+000  9.999999e-001
    outer loop
      vertex  3.552714e-015  4.866011e-003  2.500000e+000
      vertex -3.878139e+000  1.999870e+001  2.500000e+000
      vertex -4.182978e+000  1.990622e+001  2.500000e+000
    endloop
  endfacet
  facet normal  0.000000e+000  0.000000e+000  1.000000e+000
    outer loop
      vertex  3.552714e-015  4.866011e-003  2.500000e+000
      vertex -4.182978e+000  1.990622e+001  2.500000e+000
      vertex -4.500000e+000  1.987500e+001  2.500000e+000
    endloop
  endfacet
  facet normal  0.000000e+000  0.000000e+000  1.000000e+000
    outer loop
      vertex  3.552714e-015  4.866011e-003  2.500000e+000
      vertex -4.500000e+000  1.987500e+001  2.500000e+000
      vertex -4.500000e+000  4.866011e-003  2.500000e+000
    endloop
  endfacet
  facet normal  -0.000000e+000  0.000000e+000  9.999999e-001
    outer loop
      vertex  1.776357e-015  3.200000e+001  2.500000e+000
      vertex -4.500000e+000  2.312500e+001  2.500000e+000
      vertex -4.182978e+000  2.309378e+001  2.500000e+000
    endloop
  endfacet
  facet normal  -0.000000e+000  0.000000e+000  1.000000e+000
    outer loop
      vertex  1.776357e-015  3.200000e+001  2.500000e+000
      vertex -4.182978e+000  2.309378e+001  2.500000e+000
      vertex -3.878139e+000  2.300130e+001  2.500000e+000
    endloop
  endfacet
  facet normal  -0.000000e+000  0.000000e+000  1.000000e+000
    outer loop
      vertex  1.776357e-015  3.200000e+001  2.500000e+000
      vertex -3.878139e+000  2.300130e+001  2.500000e+000
      vertex -3.597198e+000  2.285114e+001  2.500000e+000
    endloop
  endfacet
  facet normal  -0.000000e+000  0.000000e+000  1.000000e+000
    outer loop
      vertex  1.776357e-015  3.200000e+001  2.500000e+000
      vertex -3.597198e+000  2.285114e+001  2.500000e+000
      vertex -3.350951e+000  2.264905e+001  2.500000e+000
    endloop
  endfacet
  facet normal  -0.000000e+000  0.000000e+000  1.000000e+000
    outer loop
      vertex  1.776357e-015  3.200000e+001  2.500000e+000
      vertex -3.350951e+000  2.264905e+001  2.500000e+000
      vertex -3.148862e+000  2.240280e+001  2.500000e+000
    endloop
  endfacet
  facet normal  -0.000000e+000  0.000000e+000  1.000000e+000
    outer loop
      vertex  1.776357e-015  3.200000e+001  2.500000e+000
      vertex -3.148862e+000  2.240280e+001  2.500000e+000
      vertex -2.998696e+000  2.212186e+001  2.500000e+000
    endloop
  endfacet
  facet normal  -0.000000e+000  0.000000e+000  1.000000e+000
    outer loop
      vertex  1.776357e-015  3.200000e+001  2.500000e+000
      vertex -2.998696e+000  2.212186e+001  2.500000e+000
      vertex -2.906224e+000  2.181702e+001  2.500000e+000
    endloop
  endfacet
  facet normal  -0.000000e+000  0.000000e+000  1.000000e+000
    outer loop
      vertex  1.776357e-015  3.200000e+001  2.500000e+000
      vertex -2.906224e+000  2.181702e+001  2.500000e+000
      vertex  3.552714e-015  4.866011e-003  2.500000e+000
    endloop
  endfacet
  facet normal  0.000000e+000  0.000000e+000  1.000000e+000
    outer loop
      vertex  8.453850e-015 -3.200000e+001  2.500000e+000
      vertex -4.255259e+000 -3.122020e+001  2.500000e+000
      vertex -3.338609e+000 -3.152622e+001  2.500000e+000
    endloop
  endfacet
  facet normal  0.000000e+000  0.000000e+000  1.000000e+000
    outer loop
      vertex  8.453850e-015 -3.200000e+001  2.500000e+000
      vertex -3.338609e+000 -3.152622e+001  2.500000e+000
      vertex -2.400308e+000 -3.175749e+001  2.500000e+000
    endloop
  endfacet
  facet normal  0.000000e+000  0.000000e+000  1.000000e+000
    outer loop
      vertex  8.453850e-015 -3.200000e+001  2.500000e+000
      vertex -2.400308e+000 -3.175749e+001  2.500000e+000
      vertex -1.446440e+000 -3.191251e+001  2.500000e+000
    endloop
  endfacet
  facet normal  0.000000e+000  0.000000e+000  1.000000e+000
    outer loop
      vertex  8.453850e-015 -3.200000e+001  2.500000e+000
      vertex -1.446440e+000 -3.191251e+001  2.500000e+000
      vertex -4.831913e-001 -3.199027e+001  2.500000e+000
    endloop
  endfacet
  facet normal  -0.000000e+000  0.000000e+000  1.000000e+000
    outer loop
      vertex  8.700000e+000  4.866011e-003  2.500000e+000
      vertex  3.552714e-015  4.866011e-003  2.500000e+000
      vertex  8.700000e+000 -7.800000e+000  2.500000e+000
    endloop
  endfacet
  facet normal  0.000000e+000  0.000000e+000  1.000000e+000
    outer loop
      vertex  8.700000e+000 -7.800000e+000  2.500000e+000
      vertex  3.552714e-015  4.866011e-003  2.500000e+000
      vertex  2.669723e-015 -1.640000e+001  2.500000e+000
    endloop
  endfacet
  facet normal  0.000000e+000  -0.000000e+000  1.000000e+000
    outer loop
      vertex -1.014228e+001 -2.641359e+001  2.500000e+000
      vertex -9.593313e+000 -2.720891e+001  2.500000e+000
      vertex -9.000000e+000 -1.035000e+001  2.500000e+000
    endloop
  endfacet
  facet normal  0.000000e+000  0.000000e+000  1.000000e+000
    outer loop
      vertex -9.000000e+000 -1.035000e+001  2.500000e+000
      vertex -9.593313e+000 -2.720891e+001  2.500000e+000
      vertex -8.982129e+000 -2.795747e+001  2.500000e+000
    endloop
  endfacet
  facet normal  0.000000e+000  0.000000e+000  9.999999e-001
    outer loop
      vertex -9.000000e+000 -4.650000e+000  2.500000e+000
      vertex -4.500000e+000  4.866011e-003  2.500000e+000
      vertex -1.200000e+001 -4.650000e+000  2.500000e+000
    endloop
  endfacet
  facet normal  0.000000e+000  0.000000e+000  9.999999e-001
    outer loop
      vertex -1.200000e+001 -4.650000e+000  2.500000e+000
      vertex -4.500000e+000  4.866011e-003  2.500000e+000
      vertex -1.050000e+001  4.866011e-003  2.500000e+000
    endloop
  endfacet
  facet normal  0.000000e+000  0.000000e+000  1.000000e+000
    outer loop
      vertex -1.200000e+001 -4.650000e+000  2.500000e+000
      vertex -1.050000e+001  4.866011e-003  2.500000e+000
      vertex -1.811612e+001 -6.161165e-001  2.500000e+000
    endloop
  endfacet
  facet normal  0.000000e+000  -0.000000e+000  1.000000e+000
    outer loop
      vertex -1.811612e+001 -6.161165e-001  2.500000e+000
      vertex -1.050000e+001  4.866011e-003  2.500000e+000
      vertex -1.830554e+001 -4.606630e-001  2.500000e+000
    endloop
  endfacet
  facet normal  0.000000e+000  0.000000e+000  1.000000e+000
    outer loop
      vertex -2.085505e+001  1.765077e+001  2.500000e+000
      vertex -2.802165e+001  1.765485e+001  2.500000e+000
      vertex -2.043412e+001  1.753798e+001  2.500000e+000
    endloop
  endfacet
  facet normal  0.000000e+000  0.000000e+000  1.000000e+000
    outer loop
      vertex -2.043412e+001  1.753798e+001  2.500000e+000
      vertex -2.802165e+001  1.765485e+001  2.500000e+000
      vertex -2.780554e+001  1.753934e+001  2.500000e+000
    endloop
  endfacet
  facet normal  0.000000e+000  0.000000e+000  1.000000e+000
    outer loop
      vertex -2.043412e+001  1.753798e+001  2.500000e+000
      vertex -2.780554e+001  1.753934e+001  2.500000e+000
      vertex -2.000000e+001  1.750000e+001  2.500000e+000
    endloop
  endfacet
  facet normal  0.000000e+000  0.000000e+000  1.000000e+000
    outer loop
      vertex -2.000000e+001  1.750000e+001  2.500000e+000
      vertex -2.780554e+001  1.753934e+001  2.500000e+000
      vertex -2.761612e+001  1.738388e+001  2.500000e+000
    endloop
  endfacet
  facet normal  -0.000000e+000  0.000000e+000  1.000000e+000
    outer loop
      vertex -2.000000e+001  1.750000e+001  2.500000e+000
      vertex -2.761612e+001  1.738388e+001  2.500000e+000
      vertex -2.746066e+001  1.719446e+001  2.500000e+000
    endloop
  endfacet
  facet normal -1.000000e+000  -0.000000e+000  0.000000e+000
    outer loop
      vertex -1.200000e+001 -2.000000e+001  1.250000e+000
      vertex -1.200000e+001 -1.650000e+001  1.250000e+000
      vertex -1.200000e+001 -2.000000e+001  0.000000e+000
    endloop
  endfacet
  facet normal -1.000000e+000  0.000000e+000  0.000000e+000
    outer loop
      vertex -1.200000e+001 -2.000000e+001  0.000000e+000
      vertex -1.200000e+001 -1.650000e+001  1.250000e+000
      vertex -1.200000e+001 -1.650000e+001  0.000000e+000
    endloop
  endfacet
  facet normal -1.000000e+000  -0.000000e+000  0.000000e+000
    outer loop
      vertex -1.200000e+001 -1.650000e+001  1.250000e+000
      vertex -1.200000e+001 -1.300000e+001  1.250000e+000
      vertex -1.200000e+001 -1.650000e+001  0.000000e+000
    endloop
  endfacet
  facet normal -1.000000e+000  0.000000e+000  0.000000e+000
    outer loop
      vertex -1.200000e+001 -1.650000e+001  0.000000e+000
      vertex -1.200000e+001 -1.300000e+001  1.250000e+000
      vertex -1.200000e+001 -1.300000e+001  0.000000e+000
    endloop
  endfacet
  facet normal -1.000000e+000  -0.000000e+000  0.000000e+000
    outer loop
      vertex -1.200000e+001 -2.000000e+001  2.500000e+000
      vertex -1.200000e+001 -1.650000e+001  2.500000e+000
      vertex -1.200000e+001 -2.000000e+001  1.250000e+000
    endloop
  endfacet
  facet normal -1.000000e+000  0.000000e+000  0.000000e+000
    outer loop
      vertex -1.200000e+001 -2.000000e+001  1.250000e+000
      vertex -1.200000e+001 -1.650000e+001  2.500000e+000
      vertex -1.200000e+001 -1.650000e+001  1.250000e+000
    endloop
  endfacet
  facet normal -1.000000e+000  -0.000000e+000  0.000000e+000
    outer loop
      vertex -1.200000e+001 -1.650000e+001  2.500000e+000
      vertex -1.200000e+001 -1.300000e+001  2.500000e+000
      vertex -1.200000e+001 -1.650000e+001  1.250000e+000
    endloop
  endfacet
  facet normal -1.000000e+000  0.000000e+000  0.000000e+000
    outer loop
      vertex -1.200000e+001 -1.650000e+001  1.250000e+000
      vertex -1.200000e+001 -1.300000e+001  2.500000e+000
      vertex -1.200000e+001 -1.300000e+001  1.250000e+000
    endloop
  endfacet
  facet normal  0.000000e+000 -1.000000e+000  0.000000e+000
    outer loop
      vertex -1.500000e+001 -1.300000e+001  1.250000e+000
      vertex -1.500000e+001 -1.300000e+001 -3.108624e-015
      vertex -1.350000e+001 -1.300000e+001  1.250000e+000
    endloop
  endfacet
  facet normal  0.000000e+000 -1.000000e+000  -0.000000e+000
    outer loop
      vertex -1.350000e+001 -1.300000e+001  1.250000e+000
      vertex -1.500000e+001 -1.300000e+001 -3.108624e-015
      vertex -1.350000e+001 -1.300000e+001  0.000000e+000
    endloop
  endfacet
  facet normal  0.000000e+000 -1.000000e+000  0.000000e+000
    outer loop
      vertex -1.350000e+001 -1.300000e+001  1.250000e+000
      vertex -1.350000e+001 -1.300000e+001  0.000000e+000
      vertex -1.200000e+001 -1.300000e+001  1.250000e+000
    endloop
  endfacet
  facet normal  0.000000e+000 -1.000000e+000  -0.000000e+000
    outer loop
      vertex -1.200000e+001 -1.300000e+001  1.250000e+000
      vertex -1.350000e+001 -1.300000e+001  0.000000e+000
      vertex -1.200000e+001 -1.300000e+001  0.000000e+000
    endloop
  endfacet
  facet normal  0.000000e+000 -1.000000e+000  0.000000e+000
    outer loop
      vertex -1.500000e+001 -1.300000e+001  2.500000e+000
      vertex -1.500000e+001 -1.300000e+001  1.250000e+000
      vertex -1.350000e+001 -1.300000e+001  2.500000e+000
    endloop
  endfacet
  facet normal  0.000000e+000 -1.000000e+000  -0.000000e+000
    outer loop
      vertex -1.350000e+001 -1.300000e+001  2.500000e+000
      vertex -1.500000e+001 -1.300000e+001  1.250000e+000
      vertex -1.350000e+001 -1.300000e+001  1.250000e+000
    endloop
  endfacet
  facet normal  0.000000e+000 -1.000000e+000  0.000000e+000
    outer loop
      vertex -1.350000e+001 -1.300000e+001  2.500000e+000
      vertex -1.350000e+001 -1.300000e+001  1.250000e+000
      vertex -1.200000e+001 -1.300000e+001  2.500000e+000
    endloop
  endfacet
  facet normal  0.000000e+000 -1.000000e+000  -0.000000e+000
    outer loop
      vertex -1.200000e+001 -1.300000e+001  2.500000e+000
      vertex -1.350000e+001 -1.300000e+001  1.250000e+000
      vertex -1.200000e+001 -1.300000e+001  1.250000e+000
    endloop
  endfacet
  facet normal  7.161655e-004 -9.659259e-001  2.588177e-001
    outer loop
      vertex -1.500000e+001 -1.546202e+001  4.341204e-001
      vertex -1.500000e+001 -1.534923e+001  8.550504e-001
      vertex -2.350000e+001 -1.537764e+001  7.725425e-001
    endloop
  endfacet
  facet normal -6.267218e-004 -9.238789e-001  3.826845e-001
    outer loop
      vertex -2.350000e+001 -1.522752e+001  1.134976e+000
      vertex -2.350000e+001 -1.537764e+001  7.725425e-001
      vertex -1.500000e+001 -1.534923e+001  8.550504e-001
    endloop
  endfacet
  facet normal  9.399921e-004 -9.063075e-001  4.226178e-001
    outer loop
      vertex -1.500000e+001 -1.534923e+001  8.550504e-001
      vertex -1.500000e+001 -1.516506e+001  1.250000e+000
      vertex -2.350000e+001 -1.522752e+001  1.134976e+000
    endloop
  endfacet
  facet normal -8.059076e-004 -8.526405e-001  5.224973e-001
    outer loop
      vertex -2.350000e+001 -1.502254e+001  1.469463e+000
      vertex -2.350000e+001 -1.522752e+001  1.134976e+000
      vertex -1.500000e+001 -1.516506e+001  1.250000e+000
    endloop
  endfacet
  facet normal -8.058739e-004 -5.224985e-001  8.526398e-001
    outer loop
      vertex -2.350000e+001 -1.446946e+001  2.022542e+000
      vertex -1.500000e+001 -1.425000e+001  2.165064e+000
      vertex -2.350000e+001 -1.413498e+001  2.227516e+000
    endloop
  endfacet
  facet normal  9.400533e-004 -4.226175e-001  9.063076e-001
    outer loop
      vertex -2.350000e+001 -1.413498e+001  2.227516e+000
      vertex -1.500000e+001 -1.425000e+001  2.165064e+000
      vertex -1.500000e+001 -1.385505e+001  2.349231e+000
    endloop
  endfacet
  facet normal -6.266991e-004 -3.826832e-001  9.238794e-001
    outer loop
      vertex -2.350000e+001 -1.413498e+001  2.227516e+000
      vertex -1.500000e+001 -1.385505e+001  2.349231e+000
      vertex -2.350000e+001 -1.377254e+001  2.377641e+000
    endloop
  endfacet
  facet normal  7.161456e-004 -2.588193e-001  9.659255e-001
    outer loop
      vertex -2.350000e+001 -1.377254e+001  2.377641e+000
      vertex -1.500000e+001 -1.385505e+001  2.349231e+000
      vertex -1.500000e+001 -1.343412e+001  2.462019e+000
    endloop
  endfacet
  facet normal -7.161655e-004 -9.659259e-001  2.588177e-001
    outer loop
      vertex -3.200000e+001 -1.546202e+001  4.341204e-001
      vertex -2.350000e+001 -1.537764e+001  7.725425e-001
      vertex -3.200000e+001 -1.534923e+001  8.550504e-001
    endloop
  endfacet
  facet normal  6.267218e-004 -9.238789e-001  3.826845e-001
    outer loop
      vertex -3.200000e+001 -1.534923e+001  8.550504e-001
      vertex -2.350000e+001 -1.537764e+001  7.725425e-001
      vertex -2.350000e+001 -1.522752e+001  1.134976e+000
    endloop
  endfacet
  facet normal -9.399921e-004 -9.063075e-001  4.226178e-001
    outer loop
      vertex -3.200000e+001 -1.534923e+001  8.550504e-001
      vertex -2.350000e+001 -1.522752e+001  1.134976e+000
      vertex -3.200000e+001 -1.516506e+001  1.250000e+000
    endloop
  endfacet
  facet normal  8.059076e-004 -8.526405e-001  5.224973e-001
    outer loop
      vertex -3.200000e+001 -1.516506e+001  1.250000e+000
      vertex -2.350000e+001 -1.522752e+001  1.134976e+000
      vertex -2.350000e+001 -1.502254e+001  1.469463e+000
    endloop
  endfacet
  facet normal  8.058739e-004 -5.224985e-001  8.526398e-001
    outer loop
      vertex -2.350000e+001 -1.446946e+001  2.022542e+000
      vertex -2.350000e+001 -1.413498e+001  2.227516e+000
      vertex -3.200000e+001 -1.425000e+001  2.165064e+000
    endloop
  endfacet
  facet normal -9.400533e-004 -4.226175e-001  9.063076e-001
    outer loop
      vertex -3.200000e+001 -1.385505e+001  2.349231e+000
      vertex -3.200000e+001 -1.425000e+001  2.165064e+000
      vertex -2.350000e+001 -1.413498e+001  2.227516e+000
    endloop
  endfacet
  facet normal  6.266991e-004 -3.826832e-001  9.238794e-001
    outer loop
      vertex -2.350000e+001 -1.413498e+001  2.227516e+000
      vertex -2.350000e+001 -1.377254e+001  2.377641e+000
      vertex -3.200000e+001 -1.385505e+001  2.349231e+000
    endloop
  endfacet
  facet normal -7.161456e-004 -2.588193e-001  9.659255e-001
    outer loop
      vertex -3.200000e+001 -1.343412e+001  2.462019e+000
      vertex -3.200000e+001 -1.385505e+001  2.349231e+000
      vertex -2.350000e+001 -1.377254e+001  2.377641e+000
    endloop
  endfacet
  facet normal  2.869386e-017 -9.969174e-001  7.845844e-002
    outer loop
      vertex -2.350000e+001 -1.550000e+001  0.000000e+000
      vertex -1.500000e+001 -1.550000e+001 -3.108624e-015
      vertex -2.350000e+001 -1.546922e+001  3.910862e-001
    endloop
  endfacet
  facet normal  4.028253e-004 -9.961945e-001  8.715668e-002
    outer loop
      vertex -2.350000e+001 -1.546922e+001  3.910862e-001
      vertex -1.500000e+001 -1.550000e+001 -3.108624e-015
      vertex -1.500000e+001 -1.546202e+001  4.341204e-001
    endloop
  endfacet
  facet normal -3.579987e-004 -9.723699e-001  2.334451e-001
    outer loop
      vertex -2.350000e+001 -1.546922e+001  3.910862e-001
      vertex -1.500000e+001 -1.546202e+001  4.341204e-001
      vertex -2.350000e+001 -1.537764e+001  7.725425e-001
    endloop
  endfacet
  facet normal  0.000000e+000 -7.372764e-001  6.755912e-001
    outer loop
      vertex -1.500000e+001 -1.476777e+001  1.767767e+000
      vertex -2.350000e+001 -1.476777e+001  1.767767e+000
      vertex -1.500000e+001 -1.491511e+001  1.606969e+000
    endloop
  endfacet
  facet normal -8.954817e-004 -7.604051e-001  6.494485e-001
    outer loop
      vertex -1.500000e+001 -1.491511e+001  1.606969e+000
      vertex -2.350000e+001 -1.476777e+001  1.767767e+000
      vertex -2.350000e+001 -1.502254e+001  1.469463e+000
    endloop
  endfacet
  facet normal  1.074416e-003 -8.191516e-001  5.735760e-001
    outer loop
      vertex -1.500000e+001 -1.491511e+001  1.606969e+000
      vertex -2.350000e+001 -1.502254e+001  1.469463e+000
      vertex -1.500000e+001 -1.516506e+001  1.250000e+000
    endloop
  endfacet
  facet normal  0.000000e+000 -6.494483e-001  7.604057e-001
    outer loop
      vertex -2.350000e+001 -1.476777e+001  1.767767e+000
      vertex -1.500000e+001 -1.476777e+001  1.767767e+000
      vertex -2.350000e+001 -1.446946e+001  2.022542e+000
    endloop
  endfacet
  facet normal -1.610650e-003 -6.755889e-001  7.372768e-001
    outer loop
      vertex -2.350000e+001 -1.446946e+001  2.022542e+000
      vertex -1.500000e+001 -1.476777e+001  1.767767e+000
      vertex -1.500000e+001 -1.460697e+001  1.915111e+000
    endloop
  endfacet
  facet normal  1.074428e-003 -5.735765e-001  8.191513e-001
    outer loop
      vertex -2.350000e+001 -1.446946e+001  2.022542e+000
      vertex -1.500000e+001 -1.460697e+001  1.915111e+000
      vertex -1.500000e+001 -1.425000e+001  2.165064e+000
    endloop
  endfacet
  facet normal  0.000000e+000 -8.715566e-002  9.961947e-001
    outer loop
      vertex -1.500000e+001 -1.300000e+001  2.500000e+000
      vertex -2.350000e+001 -1.300000e+001  2.500000e+000
      vertex -1.500000e+001 -1.343412e+001  2.462019e+000
    endloop
  endfacet
  facet normal  4.473955e-004 -7.845894e-002  9.969172e-001
    outer loop
      vertex -1.500000e+001 -1.343412e+001  2.462019e+000
      vertex -2.350000e+001 -1.300000e+001  2.500000e+000
      vertex -2.350000e+001 -1.339109e+001  2.469221e+000
    endloop
  endfacet
  facet normal -3.580645e-004 -2.334456e-001  9.723698e-001
    outer loop
      vertex -1.500000e+001 -1.343412e+001  2.462019e+000
      vertex -2.350000e+001 -1.339109e+001  2.469221e+000
      vertex -2.350000e+001 -1.377254e+001  2.377641e+000
    endloop
  endfacet
  facet normal  0.000000e+000 -9.961947e-001  8.715669e-002
    outer loop
      vertex -3.200000e+001 -1.550000e+001  0.000000e+000
      vertex -2.350000e+001 -1.550000e+001  0.000000e+000
      vertex -3.200000e+001 -1.546202e+001  4.341204e-001
    endloop
  endfacet
  facet normal -4.474758e-004 -9.969172e-001  7.845842e-002
    outer loop
      vertex -3.200000e+001 -1.546202e+001  4.341204e-001
      vertex -2.350000e+001 -1.550000e+001  0.000000e+000
      vertex -2.350000e+001 -1.546922e+001  3.910862e-001
    endloop
  endfacet
  facet normal  3.579987e-004 -9.723699e-001  2.334451e-001
    outer loop
      vertex -3.200000e+001 -1.546202e+001  4.341204e-001
      vertex -2.350000e+001 -1.546922e+001  3.910862e-001
      vertex -2.350000e+001 -1.537764e+001  7.725425e-001
    endloop
  endfacet
  facet normal  0.000000e+000 -7.604054e-001  6.494488e-001
    outer loop
      vertex -2.350000e+001 -1.476777e+001  1.767767e+000
      vertex -3.200000e+001 -1.476777e+001  1.767767e+000
      vertex -2.350000e+001 -1.502254e+001  1.469463e+000
    endloop
  endfacet
  facet normal  1.610719e-003 -7.372755e-001  6.755903e-001
    outer loop
      vertex -2.350000e+001 -1.502254e+001  1.469463e+000
      vertex -3.200000e+001 -1.476777e+001  1.767767e+000
      vertex -3.200000e+001 -1.491511e+001  1.606969e+000
    endloop
  endfacet
  facet normal -1.074416e-003 -8.191516e-001  5.735760e-001
    outer loop
      vertex -2.350000e+001 -1.502254e+001  1.469463e+000
      vertex -3.200000e+001 -1.491511e+001  1.606969e+000
      vertex -3.200000e+001 -1.516506e+001  1.250000e+000
    endloop
  endfacet
  facet normal  0.000000e+000 -6.755898e-001  7.372777e-001
    outer loop
      vertex -3.200000e+001 -1.476777e+001  1.767767e+000
      vertex -2.350000e+001 -1.476777e+001  1.767767e+000
      vertex -3.200000e+001 -1.460697e+001  1.915111e+000
    endloop
  endfacet
  facet normal  8.954435e-004 -6.494480e-001  7.604054e-001
    outer loop
      vertex -3.200000e+001 -1.460697e+001  1.915111e+000
      vertex -2.350000e+001 -1.476777e+001  1.767767e+000
      vertex -2.350000e+001 -1.446946e+001  2.022542e+000
    endloop
  endfacet
  facet normal -1.074428e-003 -5.735765e-001  8.191513e-001
    outer loop
      vertex -3.200000e+001 -1.460697e+001  1.915111e+000
      vertex -2.350000e+001 -1.446946e+001  2.022542e+000
      vertex -3.200000e+001 -1.425000e+001  2.165064e+000
    endloop
  endfacet
  facet normal  0.000000e+000 -7.845895e-002  9.969173e-001
    outer loop
      vertex -2.350000e+001 -1.300000e+001  2.500000e+000
      vertex -3.200000e+001 -1.300000e+001  2.500000e+000
      vertex -2.350000e+001 -1.339109e+001  2.469221e+000
    endloop
  endfacet
  facet normal -4.027539e-004 -8.715566e-002  9.961947e-001
    outer loop
      vertex -2.350000e+001 -1.339109e+001  2.469221e+000
      vertex -3.200000e+001 -1.300000e+001  2.500000e+000
      vertex -3.200000e+001 -1.343412e+001  2.462019e+000
    endloop
  endfacet
  facet normal  3.580645e-004 -2.334456e-001  9.723698e-001
    outer loop
      vertex -2.350000e+001 -1.339109e+001  2.469221e+000
      vertex -3.200000e+001 -1.343412e+001  2.462019e+000
      vertex -2.350000e+001 -1.377254e+001  2.377641e+000
    endloop
  endfacet
  facet normal  0.000000e+000 -1.000000e+000  0.000000e+000
    outer loop
      vertex  1.200000e+001 -1.300000e+001  1.250000e+000
      vertex  1.200000e+001 -1.300000e+001  0.000000e+000
      vertex  1.350000e+001 -1.300000e+001  1.250000e+000
    endloop
  endfacet
  facet normal  0.000000e+000 -1.000000e+000  -0.000000e+000
    outer loop
      vertex  1.350000e+001 -1.300000e+001  1.250000e+000
      vertex  1.200000e+001 -1.300000e+001  0.000000e+000
      vertex  1.350000e+001 -1.300000e+001  0.000000e+000
    endloop
  endfacet
  facet normal  0.000000e+000 -1.000000e+000  0.000000e+000
    outer loop
      vertex  1.350000e+001 -1.300000e+001  1.250000e+000
      vertex  1.350000e+001 -1.300000e+001  0.000000e+000
      vertex  1.500000e+001 -1.300000e+001  1.250000e+000
    endloop
  endfacet
  facet normal  0.000000e+000 -1.000000e+000  -0.000000e+000
    outer loop
      vertex  1.500000e+001 -1.300000e+001  1.250000e+000
      vertex  1.350000e+001 -1.300000e+001  0.000000e+000
      vertex  1.500000e+001 -1.300000e+001  0.000000e+000
    endloop
  endfacet
  facet normal  0.000000e+000 -1.000000e+000  0.000000e+000
    outer loop
      vertex  1.200000e+001 -1.300000e+001  2.500000e+000
      vertex  1.200000e+001 -1.300000e+001  1.250000e+000
      vertex  1.350000e+001 -1.300000e+001  2.500000e+000
    endloop
  endfacet
  facet normal  0.000000e+000 -1.000000e+000  -0.000000e+000
    outer loop
      vertex  1.350000e+001 -1.300000e+001  2.500000e+000
      vertex  1.200000e+001 -1.300000e+001  1.250000e+000
      vertex  1.350000e+001 -1.300000e+001  1.250000e+000
    endloop
  endfacet
  facet normal  0.000000e+000 -1.000000e+000  0.000000e+000
    outer loop
      vertex  1.350000e+001 -1.300000e+001  2.500000e+000
      vertex  1.350000e+001 -1.300000e+001  1.250000e+000
      vertex  1.500000e+001 -1.300000e+001  2.500000e+000
    endloop
  endfacet
  facet normal  0.000000e+000 -1.000000e+000  -0.000000e+000
    outer loop
      vertex  1.500000e+001 -1.300000e+001  2.500000e+000
      vertex  1.350000e+001 -1.300000e+001  1.250000e+000
      vertex  1.500000e+001 -1.300000e+001  1.250000e+000
    endloop
  endfacet
  facet normal  1.000000e+000  0.000000e+000  0.000000e+000
    outer loop
      vertex  1.200000e+001 -2.000000e+001  1.250000e+000
      vertex  1.200000e+001 -2.000000e+001  0.000000e+000
      vertex  1.200000e+001 -1.650000e+001  1.250000e+000
    endloop
  endfacet
  facet normal  1.000000e+000  0.000000e+000  0.000000e+000
    outer loop
      vertex  1.200000e+001 -1.650000e+001  1.250000e+000
      vertex  1.200000e+001 -2.000000e+001  0.000000e+000
      vertex  1.200000e+001 -1.650000e+001  0.000000e+000
    endloop
  endfacet
  facet normal  1.000000e+000  0.000000e+000  0.000000e+000
    outer loop
      vertex  1.200000e+001 -1.650000e+001  1.250000e+000
      vertex  1.200000e+001 -1.650000e+001  0.000000e+000
      vertex  1.200000e+001 -1.300000e+001  1.250000e+000
    endloop
  endfacet
  facet normal  1.000000e+000  0.000000e+000  0.000000e+000
    outer loop
      vertex  1.200000e+001 -1.300000e+001  1.250000e+000
      vertex  1.200000e+001 -1.650000e+001  0.000000e+000
      vertex  1.200000e+001 -1.300000e+001  0.000000e+000
    endloop
  endfacet
  facet normal  1.000000e+000  0.000000e+000  0.000000e+000
    outer loop
      vertex  1.200000e+001 -2.000000e+001  2.500000e+000
      vertex  1.200000e+001 -2.000000e+001  1.250000e+000
      vertex  1.200000e+001 -1.650000e+001  2.500000e+000
    endloop
  endfacet
  facet normal  1.000000e+000  0.000000e+000  0.000000e+000
    outer loop
      vertex  1.200000e+001 -1.650000e+001  2.500000e+000
      vertex  1.200000e+001 -2.000000e+001  1.250000e+000
      vertex  1.200000e+001 -1.650000e+001  1.250000e+000
    endloop
  endfacet
  facet normal  1.000000e+000  0.000000e+000  0.000000e+000
    outer loop
      vertex  1.200000e+001 -1.650000e+001  2.500000e+000
      vertex  1.200000e+001 -1.650000e+001  1.250000e+000
      vertex  1.200000e+001 -1.300000e+001  2.500000e+000
    endloop
  endfacet
  facet normal  1.000000e+000  0.000000e+000  0.000000e+000
    outer loop
      vertex  1.200000e+001 -1.300000e+001  2.500000e+000
      vertex  1.200000e+001 -1.650000e+001  1.250000e+000
      vertex  1.200000e+001 -1.300000e+001  1.250000e+000
    endloop
  endfacet
  facet normal  7.161655e-004 -9.659259e-001  2.588177e-001
    outer loop
      vertex  3.200000e+001 -1.546202e+001  4.341204e-001
      vertex  3.200000e+001 -1.534923e+001  8.550504e-001
      vertex  2.350000e+001 -1.537764e+001  7.725425e-001
    endloop
  endfacet
  facet normal -6.267218e-004 -9.238789e-001  3.826845e-001
    outer loop
      vertex  2.350000e+001 -1.522752e+001  1.134976e+000
      vertex  2.350000e+001 -1.537764e+001  7.725425e-001
      vertex  3.200000e+001 -1.534923e+001  8.550504e-001
    endloop
  endfacet
  facet normal  9.399921e-004 -9.063075e-001  4.226178e-001
    outer loop
      vertex  3.200000e+001 -1.534923e+001  8.550504e-001
      vertex  3.200000e+001 -1.516506e+001  1.250000e+000
      vertex  2.350000e+001 -1.522752e+001  1.134976e+000
    endloop
  endfacet
  facet normal -8.059076e-004 -8.526405e-001  5.224973e-001
    outer loop
      vertex  2.350000e+001 -1.502254e+001  1.469463e+000
      vertex  2.350000e+001 -1.522752e+001  1.134976e+000
      vertex  3.200000e+001 -1.516506e+001  1.250000e+000
    endloop
  endfacet
  facet normal -8.058739e-004 -5.224985e-001  8.526398e-001
    outer loop
      vertex  2.350000e+001 -1.446946e+001  2.022542e+000
      vertex  3.200000e+001 -1.425000e+001  2.165064e+000
      vertex  2.350000e+001 -1.413498e+001  2.227516e+000
    endloop
  endfacet
  facet normal  9.400533e-004 -4.226175e-001  9.063076e-001
    outer loop
      vertex  2.350000e+001 -1.413498e+001  2.227516e+000
      vertex  3.200000e+001 -1.425000e+001  2.165064e+000
      vertex  3.200000e+001 -1.385505e+001  2.349231e+000
    endloop
  endfacet
  facet normal -6.266991e-004 -3.826832e-001  9.238794e-001
    outer loop
      vertex  2.350000e+001 -1.413498e+001  2.227516e+000
      vertex  3.200000e+001 -1.385505e+001  2.349231e+000
      vertex  2.350000e+001 -1.377254e+001  2.377641e+000
    endloop
  endfacet
  facet normal  7.161456e-004 -2.588193e-001  9.659255e-001
    outer loop
      vertex  2.350000e+001 -1.377254e+001  2.377641e+000
      vertex  3.200000e+001 -1.385505e+001  2.349231e+000
      vertex  3.200000e+001 -1.343412e+001  2.462019e+000
    endloop
  endfacet
  facet normal -7.161655e-004 -9.659259e-001  2.588177e-001
    outer loop
      vertex  1.500000e+001 -1.546202e+001  4.341204e-001
      vertex  2.350000e+001 -1.537764e+001  7.725425e-001
      vertex  1.500000e+001 -1.534923e+001  8.550504e-001
    endloop
  endfacet
  facet normal  6.267218e-004 -9.238789e-001  3.826845e-001
    outer loop
      vertex  1.500000e+001 -1.534923e+001  8.550504e-001
      vertex  2.350000e+001 -1.537764e+001  7.725425e-001
      vertex  2.350000e+001 -1.522752e+001  1.134976e+000
    endloop
  endfacet
  facet normal -9.399921e-004 -9.063075e-001  4.226178e-001
    outer loop
      vertex  1.500000e+001 -1.534923e+001  8.550504e-001
      vertex  2.350000e+001 -1.522752e+001  1.134976e+000
      vertex  1.500000e+001 -1.516506e+001  1.250000e+000
    endloop
  endfacet
  facet normal  8.059076e-004 -8.526405e-001  5.224973e-001
    outer loop
      vertex  1.500000e+001 -1.516506e+001  1.250000e+000
      vertex  2.350000e+001 -1.522752e+001  1.134976e+000
      vertex  2.350000e+001 -1.502254e+001  1.469463e+000
    endloop
  endfacet
  facet normal  8.058739e-004 -5.224985e-001  8.526398e-001
    outer loop
      vertex  2.350000e+001 -1.446946e+001  2.022542e+000
      vertex  2.350000e+001 -1.413498e+001  2.227516e+000
      vertex  1.500000e+001 -1.425000e+001  2.165064e+000
    endloop
  endfacet
  facet normal -9.400533e-004 -4.226175e-001  9.063076e-001
    outer loop
      vertex  1.500000e+001 -1.385505e+001  2.349231e+000
      vertex  1.500000e+001 -1.425000e+001  2.165064e+000
      vertex  2.350000e+001 -1.413498e+001  2.227516e+000
    endloop
  endfacet
  facet normal  6.266991e-004 -3.826832e-001  9.238794e-001
    outer loop
      vertex  2.350000e+001 -1.413498e+001  2.227516e+000
      vertex  2.350000e+001 -1.377254e+001  2.377641e+000
      vertex  1.500000e+001 -1.385505e+001  2.349231e+000
    endloop
  endfacet
  facet normal -7.161456e-004 -2.588193e-001  9.659255e-001
    outer loop
      vertex  1.500000e+001 -1.343412e+001  2.462019e+000
      vertex  1.500000e+001 -1.385505e+001  2.349231e+000
      vertex  2.350000e+001 -1.377254e+001  2.377641e+000
    endloop
  endfacet
  facet normal -1.639649e-017 -9.969174e-001  7.845844e-002
    outer loop
      vertex  2.350000e+001 -1.550000e+001  0.000000e+000
      vertex  3.200000e+001 -1.550000e+001  1.776357e-015
      vertex  2.350000e+001 -1.546922e+001  3.910862e-001
    endloop
  endfacet
  facet normal  4.028253e-004 -9.961945e-001  8.715668e-002
    outer loop
      vertex  2.350000e+001 -1.546922e+001  3.910862e-001
      vertex  3.200000e+001 -1.550000e+001  1.776357e-015
      vertex  3.200000e+001 -1.546202e+001  4.341204e-001
    endloop
  endfacet
  facet normal -3.579987e-004 -9.723699e-001  2.334451e-001
    outer loop
      vertex  2.350000e+001 -1.546922e+001  3.910862e-001
      vertex  3.200000e+001 -1.546202e+001  4.341204e-001
      vertex  2.350000e+001 -1.537764e+001  7.725425e-001
    endloop
  endfacet
  facet normal  0.000000e+000 -7.372764e-001  6.755912e-001
    outer loop
      vertex  3.200000e+001 -1.476777e+001  1.767767e+000
      vertex  2.350000e+001 -1.476777e+001  1.767767e+000
      vertex  3.200000e+001 -1.491511e+001  1.606969e+000
    endloop
  endfacet
  facet normal -8.954817e-004 -7.604051e-001  6.494485e-001
    outer loop
      vertex  3.200000e+001 -1.491511e+001  1.606969e+000
      vertex  2.350000e+001 -1.476777e+001  1.767767e+000
      vertex  2.350000e+001 -1.502254e+001  1.469463e+000
    endloop
  endfacet
  facet normal  1.074416e-003 -8.191516e-001  5.735760e-001
    outer loop
      vertex  3.200000e+001 -1.491511e+001  1.606969e+000
      vertex  2.350000e+001 -1.502254e+001  1.469463e+000
      vertex  3.200000e+001 -1.516506e+001  1.250000e+000
    endloop
  endfacet
  facet normal  0.000000e+000 -6.494483e-001  7.604057e-001
    outer loop
      vertex  2.350000e+001 -1.476777e+001  1.767767e+000
      vertex  3.200000e+001 -1.476777e+001  1.767767e+000
      vertex  2.350000e+001 -1.446946e+001  2.022542e+000
    endloop
  endfacet
  facet normal -1.610650e-003 -6.755889e-001  7.372768e-001
    outer loop
      vertex  2.350000e+001 -1.446946e+001  2.022542e+000
      vertex  3.200000e+001 -1.476777e+001  1.767767e+000
      vertex  3.200000e+001 -1.460697e+001  1.915111e+000
    endloop
  endfacet
  facet normal  1.074428e-003 -5.735765e-001  8.191513e-001
    outer loop
      vertex  2.350000e+001 -1.446946e+001  2.022542e+000
      vertex  3.200000e+001 -1.460697e+001  1.915111e+000
      vertex  3.200000e+001 -1.425000e+001  2.165064e+000
    endloop
  endfacet
  facet normal  0.000000e+000 -8.715566e-002  9.961947e-001
    outer loop
      vertex  3.200000e+001 -1.300000e+001  2.500000e+000
      vertex  2.350000e+001 -1.300000e+001  2.500000e+000
      vertex  3.200000e+001 -1.343412e+001  2.462019e+000
    endloop
  endfacet
  facet normal  4.473955e-004 -7.845894e-002  9.969172e-001
    outer loop
      vertex  3.200000e+001 -1.343412e+001  2.462019e+000
      vertex  2.350000e+001 -1.300000e+001  2.500000e+000
      vertex  2.350000e+001 -1.339109e+001  2.469221e+000
    endloop
  endfacet
  facet normal -3.580645e-004 -2.334456e-001  9.723698e-001
    outer loop
      vertex  3.200000e+001 -1.343412e+001  2.462019e+000
      vertex  2.350000e+001 -1.339109e+001  2.469221e+000
      vertex  2.350000e+001 -1.377254e+001  2.377641e+000
    endloop
  endfacet
  facet normal  0.000000e+000 -9.961947e-001  8.715669e-002
    outer loop
      vertex  1.500000e+001 -1.550000e+001  0.000000e+000
      vertex  2.350000e+001 -1.550000e+001  0.000000e+000
      vertex  1.500000e+001 -1.546202e+001  4.341204e-001
    endloop
  endfacet
  facet normal -4.474758e-004 -9.969172e-001  7.845842e-002
    outer loop
      vertex  1.500000e+001 -1.546202e+001  4.341204e-001
      vertex  2.350000e+001 -1.550000e+001  0.000000e+000
      vertex  2.350000e+001 -1.546922e+001  3.910862e-001
    endloop
  endfacet
  facet normal  3.579987e-004 -9.723699e-001  2.334451e-001
    outer loop
      vertex  1.500000e+001 -1.546202e+001  4.341204e-001
      vertex  2.350000e+001 -1.546922e+001  3.910862e-001
      vertex  2.350000e+001 -1.537764e+001  7.725425e-001
    endloop
  endfacet
  facet normal  0.000000e+000 -7.604054e-001  6.494488e-001
    outer loop
      vertex  2.350000e+001 -1.476777e+001  1.767767e+000
      vertex  1.500000e+001 -1.476777e+001  1.767767e+000
      vertex  2.350000e+001 -1.502254e+001  1.469463e+000
    endloop
  endfacet
  facet normal  1.610719e-003 -7.372755e-001  6.755903e-001
    outer loop
      vertex  2.350000e+001 -1.502254e+001  1.469463e+000
      vertex  1.500000e+001 -1.476777e+001  1.767767e+000
      vertex  1.500000e+001 -1.491511e+001  1.606969e+000
    endloop
  endfacet
  facet normal -1.074416e-003 -8.191516e-001  5.735760e-001
    outer loop
      vertex  2.350000e+001 -1.502254e+001  1.469463e+000
      vertex  1.500000e+001 -1.491511e+001  1.606969e+000
      vertex  1.500000e+001 -1.516506e+001  1.250000e+000
    endloop
  endfacet
  facet normal  0.000000e+000 -6.755898e-001  7.372777e-001
    outer loop
      vertex  1.500000e+001 -1.476777e+001  1.767767e+000
      vertex  2.350000e+001 -1.476777e+001  1.767767e+000
      vertex  1.500000e+001 -1.460697e+001  1.915111e+000
    endloop
  endfacet
  facet normal  8.954435e-004 -6.494480e-001  7.604054e-001
    outer loop
      vertex  1.500000e+001 -1.460697e+001  1.915111e+000
      vertex  2.350000e+001 -1.476777e+001  1.767767e+000
      vertex  2.350000e+001 -1.446946e+001  2.022542e+000
    endloop
  endfacet
  facet normal -1.074428e-003 -5.735765e-001  8.191513e-001
    outer loop
      vertex  1.500000e+001 -1.460697e+001  1.915111e+000
      vertex  2.350000e+001 -1.446946e+001  2.022542e+000
      vertex  1.500000e+001 -1.425000e+001  2.165064e+000
    endloop
  endfacet
  facet normal  0.000000e+000 -7.845895e-002  9.969173e-001
    outer loop
      vertex  2.350000e+001 -1.300000e+001  2.500000e+000
      vertex  1.500000e+001 -1.300000e+001  2.500000e+000
      vertex  2.350000e+001 -1.339109e+001  2.469221e+000
    endloop
  endfacet
  facet normal -4.027539e-004 -8.715566e-002  9.961947e-001
    outer loop
      vertex  2.350000e+001 -1.339109e+001  2.469221e+000
      vertex  1.500000e+001 -1.300000e+001  2.500000e+000
      vertex  1.500000e+001 -1.343412e+001  2.462019e+000
    endloop
  endfacet
  facet normal  3.580645e-004 -2.334456e-001  9.723698e-001
    outer loop
      vertex  2.350000e+001 -1.339109e+001  2.469221e+000
      vertex  1.500000e+001 -1.343412e+001  2.462019e+000
      vertex  2.350000e+001 -1.377254e+001  2.377641e+000
    endloop
  endfacet
  facet normal -9.987954e-001  4.906831e-002  0.000000e+000
    outer loop
      vertex -3.200000e+001  2.400000e+001  1.250000e+000
      vertex -3.200000e+001  2.400000e+001  2.500000e+000
      vertex -3.196148e+001  2.478414e+001  1.250000e+000
    endloop
  endfacet
  facet normal -9.987954e-001  4.906831e-002  0.000000e+000
    outer loop
      vertex -3.196148e+001  2.478414e+001  1.250000e+000
      vertex -3.200000e+001  2.400000e+001  2.500000e+000
      vertex -3.196148e+001  2.478414e+001  2.500000e+000
    endloop
  endfacet
  facet normal -9.891767e-001  1.467291e-001  0.000000e+000
    outer loop
      vertex -3.196148e+001  2.478414e+001  1.250000e+000
      vertex -3.196148e+001  2.478414e+001  2.500000e+000
      vertex -3.184628e+001  2.556072e+001  1.250000e+000
    endloop
  endfacet
  facet normal -9.891767e-001  1.467291e-001  0.000000e+000
    outer loop
      vertex -3.184628e+001  2.556072e+001  1.250000e+000
      vertex -3.196148e+001  2.478414e+001  2.500000e+000
      vertex -3.184628e+001  2.556072e+001  2.500000e+000
    endloop
  endfacet
  facet normal -9.700313e-001  2.429804e-001  0.000000e+000
    outer loop
      vertex -3.184628e+001  2.556072e+001  1.250000e+000
      vertex -3.184628e+001  2.556072e+001  2.500000e+000
      vertex -3.165552e+001  2.632228e+001  1.250000e+000
    endloop
  endfacet
  facet normal -9.700313e-001  2.429804e-001  0.000000e+000
    outer loop
      vertex -3.165552e+001  2.632228e+001  1.250000e+000
      vertex -3.184628e+001  2.556072e+001  2.500000e+000
      vertex -3.165552e+001  2.632228e+001  2.500000e+000
    endloop
  endfacet
  facet normal -9.415442e-001  3.368893e-001  0.000000e+000
    outer loop
      vertex -3.165552e+001  2.632228e+001  1.250000e+000
      vertex -3.165552e+001  2.632228e+001  2.500000e+000
      vertex -3.139104e+001  2.706147e+001  1.250000e+000
    endloop
  endfacet
  facet normal -9.415442e-001  3.368893e-001  0.000000e+000
    outer loop
      vertex -3.139104e+001  2.706147e+001  1.250000e+000
      vertex -3.165552e+001  2.632228e+001  2.500000e+000
      vertex -3.139104e+001  2.706147e+001  2.500000e+000
    endloop
  endfacet
  facet normal -9.039887e-001  4.275561e-001  0.000000e+000
    outer loop
      vertex -3.139104e+001  2.706147e+001  1.250000e+000
      vertex -3.139104e+001  2.706147e+001  2.500000e+000
      vertex -3.105537e+001  2.777117e+001  1.250000e+000
    endloop
  endfacet
  facet normal -9.039887e-001  4.275561e-001  0.000000e+000
    outer loop
      vertex -3.105537e+001  2.777117e+001  1.250000e+000
      vertex -3.139104e+001  2.706147e+001  2.500000e+000
      vertex -3.105537e+001  2.777117e+001  2.500000e+000
    endloop
  endfacet
  facet normal -8.577280e-001  5.141038e-001  0.000000e+000
    outer loop
      vertex -3.105537e+001  2.777117e+001  1.250000e+000
      vertex -3.105537e+001  2.777117e+001  2.500000e+000
      vertex -3.065176e+001  2.844456e+001  1.250000e+000
    endloop
  endfacet
  facet normal -8.577280e-001  5.141038e-001  0.000000e+000
    outer loop
      vertex -3.065176e+001  2.844456e+001  1.250000e+000
      vertex -3.105537e+001  2.777117e+001  2.500000e+000
      vertex -3.065176e+001  2.844456e+001  2.500000e+000
    endloop
  endfacet
  facet normal -8.032083e-001  5.956984e-001  0.000000e+000
    outer loop
      vertex -3.065176e+001  2.844456e+001  1.250000e+000
      vertex -3.065176e+001  2.844456e+001  2.500000e+000
      vertex -3.018408e+001  2.907515e+001  1.250000e+000
    endloop
  endfacet
  facet normal -8.032083e-001  5.956984e-001  0.000000e+000
    outer loop
      vertex -3.018408e+001  2.907515e+001  1.250000e+000
      vertex -3.065176e+001  2.844456e+001  2.500000e+000
      vertex -3.018408e+001  2.907515e+001  2.500000e+000
    endloop
  endfacet
  facet normal -7.409517e-001  6.715583e-001  0.000000e+000
    outer loop
      vertex -3.018408e+001  2.907515e+001  1.250000e+000
      vertex -3.018408e+001  2.907515e+001  2.500000e+000
      vertex -2.965685e+001  2.965685e+001  1.250000e+000
    endloop
  endfacet
  facet normal -7.409517e-001  6.715583e-001  0.000000e+000
    outer loop
      vertex -2.965685e+001  2.965685e+001  1.250000e+000
      vertex -3.018408e+001  2.907515e+001  2.500000e+000
      vertex -2.965685e+001  2.965685e+001  2.500000e+000
    endloop
  endfacet
  facet normal -6.715583e-001  7.409517e-001  0.000000e+000
    outer loop
      vertex -2.965685e+001  2.965685e+001  1.250000e+000
      vertex -2.965685e+001  2.965685e+001  2.500000e+000
      vertex -2.907515e+001  3.018408e+001  1.250000e+000
    endloop
  endfacet
  facet normal -6.715583e-001  7.409517e-001  0.000000e+000
    outer loop
      vertex -2.907515e+001  3.018408e+001  1.250000e+000
      vertex -2.965685e+001  2.965685e+001  2.500000e+000
      vertex -2.907515e+001  3.018408e+001  2.500000e+000
    endloop
  endfacet
  facet normal -5.956984e-001  8.032083e-001  0.000000e+000
    outer loop
      vertex -2.907515e+001  3.018408e+001  1.250000e+000
      vertex -2.907515e+001  3.018408e+001  2.500000e+000
      vertex -2.844456e+001  3.065176e+001  1.250000e+000
    endloop
  endfacet
  facet normal -5.956984e-001  8.032083e-001  0.000000e+000
    outer loop
      vertex -2.844456e+001  3.065176e+001  1.250000e+000
      vertex -2.907515e+001  3.018408e+001  2.500000e+000
      vertex -2.844456e+001  3.065176e+001  2.500000e+000
    endloop
  endfacet
  facet normal -5.141038e-001  8.577280e-001  0.000000e+000
    outer loop
      vertex -2.844456e+001  3.065176e+001  1.250000e+000
      vertex -2.844456e+001  3.065176e+001  2.500000e+000
      vertex -2.777117e+001  3.105537e+001  1.250000e+000
    endloop
  endfacet
  facet normal -5.141038e-001  8.577280e-001  0.000000e+000
    outer loop
      vertex -2.777117e+001  3.105537e+001  1.250000e+000
      vertex -2.844456e+001  3.065176e+001  2.500000e+000
      vertex -2.777117e+001  3.105537e+001  2.500000e+000
    endloop
  endfacet
  facet normal -4.275561e-001  9.039887e-001  0.000000e+000
    outer loop
      vertex -2.777117e+001  3.105537e+001  1.250000e+000
      vertex -2.777117e+001  3.105537e+001  2.500000e+000
      vertex -2.706147e+001  3.139104e+001  1.250000e+000
    endloop
  endfacet
  facet normal -4.275561e-001  9.039887e-001  0.000000e+000
    outer loop
      vertex -2.706147e+001  3.139104e+001  1.250000e+000
      vertex -2.777117e+001  3.105537e+001  2.500000e+000
      vertex -2.706147e+001  3.139104e+001  2.500000e+000
    endloop
  endfacet
  facet normal -3.368893e-001  9.415442e-001  0.000000e+000
    outer loop
      vertex -2.706147e+001  3.139104e+001  1.250000e+000
      vertex -2.706147e+001  3.139104e+001  2.500000e+000
      vertex -2.632228e+001  3.165552e+001  1.250000e+000
    endloop
  endfacet
  facet normal -3.368893e-001  9.415442e-001  0.000000e+000
    outer loop
      vertex -2.632228e+001  3.165552e+001  1.250000e+000
      vertex -2.706147e+001  3.139104e+001  2.500000e+000
      vertex -2.632228e+001  3.165552e+001  2.500000e+000
    endloop
  endfacet
  facet normal -2.429804e-001  9.700313e-001  0.000000e+000
    outer loop
      vertex -2.632228e+001  3.165552e+001  1.250000e+000
      vertex -2.632228e+001  3.165552e+001  2.500000e+000
      vertex -2.556072e+001  3.184628e+001  1.250000e+000
    endloop
  endfacet
  facet normal -2.429804e-001  9.700313e-001  0.000000e+000
    outer loop
      vertex -2.556072e+001  3.184628e+001  1.250000e+000
      vertex -2.632228e+001  3.165552e+001  2.500000e+000
      vertex -2.556072e+001  3.184628e+001  2.500000e+000
    endloop
  endfacet
  facet normal -1.467291e-001  9.891767e-001  0.000000e+000
    outer loop
      vertex -2.556072e+001  3.184628e+001  1.250000e+000
      vertex -2.556072e+001  3.184628e+001  2.500000e+000
      vertex -2.478414e+001  3.196148e+001  1.250000e+000
    endloop
  endfacet
  facet normal -1.467291e-001  9.891767e-001  0.000000e+000
    outer loop
      vertex -2.478414e+001  3.196148e+001  1.250000e+000
      vertex -2.556072e+001  3.184628e+001  2.500000e+000
      vertex -2.478414e+001  3.196148e+001  2.500000e+000
    endloop
  endfacet
  facet normal -4.906831e-002  9.987954e-001  0.000000e+000
    outer loop
      vertex -2.478414e+001  3.196148e+001  1.250000e+000
      vertex -2.478414e+001  3.196148e+001  2.500000e+000
      vertex -2.400000e+001  3.200000e+001  1.250000e+000
    endloop
  endfacet
  facet normal -4.906831e-002  9.987954e-001  0.000000e+000
    outer loop
      vertex -2.400000e+001  3.200000e+001  1.250000e+000
      vertex -2.478414e+001  3.196148e+001  2.500000e+000
      vertex -2.400000e+001  3.200000e+001  2.500000e+000
    endloop
  endfacet
  facet normal -9.987954e-001  4.906831e-002  0.000000e+000
    outer loop
      vertex -3.200000e+001  2.400000e+001  0.000000e+000
      vertex -3.200000e+001  2.400000e+001  1.250000e+000
      vertex -3.196148e+001  2.478414e+001  0.000000e+000
    endloop
  endfacet
  facet normal -9.987954e-001  4.906831e-002  0.000000e+000
    outer loop
      vertex -3.196148e+001  2.478414e+001  0.000000e+000
      vertex -3.200000e+001  2.400000e+001  1.250000e+000
      vertex -3.196148e+001  2.478414e+001  1.250000e+000
    endloop
  endfacet
  facet normal -9.891767e-001  1.467291e-001  0.000000e+000
    outer loop
      vertex -3.196148e+001  2.478414e+001  0.000000e+000
      vertex -3.196148e+001  2.478414e+001  1.250000e+000
      vertex -3.184628e+001  2.556072e+001  0.000000e+000
    endloop
  endfacet
  facet normal -9.891767e-001  1.467291e-001  0.000000e+000
    outer loop
      vertex -3.184628e+001  2.556072e+001  0.000000e+000
      vertex -3.196148e+001  2.478414e+001  1.250000e+000
      vertex -3.184628e+001  2.556072e+001  1.250000e+000
    endloop
  endfacet
  facet normal -9.700313e-001  2.429804e-001  0.000000e+000
    outer loop
      vertex -3.184628e+001  2.556072e+001  0.000000e+000
      vertex -3.184628e+001  2.556072e+001  1.250000e+000
      vertex -3.165552e+001  2.632228e+001  0.000000e+000
    endloop
  endfacet
  facet normal -9.700313e-001  2.429804e-001  0.000000e+000
    outer loop
      vertex -3.165552e+001  2.632228e+001  0.000000e+000
      vertex -3.184628e+001  2.556072e+001  1.250000e+000
      vertex -3.165552e+001  2.632228e+001  1.250000e+000
    endloop
  endfacet
  facet normal -9.415442e-001  3.368893e-001  0.000000e+000
    outer loop
      vertex -3.165552e+001  2.632228e+001  0.000000e+000
      vertex -3.165552e+001  2.632228e+001  1.250000e+000
      vertex -3.139104e+001  2.706147e+001  0.000000e+000
    endloop
  endfacet
  facet normal -9.415442e-001  3.368893e-001  0.000000e+000
    outer loop
      vertex -3.139104e+001  2.706147e+001  0.000000e+000
      vertex -3.165552e+001  2.632228e+001  1.250000e+000
      vertex -3.139104e+001  2.706147e+001  1.250000e+000
    endloop
  endfacet
  facet normal -9.039887e-001  4.275561e-001  0.000000e+000
    outer loop
      vertex -3.139104e+001  2.706147e+001  0.000000e+000
      vertex -3.139104e+001  2.706147e+001  1.250000e+000
      vertex -3.105537e+001  2.777117e+001  0.000000e+000
    endloop
  endfacet
  facet normal -9.039887e-001  4.275561e-001  0.000000e+000
    outer loop
      vertex -3.105537e+001  2.777117e+001  0.000000e+000
      vertex -3.139104e+001  2.706147e+001  1.250000e+000
      vertex -3.105537e+001  2.777117e+001  1.250000e+000
    endloop
  endfacet
  facet normal -8.577280e-001  5.141038e-001  0.000000e+000
    outer loop
      vertex -3.105537e+001  2.777117e+001  0.000000e+000
      vertex -3.105537e+001  2.777117e+001  1.250000e+000
      vertex -3.065176e+001  2.844456e+001  0.000000e+000
    endloop
  endfacet
  facet normal -8.577280e-001  5.141038e-001  0.000000e+000
    outer loop
      vertex -3.065176e+001  2.844456e+001  0.000000e+000
      vertex -3.105537e+001  2.777117e+001  1.250000e+000
      vertex -3.065176e+001  2.844456e+001  1.250000e+000
    endloop
  endfacet
  facet normal -8.032083e-001  5.956984e-001  0.000000e+000
    outer loop
      vertex -3.065176e+001  2.844456e+001  0.000000e+000
      vertex -3.065176e+001  2.844456e+001  1.250000e+000
      vertex -3.018408e+001  2.907515e+001  0.000000e+000
    endloop
  endfacet
  facet normal -8.032083e-001  5.956984e-001  0.000000e+000
    outer loop
      vertex -3.018408e+001  2.907515e+001  0.000000e+000
      vertex -3.065176e+001  2.844456e+001  1.250000e+000
      vertex -3.018408e+001  2.907515e+001  1.250000e+000
    endloop
  endfacet
  facet normal -7.409517e-001  6.715583e-001  0.000000e+000
    outer loop
      vertex -3.018408e+001  2.907515e+001  0.000000e+000
      vertex -3.018408e+001  2.907515e+001  1.250000e+000
      vertex -2.965685e+001  2.965685e+001  0.000000e+000
    endloop
  endfacet
  facet normal -7.409517e-001  6.715583e-001  0.000000e+000
    outer loop
      vertex -2.965685e+001  2.965685e+001  0.000000e+000
      vertex -3.018408e+001  2.907515e+001  1.250000e+000
      vertex -2.965685e+001  2.965685e+001  1.250000e+000
    endloop
  endfacet
  facet normal -6.715583e-001  7.409517e-001  0.000000e+000
    outer loop
      vertex -2.965685e+001  2.965685e+001  0.000000e+000
      vertex -2.965685e+001  2.965685e+001  1.250000e+000
      vertex -2.907515e+001  3.018408e+001  0.000000e+000
    endloop
  endfacet
  facet normal -6.715583e-001  7.409517e-001  0.000000e+000
    outer loop
      vertex -2.907515e+001  3.018408e+001  0.000000e+000
      vertex -2.965685e+001  2.965685e+001  1.250000e+000
      vertex -2.907515e+001  3.018408e+001  1.250000e+000
    endloop
  endfacet
  facet normal -5.956984e-001  8.032083e-001  0.000000e+000
    outer loop
      vertex -2.907515e+001  3.018408e+001  0.000000e+000
      vertex -2.907515e+001  3.018408e+001  1.250000e+000
      vertex -2.844456e+001  3.065176e+001  0.000000e+000
    endloop
  endfacet
  facet normal -5.956984e-001  8.032083e-001  0.000000e+000
    outer loop
      vertex -2.844456e+001  3.065176e+001  0.000000e+000
      vertex -2.907515e+001  3.018408e+001  1.250000e+000
      vertex -2.844456e+001  3.065176e+001  1.250000e+000
    endloop
  endfacet
  facet normal -5.141038e-001  8.577280e-001  0.000000e+000
    outer loop
      vertex -2.844456e+001  3.065176e+001  0.000000e+000
      vertex -2.844456e+001  3.065176e+001  1.250000e+000
      vertex -2.777117e+001  3.105537e+001  0.000000e+000
    endloop
  endfacet
  facet normal -5.141038e-001  8.577280e-001  0.000000e+000
    outer loop
      vertex -2.777117e+001  3.105537e+001  0.000000e+000
      vertex -2.844456e+001  3.065176e+001  1.250000e+000
      vertex -2.777117e+001  3.105537e+001  1.250000e+000
    endloop
  endfacet
  facet normal -4.275561e-001  9.039887e-001  0.000000e+000
    outer loop
      vertex -2.777117e+001  3.105537e+001  0.000000e+000
      vertex -2.777117e+001  3.105537e+001  1.250000e+000
      vertex -2.706147e+001  3.139104e+001  0.000000e+000
    endloop
  endfacet
  facet normal -4.275561e-001  9.039887e-001  0.000000e+000
    outer loop
      vertex -2.706147e+001  3.139104e+001  0.000000e+000
      vertex -2.777117e+001  3.105537e+001  1.250000e+000
      vertex -2.706147e+001  3.139104e+001  1.250000e+000
    endloop
  endfacet
  facet normal -3.368893e-001  9.415442e-001  0.000000e+000
    outer loop
      vertex -2.706147e+001  3.139104e+001  0.000000e+000
      vertex -2.706147e+001  3.139104e+001  1.250000e+000
      vertex -2.632228e+001  3.165552e+001  0.000000e+000
    endloop
  endfacet
  facet normal -3.368893e-001  9.415442e-001  0.000000e+000
    outer loop
      vertex -2.632228e+001  3.165552e+001  0.000000e+000
      vertex -2.706147e+001  3.139104e+001  1.250000e+000
      vertex -2.632228e+001  3.165552e+001  1.250000e+000
    endloop
  endfacet
  facet normal -2.429804e-001  9.700313e-001  0.000000e+000
    outer loop
      vertex -2.632228e+001  3.165552e+001  0.000000e+000
      vertex -2.632228e+001  3.165552e+001  1.250000e+000
      vertex -2.556072e+001  3.184628e+001  0.000000e+000
    endloop
  endfacet
  facet normal -2.429804e-001  9.700313e-001  0.000000e+000
    outer loop
      vertex -2.556072e+001  3.184628e+001  0.000000e+000
      vertex -2.632228e+001  3.165552e+001  1.250000e+000
      vertex -2.556072e+001  3.184628e+001  1.250000e+000
    endloop
  endfacet
  facet normal -1.467291e-001  9.891767e-001  0.000000e+000
    outer loop
      vertex -2.556072e+001  3.184628e+001  0.000000e+000
      vertex -2.556072e+001  3.184628e+001  1.250000e+000
      vertex -2.478414e+001  3.196148e+001  0.000000e+000
    endloop
  endfacet
  facet normal -1.467291e-001  9.891767e-001  0.000000e+000
    outer loop
      vertex -2.478414e+001  3.196148e+001  0.000000e+000
      vertex -2.556072e+001  3.184628e+001  1.250000e+000
      vertex -2.478414e+001  3.196148e+001  1.250000e+000
    endloop
  endfacet
  facet normal -4.906831e-002  9.987954e-001  0.000000e+000
    outer loop
      vertex -2.478414e+001  3.196148e+001  0.000000e+000
      vertex -2.478414e+001  3.196148e+001  1.250000e+000
      vertex -2.400000e+001  3.200000e+001  0.000000e+000
    endloop
  endfacet
  facet normal -4.906831e-002  9.987954e-001  0.000000e+000
    outer loop
      vertex -2.400000e+001  3.200000e+001  0.000000e+000
      vertex -2.478414e+001  3.196148e+001  1.250000e+000
      vertex -2.400000e+001  3.200000e+001  1.250000e+000
    endloop
  endfacet
  facet normal  4.906831e-002  9.987954e-001  0.000000e+000
    outer loop
      vertex  2.400000e+001  3.200000e+001  1.250000e+000
      vertex  2.400000e+001  3.200000e+001  2.500000e+000
      vertex  2.478414e+001  3.196148e+001  1.250000e+000
    endloop
  endfacet
  facet normal  4.906831e-002  9.987954e-001  -0.000000e+000
    outer loop
      vertex  2.478414e+001  3.196148e+001  1.250000e+000
      vertex  2.400000e+001  3.200000e+001  2.500000e+000
      vertex  2.478414e+001  3.196148e+001  2.500000e+000
    endloop
  endfacet
  facet normal  1.467291e-001  9.891767e-001  0.000000e+000
    outer loop
      vertex  2.478414e+001  3.196148e+001  1.250000e+000
      vertex  2.478414e+001  3.196148e+001  2.500000e+000
      vertex  2.556072e+001  3.184628e+001  1.250000e+000
    endloop
  endfacet
  facet normal  1.467291e-001  9.891767e-001  -0.000000e+000
    outer loop
      vertex  2.556072e+001  3.184628e+001  1.250000e+000
      vertex  2.478414e+001  3.196148e+001  2.500000e+000
      vertex  2.556072e+001  3.184628e+001  2.500000e+000
    endloop
  endfacet
  facet normal  2.429804e-001  9.700313e-001  0.000000e+000
    outer loop
      vertex  2.556072e+001  3.184628e+001  1.250000e+000
      vertex  2.556072e+001  3.184628e+001  2.500000e+000
      vertex  2.632228e+001  3.165552e+001  1.250000e+000
    endloop
  endfacet
  facet normal  2.429804e-001  9.700313e-001  -0.000000e+000
    outer loop
      vertex  2.632228e+001  3.165552e+001  1.250000e+000
      vertex  2.556072e+001  3.184628e+001  2.500000e+000
      vertex  2.632228e+001  3.165552e+001  2.500000e+000
    endloop
  endfacet
  facet normal  3.368893e-001  9.415442e-001  0.000000e+000
    outer loop
      vertex  2.632228e+001  3.165552e+001  1.250000e+000
      vertex  2.632228e+001  3.165552e+001  2.500000e+000
      vertex  2.706147e+001  3.139104e+001  1.250000e+000
    endloop
  endfacet
  facet normal  3.368893e-001  9.415442e-001  -0.000000e+000
    outer loop
      vertex  2.706147e+001  3.139104e+001  1.250000e+000
      vertex  2.632228e+001  3.165552e+001  2.500000e+000
      vertex  2.706147e+001  3.139104e+001  2.500000e+000
    endloop
  endfacet
  facet normal  4.275561e-001  9.039887e-001  0.000000e+000
    outer loop
      vertex  2.706147e+001  3.139104e+001  1.250000e+000
      vertex  2.706147e+001  3.139104e+001  2.500000e+000
      vertex  2.777117e+001  3.105537e+001  1.250000e+000
    endloop
  endfacet
  facet normal  4.275561e-001  9.039887e-001  -0.000000e+000
    outer loop
      vertex  2.777117e+001  3.105537e+001  1.250000e+000
      vertex  2.706147e+001  3.139104e+001  2.500000e+000
      vertex  2.777117e+001  3.105537e+001  2.500000e+000
    endloop
  endfacet
  facet normal  5.141038e-001  8.577280e-001  0.000000e+000
    outer loop
      vertex  2.777117e+001  3.105537e+001  1.250000e+000
      vertex  2.777117e+001  3.105537e+001  2.500000e+000
      vertex  2.844456e+001  3.065176e+001  1.250000e+000
    endloop
  endfacet
  facet normal  5.141038e-001  8.577280e-001  -0.000000e+000
    outer loop
      vertex  2.844456e+001  3.065176e+001  1.250000e+000
      vertex  2.777117e+001  3.105537e+001  2.500000e+000
      vertex  2.844456e+001  3.065176e+001  2.500000e+000
    endloop
  endfacet
  facet normal  5.956984e-001  8.032083e-001  0.000000e+000
    outer loop
      vertex  2.844456e+001  3.065176e+001  1.250000e+000
      vertex  2.844456e+001  3.065176e+001  2.500000e+000
      vertex  2.907515e+001  3.018408e+001  1.250000e+000
    endloop
  endfacet
  facet normal  5.956984e-001  8.032083e-001  -0.000000e+000
    outer loop
      vertex  2.907515e+001  3.018408e+001  1.250000e+000
      vertex  2.844456e+001  3.065176e+001  2.500000e+000
      vertex  2.907515e+001  3.018408e+001  2.500000e+000
    endloop
  endfacet
  facet normal  6.715583e-001  7.409517e-001  0.000000e+000
    outer loop
      vertex  2.907515e+001  3.018408e+001  1.250000e+000
      vertex  2.907515e+001  3.018408e+001  2.500000e+000
      vertex  2.965685e+001  2.965685e+001  1.250000e+000
    endloop
  endfacet
  facet normal  6.715583e-001  7.409517e-001  -0.000000e+000
    outer loop
      vertex  2.965685e+001  2.965685e+001  1.250000e+000
      vertex  2.907515e+001  3.018408e+001  2.500000e+000
      vertex  2.965685e+001  2.965685e+001  2.500000e+000
    endloop
  endfacet
  facet normal  7.409517e-001  6.715583e-001  0.000000e+000
    outer loop
      vertex  2.965685e+001  2.965685e+001  1.250000e+000
      vertex  2.965685e+001  2.965685e+001  2.500000e+000
      vertex  3.018408e+001  2.907515e+001  1.250000e+000
    endloop
  endfacet
  facet normal  7.409517e-001  6.715583e-001  -0.000000e+000
    outer loop
      vertex  3.018408e+001  2.907515e+001  1.250000e+000
      vertex  2.965685e+001  2.965685e+001  2.500000e+000
      vertex  3.018408e+001  2.907515e+001  2.500000e+000
    endloop
  endfacet
  facet normal  8.032083e-001  5.956984e-001  0.000000e+000
    outer loop
      vertex  3.018408e+001  2.907515e+001  1.250000e+000
      vertex  3.018408e+001  2.907515e+001  2.500000e+000
      vertex  3.065176e+001  2.844456e+001  1.250000e+000
    endloop
  endfacet
  facet normal  8.032083e-001  5.956984e-001  -0.000000e+000
    outer loop
      vertex  3.065176e+001  2.844456e+001  1.250000e+000
      vertex  3.018408e+001  2.907515e+001  2.500000e+000
      vertex  3.065176e+001  2.844456e+001  2.500000e+000
    endloop
  endfacet
  facet normal  8.577280e-001  5.141038e-001  0.000000e+000
    outer loop
      vertex  3.065176e+001  2.844456e+001  1.250000e+000
      vertex  3.065176e+001  2.844456e+001  2.500000e+000
      vertex  3.105537e+001  2.777117e+001  1.250000e+000
    endloop
  endfacet
  facet normal  8.577280e-001  5.141038e-001  -0.000000e+000
    outer loop
      vertex  3.105537e+001  2.777117e+001  1.250000e+000
      vertex  3.065176e+001  2.844456e+001  2.500000e+000
      vertex  3.105537e+001  2.777117e+001  2.500000e+000
    endloop
  endfacet
  facet normal  9.039887e-001  4.275561e-001  0.000000e+000
    outer loop
      vertex  3.105537e+001  2.777117e+001  1.250000e+000
      vertex  3.105537e+001  2.777117e+001  2.500000e+000
      vertex  3.139104e+001  2.706147e+001  1.250000e+000
    endloop
  endfacet
  facet normal  9.039887e-001  4.275561e-001  -0.000000e+000
    outer loop
      vertex  3.139104e+001  2.706147e+001  1.250000e+000
      vertex  3.105537e+001  2.777117e+001  2.500000e+000
      vertex  3.139104e+001  2.706147e+001  2.500000e+000
    endloop
  endfacet
  facet normal  9.415442e-001  3.368893e-001  0.000000e+000
    outer loop
      vertex  3.139104e+001  2.706147e+001  1.250000e+000
      vertex  3.139104e+001  2.706147e+001  2.500000e+000
      vertex  3.165552e+001  2.632228e+001  1.250000e+000
    endloop
  endfacet
  facet normal  9.415442e-001  3.368893e-001  -0.000000e+000
    outer loop
      vertex  3.165552e+001  2.632228e+001  1.250000e+000
      vertex  3.139104e+001  2.706147e+001  2.500000e+000
      vertex  3.165552e+001  2.632228e+001  2.500000e+000
    endloop
  endfacet
  facet normal  9.700313e-001  2.429804e-001  0.000000e+000
    outer loop
      vertex  3.165552e+001  2.632228e+001  1.250000e+000
      vertex  3.165552e+001  2.632228e+001  2.500000e+000
      vertex  3.184628e+001  2.556072e+001  1.250000e+000
    endloop
  endfacet
  facet normal  9.700313e-001  2.429804e-001  -0.000000e+000
    outer loop
      vertex  3.184628e+001  2.556072e+001  1.250000e+000
      vertex  3.165552e+001  2.632228e+001  2.500000e+000
      vertex  3.184628e+001  2.556072e+001  2.500000e+000
    endloop
  endfacet
  facet normal  9.891767e-001  1.467291e-001  0.000000e+000
    outer loop
      vertex  3.184628e+001  2.556072e+001  1.250000e+000
      vertex  3.184628e+001  2.556072e+001  2.500000e+000
      vertex  3.196148e+001  2.478414e+001  1.250000e+000
    endloop
  endfacet
  facet normal  9.891767e-001  1.467291e-001  -0.000000e+000
    outer loop
      vertex  3.196148e+001  2.478414e+001  1.250000e+000
      vertex  3.184628e+001  2.556072e+001  2.500000e+000
      vertex  3.196148e+001  2.478414e+001  2.500000e+000
    endloop
  endfacet
  facet normal  9.987954e-001  4.906831e-002  0.000000e+000
    outer loop
      vertex  3.196148e+001  2.478414e+001  1.250000e+000
      vertex  3.196148e+001  2.478414e+001  2.500000e+000
      vertex  3.200000e+001  2.400000e+001  1.250000e+000
    endloop
  endfacet
  facet normal  9.987954e-001  4.906831e-002  -0.000000e+000
    outer loop
      vertex  3.200000e+001  2.400000e+001  1.250000e+000
      vertex  3.196148e+001  2.478414e+001  2.500000e+000
      vertex  3.200000e+001  2.400000e+001  2.500000e+000
    endloop
  endfacet
  facet normal  4.906831e-002  9.987954e-001  0.000000e+000
    outer loop
      vertex  2.400000e+001  3.200000e+001  0.000000e+000
      vertex  2.400000e+001  3.200000e+001  1.250000e+000
      vertex  2.478414e+001  3.196148e+001  0.000000e+000
    endloop
  endfacet
  facet normal  4.906831e-002  9.987954e-001  -0.000000e+000
    outer loop
      vertex  2.478414e+001  3.196148e+001  0.000000e+000
      vertex  2.400000e+001  3.200000e+001  1.250000e+000
      vertex  2.478414e+001  3.196148e+001  1.250000e+000
    endloop
  endfacet
  facet normal  1.467291e-001  9.891767e-001  0.000000e+000
    outer loop
      vertex  2.478414e+001  3.196148e+001  0.000000e+000
      vertex  2.478414e+001  3.196148e+001  1.250000e+000
      vertex  2.556072e+001  3.184628e+001  0.000000e+000
    endloop
  endfacet
  facet normal  1.467291e-001  9.891767e-001  -0.000000e+000
    outer loop
      vertex  2.556072e+001  3.184628e+001  0.000000e+000
      vertex  2.478414e+001  3.196148e+001  1.250000e+000
      vertex  2.556072e+001  3.184628e+001  1.250000e+000
    endloop
  endfacet
  facet normal  2.429804e-001  9.700313e-001  0.000000e+000
    outer loop
      vertex  2.556072e+001  3.184628e+001  0.000000e+000
      vertex  2.556072e+001  3.184628e+001  1.250000e+000
      vertex  2.632228e+001  3.165552e+001  0.000000e+000
    endloop
  endfacet
  facet normal  2.429804e-001  9.700313e-001  -0.000000e+000
    outer loop
      vertex  2.632228e+001  3.165552e+001  0.000000e+000
      vertex  2.556072e+001  3.184628e+001  1.250000e+000
      vertex  2.632228e+001  3.165552e+001  1.250000e+000
    endloop
  endfacet
  facet normal  3.368893e-001  9.415442e-001  0.000000e+000
    outer loop
      vertex  2.632228e+001  3.165552e+001  0.000000e+000
      vertex  2.632228e+001  3.165552e+001  1.250000e+000
      vertex  2.706147e+001  3.139104e+001  0.000000e+000
    endloop
  endfacet
  facet normal  3.368893e-001  9.415442e-001  -0.000000e+000
    outer loop
      vertex  2.706147e+001  3.139104e+001  0.000000e+000
      vertex  2.632228e+001  3.165552e+001  1.250000e+000
      vertex  2.706147e+001  3.139104e+001  1.250000e+000
    endloop
  endfacet
  facet normal  4.275561e-001  9.039887e-001  0.000000e+000
    outer loop
      vertex  2.706147e+001  3.139104e+001  0.000000e+000
      vertex  2.706147e+001  3.139104e+001  1.250000e+000
      vertex  2.777117e+001  3.105537e+001  0.000000e+000
    endloop
  endfacet
  facet normal  4.275561e-001  9.039887e-001  -0.000000e+000
    outer loop
      vertex  2.777117e+001  3.105537e+001  0.000000e+000
      vertex  2.706147e+001  3.139104e+001  1.250000e+000
      vertex  2.777117e+001  3.105537e+001  1.250000e+000
    endloop
  endfacet
  facet normal  5.141038e-001  8.577280e-001  0.000000e+000
    outer loop
      vertex  2.777117e+001  3.105537e+001  0.000000e+000
      vertex  2.777117e+001  3.105537e+001  1.250000e+000
      vertex  2.844456e+001  3.065176e+001  0.000000e+000
    endloop
  endfacet
  facet normal  5.141038e-001  8.577280e-001  -0.000000e+000
    outer loop
      vertex  2.844456e+001  3.065176e+001  0.000000e+000
      vertex  2.777117e+001  3.105537e+001  1.250000e+000
      vertex  2.844456e+001  3.065176e+001  1.250000e+000
    endloop
  endfacet
  facet normal  5.956984e-001  8.032083e-001  0.000000e+000
    outer loop
      vertex  2.844456e+001  3.065176e+001  0.000000e+000
      vertex  2.844456e+001  3.065176e+001  1.250000e+000
      vertex  2.907515e+001  3.018408e+001  0.000000e+000
    endloop
  endfacet
  facet normal  5.956984e-001  8.032083e-001  -0.000000e+000
    outer loop
      vertex  2.907515e+001  3.018408e+001  0.000000e+000
      vertex  2.844456e+001  3.065176e+001  1.250000e+000
      vertex  2.907515e+001  3.018408e+001  1.250000e+000
    endloop
  endfacet
  facet normal  6.715583e-001  7.409517e-001  0.000000e+000
    outer loop
      vertex  2.907515e+001  3.018408e+001  0.000000e+000
      vertex  2.907515e+001  3.018408e+001  1.250000e+000
      vertex  2.965685e+001  2.965685e+001  0.000000e+000
    endloop
  endfacet
  facet normal  6.715583e-001  7.409517e-001  -0.000000e+000
    outer loop
      vertex  2.965685e+001  2.965685e+001  0.000000e+000
      vertex  2.907515e+001  3.018408e+001  1.250000e+000
      vertex  2.965685e+001  2.965685e+001  1.250000e+000
    endloop
  endfacet
  facet normal  7.409517e-001  6.715583e-001  0.000000e+000
    outer loop
      vertex  2.965685e+001  2.965685e+001  0.000000e+000
      vertex  2.965685e+001  2.965685e+001  1.250000e+000
      vertex  3.018408e+001  2.907515e+001  0.000000e+000
    endloop
  endfacet
  facet normal  7.409517e-001  6.715583e-001  -0.000000e+000
    outer loop
      vertex  3.018408e+001  2.907515e+001  0.000000e+000
      vertex  2.965685e+001  2.965685e+001  1.250000e+000
      vertex  3.018408e+001  2.907515e+001  1.250000e+000
    endloop
  endfacet
  facet normal  8.032083e-001  5.956984e-001  0.000000e+000
    outer loop
      vertex  3.018408e+001  2.907515e+001  0.000000e+000
      vertex  3.018408e+001  2.907515e+001  1.250000e+000
      vertex  3.065176e+001  2.844456e+001  0.000000e+000
    endloop
  endfacet
  facet normal  8.032083e-001  5.956984e-001  -0.000000e+000
    outer loop
      vertex  3.065176e+001  2.844456e+001  0.000000e+000
      vertex  3.018408e+001  2.907515e+001  1.250000e+000
      vertex  3.065176e+001  2.844456e+001  1.250000e+000
    endloop
  endfacet
  facet normal  8.577280e-001  5.141038e-001  0.000000e+000
    outer loop
      vertex  3.065176e+001  2.844456e+001  0.000000e+000
      vertex  3.065176e+001  2.844456e+001  1.250000e+000
      vertex  3.105537e+001  2.777117e+001  0.000000e+000
    endloop
  endfacet
  facet normal  8.577280e-001  5.141038e-001  -0.000000e+000
    outer loop
      vertex  3.105537e+001  2.777117e+001  0.000000e+000
      vertex  3.065176e+001  2.844456e+001  1.250000e+000
      vertex  3.105537e+001  2.777117e+001  1.250000e+000
    endloop
  endfacet
  facet normal  9.039887e-001  4.275561e-001  0.000000e+000
    outer loop
      vertex  3.105537e+001  2.777117e+001  0.000000e+000
      vertex  3.105537e+001  2.777117e+001  1.250000e+000
      vertex  3.139104e+001  2.706147e+001  0.000000e+000
    endloop
  endfacet
  facet normal  9.039887e-001  4.275561e-001  -0.000000e+000
    outer loop
      vertex  3.139104e+001  2.706147e+001  0.000000e+000
      vertex  3.105537e+001  2.777117e+001  1.250000e+000
      vertex  3.139104e+001  2.706147e+001  1.250000e+000
    endloop
  endfacet
  facet normal  9.415442e-001  3.368893e-001  0.000000e+000
    outer loop
      vertex  3.139104e+001  2.706147e+001  0.000000e+000
      vertex  3.139104e+001  2.706147e+001  1.250000e+000
      vertex  3.165552e+001  2.632228e+001  0.000000e+000
    endloop
  endfacet
  facet normal  9.415442e-001  3.368893e-001  -0.000000e+000
    outer loop
      vertex  3.165552e+001  2.632228e+001  0.000000e+000
      vertex  3.139104e+001  2.706147e+001  1.250000e+000
      vertex  3.165552e+001  2.632228e+001  1.250000e+000
    endloop
  endfacet
  facet normal  9.700313e-001  2.429804e-001  0.000000e+000
    outer loop
      vertex  3.165552e+001  2.632228e+001  0.000000e+000
      vertex  3.165552e+001  2.632228e+001  1.250000e+000
      vertex  3.184628e+001  2.556072e+001  0.000000e+000
    endloop
  endfacet
  facet normal  9.700313e-001  2.429804e-001  -0.000000e+000
    outer loop
      vertex  3.184628e+001  2.556072e+001  0.000000e+000
      vertex  3.165552e+001  2.632228e+001  1.250000e+000
      vertex  3.184628e+001  2.556072e+001  1.250000e+000
    endloop
  endfacet
  facet normal  9.891767e-001  1.467291e-001  0.000000e+000
    outer loop
      vertex  3.184628e+001  2.556072e+001  0.000000e+000
      vertex  3.184628e+001  2.556072e+001  1.250000e+000
      vertex  3.196148e+001  2.478414e+001  0.000000e+000
    endloop
  endfacet
  facet normal  9.891767e-001  1.467291e-001  -0.000000e+000
    outer loop
      vertex  3.196148e+001  2.478414e+001  0.000000e+000
      vertex  3.184628e+001  2.556072e+001  1.250000e+000
      vertex  3.196148e+001  2.478414e+001  1.250000e+000
    endloop
  endfacet
  facet normal  9.987954e-001  4.906831e-002  0.000000e+000
    outer loop
      vertex  3.196148e+001  2.478414e+001  0.000000e+000
      vertex  3.196148e+001  2.478414e+001  1.250000e+000
      vertex  3.200000e+001  2.400000e+001  0.000000e+000
    endloop
  endfacet
  facet normal  9.987954e-001  4.906831e-002  -0.000000e+000
    outer loop
      vertex  3.200000e+001  2.400000e+001  0.000000e+000
      vertex  3.196148e+001  2.478414e+001  1.250000e+000
      vertex  3.200000e+001  2.400000e+001  1.250000e+000
    endloop
  endfacet
  facet normal  0.000000e+000  0.000000e+000 -1.000000e+000
    outer loop
      vertex  1.500000e+001 -1.300000e+001  0.000000e+000
      vertex  8.700000e+000 -7.800000e+000  0.000000e+000
      vertex  2.350000e+001 -1.300000e+001  0.000000e+000
    endloop
  endfacet
  facet normal  0.000000e+000  0.000000e+000 -1.000000e+000
    outer loop
      vertex  3.200000e+001 -1.300000e+001  0.000000e+000
      vertex  2.350000e+001 -1.300000e+001  0.000000e+000
      vertex  8.700000e+000 -7.800000e+000  0.000000e+000
    endloop
  endfacet
  facet normal  -0.000000e+000  0.000000e+000 -1.000000e+000
    outer loop
      vertex -3.200000e+001  2.400000e+001  0.000000e+000
      vertex -2.975000e+001  1.650000e+001  0.000000e+000
      vertex -3.200000e+001  4.250000e+000  0.000000e+000
    endloop
  endfacet
  facet normal  0.000000e+000  0.000000e+000 -1.000000e+000
    outer loop
      vertex -3.200000e+001  4.866011e-003  0.000000e+000
      vertex -3.200000e+001  4.250000e+000  0.000000e+000
      vertex -2.975000e+001  1.650000e+001  0.000000e+000
    endloop
  endfacet
  facet normal  0.000000e+000  0.000000e+000 -1.000000e+000
    outer loop
      vertex -1.200000e+001 -1.300000e+001  0.000000e+000
      vertex -1.196109e+001 -2.096560e+001  0.000000e+000
      vertex -1.200000e+001 -1.650000e+001  0.000000e+000
    endloop
  endfacet
  facet normal  0.000000e+000  0.000000e+000 -1.000000e+000
    outer loop
      vertex -1.200000e+001 -2.000000e+001  0.000000e+000
      vertex -1.200000e+001 -1.650000e+001  0.000000e+000
      vertex -1.196109e+001 -2.096560e+001  0.000000e+000
    endloop
  endfacet
  facet normal  0.000000e+000  0.000000e+000 -9.999999e-001
    outer loop
      vertex  1.200000e+001 -2.000000e+001  0.000000e+000
      vertex  8.700000e+000 -7.800000e+000  0.000000e+000
      vertex  1.200000e+001 -1.650000e+001  0.000000e+000
    endloop
  endfacet
  facet normal  0.000000e+000  0.000000e+000 -9.999999e-001
    outer loop
      vertex  1.200000e+001 -1.300000e+001  0.000000e+000
      vertex  1.200000e+001 -1.650000e+001  0.000000e+000
      vertex  8.700000e+000 -7.800000e+000  0.000000e+000
    endloop
  endfacet
  facet normal  2.072416e-015 -1.173066e-015 -1.000000e+000
    outer loop
      vertex -1.500000e+001 -1.300000e+001 -3.108624e-015
      vertex -1.200000e+001 -1.035000e+001  0.000000e+000
      vertex -1.350000e+001 -1.300000e+001  0.000000e+000
    endloop
  endfacet
  facet normal  0.000000e+000  0.000000e+000 -1.000000e+000
    outer loop
      vertex -1.200000e+001 -1.300000e+001  0.000000e+000
      vertex -1.350000e+001 -1.300000e+001  0.000000e+000
      vertex -1.200000e+001 -1.035000e+001  0.000000e+000
    endloop
  endfacet
  facet normal  0.000000e+000  0.000000e+000 -1.000000e+000
    outer loop
      vertex -3.200000e+001 -1.300000e+001  0.000000e+000
      vertex -1.900000e+001 -2.750000e+000  0.000000e+000
      vertex -2.350000e+001 -1.300000e+001  0.000000e+000
    endloop
  endfacet
  facet normal -3.657205e-016  1.605602e-016 -1.000000e+000
    outer loop
      vertex -1.500000e+001 -1.300000e+001 -3.108624e-015
      vertex -2.350000e+001 -1.300000e+001  0.000000e+000
      vertex -1.900000e+001 -2.750000e+000  0.000000e+000
    endloop
  endfacet
  facet normal  0.000000e+000  0.000000e+000 -1.000000e+000
    outer loop
      vertex  1.200000e+001 -1.300000e+001  0.000000e+000
      vertex  8.700000e+000 -7.800000e+000  0.000000e+000
      vertex  1.350000e+001 -1.300000e+001  0.000000e+000
    endloop
  endfacet
  facet normal  0.000000e+000  0.000000e+000 -1.000000e+000
    outer loop
      vertex  1.500000e+001 -1.300000e+001  0.000000e+000
      vertex  1.350000e+001 -1.300000e+001  0.000000e+000
      vertex  8.700000e+000 -7.800000e+000  0.000000e+000
    endloop
  endfacet
  facet normal  0.000000e+000  0.000000e+000 -1.000000e+000
    outer loop
      vertex -3.563357e+000 -1.948767e+001  0.000000e+000
      vertex -3.600000e+000 -2.000000e+001  0.000000e+000
      vertex -4.500000e+000  4.866011e-003  0.000000e+000
    endloop
  endfacet
  facet normal  0.000000e+000  0.000000e+000 -1.000000e+000
    outer loop
      vertex  3.552714e-015  4.866011e-003  0.000000e+000
      vertex -3.563357e+000 -1.948767e+001  0.000000e+000
      vertex -4.500000e+000  4.866011e-003  0.000000e+000
    endloop
  endfacet
  facet normal  0.000000e+000  0.000000e+000 -1.000000e+000
    outer loop
      vertex -8.982129e+000 -2.795747e+001  0.000000e+000
      vertex -9.593313e+000 -2.720891e+001  0.000000e+000
      vertex -9.000000e+000 -1.035000e+001  0.000000e+000
    endloop
  endfacet
  facet normal  -0.000000e+000  0.000000e+000 -1.000000e+000
    outer loop
      vertex  2.924999e+001  4.897412e-003  0.000000e+000
      vertex  3.200000e+001  4.866011e-003  0.000000e+000
      vertex  2.925000e+001  0.000000e+000  0.000000e+000
    endloop
  endfacet
  facet normal  0.000000e+000  0.000000e+000 -1.000000e+000
    outer loop
      vertex  2.430000e+001  4.866011e-003  0.000000e+000
      vertex  2.575001e+001  4.897412e-003  0.000000e+000
      vertex  2.575000e+001  2.143061e-016  0.000000e+000
    endloop
  endfacet
  facet normal  0.000000e+000  0.000000e+000 -1.000000e+000
    outer loop
      vertex -6.093776e+000  2.181702e+001  0.000000e+000
      vertex -1.765077e+001  2.085505e+001  0.000000e+000
      vertex -1.783494e+001  2.125000e+001  0.000000e+000
    endloop
  endfacet
  facet normal  0.000000e+000  -0.000000e+000 -1.000000e+000
    outer loop
      vertex  3.454175e+000 -2.101424e+001  0.000000e+000
      vertex  3.563357e+000 -2.051233e+001  0.000000e+000
      vertex  8.982129e+000 -2.795747e+001  0.000000e+000
    endloop
  endfacet
  facet normal  0.000000e+000  0.000000e+000 -1.000000e+000
    outer loop
      vertex  2.816970e+001  1.616789e+000  0.000000e+000
      vertex  2.784141e+001  1.716374e+000  0.000000e+000
      vertex  3.200000e+001  4.250000e+000  0.000000e+000
    endloop
  endfacet
  facet normal  -0.000000e+000  0.000000e+000 -1.000000e+000
    outer loop
      vertex  3.552714e-015  4.866011e-003  0.000000e+000
      vertex -3.454175e+000 -1.898576e+001  0.000000e+000
      vertex -3.563357e+000 -1.948767e+001  0.000000e+000
    endloop
  endfacet
  facet normal  -0.000000e+000  0.000000e+000 -1.000000e+000
    outer loop
      vertex  3.552714e-015  4.866011e-003  0.000000e+000
      vertex -3.274675e+000 -1.850451e+001  0.000000e+000
      vertex -3.454175e+000 -1.898576e+001  0.000000e+000
    endloop
  endfacet
  facet normal  -0.000000e+000  0.000000e+000 -1.000000e+000
    outer loop
      vertex  3.552714e-015  4.866011e-003  0.000000e+000
      vertex -3.028513e+000 -1.805369e+001  0.000000e+000
      vertex -3.274675e+000 -1.850451e+001  0.000000e+000
    endloop
  endfacet
  facet normal  -0.000000e+000  0.000000e+000 -1.000000e+000
    outer loop
      vertex  3.552714e-015  4.866011e-003  0.000000e+000
      vertex -2.720698e+000 -1.764250e+001  0.000000e+000
      vertex -3.028513e+000 -1.805369e+001  0.000000e+000
    endloop
  endfacet
  facet normal  -0.000000e+000  0.000000e+000 -9.999999e-001
    outer loop
      vertex  3.552714e-015  4.866011e-003  0.000000e+000
      vertex -2.357499e+000 -1.727930e+001  0.000000e+000
      vertex -2.720698e+000 -1.764250e+001  0.000000e+000
    endloop
  endfacet
  facet normal  -0.000000e+000  0.000000e+000 -1.000000e+000
    outer loop
      vertex  3.552714e-015  4.866011e-003  0.000000e+000
      vertex -1.946307e+000 -1.697149e+001  0.000000e+000
      vertex -2.357499e+000 -1.727930e+001  0.000000e+000
    endloop
  endfacet
  facet normal  -0.000000e+000  0.000000e+000 -1.000000e+000
    outer loop
      vertex  3.552714e-015  4.866011e-003  0.000000e+000
      vertex -1.495494e+000 -1.672532e+001  0.000000e+000
      vertex -1.946307e+000 -1.697149e+001  0.000000e+000
    endloop
  endfacet
  facet normal  -0.000000e+000  0.000000e+000 -9.999999e-001
    outer loop
      vertex  3.552714e-015  4.866011e-003  0.000000e+000
      vertex -1.014237e+000 -1.654583e+001  0.000000e+000
      vertex -1.495494e+000 -1.672532e+001  0.000000e+000
    endloop
  endfacet
  facet normal  -0.000000e+000  0.000000e+000 -1.000000e+000
    outer loop
      vertex  3.552714e-015  4.866011e-003  0.000000e+000
      vertex -5.123334e-001 -1.643664e+001  0.000000e+000
      vertex -1.014237e+000 -1.654583e+001  0.000000e+000
    endloop
  endfacet
  facet normal  -0.000000e+000  0.000000e+000 -1.000000e+000
    outer loop
      vertex  3.552714e-015  4.866011e-003  0.000000e+000
      vertex  1.197425e-015 -1.640000e+001  0.000000e+000
      vertex -5.123334e-001 -1.643664e+001  0.000000e+000
    endloop
  endfacet
  facet normal  -0.000000e+000  -0.000000e+000 -1.000000e+000
    outer loop
      vertex  8.700000e+000 -7.800000e+000  0.000000e+000
      vertex  2.430000e+001 -7.800000e+000  0.000000e+000
      vertex  3.200000e+001 -1.300000e+001  0.000000e+000
    endloop
  endfacet
  facet normal  1.036208e-015  0.000000e+000 -1.000000e+000
    outer loop
      vertex -1.200000e+001 -4.650000e+000  0.000000e+000
      vertex -1.200000e+001 -1.035000e+001  0.000000e+000
      vertex -1.500000e+001 -1.300000e+001 -3.108624e-015
    endloop
  endfacet
  facet normal  9.207148e-017  3.392108e-016 -1.000000e+000
    outer loop
      vertex -1.200000e+001 -4.650000e+000  0.000000e+000
      vertex -1.500000e+001 -1.300000e+001 -3.108624e-015
      vertex -1.900000e+001 -2.750000e+000  0.000000e+000
    endloop
  endfacet
  facet normal  0.000000e+000  0.000000e+000 -1.000000e+000
    outer loop
      vertex -1.200000e+001 -4.650000e+000  0.000000e+000
      vertex -1.900000e+001 -2.750000e+000  0.000000e+000
      vertex -1.875614e+001 -2.725982e+000  0.000000e+000
    endloop
  endfacet
  facet normal  0.000000e+000  0.000000e+000 -9.999999e-001
    outer loop
      vertex -1.200000e+001 -4.650000e+000  0.000000e+000
      vertex -1.875614e+001 -2.725982e+000  0.000000e+000
      vertex -1.852165e+001 -2.654850e+000  0.000000e+000
    endloop
  endfacet
  facet normal  0.000000e+000  0.000000e+000 -1.000000e+000
    outer loop
      vertex -1.200000e+001 -4.650000e+000  0.000000e+000
      vertex -1.852165e+001 -2.654850e+000  0.000000e+000
      vertex -1.830554e+001 -2.539337e+000  0.000000e+000
    endloop
  endfacet
  facet normal  0.000000e+000  0.000000e+000 -1.000000e+000
    outer loop
      vertex -1.200000e+001 -4.650000e+000  0.000000e+000
      vertex -1.830554e+001 -2.539337e+000  0.000000e+000
      vertex -1.811612e+001 -2.383883e+000  0.000000e+000
    endloop
  endfacet
  facet normal  0.000000e+000  0.000000e+000 -1.000000e+000
    outer loop
      vertex -1.200000e+001 -4.650000e+000  0.000000e+000
      vertex -1.811612e+001 -2.383883e+000  0.000000e+000
      vertex -1.796066e+001 -2.194463e+000  0.000000e+000
    endloop
  endfacet
  facet normal  0.000000e+000  0.000000e+000 -9.999999e-001
    outer loop
      vertex -1.200000e+001 -4.650000e+000  0.000000e+000
      vertex -1.796066e+001 -2.194463e+000  0.000000e+000
      vertex -1.784515e+001 -1.978354e+000  0.000000e+000
    endloop
  endfacet
  facet normal  0.000000e+000  0.000000e+000 -9.999999e-001
    outer loop
      vertex -1.200000e+001 -4.650000e+000  0.000000e+000
      vertex -1.784515e+001 -1.978354e+000  0.000000e+000
      vertex -1.777402e+001 -1.743863e+000  0.000000e+000
    endloop
  endfacet
  facet normal  0.000000e+000  0.000000e+000 -9.999999e-001
    outer loop
      vertex -1.200000e+001 -4.650000e+000  0.000000e+000
      vertex -1.777402e+001 -1.743863e+000  0.000000e+000
      vertex -1.775000e+001 -1.500000e+000  0.000000e+000
    endloop
  endfacet
  facet normal  0.000000e+000  0.000000e+000 -1.000000e+000
    outer loop
      vertex -1.200000e+001 -4.650000e+000  0.000000e+000
      vertex -1.775000e+001 -1.500000e+000  0.000000e+000
      vertex -1.777402e+001 -1.256137e+000  0.000000e+000
    endloop
  endfacet
  facet normal  0.000000e+000  0.000000e+000 -1.000000e+000
    outer loop
      vertex -1.200000e+001 -4.650000e+000  0.000000e+000
      vertex -1.777402e+001 -1.256137e+000  0.000000e+000
      vertex -1.784515e+001 -1.021646e+000  0.000000e+000
    endloop
  endfacet
  facet normal  0.000000e+000  0.000000e+000 -1.000000e+000
    outer loop
      vertex -1.200000e+001 -4.650000e+000  0.000000e+000
      vertex -1.784515e+001 -1.021646e+000  0.000000e+000
      vertex -1.796066e+001 -8.055372e-001  0.000000e+000
    endloop
  endfacet
  facet normal  0.000000e+000  0.000000e+000 -1.000000e+000
    outer loop
      vertex -1.200000e+001 -4.650000e+000  0.000000e+000
      vertex -1.796066e+001 -8.055372e-001  0.000000e+000
      vertex -1.811612e+001 -6.161165e-001  0.000000e+000
    endloop
  endfacet
  facet normal  0.000000e+000  0.000000e+000 -1.000000e+000
    outer loop
      vertex  8.700000e+000  3.200000e+000  0.000000e+000
      vertex  8.700000e+000  4.866011e-003  0.000000e+000
      vertex  3.552714e-015  4.866011e-003  0.000000e+000
    endloop
  endfacet
  facet normal  0.000000e+000  0.000000e+000 -1.000000e+000
    outer loop
      vertex  8.700000e+000  3.200000e+000  0.000000e+000
      vertex  3.552714e-015  4.866011e-003  0.000000e+000
      vertex  1.776357e-015  3.200000e+001  0.000000e+000
    endloop
  endfacet
  facet normal  0.000000e+000  0.000000e+000 -1.000000e+000
    outer loop
      vertex  8.700000e+000  3.200000e+000  0.000000e+000
      vertex  1.776357e-015  3.200000e+001  0.000000e+000
      vertex  8.275372e+000  7.390659e+000  0.000000e+000
    endloop
  endfacet
  facet normal  0.000000e+000  0.000000e+000 -1.000000e+000
    outer loop
      vertex  8.700000e+000  3.200000e+000  0.000000e+000
      vertex  8.275372e+000  7.390659e+000  0.000000e+000
      vertex  8.320233e+000  7.153847e+000  0.000000e+000
    endloop
  endfacet
  facet normal  0.000000e+000  0.000000e+000 -1.000000e+000
    outer loop
      vertex  8.700000e+000  3.200000e+000  0.000000e+000
      vertex  8.320233e+000  7.153847e+000  0.000000e+000
      vertex  8.410434e+000  6.930337e+000  0.000000e+000
    endloop
  endfacet
  facet normal  0.000000e+000  0.000000e+000 -1.000000e+000
    outer loop
      vertex  8.700000e+000  3.200000e+000  0.000000e+000
      vertex  8.410434e+000  6.930337e+000  0.000000e+000
      vertex  8.542505e+000  6.728719e+000  0.000000e+000
    endloop
  endfacet
  facet normal  0.000000e+000  0.000000e+000 -1.000000e+000
    outer loop
      vertex  8.700000e+000  3.200000e+000  0.000000e+000
      vertex  8.542505e+000  6.728719e+000  0.000000e+000
      vertex  8.711372e+000  6.556741e+000  0.000000e+000
    endloop
  endfacet
  facet normal  0.000000e+000  -0.000000e+000 -9.999999e-001
    outer loop
      vertex  8.700000e+000  3.200000e+000  0.000000e+000
      vertex  8.711372e+000  6.556741e+000  0.000000e+000
      vertex  8.910546e+000  6.421012e+000  0.000000e+000
    endloop
  endfacet
  facet normal  0.000000e+000  -0.000000e+000 -1.000000e+000
    outer loop
      vertex  8.700000e+000  3.200000e+000  0.000000e+000
      vertex  8.910546e+000  6.421012e+000  0.000000e+000
      vertex  9.132373e+000  6.326748e+000  0.000000e+000
    endloop
  endfacet
  facet normal  0.000000e+000  -0.000000e+000 -1.000000e+000
    outer loop
      vertex  8.700000e+000  3.200000e+000  0.000000e+000
      vertex  9.132373e+000  6.326748e+000  0.000000e+000
      vertex  9.368326e+000  6.277571e+000  0.000000e+000
    endloop
  endfacet
  facet normal  0.000000e+000  -0.000000e+000 -1.000000e+000
    outer loop
      vertex  8.700000e+000  3.200000e+000  0.000000e+000
      vertex  9.368326e+000  6.277571e+000  0.000000e+000
      vertex  9.609341e+000  6.275372e+000  0.000000e+000
    endloop
  endfacet
  facet normal  0.000000e+000  -0.000000e+000 -1.000000e+000
    outer loop
      vertex  8.700000e+000  3.200000e+000  0.000000e+000
      vertex  9.609341e+000  6.275372e+000  0.000000e+000
      vertex  9.846153e+000  6.320234e+000  0.000000e+000
    endloop
  endfacet
  facet normal  0.000000e+000  -0.000000e+000 -1.000000e+000
    outer loop
      vertex  8.700000e+000  3.200000e+000  0.000000e+000
      vertex  9.846153e+000  6.320234e+000  0.000000e+000
      vertex  1.006966e+001  6.410434e+000  0.000000e+000
    endloop
  endfacet
  facet normal  0.000000e+000  -0.000000e+000 -9.999999e-001
    outer loop
      vertex  8.700000e+000  3.200000e+000  0.000000e+000
      vertex  1.006966e+001  6.410434e+000  0.000000e+000
      vertex  1.027128e+001  6.542505e+000  0.000000e+000
    endloop
  endfacet
  facet normal  0.000000e+000  -0.000000e+000 -1.000000e+000
    outer loop
      vertex  8.700000e+000  3.200000e+000  0.000000e+000
      vertex  1.027128e+001  6.542505e+000  0.000000e+000
      vertex  1.044326e+001  6.711372e+000  0.000000e+000
    endloop
  endfacet
  facet normal  0.000000e+000  -0.000000e+000 -1.000000e+000
    outer loop
      vertex  8.700000e+000  3.200000e+000  0.000000e+000
      vertex  1.044326e+001  6.711372e+000  0.000000e+000
      vertex  1.057899e+001  6.910546e+000  0.000000e+000
    endloop
  endfacet
  facet normal  0.000000e+000  -0.000000e+000 -1.000000e+000
    outer loop
      vertex  8.700000e+000  3.200000e+000  0.000000e+000
      vertex  1.057899e+001  6.910546e+000  0.000000e+000
      vertex  2.000000e+001  1.750000e+001  0.000000e+000
    endloop
  endfacet
  facet normal  0.000000e+000  -0.000000e+000 -1.000000e+000
    outer loop
      vertex  8.700000e+000  3.200000e+000  0.000000e+000
      vertex  2.000000e+001  1.750000e+001  0.000000e+000
      vertex  2.227537e+001  7.390659e+000  0.000000e+000
    endloop
  endfacet
  facet normal  0.000000e+000  -0.000000e+000 -1.000000e+000
    outer loop
      vertex  8.700000e+000  3.200000e+000  0.000000e+000
      vertex  2.227537e+001  7.390659e+000  0.000000e+000
      vertex  2.232023e+001  7.153847e+000  0.000000e+000
    endloop
  endfacet
  facet normal  0.000000e+000  -0.000000e+000 -1.000000e+000
    outer loop
      vertex  8.700000e+000  3.200000e+000  0.000000e+000
      vertex  2.232023e+001  7.153847e+000  0.000000e+000
      vertex  2.241043e+001  6.930337e+000  0.000000e+000
    endloop
  endfacet
  facet normal  0.000000e+000  -0.000000e+000 -1.000000e+000
    outer loop
      vertex  8.700000e+000  3.200000e+000  0.000000e+000
      vertex  2.241043e+001  6.930337e+000  0.000000e+000
      vertex  2.254251e+001  6.728719e+000  0.000000e+000
    endloop
  endfacet
  facet normal  0.000000e+000  -0.000000e+000 -1.000000e+000
    outer loop
      vertex  8.700000e+000  3.200000e+000  0.000000e+000
      vertex  2.254251e+001  6.728719e+000  0.000000e+000
      vertex  2.271137e+001  6.556741e+000  0.000000e+000
    endloop
  endfacet
  facet normal  0.000000e+000  -0.000000e+000 -1.000000e+000
    outer loop
      vertex  8.700000e+000  3.200000e+000  0.000000e+000
      vertex  2.271137e+001  6.556741e+000  0.000000e+000
      vertex  2.291055e+001  6.421012e+000  0.000000e+000
    endloop
  endfacet
  facet normal  0.000000e+000  -0.000000e+000 -1.000000e+000
    outer loop
      vertex  8.700000e+000  3.200000e+000  0.000000e+000
      vertex  2.291055e+001  6.421012e+000  0.000000e+000
      vertex  2.313237e+001  6.326748e+000  0.000000e+000
    endloop
  endfacet
  facet normal  0.000000e+000  -0.000000e+000 -1.000000e+000
    outer loop
      vertex  8.700000e+000  3.200000e+000  0.000000e+000
      vertex  2.313237e+001  6.326748e+000  0.000000e+000
      vertex  2.336833e+001  6.277571e+000  0.000000e+000
    endloop
  endfacet
  facet normal  0.000000e+000  -0.000000e+000 -1.000000e+000
    outer loop
      vertex  8.700000e+000  3.200000e+000  0.000000e+000
      vertex  2.336833e+001  6.277571e+000  0.000000e+000
      vertex  2.360934e+001  6.275372e+000  0.000000e+000
    endloop
  endfacet
  facet normal  0.000000e+000  -0.000000e+000 -9.999999e-001
    outer loop
      vertex  8.700000e+000  3.200000e+000  0.000000e+000
      vertex  2.360934e+001  6.275372e+000  0.000000e+000
      vertex  2.430000e+001  3.200000e+000  0.000000e+000
    endloop
  endfacet
  facet normal  0.000000e+000  0.000000e+000 -9.999999e-001
    outer loop
      vertex -1.200000e+001 -1.300000e+001  0.000000e+000
      vertex -1.200000e+001 -1.035000e+001  0.000000e+000
      vertex -1.196109e+001 -2.096560e+001  0.000000e+000
    endloop
  endfacet
  facet normal  -0.000000e+000  0.000000e+000 -1.000000e+000
    outer loop
      vertex -1.200000e+001 -1.035000e+001  0.000000e+000
      vertex -9.000000e+000 -1.035000e+001  0.000000e+000
      vertex -9.593313e+000 -2.720891e+001  0.000000e+000
    endloop
  endfacet
  facet normal  0.000000e+000  0.000000e+000 -1.000000e+000
    outer loop
      vertex -1.200000e+001 -1.035000e+001  0.000000e+000
      vertex -9.593313e+000 -2.720891e+001  0.000000e+000
      vertex -1.014228e+001 -2.641359e+001  0.000000e+000
    endloop
  endfacet
  facet normal  0.000000e+000  0.000000e+000 -1.000000e+000
    outer loop
      vertex -1.200000e+001 -1.035000e+001  0.000000e+000
      vertex -1.014228e+001 -2.641359e+001  0.000000e+000
      vertex -1.062547e+001 -2.557668e+001  0.000000e+000
    endloop
  endfacet
  facet normal  0.000000e+000  0.000000e+000 -1.000000e+000
    outer loop
      vertex -1.200000e+001 -1.035000e+001  0.000000e+000
      vertex -1.062547e+001 -2.557668e+001  0.000000e+000
      vertex -1.103975e+001 -2.470360e+001  0.000000e+000
    endloop
  endfacet
  facet normal  0.000000e+000  0.000000e+000 -1.000000e+000
    outer loop
      vertex -1.200000e+001 -1.035000e+001  0.000000e+000
      vertex -1.103975e+001 -2.470360e+001  0.000000e+000
      vertex -1.138244e+001 -2.380002e+001  0.000000e+000
    endloop
  endfacet
  facet normal  0.000000e+000  0.000000e+000 -1.000000e+000
    outer loop
      vertex -1.200000e+001 -1.035000e+001  0.000000e+000
      vertex -1.138244e+001 -2.380002e+001  0.000000e+000
      vertex -1.165130e+001 -2.287179e+001  0.000000e+000
    endloop
  endfacet
  facet normal  0.000000e+000  0.000000e+000 -1.000000e+000
    outer loop
      vertex -1.200000e+001 -1.035000e+001  0.000000e+000
      vertex -1.165130e+001 -2.287179e+001  0.000000e+000
      vertex -1.184460e+001 -2.192494e+001  0.000000e+000
    endloop
  endfacet
  facet normal  0.000000e+000  0.000000e+000 -1.000000e+000
    outer loop
      vertex -1.200000e+001 -1.035000e+001  0.000000e+000
      vertex -1.184460e+001 -2.192494e+001  0.000000e+000
      vertex -1.196109e+001 -2.096560e+001  0.000000e+000
    endloop
  endfacet
  facet normal  0.000000e+000  0.000000e+000 -1.000000e+000
    outer loop
      vertex -9.000000e+000 -4.650000e+000  0.000000e+000
      vertex -4.500000e+000  4.866011e-003  0.000000e+000
      vertex -5.144311e+000 -3.084141e+001  0.000000e+000
    endloop
  endfacet
  facet normal  0.000000e+000  0.000000e+000 -1.000000e+000
    outer loop
      vertex -9.000000e+000 -4.650000e+000  0.000000e+000
      vertex -5.144311e+000 -3.084141e+001  0.000000e+000
      vertex -6.000000e+000 -3.039231e+001  0.000000e+000
    endloop
  endfacet
  facet normal  0.000000e+000  0.000000e+000 -1.000000e+000
    outer loop
      vertex -9.000000e+000 -4.650000e+000  0.000000e+000
      vertex -6.000000e+000 -3.039231e+001  0.000000e+000
      vertex -6.816777e+000 -2.987581e+001  0.000000e+000
    endloop
  endfacet
  facet normal  0.000000e+000  0.000000e+000 -1.000000e+000
    outer loop
      vertex -9.000000e+000 -4.650000e+000  0.000000e+000
      vertex -6.816777e+000 -2.987581e+001  0.000000e+000
      vertex -7.589345e+000 -2.929526e+001  0.000000e+000
    endloop
  endfacet
  facet normal  0.000000e+000  0.000000e+000 -1.000000e+000
    outer loop
      vertex -9.000000e+000 -4.650000e+000  0.000000e+000
      vertex -7.589345e+000 -2.929526e+001  0.000000e+000
      vertex -8.312693e+000 -2.865443e+001  0.000000e+000
    endloop
  endfacet
  facet normal  0.000000e+000  0.000000e+000 -1.000000e+000
    outer loop
      vertex -9.000000e+000 -4.650000e+000  0.000000e+000
      vertex -8.312693e+000 -2.865443e+001  0.000000e+000
      vertex -8.982129e+000 -2.795747e+001  0.000000e+000
    endloop
  endfacet
  facet normal  0.000000e+000  0.000000e+000 -1.000000e+000
    outer loop
      vertex -9.000000e+000 -4.650000e+000  0.000000e+000
      vertex -8.982129e+000 -2.795747e+001  0.000000e+000
      vertex -9.000000e+000 -1.035000e+001  0.000000e+000
    endloop
  endfacet
  facet normal  0.000000e+000  0.000000e+000 -1.000000e+000
    outer loop
      vertex -4.255259e+000 -3.122020e+001  0.000000e+000
      vertex -5.144311e+000 -3.084141e+001  0.000000e+000
      vertex -4.500000e+000  4.866011e-003  0.000000e+000
    endloop
  endfacet
  facet normal  0.000000e+000  0.000000e+000 -9.999999e-001
    outer loop
      vertex -4.255259e+000 -3.122020e+001  0.000000e+000
      vertex -4.500000e+000  4.866011e-003  0.000000e+000
      vertex -3.600000e+000 -2.000000e+001  0.000000e+000
    endloop
  endfacet
  facet normal  0.000000e+000  -0.000000e+000 -9.999999e-001
    outer loop
      vertex -4.255259e+000 -3.122020e+001  0.000000e+000
      vertex -3.600000e+000 -2.000000e+001  0.000000e+000
      vertex -3.563357e+000 -2.051233e+001  0.000000e+000
    endloop
  endfacet
  facet normal  0.000000e+000  -0.000000e+000 -9.999999e-001
    outer loop
      vertex -4.255259e+000 -3.122020e+001  0.000000e+000
      vertex -3.563357e+000 -2.051233e+001  0.000000e+000
      vertex -3.454175e+000 -2.101424e+001  0.000000e+000
    endloop
  endfacet
  facet normal  0.000000e+000  -0.000000e+000 -1.000000e+000
    outer loop
      vertex -4.255259e+000 -3.122020e+001  0.000000e+000
      vertex -3.454175e+000 -2.101424e+001  0.000000e+000
      vertex -3.274675e+000 -2.149549e+001  0.000000e+000
    endloop
  endfacet
  facet normal  0.000000e+000  -0.000000e+000 -1.000000e+000
    outer loop
      vertex -4.255259e+000 -3.122020e+001  0.000000e+000
      vertex -3.274675e+000 -2.149549e+001  0.000000e+000
      vertex -3.028513e+000 -2.194631e+001  0.000000e+000
    endloop
  endfacet
  facet normal  0.000000e+000  -0.000000e+000 -1.000000e+000
    outer loop
      vertex -4.255259e+000 -3.122020e+001  0.000000e+000
      vertex -3.028513e+000 -2.194631e+001  0.000000e+000
      vertex -2.720698e+000 -2.235750e+001  0.000000e+000
    endloop
  endfacet
  facet normal  0.000000e+000  -0.000000e+000 -1.000000e+000
    outer loop
      vertex -4.255259e+000 -3.122020e+001  0.000000e+000
      vertex -2.720698e+000 -2.235750e+001  0.000000e+000
      vertex -2.357499e+000 -2.272070e+001  0.000000e+000
    endloop
  endfacet
  facet normal  0.000000e+000  -0.000000e+000 -1.000000e+000
    outer loop
      vertex -4.255259e+000 -3.122020e+001  0.000000e+000
      vertex -2.357499e+000 -2.272070e+001  0.000000e+000
      vertex -1.946307e+000 -2.302851e+001  0.000000e+000
    endloop
  endfacet
  facet normal  0.000000e+000  -0.000000e+000 -1.000000e+000
    outer loop
      vertex -4.255259e+000 -3.122020e+001  0.000000e+000
      vertex -1.946307e+000 -2.302851e+001  0.000000e+000
      vertex -1.495494e+000 -2.327468e+001  0.000000e+000
    endloop
  endfacet
  facet normal  0.000000e+000  -0.000000e+000 -1.000000e+000
    outer loop
      vertex -4.255259e+000 -3.122020e+001  0.000000e+000
      vertex -1.495494e+000 -2.327468e+001  0.000000e+000
      vertex -1.014237e+000 -2.345417e+001  0.000000e+000
    endloop
  endfacet
  facet normal  0.000000e+000  -0.000000e+000 -1.000000e+000
    outer loop
      vertex -4.255259e+000 -3.122020e+001  0.000000e+000
      vertex -1.014237e+000 -2.345417e+001  0.000000e+000
      vertex -5.123334e-001 -2.356336e+001  0.000000e+000
    endloop
  endfacet
  facet normal  0.000000e+000  -0.000000e+000 -1.000000e+000
    outer loop
      vertex -4.255259e+000 -3.122020e+001  0.000000e+000
      vertex -5.123334e-001 -2.356336e+001  0.000000e+000
      vertex -3.503458e-015 -2.360000e+001  0.000000e+000
    endloop
  endfacet
  facet normal  0.000000e+000  -0.000000e+000 -1.000000e+000
    outer loop
      vertex -4.255259e+000 -3.122020e+001  0.000000e+000
      vertex -3.503458e-015 -2.360000e+001  0.000000e+000
      vertex  1.200656e-014 -3.200000e+001  0.000000e+000
    endloop
  endfacet
  facet normal  0.000000e+000  0.000000e+000 -1.000000e+000
    outer loop
      vertex -3.200000e+001 -1.300000e+001  0.000000e+000
      vertex -3.200000e+001  4.866011e-003  0.000000e+000
      vertex -2.850000e+001  4.866011e-003  0.000000e+000
    endloop
  endfacet
  facet normal  0.000000e+000  -0.000000e+000 -1.000000e+000
    outer loop
      vertex -3.200000e+001 -1.300000e+001  0.000000e+000
      vertex -2.850000e+001  4.866011e-003  0.000000e+000
      vertex -2.025000e+001 -1.500000e+000  0.000000e+000
    endloop
  endfacet
  facet normal  0.000000e+000  -0.000000e+000 -1.000000e+000
    outer loop
      vertex -3.200000e+001 -1.300000e+001  0.000000e+000
      vertex -2.025000e+001 -1.500000e+000  0.000000e+000
      vertex -2.022598e+001 -1.743863e+000  0.000000e+000
    endloop
  endfacet
  facet normal  0.000000e+000  -0.000000e+000 -1.000000e+000
    outer loop
      vertex -3.200000e+001 -1.300000e+001  0.000000e+000
      vertex -2.022598e+001 -1.743863e+000  0.000000e+000
      vertex -2.015485e+001 -1.978354e+000  0.000000e+000
    endloop
  endfacet
  facet normal  0.000000e+000  -0.000000e+000 -9.999999e-001
    outer loop
      vertex -3.200000e+001 -1.300000e+001  0.000000e+000
      vertex -2.015485e+001 -1.978354e+000  0.000000e+000
      vertex -2.003934e+001 -2.194463e+000  0.000000e+000
    endloop
  endfacet
  facet normal  0.000000e+000  -0.000000e+000 -1.000000e+000
    outer loop
      vertex -3.200000e+001 -1.300000e+001  0.000000e+000
      vertex -2.003934e+001 -2.194463e+000  0.000000e+000
      vertex -1.988388e+001 -2.383883e+000  0.000000e+000
    endloop
  endfacet
  facet normal  0.000000e+000  -0.000000e+000 -1.000000e+000
    outer loop
      vertex -3.200000e+001 -1.300000e+001  0.000000e+000
      vertex -1.988388e+001 -2.383883e+000  0.000000e+000
      vertex -1.969446e+001 -2.539337e+000  0.000000e+000
    endloop
  endfacet
  facet normal  0.000000e+000  -0.000000e+000 -1.000000e+000
    outer loop
      vertex -3.200000e+001 -1.300000e+001  0.000000e+000
      vertex -1.969446e+001 -2.539337e+000  0.000000e+000
      vertex -1.947835e+001 -2.654850e+000  0.000000e+000
    endloop
  endfacet
  facet normal  0.000000e+000  -0.000000e+000 -1.000000e+000
    outer loop
      vertex -3.200000e+001 -1.300000e+001  0.000000e+000
      vertex -1.947835e+001 -2.654850e+000  0.000000e+000
      vertex -1.924386e+001 -2.725982e+000  0.000000e+000
    endloop
  endfacet
  facet normal  0.000000e+000  -0.000000e+000 -1.000000e+000
    outer loop
      vertex -3.200000e+001 -1.300000e+001  0.000000e+000
      vertex -1.924386e+001 -2.725982e+000  0.000000e+000
      vertex -1.900000e+001 -2.750000e+000  0.000000e+000
    endloop
  endfacet
  facet normal  -0.000000e+000  0.000000e+000 -1.000000e+000
    outer loop
      vertex -2.400000e+001  3.200000e+001  0.000000e+000
      vertex  1.776357e-015  3.200000e+001  0.000000e+000
      vertex -4.500000e+000  2.312500e+001  0.000000e+000
    endloop
  endfacet
  facet normal  -0.000000e+000  0.000000e+000 -1.000000e+000
    outer loop
      vertex -2.400000e+001  3.200000e+001  0.000000e+000
      vertex -4.500000e+000  2.312500e+001  0.000000e+000
      vertex -4.817022e+000  2.309378e+001  0.000000e+000
    endloop
  endfacet
  facet normal  -0.000000e+000  0.000000e+000 -1.000000e+000
    outer loop
      vertex -2.400000e+001  3.200000e+001  0.000000e+000
      vertex -4.817022e+000  2.309378e+001  0.000000e+000
      vertex -5.121861e+000  2.300130e+001  0.000000e+000
    endloop
  endfacet
  facet normal  -0.000000e+000  0.000000e+000 -1.000000e+000
    outer loop
      vertex -2.400000e+001  3.200000e+001  0.000000e+000
      vertex -5.121861e+000  2.300130e+001  0.000000e+000
      vertex -5.402802e+000  2.285114e+001  0.000000e+000
    endloop
  endfacet
  facet normal  -0.000000e+000  0.000000e+000 -9.999999e-001
    outer loop
      vertex -2.400000e+001  3.200000e+001  0.000000e+000
      vertex -5.402802e+000  2.285114e+001  0.000000e+000
      vertex -5.649048e+000  2.264905e+001  0.000000e+000
    endloop
  endfacet
  facet normal  -0.000000e+000  0.000000e+000 -1.000000e+000
    outer loop
      vertex -2.400000e+001  3.200000e+001  0.000000e+000
      vertex -5.649048e+000  2.264905e+001  0.000000e+000
      vertex -5.851138e+000  2.240280e+001  0.000000e+000
    endloop
  endfacet
  facet normal  -0.000000e+000  0.000000e+000 -1.000000e+000
    outer loop
      vertex -2.400000e+001  3.200000e+001  0.000000e+000
      vertex -5.851138e+000  2.240280e+001  0.000000e+000
      vertex -6.001304e+000  2.212186e+001  0.000000e+000
    endloop
  endfacet
  facet normal  -0.000000e+000  0.000000e+000 -1.000000e+000
    outer loop
      vertex -2.400000e+001  3.200000e+001  0.000000e+000
      vertex -6.001304e+000  2.212186e+001  0.000000e+000
      vertex -6.093776e+000  2.181702e+001  0.000000e+000
    endloop
  endfacet
  facet normal  -0.000000e+000  0.000000e+000 -1.000000e+000
    outer loop
      vertex -2.400000e+001  3.200000e+001  0.000000e+000
      vertex -6.093776e+000  2.181702e+001  0.000000e+000
      vertex -1.783494e+001  2.125000e+001  0.000000e+000
    endloop
  endfacet
  facet normal  0.000000e+000  0.000000e+000 -1.000000e+000
    outer loop
      vertex -2.400000e+001  3.200000e+001  0.000000e+000
      vertex -1.783494e+001  2.125000e+001  0.000000e+000
      vertex -1.808489e+001  2.160697e+001  0.000000e+000
    endloop
  endfacet
  facet normal  0.000000e+000  0.000000e+000 -1.000000e+000
    outer loop
      vertex -2.400000e+001  3.200000e+001  0.000000e+000
      vertex -1.808489e+001  2.160697e+001  0.000000e+000
      vertex -1.839303e+001  2.191511e+001  0.000000e+000
    endloop
  endfacet
  facet normal  0.000000e+000  0.000000e+000 -1.000000e+000
    outer loop
      vertex -2.400000e+001  3.200000e+001  0.000000e+000
      vertex -1.839303e+001  2.191511e+001  0.000000e+000
      vertex -1.875000e+001  2.216506e+001  0.000000e+000
    endloop
  endfacet
  facet normal  0.000000e+000  0.000000e+000 -1.000000e+000
    outer loop
      vertex -2.400000e+001  3.200000e+001  0.000000e+000
      vertex -1.875000e+001  2.216506e+001  0.000000e+000
      vertex -1.914495e+001  2.234923e+001  0.000000e+000
    endloop
  endfacet
  facet normal  0.000000e+000  0.000000e+000 -1.000000e+000
    outer loop
      vertex -2.400000e+001  3.200000e+001  0.000000e+000
      vertex -1.914495e+001  2.234923e+001  0.000000e+000
      vertex -1.956588e+001  2.246202e+001  0.000000e+000
    endloop
  endfacet
  facet normal  0.000000e+000  0.000000e+000 -1.000000e+000
    outer loop
      vertex -2.400000e+001  3.200000e+001  0.000000e+000
      vertex -1.956588e+001  2.246202e+001  0.000000e+000
      vertex -2.000000e+001  2.250000e+001  0.000000e+000
    endloop
  endfacet
  facet normal  0.000000e+000  0.000000e+000 -1.000000e+000
    outer loop
      vertex -2.400000e+001  3.200000e+001  0.000000e+000
      vertex -2.000000e+001  2.250000e+001  0.000000e+000
      vertex -2.478414e+001  3.196148e+001  0.000000e+000
    endloop
  endfacet
  facet normal  -0.000000e+000  0.000000e+000 -1.000000e+000
    outer loop
      vertex -2.850000e+001  4.866011e-003  0.000000e+000
      vertex -2.000000e+001  4.866011e-003  0.000000e+000
      vertex -2.003934e+001 -8.055372e-001  0.000000e+000
    endloop
  endfacet
  facet normal  -0.000000e+000  0.000000e+000 -1.000000e+000
    outer loop
      vertex -2.850000e+001  4.866011e-003  0.000000e+000
      vertex -2.003934e+001 -8.055372e-001  0.000000e+000
      vertex -2.015485e+001 -1.021646e+000  0.000000e+000
    endloop
  endfacet
  facet normal  -0.000000e+000  0.000000e+000 -1.000000e+000
    outer loop
      vertex -2.850000e+001  4.866011e-003  0.000000e+000
      vertex -2.015485e+001 -1.021646e+000  0.000000e+000
      vertex -2.022598e+001 -1.256137e+000  0.000000e+000
    endloop
  endfacet
  facet normal  -0.000000e+000  0.000000e+000 -1.000000e+000
    outer loop
      vertex -2.850000e+001  4.866011e-003  0.000000e+000
      vertex -2.022598e+001 -1.256137e+000  0.000000e+000
      vertex -2.025000e+001 -1.500000e+000  0.000000e+000
    endloop
  endfacet
  facet normal  -0.000000e+000  0.000000e+000 -1.000000e+000
    outer loop
      vertex -2.844456e+001  3.065176e+001  0.000000e+000
      vertex -2.000000e+001  2.250000e+001  0.000000e+000
      vertex -2.043412e+001  2.246202e+001  0.000000e+000
    endloop
  endfacet
  facet normal  -0.000000e+000  0.000000e+000 -1.000000e+000
    outer loop
      vertex -2.844456e+001  3.065176e+001  0.000000e+000
      vertex -2.043412e+001  2.246202e+001  0.000000e+000
      vertex -2.085505e+001  2.234923e+001  0.000000e+000
    endloop
  endfacet
  facet normal  -0.000000e+000  0.000000e+000 -1.000000e+000
    outer loop
      vertex -2.844456e+001  3.065176e+001  0.000000e+000
      vertex -2.085505e+001  2.234923e+001  0.000000e+000
      vertex -2.125000e+001  2.216506e+001  0.000000e+000
    endloop
  endfacet
  facet normal  -0.000000e+000  0.000000e+000 -1.000000e+000
    outer loop
      vertex -2.844456e+001  3.065176e+001  0.000000e+000
      vertex -2.125000e+001  2.216506e+001  0.000000e+000
      vertex -2.850000e+001  1.775000e+001  0.000000e+000
    endloop
  endfacet
  facet normal  0.000000e+000  0.000000e+000 -1.000000e+000
    outer loop
      vertex -2.844456e+001  3.065176e+001  0.000000e+000
      vertex -2.850000e+001  1.775000e+001  0.000000e+000
      vertex -2.907515e+001  3.018408e+001  0.000000e+000
    endloop
  endfacet
  facet normal  -0.000000e+000  0.000000e+000 -1.000000e+000
    outer loop
      vertex  2.706147e+001  3.139104e+001  0.000000e+000
      vertex  2.777117e+001  3.105537e+001  0.000000e+000
      vertex  2.750000e+001  1.750000e+000  0.000000e+000
    endloop
  endfacet
  facet normal  0.000000e+000  0.000000e+000 -1.000000e+000
    outer loop
      vertex  2.706147e+001  3.139104e+001  0.000000e+000
      vertex  2.750000e+001  1.750000e+000  0.000000e+000
      vertex  2.458957e+001  8.069663e+000  0.000000e+000
    endloop
  endfacet
  facet normal  0.000000e+000  0.000000e+000 -1.000000e+000
    outer loop
      vertex  2.706147e+001  3.139104e+001  0.000000e+000
      vertex  2.458957e+001  8.069663e+000  0.000000e+000
      vertex  2.445749e+001  8.271280e+000  0.000000e+000
    endloop
  endfacet
  facet normal  0.000000e+000  0.000000e+000 -9.999999e-001
    outer loop
      vertex  2.706147e+001  3.139104e+001  0.000000e+000
      vertex  2.445749e+001  8.271280e+000  0.000000e+000
      vertex  2.428863e+001  8.443258e+000  0.000000e+000
    endloop
  endfacet
  facet normal  0.000000e+000  0.000000e+000 -1.000000e+000
    outer loop
      vertex  2.706147e+001  3.139104e+001  0.000000e+000
      vertex  2.428863e+001  8.443258e+000  0.000000e+000
      vertex  2.408945e+001  8.578988e+000  0.000000e+000
    endloop
  endfacet
  facet normal  0.000000e+000  0.000000e+000 -1.000000e+000
    outer loop
      vertex  2.706147e+001  3.139104e+001  0.000000e+000
      vertex  2.408945e+001  8.578988e+000  0.000000e+000
      vertex  2.386763e+001  8.673252e+000  0.000000e+000
    endloop
  endfacet
  facet normal  0.000000e+000  0.000000e+000 -1.000000e+000
    outer loop
      vertex  2.706147e+001  3.139104e+001  0.000000e+000
      vertex  2.386763e+001  8.673252e+000  0.000000e+000
      vertex  2.363167e+001  8.722429e+000  0.000000e+000
    endloop
  endfacet
  facet normal  0.000000e+000  0.000000e+000 -1.000000e+000
    outer loop
      vertex  2.339066e+001  8.724628e+000  0.000000e+000
      vertex  2.000000e+001  1.750000e+001  0.000000e+000
      vertex  2.043412e+001  1.753798e+001  0.000000e+000
    endloop
  endfacet
  facet normal  0.000000e+000  0.000000e+000 -1.000000e+000
    outer loop
      vertex  2.339066e+001  8.724628e+000  0.000000e+000
      vertex  2.043412e+001  1.753798e+001  0.000000e+000
      vertex  2.085505e+001  1.765077e+001  0.000000e+000
    endloop
  endfacet
  facet normal  0.000000e+000  0.000000e+000 -1.000000e+000
    outer loop
      vertex  2.339066e+001  8.724628e+000  0.000000e+000
      vertex  2.085505e+001  1.765077e+001  0.000000e+000
      vertex  2.125000e+001  1.783494e+001  0.000000e+000
    endloop
  endfacet
  facet normal  0.000000e+000  0.000000e+000 -1.000000e+000
    outer loop
      vertex  2.339066e+001  8.724628e+000  0.000000e+000
      vertex  2.125000e+001  1.783494e+001  0.000000e+000
      vertex  2.160697e+001  1.808489e+001  0.000000e+000
    endloop
  endfacet
  facet normal  0.000000e+000  0.000000e+000 -9.999999e-001
    outer loop
      vertex  2.339066e+001  8.724628e+000  0.000000e+000
      vertex  2.160697e+001  1.808489e+001  0.000000e+000
      vertex  2.191511e+001  1.839303e+001  0.000000e+000
    endloop
  endfacet
  facet normal  0.000000e+000  0.000000e+000 -1.000000e+000
    outer loop
      vertex  2.339066e+001  8.724628e+000  0.000000e+000
      vertex  2.191511e+001  1.839303e+001  0.000000e+000
      vertex  2.216506e+001  1.875000e+001  0.000000e+000
    endloop
  endfacet
  facet normal  0.000000e+000  0.000000e+000 -1.000000e+000
    outer loop
      vertex  2.339066e+001  8.724628e+000  0.000000e+000
      vertex  2.216506e+001  1.875000e+001  0.000000e+000
      vertex  2.234923e+001  1.914495e+001  0.000000e+000
    endloop
  endfacet
  facet normal  0.000000e+000  0.000000e+000 -1.000000e+000
    outer loop
      vertex  2.339066e+001  8.724628e+000  0.000000e+000
      vertex  2.234923e+001  1.914495e+001  0.000000e+000
      vertex  2.246202e+001  1.956588e+001  0.000000e+000
    endloop
  endfacet
  facet normal  0.000000e+000  0.000000e+000 -1.000000e+000
    outer loop
      vertex  2.339066e+001  8.724628e+000  0.000000e+000
      vertex  2.246202e+001  1.956588e+001  0.000000e+000
      vertex  2.250000e+001  2.000000e+001  0.000000e+000
    endloop
  endfacet
  facet normal  0.000000e+000  0.000000e+000 -1.000000e+000
    outer loop
      vertex  2.339066e+001  8.724628e+000  0.000000e+000
      vertex  2.250000e+001  2.000000e+001  0.000000e+000
      vertex  2.400000e+001  3.200000e+001  0.000000e+000
    endloop
  endfacet
  facet normal  0.000000e+000  0.000000e+000 -1.000000e+000
    outer loop
      vertex  2.339066e+001  8.724628e+000  0.000000e+000
      vertex  2.400000e+001  3.200000e+001  0.000000e+000
      vertex  2.363167e+001  8.722429e+000  0.000000e+000
    endloop
  endfacet
  facet normal  0.000000e+000  -0.000000e+000 -1.000000e+000
    outer loop
      vertex  2.363167e+001  8.722429e+000  0.000000e+000
      vertex  2.400000e+001  3.200000e+001  0.000000e+000
      vertex  2.478414e+001  3.196148e+001  0.000000e+000
    endloop
  endfacet
  facet normal  0.000000e+000  -0.000000e+000 -1.000000e+000
    outer loop
      vertex  2.363167e+001  8.722429e+000  0.000000e+000
      vertex  2.478414e+001  3.196148e+001  0.000000e+000
      vertex  2.556072e+001  3.184628e+001  0.000000e+000
    endloop
  endfacet
  facet normal  0.000000e+000  -0.000000e+000 -9.999999e-001
    outer loop
      vertex  2.363167e+001  8.722429e+000  0.000000e+000
      vertex  2.556072e+001  3.184628e+001  0.000000e+000
      vertex  2.632228e+001  3.165552e+001  0.000000e+000
    endloop
  endfacet
  facet normal  0.000000e+000  -0.000000e+000 -1.000000e+000
    outer loop
      vertex  2.363167e+001  8.722429e+000  0.000000e+000
      vertex  2.632228e+001  3.165552e+001  0.000000e+000
      vertex  2.706147e+001  3.139104e+001  0.000000e+000
    endloop
  endfacet
  facet normal  -0.000000e+000  0.000000e+000 -9.999999e-001
    outer loop
      vertex  8.700000e+000 -7.800000e+000  0.000000e+000
      vertex  1.200000e+001 -2.000000e+001  0.000000e+000
      vertex  1.196109e+001 -2.096560e+001  0.000000e+000
    endloop
  endfacet
  facet normal  -0.000000e+000  0.000000e+000 -1.000000e+000
    outer loop
      vertex  8.700000e+000 -7.800000e+000  0.000000e+000
      vertex  1.196109e+001 -2.096560e+001  0.000000e+000
      vertex  1.184460e+001 -2.192494e+001  0.000000e+000
    endloop
  endfacet
  facet normal  -0.000000e+000  0.000000e+000 -1.000000e+000
    outer loop
      vertex  8.700000e+000 -7.800000e+000  0.000000e+000
      vertex  1.184460e+001 -2.192494e+001  0.000000e+000
      vertex  1.165130e+001 -2.287179e+001  0.000000e+000
    endloop
  endfacet
  facet normal  -0.000000e+000  0.000000e+000 -1.000000e+000
    outer loop
      vertex  8.700000e+000 -7.800000e+000  0.000000e+000
      vertex  1.165130e+001 -2.287179e+001  0.000000e+000
      vertex  1.138244e+001 -2.380002e+001  0.000000e+000
    endloop
  endfacet
  facet normal  -0.000000e+000  0.000000e+000 -1.000000e+000
    outer loop
      vertex  8.700000e+000 -7.800000e+000  0.000000e+000
      vertex  1.138244e+001 -2.380002e+001  0.000000e+000
      vertex  1.103975e+001 -2.470360e+001  0.000000e+000
    endloop
  endfacet
  facet normal  -0.000000e+000  0.000000e+000 -1.000000e+000
    outer loop
      vertex  8.700000e+000 -7.800000e+000  0.000000e+000
      vertex  1.103975e+001 -2.470360e+001  0.000000e+000
      vertex  1.062547e+001 -2.557668e+001  0.000000e+000
    endloop
  endfacet
  facet normal  -0.000000e+000  0.000000e+000 -1.000000e+000
    outer loop
      vertex  8.700000e+000 -7.800000e+000  0.000000e+000
      vertex  1.062547e+001 -2.557668e+001  0.000000e+000
      vertex  1.014228e+001 -2.641359e+001  0.000000e+000
    endloop
  endfacet
  facet normal  -0.000000e+000  0.000000e+000 -1.000000e+000
    outer loop
      vertex  8.700000e+000 -7.800000e+000  0.000000e+000
      vertex  1.014228e+001 -2.641359e+001  0.000000e+000
      vertex  9.593313e+000 -2.720891e+001  0.000000e+000
    endloop
  endfacet
  facet normal  -0.000000e+000  0.000000e+000 -1.000000e+000
    outer loop
      vertex  8.700000e+000 -7.800000e+000  0.000000e+000
      vertex  9.593313e+000 -2.720891e+001  0.000000e+000
      vertex  8.982129e+000 -2.795747e+001  0.000000e+000
    endloop
  endfacet
  facet normal  0.000000e+000  0.000000e+000 -1.000000e+000
    outer loop
      vertex  8.700000e+000 -7.800000e+000  0.000000e+000
      vertex  8.982129e+000 -2.795747e+001  0.000000e+000
      vertex  3.563357e+000 -2.051233e+001  0.000000e+000
    endloop
  endfacet
  facet normal  0.000000e+000  0.000000e+000 -1.000000e+000
    outer loop
      vertex  8.700000e+000 -7.800000e+000  0.000000e+000
      vertex  3.563357e+000 -2.051233e+001  0.000000e+000
      vertex  3.600000e+000 -2.000000e+001  0.000000e+000
    endloop
  endfacet
  facet normal  0.000000e+000  0.000000e+000 -1.000000e+000
    outer loop
      vertex  8.700000e+000 -7.800000e+000  0.000000e+000
      vertex  3.600000e+000 -2.000000e+001  0.000000e+000
      vertex  3.563357e+000 -1.948767e+001  0.000000e+000
    endloop
  endfacet
  facet normal  0.000000e+000  0.000000e+000 -1.000000e+000
    outer loop
      vertex  8.700000e+000 -7.800000e+000  0.000000e+000
      vertex  3.563357e+000 -1.948767e+001  0.000000e+000
      vertex  3.454175e+000 -1.898576e+001  0.000000e+000
    endloop
  endfacet
  facet normal  0.000000e+000  0.000000e+000 -1.000000e+000
    outer loop
      vertex  8.700000e+000 -7.800000e+000  0.000000e+000
      vertex  3.454175e+000 -1.898576e+001  0.000000e+000
      vertex  3.274675e+000 -1.850451e+001  0.000000e+000
    endloop
  endfacet
  facet normal  0.000000e+000  0.000000e+000 -1.000000e+000
    outer loop
      vertex  8.700000e+000 -7.800000e+000  0.000000e+000
      vertex  3.274675e+000 -1.850451e+001  0.000000e+000
      vertex  3.028513e+000 -1.805369e+001  0.000000e+000
    endloop
  endfacet
  facet normal  0.000000e+000  0.000000e+000 -1.000000e+000
    outer loop
      vertex  8.700000e+000 -7.800000e+000  0.000000e+000
      vertex  3.028513e+000 -1.805369e+001  0.000000e+000
      vertex  2.720698e+000 -1.764250e+001  0.000000e+000
    endloop
  endfacet
  facet normal  0.000000e+000  0.000000e+000 -1.000000e+000
    outer loop
      vertex  8.700000e+000 -7.800000e+000  0.000000e+000
      vertex  2.720698e+000 -1.764250e+001  0.000000e+000
      vertex  2.357499e+000 -1.727930e+001  0.000000e+000
    endloop
  endfacet
  facet normal  0.000000e+000  0.000000e+000 -1.000000e+000
    outer loop
      vertex  8.700000e+000 -7.800000e+000  0.000000e+000
      vertex  2.357499e+000 -1.727930e+001  0.000000e+000
      vertex  1.946307e+000 -1.697149e+001  0.000000e+000
    endloop
  endfacet
  facet normal  0.000000e+000  0.000000e+000 -1.000000e+000
    outer loop
      vertex  8.700000e+000 -7.800000e+000  0.000000e+000
      vertex  1.946307e+000 -1.697149e+001  0.000000e+000
      vertex  1.495494e+000 -1.672532e+001  0.000000e+000
    endloop
  endfacet
  facet normal  0.000000e+000  0.000000e+000 -1.000000e+000
    outer loop
      vertex  8.700000e+000 -7.800000e+000  0.000000e+000
      vertex  1.495494e+000 -1.672532e+001  0.000000e+000
      vertex  1.014237e+000 -1.654583e+001  0.000000e+000
    endloop
  endfacet
  facet normal  0.000000e+000  0.000000e+000 -1.000000e+000
    outer loop
      vertex  8.700000e+000 -7.800000e+000  0.000000e+000
      vertex  1.014237e+000 -1.654583e+001  0.000000e+000
      vertex  5.123334e-001 -1.643664e+001  0.000000e+000
    endloop
  endfacet
  facet normal  0.000000e+000  0.000000e+000 -1.000000e+000
    outer loop
      vertex  8.700000e+000 -7.800000e+000  0.000000e+000
      vertex  5.123334e-001 -1.643664e+001  0.000000e+000
      vertex  1.197425e-015 -1.640000e+001  0.000000e+000
    endloop
  endfacet
  facet normal  0.000000e+000  0.000000e+000 -1.000000e+000
    outer loop
      vertex  1.200656e-014 -3.200000e+001  0.000000e+000
      vertex -3.503458e-015 -2.360000e+001  0.000000e+000
      vertex  5.123334e-001 -2.356336e+001  0.000000e+000
    endloop
  endfacet
  facet normal  0.000000e+000  -0.000000e+000 -1.000000e+000
    outer loop
      vertex  1.200656e-014 -3.200000e+001  0.000000e+000
      vertex  5.123334e-001 -2.356336e+001  0.000000e+000
      vertex  1.014237e+000 -2.345417e+001  0.000000e+000
    endloop
  endfacet
  facet normal  0.000000e+000  -0.000000e+000 -1.000000e+000
    outer loop
      vertex  1.200656e-014 -3.200000e+001  0.000000e+000
      vertex  1.014237e+000 -2.345417e+001  0.000000e+000
      vertex  1.495494e+000 -2.327468e+001  0.000000e+000
    endloop
  endfacet
  facet normal  0.000000e+000  -0.000000e+000 -1.000000e+000
    outer loop
      vertex  1.200656e-014 -3.200000e+001  0.000000e+000
      vertex  1.495494e+000 -2.327468e+001  0.000000e+000
      vertex  1.946307e+000 -2.302851e+001  0.000000e+000
    endloop
  endfacet
  facet normal  0.000000e+000  -0.000000e+000 -1.000000e+000
    outer loop
      vertex  1.200656e-014 -3.200000e+001  0.000000e+000
      vertex  1.946307e+000 -2.302851e+001  0.000000e+000
      vertex  2.357499e+000 -2.272070e+001  0.000000e+000
    endloop
  endfacet
  facet normal  0.000000e+000  -0.000000e+000 -9.999999e-001
    outer loop
      vertex  1.200656e-014 -3.200000e+001  0.000000e+000
      vertex  2.357499e+000 -2.272070e+001  0.000000e+000
      vertex  2.720698e+000 -2.235750e+001  0.000000e+000
    endloop
  endfacet
  facet normal  0.000000e+000  -0.000000e+000 -9.999999e-001
    outer loop
      vertex  1.200656e-014 -3.200000e+001  0.000000e+000
      vertex  2.720698e+000 -2.235750e+001  0.000000e+000
      vertex  3.028513e+000 -2.194631e+001  0.000000e+000
    endloop
  endfacet
  facet normal  0.000000e+000  -0.000000e+000 -1.000000e+000
    outer loop
      vertex  1.200656e-014 -3.200000e+001  0.000000e+000
      vertex  3.028513e+000 -2.194631e+001  0.000000e+000
      vertex  3.274675e+000 -2.149549e+001  0.000000e+000
    endloop
  endfacet
  facet normal  0.000000e+000  -0.000000e+000 -1.000000e+000
    outer loop
      vertex  1.200656e-014 -3.200000e+001  0.000000e+000
      vertex  3.274675e+000 -2.149549e+001  0.000000e+000
      vertex  3.454175e+000 -2.101424e+001  0.000000e+000
    endloop
  endfacet
  facet normal  0.000000e+000  -0.000000e+000 -1.000000e+000
    outer loop
      vertex  1.200656e-014 -3.200000e+001  0.000000e+000
      vertex  3.454175e+000 -2.101424e+001  0.000000e+000
      vertex  8.982129e+000 -2.795747e+001  0.000000e+000
    endloop
  endfacet
  facet normal  0.000000e+000  0.000000e+000 -1.000000e+000
    outer loop
      vertex  1.200656e-014 -3.200000e+001  0.000000e+000
      vertex  8.982129e+000 -2.795747e+001  0.000000e+000
      vertex  8.312693e+000 -2.865443e+001  0.000000e+000
    endloop
  endfacet
  facet normal  0.000000e+000  0.000000e+000 -1.000000e+000
    outer loop
      vertex  1.200656e-014 -3.200000e+001  0.000000e+000
      vertex  8.312693e+000 -2.865443e+001  0.000000e+000
      vertex  7.589345e+000 -2.929526e+001  0.000000e+000
    endloop
  endfacet
  facet normal  0.000000e+000  0.000000e+000 -1.000000e+000
    outer loop
      vertex  1.200656e-014 -3.200000e+001  0.000000e+000
      vertex  7.589345e+000 -2.929526e+001  0.000000e+000
      vertex  6.816777e+000 -2.987581e+001  0.000000e+000
    endloop
  endfacet
  facet normal  0.000000e+000  0.000000e+000 -1.000000e+000
    outer loop
      vertex  1.200656e-014 -3.200000e+001  0.000000e+000
      vertex  6.816777e+000 -2.987581e+001  0.000000e+000
      vertex  6.000000e+000 -3.039231e+001  0.000000e+000
    endloop
  endfacet
  facet normal  0.000000e+000  0.000000e+000 -1.000000e+000
    outer loop
      vertex  1.200656e-014 -3.200000e+001  0.000000e+000
      vertex  6.000000e+000 -3.039231e+001  0.000000e+000
      vertex  5.144311e+000 -3.084141e+001  0.000000e+000
    endloop
  endfacet
  facet normal  0.000000e+000  0.000000e+000 -1.000000e+000
    outer loop
      vertex  1.200656e-014 -3.200000e+001  0.000000e+000
      vertex  5.144311e+000 -3.084141e+001  0.000000e+000
      vertex  4.255259e+000 -3.122020e+001  0.000000e+000
    endloop
  endfacet
  facet normal  0.000000e+000  0.000000e+000 -1.000000e+000
    outer loop
      vertex  1.200656e-014 -3.200000e+001  0.000000e+000
      vertex  4.255259e+000 -3.122020e+001  0.000000e+000
      vertex  3.338609e+000 -3.152622e+001  0.000000e+000
    endloop
  endfacet
  facet normal  0.000000e+000  0.000000e+000 -1.000000e+000
    outer loop
      vertex  1.200656e-014 -3.200000e+001  0.000000e+000
      vertex  3.338609e+000 -3.152622e+001  0.000000e+000
      vertex  2.400308e+000 -3.175749e+001  0.000000e+000
    endloop
  endfacet
  facet normal  0.000000e+000  0.000000e+000 -1.000000e+000
    outer loop
      vertex  1.200656e-014 -3.200000e+001  0.000000e+000
      vertex  2.400308e+000 -3.175749e+001  0.000000e+000
      vertex  1.446440e+000 -3.191251e+001  0.000000e+000
    endloop
  endfacet
  facet normal  0.000000e+000  0.000000e+000 -1.000000e+000
    outer loop
      vertex  1.200656e-014 -3.200000e+001  0.000000e+000
      vertex  1.446440e+000 -3.191251e+001  0.000000e+000
      vertex  4.831913e-001 -3.199027e+001  0.000000e+000
    endloop
  endfacet
  facet normal  0.000000e+000  0.000000e+000 -1.000000e+000
    outer loop
      vertex  2.000000e+001  1.750000e+001  0.000000e+000
      vertex  1.057899e+001  6.910546e+000  0.000000e+000
      vertex  1.067325e+001  7.132372e+000  0.000000e+000
    endloop
  endfacet
  facet normal  0.000000e+000  0.000000e+000 -9.999999e-001
    outer loop
      vertex  2.000000e+001  1.750000e+001  0.000000e+000
      vertex  1.067325e+001  7.132372e+000  0.000000e+000
      vertex  1.072243e+001  7.368327e+000  0.000000e+000
    endloop
  endfacet
  facet normal  0.000000e+000  0.000000e+000 -1.000000e+000
    outer loop
      vertex  2.000000e+001  1.750000e+001  0.000000e+000
      vertex  1.072243e+001  7.368327e+000  0.000000e+000
      vertex  1.072463e+001  7.609341e+000  0.000000e+000
    endloop
  endfacet
  facet normal  0.000000e+000  0.000000e+000 -1.000000e+000
    outer loop
      vertex  2.000000e+001  1.750000e+001  0.000000e+000
      vertex  1.072463e+001  7.609341e+000  0.000000e+000
      vertex  1.067977e+001  7.846153e+000  0.000000e+000
    endloop
  endfacet
  facet normal  0.000000e+000  0.000000e+000 -1.000000e+000
    outer loop
      vertex  2.000000e+001  1.750000e+001  0.000000e+000
      vertex  1.067977e+001  7.846153e+000  0.000000e+000
      vertex  1.058957e+001  8.069663e+000  0.000000e+000
    endloop
  endfacet
  facet normal  0.000000e+000  0.000000e+000 -9.999999e-001
    outer loop
      vertex  2.000000e+001  1.750000e+001  0.000000e+000
      vertex  1.058957e+001  8.069663e+000  0.000000e+000
      vertex  1.045749e+001  8.271280e+000  0.000000e+000
    endloop
  endfacet
  facet normal  0.000000e+000  0.000000e+000 -1.000000e+000
    outer loop
      vertex  2.000000e+001  1.750000e+001  0.000000e+000
      vertex  1.045749e+001  8.271280e+000  0.000000e+000
      vertex  1.028863e+001  8.443258e+000  0.000000e+000
    endloop
  endfacet
  facet normal  0.000000e+000  0.000000e+000 -1.000000e+000
    outer loop
      vertex  2.000000e+001  1.750000e+001  0.000000e+000
      vertex  1.028863e+001  8.443258e+000  0.000000e+000
      vertex  1.008945e+001  8.578988e+000  0.000000e+000
    endloop
  endfacet
  facet normal  0.000000e+000  0.000000e+000 -1.000000e+000
    outer loop
      vertex  2.000000e+001  1.750000e+001  0.000000e+000
      vertex  1.008945e+001  8.578988e+000  0.000000e+000
      vertex  9.867627e+000  8.673252e+000  0.000000e+000
    endloop
  endfacet
  facet normal  0.000000e+000  0.000000e+000 -1.000000e+000
    outer loop
      vertex  2.000000e+001  1.750000e+001  0.000000e+000
      vertex  9.867627e+000  8.673252e+000  0.000000e+000
      vertex  9.631674e+000  8.722429e+000  0.000000e+000
    endloop
  endfacet
  facet normal  0.000000e+000  0.000000e+000 -1.000000e+000
    outer loop
      vertex  2.000000e+001  1.750000e+001  0.000000e+000
      vertex  9.631674e+000  8.722429e+000  0.000000e+000
      vertex  1.956588e+001  1.753798e+001  0.000000e+000
    endloop
  endfacet
  facet normal  -0.000000e+000  0.000000e+000 -1.000000e+000
    outer loop
      vertex  2.000000e+001  1.750000e+001  0.000000e+000
      vertex  2.339066e+001  8.724628e+000  0.000000e+000
      vertex  2.315385e+001  8.679767e+000  0.000000e+000
    endloop
  endfacet
  facet normal  -0.000000e+000  0.000000e+000 -1.000000e+000
    outer loop
      vertex  2.000000e+001  1.750000e+001  0.000000e+000
      vertex  2.315385e+001  8.679767e+000  0.000000e+000
      vertex  2.293034e+001  8.589566e+000  0.000000e+000
    endloop
  endfacet
  facet normal  -0.000000e+000  0.000000e+000 -1.000000e+000
    outer loop
      vertex  2.000000e+001  1.750000e+001  0.000000e+000
      vertex  2.293034e+001  8.589566e+000  0.000000e+000
      vertex  2.272872e+001  8.457495e+000  0.000000e+000
    endloop
  endfacet
  facet normal  -0.000000e+000  0.000000e+000 -1.000000e+000
    outer loop
      vertex  2.000000e+001  1.750000e+001  0.000000e+000
      vertex  2.272872e+001  8.457495e+000  0.000000e+000
      vertex  2.255674e+001  8.288628e+000  0.000000e+000
    endloop
  endfacet
  facet normal  -0.000000e+000  0.000000e+000 -1.000000e+000
    outer loop
      vertex  2.000000e+001  1.750000e+001  0.000000e+000
      vertex  2.255674e+001  8.288628e+000  0.000000e+000
      vertex  2.242101e+001  8.089454e+000  0.000000e+000
    endloop
  endfacet
  facet normal  -0.000000e+000  0.000000e+000 -9.999999e-001
    outer loop
      vertex  2.000000e+001  1.750000e+001  0.000000e+000
      vertex  2.242101e+001  8.089454e+000  0.000000e+000
      vertex  2.232675e+001  7.867628e+000  0.000000e+000
    endloop
  endfacet
  facet normal  -0.000000e+000  0.000000e+000 -1.000000e+000
    outer loop
      vertex  2.000000e+001  1.750000e+001  0.000000e+000
      vertex  2.232675e+001  7.867628e+000  0.000000e+000
      vertex  2.227757e+001  7.631673e+000  0.000000e+000
    endloop
  endfacet
  facet normal  -0.000000e+000  0.000000e+000 -1.000000e+000
    outer loop
      vertex  2.000000e+001  1.750000e+001  0.000000e+000
      vertex  2.227757e+001  7.631673e+000  0.000000e+000
      vertex  2.227537e+001  7.390659e+000  0.000000e+000
    endloop
  endfacet
  facet normal  0.000000e+000  -0.000000e+000 -1.000000e+000
    outer loop
      vertex  9.631674e+000  8.722429e+000  0.000000e+000
      vertex  1.750000e+001  2.000000e+001  0.000000e+000
      vertex  1.753798e+001  1.956588e+001  0.000000e+000
    endloop
  endfacet
  facet normal  0.000000e+000  -0.000000e+000 -1.000000e+000
    outer loop
      vertex  9.631674e+000  8.722429e+000  0.000000e+000
      vertex  1.753798e+001  1.956588e+001  0.000000e+000
      vertex  1.765077e+001  1.914495e+001  0.000000e+000
    endloop
  endfacet
  facet normal  0.000000e+000  -0.000000e+000 -1.000000e+000
    outer loop
      vertex  9.631674e+000  8.722429e+000  0.000000e+000
      vertex  1.765077e+001  1.914495e+001  0.000000e+000
      vertex  1.783494e+001  1.875000e+001  0.000000e+000
    endloop
  endfacet
  facet normal  0.000000e+000  -0.000000e+000 -1.000000e+000
    outer loop
      vertex  9.631674e+000  8.722429e+000  0.000000e+000
      vertex  1.783494e+001  1.875000e+001  0.000000e+000
      vertex  1.808489e+001  1.839303e+001  0.000000e+000
    endloop
  endfacet
  facet normal  0.000000e+000  -0.000000e+000 -1.000000e+000
    outer loop
      vertex  9.631674e+000  8.722429e+000  0.000000e+000
      vertex  1.808489e+001  1.839303e+001  0.000000e+000
      vertex  1.839303e+001  1.808489e+001  0.000000e+000
    endloop
  endfacet
  facet normal  0.000000e+000  -0.000000e+000 -9.999999e-001
    outer loop
      vertex  9.631674e+000  8.722429e+000  0.000000e+000
      vertex  1.839303e+001  1.808489e+001  0.000000e+000
      vertex  1.875000e+001  1.783494e+001  0.000000e+000
    endloop
  endfacet
  facet normal  0.000000e+000  -0.000000e+000 -1.000000e+000
    outer loop
      vertex  9.631674e+000  8.722429e+000  0.000000e+000
      vertex  1.875000e+001  1.783494e+001  0.000000e+000
      vertex  1.914495e+001  1.765077e+001  0.000000e+000
    endloop
  endfacet
  facet normal  0.000000e+000  -0.000000e+000 -9.999999e-001
    outer loop
      vertex  9.631674e+000  8.722429e+000  0.000000e+000
      vertex  1.914495e+001  1.765077e+001  0.000000e+000
      vertex  1.956588e+001  1.753798e+001  0.000000e+000
    endloop
  endfacet
  facet normal  0.000000e+000  0.000000e+000 -1.000000e+000
    outer loop
      vertex  1.776357e-015  3.200000e+001  0.000000e+000
      vertex  2.085505e+001  2.234923e+001  0.000000e+000
      vertex  2.043412e+001  2.246202e+001  0.000000e+000
    endloop
  endfacet
  facet normal  0.000000e+000  0.000000e+000 -1.000000e+000
    outer loop
      vertex  1.776357e-015  3.200000e+001  0.000000e+000
      vertex  2.043412e+001  2.246202e+001  0.000000e+000
      vertex  2.000000e+001  2.250000e+001  0.000000e+000
    endloop
  endfacet
  facet normal  -0.000000e+000  0.000000e+000 -1.000000e+000
    outer loop
      vertex  1.776357e-015  3.200000e+001  0.000000e+000
      vertex  2.000000e+001  2.250000e+001  0.000000e+000
      vertex  1.956588e+001  2.246202e+001  0.000000e+000
    endloop
  endfacet
  facet normal  -0.000000e+000  0.000000e+000 -1.000000e+000
    outer loop
      vertex  1.776357e-015  3.200000e+001  0.000000e+000
      vertex  1.956588e+001  2.246202e+001  0.000000e+000
      vertex  1.914495e+001  2.234923e+001  0.000000e+000
    endloop
  endfacet
  facet normal  -0.000000e+000  0.000000e+000 -9.999999e-001
    outer loop
      vertex  1.776357e-015  3.200000e+001  0.000000e+000
      vertex  1.914495e+001  2.234923e+001  0.000000e+000
      vertex  1.875000e+001  2.216506e+001  0.000000e+000
    endloop
  endfacet
  facet normal  -0.000000e+000  0.000000e+000 -1.000000e+000
    outer loop
      vertex  1.776357e-015  3.200000e+001  0.000000e+000
      vertex  1.875000e+001  2.216506e+001  0.000000e+000
      vertex  1.839303e+001  2.191511e+001  0.000000e+000
    endloop
  endfacet
  facet normal  -0.000000e+000  0.000000e+000 -1.000000e+000
    outer loop
      vertex  1.776357e-015  3.200000e+001  0.000000e+000
      vertex  1.839303e+001  2.191511e+001  0.000000e+000
      vertex  1.808489e+001  2.160697e+001  0.000000e+000
    endloop
  endfacet
  facet normal  -0.000000e+000  0.000000e+000 -1.000000e+000
    outer loop
      vertex  1.776357e-015  3.200000e+001  0.000000e+000
      vertex  1.808489e+001  2.160697e+001  0.000000e+000
      vertex  1.783494e+001  2.125000e+001  0.000000e+000
    endloop
  endfacet
  facet normal  -0.000000e+000  0.000000e+000 -1.000000e+000
    outer loop
      vertex  1.776357e-015  3.200000e+001  0.000000e+000
      vertex  1.783494e+001  2.125000e+001  0.000000e+000
      vertex  1.765077e+001  2.085505e+001  0.000000e+000
    endloop
  endfacet
  facet normal  -0.000000e+000  0.000000e+000 -1.000000e+000
    outer loop
      vertex  1.776357e-015  3.200000e+001  0.000000e+000
      vertex  1.765077e+001  2.085505e+001  0.000000e+000
      vertex  1.753798e+001  2.043412e+001  0.000000e+000
    endloop
  endfacet
  facet normal  -0.000000e+000  0.000000e+000 -1.000000e+000
    outer loop
      vertex  1.776357e-015  3.200000e+001  0.000000e+000
      vertex  1.753798e+001  2.043412e+001  0.000000e+000
      vertex  1.750000e+001  2.000000e+001  0.000000e+000
    endloop
  endfacet
  facet normal  -0.000000e+000  0.000000e+000 -1.000000e+000
    outer loop
      vertex  1.776357e-015  3.200000e+001  0.000000e+000
      vertex  1.750000e+001  2.000000e+001  0.000000e+000
      vertex  9.631674e+000  8.722429e+000  0.000000e+000
    endloop
  endfacet
  facet normal  0.000000e+000  0.000000e+000 -9.999999e-001
    outer loop
      vertex  1.776357e-015  3.200000e+001  0.000000e+000
      vertex  9.631674e+000  8.722429e+000  0.000000e+000
      vertex  9.390659e+000  8.724628e+000  0.000000e+000
    endloop
  endfacet
  facet normal  -0.000000e+000  0.000000e+000 -1.000000e+000
    outer loop
      vertex  1.776357e-015  3.200000e+001  0.000000e+000
      vertex  9.390659e+000  8.724628e+000  0.000000e+000
      vertex  9.153847e+000  8.679767e+000  0.000000e+000
    endloop
  endfacet
  facet normal  -0.000000e+000  0.000000e+000 -1.000000e+000
    outer loop
      vertex  1.776357e-015  3.200000e+001  0.000000e+000
      vertex  9.153847e+000  8.679767e+000  0.000000e+000
      vertex  8.930337e+000  8.589566e+000  0.000000e+000
    endloop
  endfacet
  facet normal  -0.000000e+000  0.000000e+000 -9.999999e-001
    outer loop
      vertex  1.776357e-015  3.200000e+001  0.000000e+000
      vertex  8.930337e+000  8.589566e+000  0.000000e+000
      vertex  8.728720e+000  8.457495e+000  0.000000e+000
    endloop
  endfacet
  facet normal  -0.000000e+000  0.000000e+000 -1.000000e+000
    outer loop
      vertex  1.776357e-015  3.200000e+001  0.000000e+000
      vertex  8.728720e+000  8.457495e+000  0.000000e+000
      vertex  8.556742e+000  8.288628e+000  0.000000e+000
    endloop
  endfacet
  facet normal  -0.000000e+000  0.000000e+000 -1.000000e+000
    outer loop
      vertex  1.776357e-015  3.200000e+001  0.000000e+000
      vertex  8.556742e+000  8.288628e+000  0.000000e+000
      vertex  8.421012e+000  8.089454e+000  0.000000e+000
    endloop
  endfacet
  facet normal  -0.000000e+000  0.000000e+000 -1.000000e+000
    outer loop
      vertex  1.776357e-015  3.200000e+001  0.000000e+000
      vertex  8.421012e+000  8.089454e+000  0.000000e+000
      vertex  8.326748e+000  7.867628e+000  0.000000e+000
    endloop
  endfacet
  facet normal  -0.000000e+000  0.000000e+000 -9.999999e-001
    outer loop
      vertex  1.776357e-015  3.200000e+001  0.000000e+000
      vertex  8.326748e+000  7.867628e+000  0.000000e+000
      vertex  8.277571e+000  7.631673e+000  0.000000e+000
    endloop
  endfacet
  facet normal  -0.000000e+000  0.000000e+000 -1.000000e+000
    outer loop
      vertex  1.776357e-015  3.200000e+001  0.000000e+000
      vertex  8.277571e+000  7.631673e+000  0.000000e+000
      vertex  8.275372e+000  7.390659e+000  0.000000e+000
    endloop
  endfacet
  facet normal  0.000000e+000  0.000000e+000 -1.000000e+000
    outer loop
      vertex  2.400000e+001  3.200000e+001  0.000000e+000
      vertex  2.250000e+001  2.000000e+001  0.000000e+000
      vertex  2.246202e+001  2.043412e+001  0.000000e+000
    endloop
  endfacet
  facet normal  0.000000e+000  0.000000e+000 -1.000000e+000
    outer loop
      vertex  2.400000e+001  3.200000e+001  0.000000e+000
      vertex  2.246202e+001  2.043412e+001  0.000000e+000
      vertex  2.234923e+001  2.085505e+001  0.000000e+000
    endloop
  endfacet
  facet normal  0.000000e+000  0.000000e+000 -1.000000e+000
    outer loop
      vertex  2.400000e+001  3.200000e+001  0.000000e+000
      vertex  2.234923e+001  2.085505e+001  0.000000e+000
      vertex  2.216506e+001  2.125000e+001  0.000000e+000
    endloop
  endfacet
  facet normal  0.000000e+000  0.000000e+000 -1.000000e+000
    outer loop
      vertex  2.400000e+001  3.200000e+001  0.000000e+000
      vertex  2.216506e+001  2.125000e+001  0.000000e+000
      vertex  2.191511e+001  2.160697e+001  0.000000e+000
    endloop
  endfacet
  facet normal  0.000000e+000  0.000000e+000 -1.000000e+000
    outer loop
      vertex  2.400000e+001  3.200000e+001  0.000000e+000
      vertex  2.191511e+001  2.160697e+001  0.000000e+000
      vertex  2.160697e+001  2.191511e+001  0.000000e+000
    endloop
  endfacet
  facet normal  0.000000e+000  0.000000e+000 -1.000000e+000
    outer loop
      vertex  2.400000e+001  3.200000e+001  0.000000e+000
      vertex  2.160697e+001  2.191511e+001  0.000000e+000
      vertex  2.125000e+001  2.216506e+001  0.000000e+000
    endloop
  endfacet
  facet normal  0.000000e+000  0.000000e+000 -1.000000e+000
    outer loop
      vertex  2.400000e+001  3.200000e+001  0.000000e+000
      vertex  2.125000e+001  2.216506e+001  0.000000e+000
      vertex  2.085505e+001  2.234923e+001  0.000000e+000
    endloop
  endfacet
  facet normal  0.000000e+000  0.000000e+000 -1.000000e+000
    outer loop
      vertex  2.400000e+001  3.200000e+001  0.000000e+000
      vertex  2.085505e+001  2.234923e+001  0.000000e+000
      vertex  1.776357e-015  3.200000e+001  0.000000e+000
    endloop
  endfacet
  facet normal  0.000000e+000  0.000000e+000 -1.000000e+000
    outer loop
      vertex  2.750000e+001  1.750000e+000  0.000000e+000
      vertex  2.430000e+001  3.200000e+000  0.000000e+000
      vertex  2.360934e+001  6.275372e+000  0.000000e+000
    endloop
  endfacet
  facet normal  0.000000e+000  0.000000e+000 -9.999999e-001
    outer loop
      vertex  2.750000e+001  1.750000e+000  0.000000e+000
      vertex  2.360934e+001  6.275372e+000  0.000000e+000
      vertex  2.384615e+001  6.320234e+000  0.000000e+000
    endloop
  endfacet
  facet normal  0.000000e+000  0.000000e+000 -1.000000e+000
    outer loop
      vertex  2.750000e+001  1.750000e+000  0.000000e+000
      vertex  2.384615e+001  6.320234e+000  0.000000e+000
      vertex  2.406966e+001  6.410434e+000  0.000000e+000
    endloop
  endfacet
  facet normal  0.000000e+000  0.000000e+000 -1.000000e+000
    outer loop
      vertex  2.750000e+001  1.750000e+000  0.000000e+000
      vertex  2.406966e+001  6.410434e+000  0.000000e+000
      vertex  2.427128e+001  6.542505e+000  0.000000e+000
    endloop
  endfacet
  facet normal  0.000000e+000  0.000000e+000 -1.000000e+000
    outer loop
      vertex  2.750000e+001  1.750000e+000  0.000000e+000
      vertex  2.427128e+001  6.542505e+000  0.000000e+000
      vertex  2.444326e+001  6.711372e+000  0.000000e+000
    endloop
  endfacet
  facet normal  0.000000e+000  0.000000e+000 -1.000000e+000
    outer loop
      vertex  2.750000e+001  1.750000e+000  0.000000e+000
      vertex  2.444326e+001  6.711372e+000  0.000000e+000
      vertex  2.457899e+001  6.910546e+000  0.000000e+000
    endloop
  endfacet
  facet normal  0.000000e+000  0.000000e+000 -1.000000e+000
    outer loop
      vertex  2.750000e+001  1.750000e+000  0.000000e+000
      vertex  2.457899e+001  6.910546e+000  0.000000e+000
      vertex  2.467325e+001  7.132372e+000  0.000000e+000
    endloop
  endfacet
  facet normal  0.000000e+000  0.000000e+000 -9.999999e-001
    outer loop
      vertex  2.750000e+001  1.750000e+000  0.000000e+000
      vertex  2.467325e+001  7.132372e+000  0.000000e+000
      vertex  2.472243e+001  7.368327e+000  0.000000e+000
    endloop
  endfacet
  facet normal  0.000000e+000  0.000000e+000 -1.000000e+000
    outer loop
      vertex  2.750000e+001  1.750000e+000  0.000000e+000
      vertex  2.472243e+001  7.368327e+000  0.000000e+000
      vertex  2.472463e+001  7.609341e+000  0.000000e+000
    endloop
  endfacet
  facet normal  0.000000e+000  0.000000e+000 -9.999999e-001
    outer loop
      vertex  2.750000e+001  1.750000e+000  0.000000e+000
      vertex  2.472463e+001  7.609341e+000  0.000000e+000
      vertex  2.467977e+001  7.846153e+000  0.000000e+000
    endloop
  endfacet
  facet normal  0.000000e+000  0.000000e+000 -1.000000e+000
    outer loop
      vertex  2.750000e+001  1.750000e+000  0.000000e+000
      vertex  2.467977e+001  7.846153e+000  0.000000e+000
      vertex  2.458957e+001  8.069663e+000  0.000000e+000
    endloop
  endfacet
  facet normal  0.000000e+000  0.000000e+000 -9.999999e-001
    outer loop
      vertex  2.430000e+001  4.866011e-003  0.000000e+000
      vertex  2.652775e+001  1.455072e+000  0.000000e+000
      vertex  2.626256e+001  1.237437e+000  0.000000e+000
    endloop
  endfacet
  facet normal  0.000000e+000  0.000000e+000 -1.000000e+000
    outer loop
      vertex  2.430000e+001  4.866011e-003  0.000000e+000
      vertex  2.626256e+001  1.237437e+000  0.000000e+000
      vertex  2.604493e+001  9.722479e-001  0.000000e+000
    endloop
  endfacet
  facet normal  0.000000e+000  0.000000e+000 -1.000000e+000
    outer loop
      vertex  2.430000e+001  4.866011e-003  0.000000e+000
      vertex  2.604493e+001  9.722479e-001  0.000000e+000
      vertex  2.588321e+001  6.696960e-001  0.000000e+000
    endloop
  endfacet
  facet normal  0.000000e+000  0.000000e+000 -9.999999e-001
    outer loop
      vertex  2.430000e+001  4.866011e-003  0.000000e+000
      vertex  2.588321e+001  6.696960e-001  0.000000e+000
      vertex  2.578363e+001  3.414081e-001  0.000000e+000
    endloop
  endfacet
  facet normal  0.000000e+000  0.000000e+000 -1.000000e+000
    outer loop
      vertex  2.430000e+001  4.866011e-003  0.000000e+000
      vertex  2.578363e+001  3.414081e-001  0.000000e+000
      vertex  2.575001e+001  4.897412e-003  0.000000e+000
    endloop
  endfacet
  facet normal  -0.000000e+000  0.000000e+000 -1.000000e+000
    outer loop
      vertex  2.430000e+001  3.200000e+000  0.000000e+000
      vertex  2.750000e+001  1.750000e+000  0.000000e+000
      vertex  2.715859e+001  1.716374e+000  0.000000e+000
    endloop
  endfacet
  facet normal  -0.000000e+000  0.000000e+000 -1.000000e+000
    outer loop
      vertex  2.430000e+001  3.200000e+000  0.000000e+000
      vertex  2.715859e+001  1.716374e+000  0.000000e+000
      vertex  2.683030e+001  1.616789e+000  0.000000e+000
    endloop
  endfacet
  facet normal  -0.000000e+000  0.000000e+000 -1.000000e+000
    outer loop
      vertex  2.430000e+001  3.200000e+000  0.000000e+000
      vertex  2.683030e+001  1.616789e+000  0.000000e+000
      vertex  2.652775e+001  1.455072e+000  0.000000e+000
    endloop
  endfacet
  facet normal  -0.000000e+000  0.000000e+000 -1.000000e+000
    outer loop
      vertex  2.430000e+001  3.200000e+000  0.000000e+000
      vertex  2.652775e+001  1.455072e+000  0.000000e+000
      vertex  2.430000e+001  4.866011e-003  0.000000e+000
    endloop
  endfacet
  facet normal  0.000000e+000  0.000000e+000 -9.999999e-001
    outer loop
      vertex  2.430000e+001 -7.800000e+000  0.000000e+000
      vertex  2.430000e+001  4.866011e-003  0.000000e+000
      vertex  2.575000e+001  2.143061e-016  0.000000e+000
    endloop
  endfacet
  facet normal  0.000000e+000  -0.000000e+000 -1.000000e+000
    outer loop
      vertex  2.430000e+001 -7.800000e+000  0.000000e+000
      vertex  2.575000e+001  2.143061e-016  0.000000e+000
      vertex  2.578363e+001 -3.414081e-001  0.000000e+000
    endloop
  endfacet
  facet normal  0.000000e+000  -0.000000e+000 -1.000000e+000
    outer loop
      vertex  2.430000e+001 -7.800000e+000  0.000000e+000
      vertex  2.578363e+001 -3.414081e-001  0.000000e+000
      vertex  2.588321e+001 -6.696960e-001  0.000000e+000
    endloop
  endfacet
  facet normal  0.000000e+000  -0.000000e+000 -1.000000e+000
    outer loop
      vertex  2.430000e+001 -7.800000e+000  0.000000e+000
      vertex  2.588321e+001 -6.696960e-001  0.000000e+000
      vertex  2.604493e+001 -9.722479e-001  0.000000e+000
    endloop
  endfacet
  facet normal  0.000000e+000  -0.000000e+000 -1.000000e+000
    outer loop
      vertex  2.430000e+001 -7.800000e+000  0.000000e+000
      vertex  2.604493e+001 -9.722479e-001  0.000000e+000
      vertex  2.626256e+001 -1.237437e+000  0.000000e+000
    endloop
  endfacet
  facet normal  0.000000e+000  -0.000000e+000 -1.000000e+000
    outer loop
      vertex  2.430000e+001 -7.800000e+000  0.000000e+000
      vertex  2.626256e+001 -1.237437e+000  0.000000e+000
      vertex  2.652775e+001 -1.455072e+000  0.000000e+000
    endloop
  endfacet
  facet normal  0.000000e+000  -0.000000e+000 -1.000000e+000
    outer loop
      vertex  2.430000e+001 -7.800000e+000  0.000000e+000
      vertex  2.652775e+001 -1.455072e+000  0.000000e+000
      vertex  2.683030e+001 -1.616789e+000  0.000000e+000
    endloop
  endfacet
  facet normal  0.000000e+000  -0.000000e+000 -1.000000e+000
    outer loop
      vertex  2.430000e+001 -7.800000e+000  0.000000e+000
      vertex  2.683030e+001 -1.616789e+000  0.000000e+000
      vertex  2.715859e+001 -1.716374e+000  0.000000e+000
    endloop
  endfacet
  facet normal  0.000000e+000  -0.000000e+000 -1.000000e+000
    outer loop
      vertex  2.430000e+001 -7.800000e+000  0.000000e+000
      vertex  2.715859e+001 -1.716374e+000  0.000000e+000
      vertex  2.750000e+001 -1.750000e+000  0.000000e+000
    endloop
  endfacet
  facet normal  0.000000e+000  -0.000000e+000 -1.000000e+000
    outer loop
      vertex  2.430000e+001 -7.800000e+000  0.000000e+000
      vertex  2.750000e+001 -1.750000e+000  0.000000e+000
      vertex  3.200000e+001 -1.300000e+001  0.000000e+000
    endloop
  endfacet
  facet normal  0.000000e+000  -0.000000e+000 -1.000000e+000
    outer loop
      vertex  2.750000e+001  1.750000e+000  0.000000e+000
      vertex  2.777117e+001  3.105537e+001  0.000000e+000
      vertex  2.844456e+001  3.065176e+001  0.000000e+000
    endloop
  endfacet
  facet normal  0.000000e+000  -0.000000e+000 -1.000000e+000
    outer loop
      vertex  2.750000e+001  1.750000e+000  0.000000e+000
      vertex  2.844456e+001  3.065176e+001  0.000000e+000
      vertex  2.907515e+001  3.018408e+001  0.000000e+000
    endloop
  endfacet
  facet normal  0.000000e+000  -0.000000e+000 -1.000000e+000
    outer loop
      vertex  2.750000e+001  1.750000e+000  0.000000e+000
      vertex  2.907515e+001  3.018408e+001  0.000000e+000
      vertex  2.965685e+001  2.965685e+001  0.000000e+000
    endloop
  endfacet
  facet normal  0.000000e+000  -0.000000e+000 -1.000000e+000
    outer loop
      vertex  2.750000e+001  1.750000e+000  0.000000e+000
      vertex  2.965685e+001  2.965685e+001  0.000000e+000
      vertex  3.018408e+001  2.907515e+001  0.000000e+000
    endloop
  endfacet
  facet normal  0.000000e+000  -0.000000e+000 -1.000000e+000
    outer loop
      vertex  2.750000e+001  1.750000e+000  0.000000e+000
      vertex  3.018408e+001  2.907515e+001  0.000000e+000
      vertex  3.065176e+001  2.844456e+001  0.000000e+000
    endloop
  endfacet
  facet normal  0.000000e+000  -0.000000e+000 -1.000000e+000
    outer loop
      vertex  2.750000e+001  1.750000e+000  0.000000e+000
      vertex  3.065176e+001  2.844456e+001  0.000000e+000
      vertex  3.105537e+001  2.777117e+001  0.000000e+000
    endloop
  endfacet
  facet normal  0.000000e+000  -0.000000e+000 -1.000000e+000
    outer loop
      vertex  2.750000e+001  1.750000e+000  0.000000e+000
      vertex  3.105537e+001  2.777117e+001  0.000000e+000
      vertex  3.139104e+001  2.706147e+001  0.000000e+000
    endloop
  endfacet
  facet normal  0.000000e+000  -0.000000e+000 -1.000000e+000
    outer loop
      vertex  2.750000e+001  1.750000e+000  0.000000e+000
      vertex  3.139104e+001  2.706147e+001  0.000000e+000
      vertex  3.165552e+001  2.632228e+001  0.000000e+000
    endloop
  endfacet
  facet normal  0.000000e+000  -0.000000e+000 -1.000000e+000
    outer loop
      vertex  2.750000e+001  1.750000e+000  0.000000e+000
      vertex  3.165552e+001  2.632228e+001  0.000000e+000
      vertex  3.184628e+001  2.556072e+001  0.000000e+000
    endloop
  endfacet
  facet normal  0.000000e+000  -0.000000e+000 -1.000000e+000
    outer loop
      vertex  2.750000e+001  1.750000e+000  0.000000e+000
      vertex  3.184628e+001  2.556072e+001  0.000000e+000
      vertex  3.196148e+001  2.478414e+001  0.000000e+000
    endloop
  endfacet
  facet normal  0.000000e+000  -0.000000e+000 -1.000000e+000
    outer loop
      vertex  2.750000e+001  1.750000e+000  0.000000e+000
      vertex  3.196148e+001  2.478414e+001  0.000000e+000
      vertex  3.200000e+001  2.400000e+001  0.000000e+000
    endloop
  endfacet
  facet normal  0.000000e+000  -0.000000e+000 -1.000000e+000
    outer loop
      vertex  2.750000e+001  1.750000e+000  0.000000e+000
      vertex  3.200000e+001  2.400000e+001  0.000000e+000
      vertex  3.200000e+001  4.250000e+000  0.000000e+000
    endloop
  endfacet
  facet normal  0.000000e+000  0.000000e+000 -1.000000e+000
    outer loop
      vertex  2.750000e+001  1.750000e+000  0.000000e+000
      vertex  3.200000e+001  4.250000e+000  0.000000e+000
      vertex  2.784141e+001  1.716374e+000  0.000000e+000
    endloop
  endfacet
  facet normal  0.000000e+000  0.000000e+000 -1.000000e+000
    outer loop
      vertex  3.200000e+001  4.866011e-003  0.000000e+000
      vertex  2.924999e+001  4.897412e-003  0.000000e+000
      vertex  2.921637e+001  3.414081e-001  0.000000e+000
    endloop
  endfacet
  facet normal  0.000000e+000  0.000000e+000 -1.000000e+000
    outer loop
      vertex  3.200000e+001  4.866011e-003  0.000000e+000
      vertex  2.921637e+001  3.414081e-001  0.000000e+000
      vertex  2.911679e+001  6.696960e-001  0.000000e+000
    endloop
  endfacet
  facet normal  0.000000e+000  0.000000e+000 -1.000000e+000
    outer loop
      vertex  3.200000e+001  4.866011e-003  0.000000e+000
      vertex  2.911679e+001  6.696960e-001  0.000000e+000
      vertex  2.895507e+001  9.722479e-001  0.000000e+000
    endloop
  endfacet
  facet normal  0.000000e+000  0.000000e+000 -1.000000e+000
    outer loop
      vertex  3.200000e+001  4.866011e-003  0.000000e+000
      vertex  2.895507e+001  9.722479e-001  0.000000e+000
      vertex  2.873744e+001  1.237437e+000  0.000000e+000
    endloop
  endfacet
  facet normal  0.000000e+000  0.000000e+000 -1.000000e+000
    outer loop
      vertex  3.200000e+001  4.866011e-003  0.000000e+000
      vertex  2.873744e+001  1.237437e+000  0.000000e+000
      vertex  2.847225e+001  1.455072e+000  0.000000e+000
    endloop
  endfacet
  facet normal  0.000000e+000  0.000000e+000 -1.000000e+000
    outer loop
      vertex  3.200000e+001  4.866011e-003  0.000000e+000
      vertex  2.847225e+001  1.455072e+000  0.000000e+000
      vertex  2.816970e+001  1.616789e+000  0.000000e+000
    endloop
  endfacet
  facet normal  0.000000e+000  0.000000e+000 -1.000000e+000
    outer loop
      vertex  3.200000e+001  4.866011e-003  0.000000e+000
      vertex  2.816970e+001  1.616789e+000  0.000000e+000
      vertex  3.200000e+001  4.250000e+000  0.000000e+000
    endloop
  endfacet
  facet normal  0.000000e+000  0.000000e+000 -9.999999e-001
    outer loop
      vertex  3.200000e+001 -1.300000e+001  0.000000e+000
      vertex  2.750000e+001 -1.750000e+000  0.000000e+000
      vertex  2.784141e+001 -1.716374e+000  0.000000e+000
    endloop
  endfacet
  facet normal  0.000000e+000  0.000000e+000 -1.000000e+000
    outer loop
      vertex  3.200000e+001 -1.300000e+001  0.000000e+000
      vertex  2.784141e+001 -1.716374e+000  0.000000e+000
      vertex  2.816970e+001 -1.616789e+000  0.000000e+000
    endloop
  endfacet
  facet normal  0.000000e+000  0.000000e+000 -1.000000e+000
    outer loop
      vertex  3.200000e+001 -1.300000e+001  0.000000e+000
      vertex  2.816970e+001 -1.616789e+000  0.000000e+000
      vertex  2.847225e+001 -1.455072e+000  0.000000e+000
    endloop
  endfacet
  facet normal  0.000000e+000  0.000000e+000 -1.000000e+000
    outer loop
      vertex  3.200000e+001 -1.300000e+001  0.000000e+000
      vertex  2.847225e+001 -1.455072e+000  0.000000e+000
      vertex  2.873744e+001 -1.237437e+000  0.000000e+000
    endloop
  endfacet
  facet normal  0.000000e+000  0.000000e+000 -1.000000e+000
    outer loop
      vertex  3.200000e+001 -1.300000e+001  0.000000e+000
      vertex  2.873744e+001 -1.237437e+000  0.000000e+000
      vertex  2.895507e+001 -9.722479e-001  0.000000e+000
    endloop
  endfacet
  facet normal  0.000000e+000  0.000000e+000 -1.000000e+000
    outer loop
      vertex  3.200000e+001 -1.300000e+001  0.000000e+000
      vertex  2.895507e+001 -9.722479e-001  0.000000e+000
      vertex  2.911679e+001 -6.696960e-001  0.000000e+000
    endloop
  endfacet
  facet normal  0.000000e+000  0.000000e+000 -1.000000e+000
    outer loop
      vertex  3.200000e+001 -1.300000e+001  0.000000e+000
      vertex  2.911679e+001 -6.696960e-001  0.000000e+000
      vertex  2.921637e+001 -3.414081e-001  0.000000e+000
    endloop
  endfacet
  facet normal  0.000000e+000  0.000000e+000 -1.000000e+000
    outer loop
      vertex  3.200000e+001 -1.300000e+001  0.000000e+000
      vertex  2.921637e+001 -3.414081e-001  0.000000e+000
      vertex  2.925000e+001  0.000000e+000  0.000000e+000
    endloop
  endfacet
  facet normal  0.000000e+000  0.000000e+000 -1.000000e+000
    outer loop
      vertex  3.200000e+001 -1.300000e+001  0.000000e+000
      vertex  2.925000e+001  0.000000e+000  0.000000e+000
      vertex  3.200000e+001  4.866011e-003  0.000000e+000
    endloop
  endfacet
  facet normal  0.000000e+000  0.000000e+000 -1.000000e+000
    outer loop
      vertex -2.850000e+001  1.775000e+001  0.000000e+000
      vertex -3.200000e+001  2.400000e+001  0.000000e+000
      vertex -3.196148e+001  2.478414e+001  0.000000e+000
    endloop
  endfacet
  facet normal  0.000000e+000  0.000000e+000 -1.000000e+000
    outer loop
      vertex -2.850000e+001  1.775000e+001  0.000000e+000
      vertex -3.196148e+001  2.478414e+001  0.000000e+000
      vertex -3.184628e+001  2.556072e+001  0.000000e+000
    endloop
  endfacet
  facet normal  0.000000e+000  0.000000e+000 -1.000000e+000
    outer loop
      vertex -2.850000e+001  1.775000e+001  0.000000e+000
      vertex -3.184628e+001  2.556072e+001  0.000000e+000
      vertex -3.165552e+001  2.632228e+001  0.000000e+000
    endloop
  endfacet
  facet normal  0.000000e+000  0.000000e+000 -1.000000e+000
    outer loop
      vertex -2.850000e+001  1.775000e+001  0.000000e+000
      vertex -3.165552e+001  2.632228e+001  0.000000e+000
      vertex -3.139104e+001  2.706147e+001  0.000000e+000
    endloop
  endfacet
  facet normal  0.000000e+000  0.000000e+000 -1.000000e+000
    outer loop
      vertex -2.850000e+001  1.775000e+001  0.000000e+000
      vertex -3.139104e+001  2.706147e+001  0.000000e+000
      vertex -3.105537e+001  2.777117e+001  0.000000e+000
    endloop
  endfacet
  facet normal  0.000000e+000  0.000000e+000 -9.999999e-001
    outer loop
      vertex -2.850000e+001  1.775000e+001  0.000000e+000
      vertex -3.105537e+001  2.777117e+001  0.000000e+000
      vertex -3.065176e+001  2.844456e+001  0.000000e+000
    endloop
  endfacet
  facet normal  0.000000e+000  0.000000e+000 -1.000000e+000
    outer loop
      vertex -2.850000e+001  1.775000e+001  0.000000e+000
      vertex -3.065176e+001  2.844456e+001  0.000000e+000
      vertex -3.018408e+001  2.907515e+001  0.000000e+000
    endloop
  endfacet
  facet normal  0.000000e+000  0.000000e+000 -1.000000e+000
    outer loop
      vertex -2.850000e+001  1.775000e+001  0.000000e+000
      vertex -3.018408e+001  2.907515e+001  0.000000e+000
      vertex -2.965685e+001  2.965685e+001  0.000000e+000
    endloop
  endfacet
  facet normal  0.000000e+000  0.000000e+000 -9.999999e-001
    outer loop
      vertex -2.850000e+001  1.775000e+001  0.000000e+000
      vertex -2.965685e+001  2.965685e+001  0.000000e+000
      vertex -2.907515e+001  3.018408e+001  0.000000e+000
    endloop
  endfacet
  facet normal  0.000000e+000  -0.000000e+000 -1.000000e+000
    outer loop
      vertex -3.200000e+001  4.866011e-003  0.000000e+000
      vertex -2.975000e+001  1.650000e+001  0.000000e+000
      vertex -2.972598e+001  1.625614e+001  0.000000e+000
    endloop
  endfacet
  facet normal  0.000000e+000  -0.000000e+000 -1.000000e+000
    outer loop
      vertex -3.200000e+001  4.866011e-003  0.000000e+000
      vertex -2.972598e+001  1.625614e+001  0.000000e+000
      vertex -2.965485e+001  1.602165e+001  0.000000e+000
    endloop
  endfacet
  facet normal  0.000000e+000  -0.000000e+000 -1.000000e+000
    outer loop
      vertex -3.200000e+001  4.866011e-003  0.000000e+000
      vertex -2.965485e+001  1.602165e+001  0.000000e+000
      vertex -2.953934e+001  1.580554e+001  0.000000e+000
    endloop
  endfacet
  facet normal  0.000000e+000  -0.000000e+000 -1.000000e+000
    outer loop
      vertex -3.200000e+001  4.866011e-003  0.000000e+000
      vertex -2.953934e+001  1.580554e+001  0.000000e+000
      vertex -2.938388e+001  1.561612e+001  0.000000e+000
    endloop
  endfacet
  facet normal  0.000000e+000  -0.000000e+000 -9.999999e-001
    outer loop
      vertex -3.200000e+001  4.866011e-003  0.000000e+000
      vertex -2.938388e+001  1.561612e+001  0.000000e+000
      vertex -2.919446e+001  1.546066e+001  0.000000e+000
    endloop
  endfacet
  facet normal  0.000000e+000  -0.000000e+000 -9.999999e-001
    outer loop
      vertex -3.200000e+001  4.866011e-003  0.000000e+000
      vertex -2.919446e+001  1.546066e+001  0.000000e+000
      vertex -2.897835e+001  1.534515e+001  0.000000e+000
    endloop
  endfacet
  facet normal  0.000000e+000  -0.000000e+000 -1.000000e+000
    outer loop
      vertex -3.200000e+001  4.866011e-003  0.000000e+000
      vertex -2.897835e+001  1.534515e+001  0.000000e+000
      vertex -2.874386e+001  1.527402e+001  0.000000e+000
    endloop
  endfacet
  facet normal  0.000000e+000  -0.000000e+000 -1.000000e+000
    outer loop
      vertex -3.200000e+001  4.866011e-003  0.000000e+000
      vertex -2.874386e+001  1.527402e+001  0.000000e+000
      vertex -2.850000e+001  1.525000e+001  0.000000e+000
    endloop
  endfacet
  facet normal  0.000000e+000  -0.000000e+000 -1.000000e+000
    outer loop
      vertex -3.200000e+001  4.866011e-003  0.000000e+000
      vertex -2.850000e+001  1.525000e+001  0.000000e+000
      vertex -2.850000e+001  4.866011e-003  0.000000e+000
    endloop
  endfacet
  facet normal  -0.000000e+000  0.000000e+000 -1.000000e+000
    outer loop
      vertex -3.200000e+001  2.400000e+001  0.000000e+000
      vertex -2.850000e+001  1.775000e+001  0.000000e+000
      vertex -2.874386e+001  1.772598e+001  0.000000e+000
    endloop
  endfacet
  facet normal  -0.000000e+000  0.000000e+000 -1.000000e+000
    outer loop
      vertex -3.200000e+001  2.400000e+001  0.000000e+000
      vertex -2.874386e+001  1.772598e+001  0.000000e+000
      vertex -2.897835e+001  1.765485e+001  0.000000e+000
    endloop
  endfacet
  facet normal  -0.000000e+000  0.000000e+000 -1.000000e+000
    outer loop
      vertex -3.200000e+001  2.400000e+001  0.000000e+000
      vertex -2.897835e+001  1.765485e+001  0.000000e+000
      vertex -2.919446e+001  1.753934e+001  0.000000e+000
    endloop
  endfacet
  facet normal  -0.000000e+000  0.000000e+000 -9.999999e-001
    outer loop
      vertex -3.200000e+001  2.400000e+001  0.000000e+000
      vertex -2.919446e+001  1.753934e+001  0.000000e+000
      vertex -2.938388e+001  1.738388e+001  0.000000e+000
    endloop
  endfacet
  facet normal  -0.000000e+000  0.000000e+000 -1.000000e+000
    outer loop
      vertex -3.200000e+001  2.400000e+001  0.000000e+000
      vertex -2.938388e+001  1.738388e+001  0.000000e+000
      vertex -2.953934e+001  1.719446e+001  0.000000e+000
    endloop
  endfacet
  facet normal  -0.000000e+000  0.000000e+000 -1.000000e+000
    outer loop
      vertex -3.200000e+001  2.400000e+001  0.000000e+000
      vertex -2.953934e+001  1.719446e+001  0.000000e+000
      vertex -2.965485e+001  1.697835e+001  0.000000e+000
    endloop
  endfacet
  facet normal  -0.000000e+000  0.000000e+000 -1.000000e+000
    outer loop
      vertex -3.200000e+001  2.400000e+001  0.000000e+000
      vertex -2.965485e+001  1.697835e+001  0.000000e+000
      vertex -2.972598e+001  1.674386e+001  0.000000e+000
    endloop
  endfacet
  facet normal  -0.000000e+000  0.000000e+000 -1.000000e+000
    outer loop
      vertex -3.200000e+001  2.400000e+001  0.000000e+000
      vertex -2.972598e+001  1.674386e+001  0.000000e+000
      vertex -2.975000e+001  1.650000e+001  0.000000e+000
    endloop
  endfacet
  facet normal  0.000000e+000  0.000000e+000 -1.000000e+000
    outer loop
      vertex -2.850000e+001  1.775000e+001  0.000000e+000
      vertex -2.125000e+001  2.216506e+001  0.000000e+000
      vertex -2.160697e+001  2.191511e+001  0.000000e+000
    endloop
  endfacet
  facet normal  0.000000e+000  0.000000e+000 -1.000000e+000
    outer loop
      vertex -2.850000e+001  1.775000e+001  0.000000e+000
      vertex -2.160697e+001  2.191511e+001  0.000000e+000
      vertex -2.191511e+001  2.160697e+001  0.000000e+000
    endloop
  endfacet
  facet normal  0.000000e+000  0.000000e+000 -1.000000e+000
    outer loop
      vertex -2.850000e+001  1.775000e+001  0.000000e+000
      vertex -2.191511e+001  2.160697e+001  0.000000e+000
      vertex -2.216506e+001  2.125000e+001  0.000000e+000
    endloop
  endfacet
  facet normal  0.000000e+000  0.000000e+000 -9.999999e-001
    outer loop
      vertex -2.850000e+001  1.775000e+001  0.000000e+000
      vertex -2.216506e+001  2.125000e+001  0.000000e+000
      vertex -2.234923e+001  2.085505e+001  0.000000e+000
    endloop
  endfacet
  facet normal  0.000000e+000  0.000000e+000 -1.000000e+000
    outer loop
      vertex -2.850000e+001  1.775000e+001  0.000000e+000
      vertex -2.234923e+001  2.085505e+001  0.000000e+000
      vertex -2.246202e+001  2.043412e+001  0.000000e+000
    endloop
  endfacet
  facet normal  0.000000e+000  0.000000e+000 -1.000000e+000
    outer loop
      vertex -2.850000e+001  1.775000e+001  0.000000e+000
      vertex -2.246202e+001  2.043412e+001  0.000000e+000
      vertex -2.250000e+001  2.000000e+001  0.000000e+000
    endloop
  endfacet
  facet normal  0.000000e+000  -0.000000e+000 -1.000000e+000
    outer loop
      vertex -2.850000e+001  1.775000e+001  0.000000e+000
      vertex -2.250000e+001  2.000000e+001  0.000000e+000
      vertex -2.246202e+001  1.956588e+001  0.000000e+000
    endloop
  endfacet
  facet normal  0.000000e+000  -0.000000e+000 -1.000000e+000
    outer loop
      vertex -2.850000e+001  1.775000e+001  0.000000e+000
      vertex -2.246202e+001  1.956588e+001  0.000000e+000
      vertex -2.234923e+001  1.914495e+001  0.000000e+000
    endloop
  endfacet
  facet normal  0.000000e+000  -0.000000e+000 -1.000000e+000
    outer loop
      vertex -2.850000e+001  1.775000e+001  0.000000e+000
      vertex -2.234923e+001  1.914495e+001  0.000000e+000
      vertex -2.216506e+001  1.875000e+001  0.000000e+000
    endloop
  endfacet
  facet normal  0.000000e+000  -0.000000e+000 -1.000000e+000
    outer loop
      vertex -2.850000e+001  1.775000e+001  0.000000e+000
      vertex -2.216506e+001  1.875000e+001  0.000000e+000
      vertex -2.191511e+001  1.839303e+001  0.000000e+000
    endloop
  endfacet
  facet normal  0.000000e+000  -0.000000e+000 -9.999999e-001
    outer loop
      vertex -2.850000e+001  1.775000e+001  0.000000e+000
      vertex -2.191511e+001  1.839303e+001  0.000000e+000
      vertex -2.160697e+001  1.808489e+001  0.000000e+000
    endloop
  endfacet
  facet normal  0.000000e+000  -0.000000e+000 -1.000000e+000
    outer loop
      vertex -2.850000e+001  1.775000e+001  0.000000e+000
      vertex -2.160697e+001  1.808489e+001  0.000000e+000
      vertex -2.125000e+001  1.783494e+001  0.000000e+000
    endloop
  endfacet
  facet normal  0.000000e+000  -0.000000e+000 -1.000000e+000
    outer loop
      vertex -2.850000e+001  1.775000e+001  0.000000e+000
      vertex -2.125000e+001  1.783494e+001  0.000000e+000
      vertex -2.085505e+001  1.765077e+001  0.000000e+000
    endloop
  endfacet
  facet normal  0.000000e+000  0.000000e+000 -9.999999e-001
    outer loop
      vertex -2.850000e+001  1.775000e+001  0.000000e+000
      vertex -2.085505e+001  1.765077e+001  0.000000e+000
      vertex -2.825614e+001  1.772598e+001  0.000000e+000
    endloop
  endfacet
  facet normal  0.000000e+000  0.000000e+000 -1.000000e+000
    outer loop
      vertex -2.000000e+001  2.250000e+001  0.000000e+000
      vertex -2.844456e+001  3.065176e+001  0.000000e+000
      vertex -2.777117e+001  3.105537e+001  0.000000e+000
    endloop
  endfacet
  facet normal  0.000000e+000  0.000000e+000 -1.000000e+000
    outer loop
      vertex -2.000000e+001  2.250000e+001  0.000000e+000
      vertex -2.777117e+001  3.105537e+001  0.000000e+000
      vertex -2.706147e+001  3.139104e+001  0.000000e+000
    endloop
  endfacet
  facet normal  0.000000e+000  0.000000e+000 -9.999999e-001
    outer loop
      vertex -2.000000e+001  2.250000e+001  0.000000e+000
      vertex -2.706147e+001  3.139104e+001  0.000000e+000
      vertex -2.632228e+001  3.165552e+001  0.000000e+000
    endloop
  endfacet
  facet normal  0.000000e+000  0.000000e+000 -1.000000e+000
    outer loop
      vertex -2.000000e+001  2.250000e+001  0.000000e+000
      vertex -2.632228e+001  3.165552e+001  0.000000e+000
      vertex -2.556072e+001  3.184628e+001  0.000000e+000
    endloop
  endfacet
  facet normal  0.000000e+000  0.000000e+000 -1.000000e+000
    outer loop
      vertex -2.000000e+001  2.250000e+001  0.000000e+000
      vertex -2.556072e+001  3.184628e+001  0.000000e+000
      vertex -2.478414e+001  3.196148e+001  0.000000e+000
    endloop
  endfacet
  facet normal  0.000000e+000  0.000000e+000 -1.000000e+000
    outer loop
      vertex -2.000000e+001  4.866011e-003  0.000000e+000
      vertex -2.850000e+001  4.866011e-003  0.000000e+000
      vertex -2.850000e+001  1.525000e+001  0.000000e+000
    endloop
  endfacet
  facet normal  0.000000e+000  0.000000e+000 -1.000000e+000
    outer loop
      vertex -2.000000e+001  4.866011e-003  0.000000e+000
      vertex -2.850000e+001  1.525000e+001  0.000000e+000
      vertex -2.825614e+001  1.527402e+001  0.000000e+000
    endloop
  endfacet
  facet normal  0.000000e+000  0.000000e+000 -1.000000e+000
    outer loop
      vertex -2.000000e+001  4.866011e-003  0.000000e+000
      vertex -2.825614e+001  1.527402e+001  0.000000e+000
      vertex -2.802165e+001  1.534515e+001  0.000000e+000
    endloop
  endfacet
  facet normal  0.000000e+000  0.000000e+000 -1.000000e+000
    outer loop
      vertex -2.000000e+001  4.866011e-003  0.000000e+000
      vertex -2.802165e+001  1.534515e+001  0.000000e+000
      vertex -2.780554e+001  1.546066e+001  0.000000e+000
    endloop
  endfacet
  facet normal  0.000000e+000  0.000000e+000 -1.000000e+000
    outer loop
      vertex -2.000000e+001  4.866011e-003  0.000000e+000
      vertex -2.780554e+001  1.546066e+001  0.000000e+000
      vertex -2.761612e+001  1.561612e+001  0.000000e+000
    endloop
  endfacet
  facet normal  0.000000e+000  0.000000e+000 -9.999999e-001
    outer loop
      vertex -2.000000e+001  4.866011e-003  0.000000e+000
      vertex -2.761612e+001  1.561612e+001  0.000000e+000
      vertex -2.746066e+001  1.580554e+001  0.000000e+000
    endloop
  endfacet
  facet normal  0.000000e+000  0.000000e+000 -1.000000e+000
    outer loop
      vertex -2.000000e+001  4.866011e-003  0.000000e+000
      vertex -2.746066e+001  1.580554e+001  0.000000e+000
      vertex -2.734515e+001  1.602165e+001  0.000000e+000
    endloop
  endfacet
  facet normal  0.000000e+000  0.000000e+000 -1.000000e+000
    outer loop
      vertex -2.000000e+001  4.866011e-003  0.000000e+000
      vertex -2.734515e+001  1.602165e+001  0.000000e+000
      vertex -2.727402e+001  1.625614e+001  0.000000e+000
    endloop
  endfacet
  facet normal  0.000000e+000  0.000000e+000 -1.000000e+000
    outer loop
      vertex -2.000000e+001  4.866011e-003  0.000000e+000
      vertex -2.727402e+001  1.625614e+001  0.000000e+000
      vertex -2.725000e+001  1.650000e+001  0.000000e+000
    endloop
  endfacet
  facet normal  0.000000e+000  0.000000e+000 -1.000000e+000
    outer loop
      vertex -2.000000e+001  4.866011e-003  0.000000e+000
      vertex -2.725000e+001  1.650000e+001  0.000000e+000
      vertex -2.727402e+001  1.674386e+001  0.000000e+000
    endloop
  endfacet
  facet normal  0.000000e+000  0.000000e+000 -1.000000e+000
    outer loop
      vertex -2.000000e+001  4.866011e-003  0.000000e+000
      vertex -2.727402e+001  1.674386e+001  0.000000e+000
      vertex -2.734515e+001  1.697835e+001  0.000000e+000
    endloop
  endfacet
  facet normal  0.000000e+000  0.000000e+000 -1.000000e+000
    outer loop
      vertex -2.000000e+001  1.750000e+001  0.000000e+000
      vertex -2.000000e+001  4.866011e-003  0.000000e+000
      vertex -2.734515e+001  1.697835e+001  0.000000e+000
    endloop
  endfacet
  facet normal  0.000000e+000  0.000000e+000 -9.999999e-001
    outer loop
      vertex -2.000000e+001  1.750000e+001  0.000000e+000
      vertex -2.734515e+001  1.697835e+001  0.000000e+000
      vertex -2.746066e+001  1.719446e+001  0.000000e+000
    endloop
  endfacet
  facet normal  0.000000e+000  0.000000e+000 -1.000000e+000
    outer loop
      vertex -2.000000e+001  1.750000e+001  0.000000e+000
      vertex -2.746066e+001  1.719446e+001  0.000000e+000
      vertex -2.761612e+001  1.738388e+001  0.000000e+000
    endloop
  endfacet
  facet normal  0.000000e+000  0.000000e+000 -1.000000e+000
    outer loop
      vertex -2.000000e+001  1.750000e+001  0.000000e+000
      vertex -2.761612e+001  1.738388e+001  0.000000e+000
      vertex -2.780554e+001  1.753934e+001  0.000000e+000
    endloop
  endfacet
  facet normal  0.000000e+000  0.000000e+000 -1.000000e+000
    outer loop
      vertex -2.000000e+001  1.750000e+001  0.000000e+000
      vertex -2.780554e+001  1.753934e+001  0.000000e+000
      vertex -2.043412e+001  1.753798e+001  0.000000e+000
    endloop
  endfacet
  facet normal  -0.000000e+000  0.000000e+000 -1.000000e+000
    outer loop
      vertex -2.000000e+001  4.866011e-003  0.000000e+000
      vertex -1.050000e+001  4.866011e-003  0.000000e+000
      vertex -1.900000e+001 -2.500000e-001  0.000000e+000
    endloop
  endfacet
  facet normal  -0.000000e+000  0.000000e+000 -9.999999e-001
    outer loop
      vertex -2.000000e+001  4.866011e-003  0.000000e+000
      vertex -1.900000e+001 -2.500000e-001  0.000000e+000
      vertex -1.924386e+001 -2.740184e-001  0.000000e+000
    endloop
  endfacet
  facet normal  -0.000000e+000  0.000000e+000 -1.000000e+000
    outer loop
      vertex -2.000000e+001  4.866011e-003  0.000000e+000
      vertex -1.924386e+001 -2.740184e-001  0.000000e+000
      vertex -1.947835e+001 -3.451506e-001  0.000000e+000
    endloop
  endfacet
  facet normal  -0.000000e+000  0.000000e+000 -1.000000e+000
    outer loop
      vertex -2.000000e+001  4.866011e-003  0.000000e+000
      vertex -1.947835e+001 -3.451506e-001  0.000000e+000
      vertex -1.969446e+001 -4.606630e-001  0.000000e+000
    endloop
  endfacet
  facet normal  -0.000000e+000  0.000000e+000 -1.000000e+000
    outer loop
      vertex -2.000000e+001  4.866011e-003  0.000000e+000
      vertex -1.969446e+001 -4.606630e-001  0.000000e+000
      vertex -1.988388e+001 -6.161165e-001  0.000000e+000
    endloop
  endfacet
  facet normal  -0.000000e+000  0.000000e+000 -9.999999e-001
    outer loop
      vertex -2.000000e+001  4.866011e-003  0.000000e+000
      vertex -1.988388e+001 -6.161165e-001  0.000000e+000
      vertex -2.003934e+001 -8.055372e-001  0.000000e+000
    endloop
  endfacet
  facet normal  0.000000e+000  0.000000e+000 -1.000000e+000
    outer loop
      vertex -1.050000e+001  4.866011e-003  0.000000e+000
      vertex -2.000000e+001  4.866011e-003  0.000000e+000
      vertex -2.000000e+001  1.750000e+001  0.000000e+000
    endloop
  endfacet
  facet normal  0.000000e+000  0.000000e+000 -9.999999e-001
    outer loop
      vertex -1.050000e+001  4.866011e-003  0.000000e+000
      vertex -2.000000e+001  1.750000e+001  0.000000e+000
      vertex -1.956588e+001  1.753798e+001  0.000000e+000
    endloop
  endfacet
  facet normal  0.000000e+000  0.000000e+000 -1.000000e+000
    outer loop
      vertex -1.050000e+001  4.866011e-003  0.000000e+000
      vertex -1.956588e+001  1.753798e+001  0.000000e+000
      vertex -1.914495e+001  1.765077e+001  0.000000e+000
    endloop
  endfacet
  facet normal  0.000000e+000  0.000000e+000 -1.000000e+000
    outer loop
      vertex -1.050000e+001  4.866011e-003  0.000000e+000
      vertex -1.914495e+001  1.765077e+001  0.000000e+000
      vertex -1.875000e+001  1.783494e+001  0.000000e+000
    endloop
  endfacet
  facet normal  0.000000e+000  0.000000e+000 -1.000000e+000
    outer loop
      vertex -1.050000e+001  4.866011e-003  0.000000e+000
      vertex -1.875000e+001  1.783494e+001  0.000000e+000
      vertex -1.839303e+001  1.808489e+001  0.000000e+000
    endloop
  endfacet
  facet normal  0.000000e+000  0.000000e+000 -1.000000e+000
    outer loop
      vertex -1.050000e+001  4.866011e-003  0.000000e+000
      vertex -1.839303e+001  1.808489e+001  0.000000e+000
      vertex -1.808489e+001  1.839303e+001  0.000000e+000
    endloop
  endfacet
  facet normal  0.000000e+000  0.000000e+000 -1.000000e+000
    outer loop
      vertex -1.050000e+001  4.866011e-003  0.000000e+000
      vertex -1.808489e+001  1.839303e+001  0.000000e+000
      vertex -1.783494e+001  1.875000e+001  0.000000e+000
    endloop
  endfacet
  facet normal  0.000000e+000  0.000000e+000 -1.000000e+000
    outer loop
      vertex -1.050000e+001  4.866011e-003  0.000000e+000
      vertex -1.783494e+001  1.875000e+001  0.000000e+000
      vertex -1.765077e+001  1.914495e+001  0.000000e+000
    endloop
  endfacet
  facet normal  0.000000e+000  0.000000e+000 -1.000000e+000
    outer loop
      vertex -1.050000e+001  4.866011e-003  0.000000e+000
      vertex -1.765077e+001  1.914495e+001  0.000000e+000
      vertex -1.753798e+001  1.956588e+001  0.000000e+000
    endloop
  endfacet
  facet normal  0.000000e+000  0.000000e+000 -1.000000e+000
    outer loop
      vertex -1.050000e+001  4.866011e-003  0.000000e+000
      vertex -1.753798e+001  1.956588e+001  0.000000e+000
      vertex -1.750000e+001  2.000000e+001  0.000000e+000
    endloop
  endfacet
  facet normal  0.000000e+000  0.000000e+000 -1.000000e+000
    outer loop
      vertex -1.050000e+001  4.866011e-003  0.000000e+000
      vertex -1.750000e+001  2.000000e+001  0.000000e+000
      vertex -1.753798e+001  2.043412e+001  0.000000e+000
    endloop
  endfacet
  facet normal  0.000000e+000  0.000000e+000 -1.000000e+000
    outer loop
      vertex -1.050000e+001  4.866011e-003  0.000000e+000
      vertex -1.753798e+001  2.043412e+001  0.000000e+000
      vertex -1.765077e+001  2.085505e+001  0.000000e+000
    endloop
  endfacet
  facet normal  0.000000e+000  0.000000e+000 -1.000000e+000
    outer loop
      vertex -1.050000e+001  4.866011e-003  0.000000e+000
      vertex -1.765077e+001  2.085505e+001  0.000000e+000
      vertex -6.093776e+000  2.181702e+001  0.000000e+000
    endloop
  endfacet
  facet normal  0.000000e+000  0.000000e+000 -1.000000e+000
    outer loop
      vertex -1.050000e+001  4.866011e-003  0.000000e+000
      vertex -6.093776e+000  2.181702e+001  0.000000e+000
      vertex -6.125000e+000  2.150000e+001  0.000000e+000
    endloop
  endfacet
  facet normal  0.000000e+000  -0.000000e+000 -1.000000e+000
    outer loop
      vertex -1.050000e+001  4.866011e-003  0.000000e+000
      vertex -6.125000e+000  2.150000e+001  0.000000e+000
      vertex -6.093776e+000  2.118298e+001  0.000000e+000
    endloop
  endfacet
  facet normal  0.000000e+000  -0.000000e+000 -1.000000e+000
    outer loop
      vertex -1.050000e+001  4.866011e-003  0.000000e+000
      vertex -6.093776e+000  2.118298e+001  0.000000e+000
      vertex -6.001304e+000  2.087814e+001  0.000000e+000
    endloop
  endfacet
  facet normal  0.000000e+000  -0.000000e+000 -1.000000e+000
    outer loop
      vertex -1.050000e+001  4.866011e-003  0.000000e+000
      vertex -6.001304e+000  2.087814e+001  0.000000e+000
      vertex -5.851138e+000  2.059720e+001  0.000000e+000
    endloop
  endfacet
  facet normal  0.000000e+000  -0.000000e+000 -1.000000e+000
    outer loop
      vertex -1.050000e+001  4.866011e-003  0.000000e+000
      vertex -5.851138e+000  2.059720e+001  0.000000e+000
      vertex -5.649048e+000  2.035095e+001  0.000000e+000
    endloop
  endfacet
  facet normal  0.000000e+000  -0.000000e+000 -1.000000e+000
    outer loop
      vertex -1.050000e+001  4.866011e-003  0.000000e+000
      vertex -5.649048e+000  2.035095e+001  0.000000e+000
      vertex -5.402802e+000  2.014886e+001  0.000000e+000
    endloop
  endfacet
  facet normal  0.000000e+000  -0.000000e+000 -1.000000e+000
    outer loop
      vertex -1.050000e+001  4.866011e-003  0.000000e+000
      vertex -5.402802e+000  2.014886e+001  0.000000e+000
      vertex -5.121861e+000  1.999870e+001  0.000000e+000
    endloop
  endfacet
  facet normal  0.000000e+000  -0.000000e+000 -1.000000e+000
    outer loop
      vertex -1.050000e+001  4.866011e-003  0.000000e+000
      vertex -5.121861e+000  1.999870e+001  0.000000e+000
      vertex -4.817022e+000  1.990622e+001  0.000000e+000
    endloop
  endfacet
  facet normal  0.000000e+000  -0.000000e+000 -1.000000e+000
    outer loop
      vertex -1.050000e+001  4.866011e-003  0.000000e+000
      vertex -4.817022e+000  1.990622e+001  0.000000e+000
      vertex -4.500000e+000  1.987500e+001  0.000000e+000
    endloop
  endfacet
  facet normal  0.000000e+000  -0.000000e+000 -1.000000e+000
    outer loop
      vertex -1.050000e+001  4.866011e-003  0.000000e+000
      vertex -4.500000e+000  1.987500e+001  0.000000e+000
      vertex -4.500000e+000  4.866011e-003  0.000000e+000
    endloop
  endfacet
  facet normal  0.000000e+000  0.000000e+000 -1.000000e+000
    outer loop
      vertex -1.050000e+001  4.866011e-003  0.000000e+000
      vertex -1.830554e+001 -4.606630e-001  0.000000e+000
      vertex -1.852165e+001 -3.451506e-001  0.000000e+000
    endloop
  endfacet
  facet normal  0.000000e+000  0.000000e+000 -1.000000e+000
    outer loop
      vertex -1.050000e+001  4.866011e-003  0.000000e+000
      vertex -1.852165e+001 -3.451506e-001  0.000000e+000
      vertex -1.875614e+001 -2.740184e-001  0.000000e+000
    endloop
  endfacet
  facet normal  0.000000e+000  0.000000e+000 -1.000000e+000
    outer loop
      vertex -1.050000e+001  4.866011e-003  0.000000e+000
      vertex -1.875614e+001 -2.740184e-001  0.000000e+000
      vertex -1.900000e+001 -2.500000e-001  0.000000e+000
    endloop
  endfacet
  facet normal  0.000000e+000  0.000000e+000 -1.000000e+000
    outer loop
      vertex  3.552714e-015  4.866011e-003  0.000000e+000
      vertex -4.500000e+000  4.866011e-003  0.000000e+000
      vertex -4.500000e+000  1.987500e+001  0.000000e+000
    endloop
  endfacet
  facet normal  0.000000e+000  0.000000e+000 -1.000000e+000
    outer loop
      vertex  3.552714e-015  4.866011e-003  0.000000e+000
      vertex -4.500000e+000  1.987500e+001  0.000000e+000
      vertex -4.182978e+000  1.990622e+001  0.000000e+000
    endloop
  endfacet
  facet normal  0.000000e+000  0.000000e+000 -9.999999e-001
    outer loop
      vertex  3.552714e-015  4.866011e-003  0.000000e+000
      vertex -4.182978e+000  1.990622e+001  0.000000e+000
      vertex -3.878139e+000  1.999870e+001  0.000000e+000
    endloop
  endfacet
  facet normal  0.000000e+000  0.000000e+000 -9.999999e-001
    outer loop
      vertex  3.552714e-015  4.866011e-003  0.000000e+000
      vertex -3.878139e+000  1.999870e+001  0.000000e+000
      vertex -3.597198e+000  2.014886e+001  0.000000e+000
    endloop
  endfacet
  facet normal  0.000000e+000  0.000000e+000 -1.000000e+000
    outer loop
      vertex  3.552714e-015  4.866011e-003  0.000000e+000
      vertex -3.597198e+000  2.014886e+001  0.000000e+000
      vertex -3.350951e+000  2.035095e+001  0.000000e+000
    endloop
  endfacet
  facet normal  0.000000e+000  0.000000e+000 -1.000000e+000
    outer loop
      vertex  3.552714e-015  4.866011e-003  0.000000e+000
      vertex -3.350951e+000  2.035095e+001  0.000000e+000
      vertex -3.148862e+000  2.059720e+001  0.000000e+000
    endloop
  endfacet
  facet normal  0.000000e+000  0.000000e+000 -1.000000e+000
    outer loop
      vertex  3.552714e-015  4.866011e-003  0.000000e+000
      vertex -3.148862e+000  2.059720e+001  0.000000e+000
      vertex -2.998696e+000  2.087814e+001  0.000000e+000
    endloop
  endfacet
  facet normal  0.000000e+000  0.000000e+000 -1.000000e+000
    outer loop
      vertex  3.552714e-015  4.866011e-003  0.000000e+000
      vertex -2.998696e+000  2.087814e+001  0.000000e+000
      vertex -2.906224e+000  2.118298e+001  0.000000e+000
    endloop
  endfacet
  facet normal  0.000000e+000  0.000000e+000 -9.999999e-001
    outer loop
      vertex  3.552714e-015  4.866011e-003  0.000000e+000
      vertex -2.906224e+000  2.118298e+001  0.000000e+000
      vertex -2.875000e+000  2.150000e+001  0.000000e+000
    endloop
  endfacet
  facet normal  0.000000e+000  0.000000e+000 -1.000000e+000
    outer loop
      vertex  3.552714e-015  4.866011e-003  0.000000e+000
      vertex -2.875000e+000  2.150000e+001  0.000000e+000
      vertex -2.906224e+000  2.181702e+001  0.000000e+000
    endloop
  endfacet
  facet normal  0.000000e+000  0.000000e+000 -1.000000e+000
    outer loop
      vertex  1.776357e-015  3.200000e+001  0.000000e+000
      vertex  3.552714e-015  4.866011e-003  0.000000e+000
      vertex -2.906224e+000  2.181702e+001  0.000000e+000
    endloop
  endfacet
  facet normal  0.000000e+000  0.000000e+000 -1.000000e+000
    outer loop
      vertex  1.776357e-015  3.200000e+001  0.000000e+000
      vertex -2.906224e+000  2.181702e+001  0.000000e+000
      vertex -2.998696e+000  2.212186e+001  0.000000e+000
    endloop
  endfacet
  facet normal  0.000000e+000  0.000000e+000 -1.000000e+000
    outer loop
      vertex  1.776357e-015  3.200000e+001  0.000000e+000
      vertex -2.998696e+000  2.212186e+001  0.000000e+000
      vertex -3.148862e+000  2.240280e+001  0.000000e+000
    endloop
  endfacet
  facet normal  0.000000e+000  0.000000e+000 -1.000000e+000
    outer loop
      vertex  1.776357e-015  3.200000e+001  0.000000e+000
      vertex -3.148862e+000  2.240280e+001  0.000000e+000
      vertex -3.350951e+000  2.264905e+001  0.000000e+000
    endloop
  endfacet
  facet normal  0.000000e+000  0.000000e+000 -1.000000e+000
    outer loop
      vertex  1.776357e-015  3.200000e+001  0.000000e+000
      vertex -3.350951e+000  2.264905e+001  0.000000e+000
      vertex -3.597198e+000  2.285114e+001  0.000000e+000
    endloop
  endfacet
  facet normal  0.000000e+000  0.000000e+000 -1.000000e+000
    outer loop
      vertex  1.776357e-015  3.200000e+001  0.000000e+000
      vertex -3.597198e+000  2.285114e+001  0.000000e+000
      vertex -3.878139e+000  2.300130e+001  0.000000e+000
    endloop
  endfacet
  facet normal  0.000000e+000  0.000000e+000 -1.000000e+000
    outer loop
      vertex  1.776357e-015  3.200000e+001  0.000000e+000
      vertex -3.878139e+000  2.300130e+001  0.000000e+000
      vertex -4.182978e+000  2.309378e+001  0.000000e+000
    endloop
  endfacet
  facet normal  0.000000e+000  0.000000e+000 -9.999999e-001
    outer loop
      vertex  1.776357e-015  3.200000e+001  0.000000e+000
      vertex -4.182978e+000  2.309378e+001  0.000000e+000
      vertex -4.500000e+000  2.312500e+001  0.000000e+000
    endloop
  endfacet
  facet normal  0.000000e+000  0.000000e+000 -1.000000e+000
    outer loop
      vertex  1.200656e-014 -3.200000e+001  0.000000e+000
      vertex -4.831913e-001 -3.199027e+001  0.000000e+000
      vertex -1.446440e+000 -3.191251e+001  0.000000e+000
    endloop
  endfacet
  facet normal  0.000000e+000  0.000000e+000 -1.000000e+000
    outer loop
      vertex  1.200656e-014 -3.200000e+001  0.000000e+000
      vertex -1.446440e+000 -3.191251e+001  0.000000e+000
      vertex -2.400308e+000 -3.175749e+001  0.000000e+000
    endloop
  endfacet
  facet normal  0.000000e+000  0.000000e+000 -1.000000e+000
    outer loop
      vertex  1.200656e-014 -3.200000e+001  0.000000e+000
      vertex -2.400308e+000 -3.175749e+001  0.000000e+000
      vertex -3.338609e+000 -3.152622e+001  0.000000e+000
    endloop
  endfacet
  facet normal  0.000000e+000  0.000000e+000 -1.000000e+000
    outer loop
      vertex  1.200656e-014 -3.200000e+001  0.000000e+000
      vertex -3.338609e+000 -3.152622e+001  0.000000e+000
      vertex -4.255259e+000 -3.122020e+001  0.000000e+000
    endloop
  endfacet
  facet normal  0.000000e+000  0.000000e+000 -1.000000e+000
    outer loop
      vertex  8.700000e+000  4.866011e-003  0.000000e+000
      vertex  8.700000e+000 -7.800000e+000  0.000000e+000
      vertex  3.552714e-015  4.866011e-003  0.000000e+000
    endloop
  endfacet
  facet normal  0.000000e+000  -0.000000e+000 -1.000000e+000
    outer loop
      vertex  3.552714e-015  4.866011e-003  0.000000e+000
      vertex  8.700000e+000 -7.800000e+000  0.000000e+000
      vertex  1.197425e-015 -1.640000e+001  0.000000e+000
    endloop
  endfacet
  facet normal  0.000000e+000  0.000000e+000 -9.999999e-001
    outer loop
      vertex -9.000000e+000 -4.650000e+000  0.000000e+000
      vertex -1.200000e+001 -4.650000e+000  0.000000e+000
      vertex -4.500000e+000  4.866011e-003  0.000000e+000
    endloop
  endfacet
  facet normal  -0.000000e+000  0.000000e+000 -9.999999e-001
    outer loop
      vertex -4.500000e+000  4.866011e-003  0.000000e+000
      vertex -1.200000e+001 -4.650000e+000  0.000000e+000
      vertex -1.050000e+001  4.866011e-003  0.000000e+000
    endloop
  endfacet
  facet normal  0.000000e+000  0.000000e+000 -1.000000e+000
    outer loop
      vertex -1.200000e+001 -4.650000e+000  0.000000e+000
      vertex -1.811612e+001 -6.161165e-001  0.000000e+000
      vertex -1.050000e+001  4.866011e-003  0.000000e+000
    endloop
  endfacet
  facet normal  0.000000e+000  0.000000e+000 -1.000000e+000
    outer loop
      vertex -1.050000e+001  4.866011e-003  0.000000e+000
      vertex -1.811612e+001 -6.161165e-001  0.000000e+000
      vertex -1.830554e+001 -4.606630e-001  0.000000e+000
    endloop
  endfacet
  facet normal  0.000000e+000  0.000000e+000 -1.000000e+000
    outer loop
      vertex -2.825614e+001  1.772598e+001  0.000000e+000
      vertex -2.085505e+001  1.765077e+001  0.000000e+000
      vertex -2.802165e+001  1.765485e+001  0.000000e+000
    endloop
  endfacet
  facet normal  0.000000e+000  0.000000e+000 -1.000000e+000
    outer loop
      vertex -2.802165e+001  1.765485e+001  0.000000e+000
      vertex -2.085505e+001  1.765077e+001  0.000000e+000
      vertex -2.043412e+001  1.753798e+001  0.000000e+000
    endloop
  endfacet
  facet normal  0.000000e+000  0.000000e+000 -1.000000e+000
    outer loop
      vertex -2.802165e+001  1.765485e+001  0.000000e+000
      vertex -2.043412e+001  1.753798e+001  0.000000e+000
      vertex -2.780554e+001  1.753934e+001  0.000000e+000
    endloop
  endfacet
  facet normal  0.000000e+000  0.000000e+000  1.000000e+000
    outer loop
      vertex  2.613358e+001  7.939467e+000  7.000000e+000
      vertex  2.445749e+001  8.271280e+000  7.000000e+000
      vertex  2.458957e+001  8.069663e+000  7.000000e+000
    endloop
  endfacet
  facet normal  0.000000e+000  -0.000000e+000  1.000000e+000
    outer loop
      vertex  2.458957e+001  8.069663e+000  7.000000e+000
      vertex  2.467977e+001  7.846153e+000  7.000000e+000
      vertex  2.613358e+001  7.939467e+000  7.000000e+000
    endloop
  endfacet
  facet normal  0.000000e+000  0.000000e+000  1.000000e+000
    outer loop
      vertex  2.293034e+001  8.589566e+000  7.000000e+000
      vertex  2.315385e+001  8.679767e+000  7.000000e+000
      vertex  2.097467e+001  8.366947e+000  7.000000e+000
    endloop
  endfacet
  facet normal  0.000000e+000  0.000000e+000  1.000000e+000
    outer loop
      vertex  2.272872e+001  8.457495e+000  7.000000e+000
      vertex  2.293034e+001  8.589566e+000  7.000000e+000
      vertex  2.097467e+001  8.366947e+000  7.000000e+000
    endloop
  endfacet
  facet normal  0.000000e+000  -0.000000e+000  1.000000e+000
    outer loop
      vertex  2.083000e+001  7.500000e+000  7.000000e+000
      vertex  2.227050e+001  7.500036e+000  7.000000e+000
      vertex  2.227757e+001  7.631673e+000  7.000000e+000
    endloop
  endfacet
  facet normal  0.000000e+000  0.000000e+000  1.000000e+000
    outer loop
      vertex  2.241043e+001  6.930337e+000  7.000000e+000
      vertex  2.097467e+001  6.633052e+000  7.000000e+000
      vertex  2.254251e+001  6.728719e+000  7.000000e+000
    endloop
  endfacet
  facet normal  -0.000000e+000  0.000000e+000  1.000000e+000
    outer loop
      vertex  2.254251e+001  6.728719e+000  7.000000e+000
      vertex  2.097467e+001  6.633052e+000  7.000000e+000
      vertex  2.271137e+001  6.556741e+000  7.000000e+000
    endloop
  endfacet
  facet normal  0.000000e+000  -0.000000e+000  1.000000e+000
    outer loop
      vertex  2.350004e+001  8.729500e+000  7.000000e+000
      vertex  2.363167e+001  8.722429e+000  7.000000e+000
      vertex  2.584819e+001  8.770780e+000  7.000000e+000
    endloop
  endfacet
  facet normal  0.000000e+000  0.000000e+000  1.000000e+000
    outer loop
      vertex  2.350004e+001  8.729500e+000  7.000000e+000
      vertex  2.584819e+001  8.770780e+000  7.000000e+000
      vertex  2.560701e+001  9.139948e+000  7.000000e+000
    endloop
  endfacet
  facet normal  0.000000e+000  0.000000e+000  1.000000e+000
    outer loop
      vertex  2.350004e+001  8.729500e+000  7.000000e+000
      vertex  2.560701e+001  9.139948e+000  7.000000e+000
      vertex  2.530834e+001  9.464383e+000  7.000000e+000
    endloop
  endfacet
  facet normal  0.000000e+000  0.000000e+000  1.000000e+000
    outer loop
      vertex  2.350004e+001  8.729500e+000  7.000000e+000
      vertex  2.530834e+001  9.464383e+000  7.000000e+000
      vertex  2.496035e+001  9.735234e+000  7.000000e+000
    endloop
  endfacet
  facet normal  0.000000e+000  0.000000e+000  1.000000e+000
    outer loop
      vertex  2.350004e+001  8.729500e+000  7.000000e+000
      vertex  2.496035e+001  9.735234e+000  7.000000e+000
      vertex  2.457253e+001  9.945115e+000  7.000000e+000
    endloop
  endfacet
  facet normal  0.000000e+000  0.000000e+000  1.000000e+000
    outer loop
      vertex  2.350004e+001  8.729500e+000  7.000000e+000
      vertex  2.457253e+001  9.945115e+000  7.000000e+000
      vertex  2.415545e+001  1.008830e+001  7.000000e+000
    endloop
  endfacet
  facet normal  0.000000e+000  0.000000e+000  1.000000e+000
    outer loop
      vertex  2.350004e+001  8.729500e+000  7.000000e+000
      vertex  2.415545e+001  1.008830e+001  7.000000e+000
      vertex  2.372049e+001  1.016088e+001  7.000000e+000
    endloop
  endfacet
  facet normal  0.000000e+000  0.000000e+000  1.000000e+000
    outer loop
      vertex  2.350004e+001  8.729500e+000  7.000000e+000
      vertex  2.372049e+001  1.016088e+001  7.000000e+000
      vertex  2.350000e+001  1.017000e+001  7.000000e+000
    endloop
  endfacet
  facet normal  0.000000e+000  0.000000e+000  9.999999e-001
    outer loop
      vertex  2.602533e+001  8.366947e+000  7.000000e+000
      vertex  2.584819e+001  8.770780e+000  7.000000e+000
      vertex  2.363167e+001  8.722429e+000  7.000000e+000
    endloop
  endfacet
  facet normal  0.000000e+000  0.000000e+000  1.000000e+000
    outer loop
      vertex  2.602533e+001  8.366947e+000  7.000000e+000
      vertex  2.363167e+001  8.722429e+000  7.000000e+000
      vertex  2.386763e+001  8.673252e+000  7.000000e+000
    endloop
  endfacet
  facet normal  0.000000e+000  0.000000e+000  1.000000e+000
    outer loop
      vertex  2.602533e+001  8.366947e+000  7.000000e+000
      vertex  2.386763e+001  8.673252e+000  7.000000e+000
      vertex  2.408945e+001  8.578988e+000  7.000000e+000
    endloop
  endfacet
  facet normal  0.000000e+000  0.000000e+000  1.000000e+000
    outer loop
      vertex  2.602533e+001  8.366947e+000  7.000000e+000
      vertex  2.408945e+001  8.578988e+000  7.000000e+000
      vertex  2.428863e+001  8.443258e+000  7.000000e+000
    endloop
  endfacet
  facet normal  0.000000e+000  0.000000e+000  1.000000e+000
    outer loop
      vertex  2.602533e+001  8.366947e+000  7.000000e+000
      vertex  2.428863e+001  8.443258e+000  7.000000e+000
      vertex  2.445749e+001  8.271280e+000  7.000000e+000
    endloop
  endfacet
  facet normal  -0.000000e+000  0.000000e+000  1.000000e+000
    outer loop
      vertex  2.602533e+001  8.366947e+000  7.000000e+000
      vertex  2.445749e+001  8.271280e+000  7.000000e+000
      vertex  2.613358e+001  7.939467e+000  7.000000e+000
    endloop
  endfacet
  facet normal  0.000000e+000  0.000000e+000  1.000000e+000
    outer loop
      vertex  2.584819e+001  6.229220e+000  7.000000e+000
      vertex  2.602533e+001  6.633052e+000  7.000000e+000
      vertex  2.444326e+001  6.711372e+000  7.000000e+000
    endloop
  endfacet
  facet normal  0.000000e+000  0.000000e+000  1.000000e+000
    outer loop
      vertex  2.584819e+001  6.229220e+000  7.000000e+000
      vertex  2.444326e+001  6.711372e+000  7.000000e+000
      vertex  2.427128e+001  6.542505e+000  7.000000e+000
    endloop
  endfacet
  facet normal  0.000000e+000  0.000000e+000  1.000000e+000
    outer loop
      vertex  2.584819e+001  6.229220e+000  7.000000e+000
      vertex  2.427128e+001  6.542505e+000  7.000000e+000
      vertex  2.406966e+001  6.410434e+000  7.000000e+000
    endloop
  endfacet
  facet normal  0.000000e+000  0.000000e+000  1.000000e+000
    outer loop
      vertex  2.584819e+001  6.229220e+000  7.000000e+000
      vertex  2.406966e+001  6.410434e+000  7.000000e+000
      vertex  2.384615e+001  6.320234e+000  7.000000e+000
    endloop
  endfacet
  facet normal  0.000000e+000  0.000000e+000  1.000000e+000
    outer loop
      vertex  2.584819e+001  6.229220e+000  7.000000e+000
      vertex  2.384615e+001  6.320234e+000  7.000000e+000
      vertex  2.360934e+001  6.275372e+000  7.000000e+000
    endloop
  endfacet
  facet normal  0.000000e+000  0.000000e+000  1.000000e+000
    outer loop
      vertex  2.584819e+001  6.229220e+000  7.000000e+000
      vertex  2.360934e+001  6.275372e+000  7.000000e+000
      vertex  2.349996e+001  6.270500e+000  7.000000e+000
    endloop
  endfacet
  facet normal  0.000000e+000  -0.000000e+000  1.000000e+000
    outer loop
      vertex  2.350000e+001  4.830000e+000  7.000000e+000
      vertex  2.372049e+001  4.839119e+000  7.000000e+000
      vertex  2.415545e+001  4.911701e+000  7.000000e+000
    endloop
  endfacet
  facet normal  0.000000e+000  -0.000000e+000  1.000000e+000
    outer loop
      vertex  2.350000e+001  4.830000e+000  7.000000e+000
      vertex  2.415545e+001  4.911701e+000  7.000000e+000
      vertex  2.457253e+001  5.054885e+000  7.000000e+000
    endloop
  endfacet
  facet normal  0.000000e+000  -0.000000e+000  1.000000e+000
    outer loop
      vertex  2.350000e+001  4.830000e+000  7.000000e+000
      vertex  2.457253e+001  5.054885e+000  7.000000e+000
      vertex  2.496035e+001  5.264766e+000  7.000000e+000
    endloop
  endfacet
  facet normal  0.000000e+000  -0.000000e+000  9.999999e-001
    outer loop
      vertex  2.350000e+001  4.830000e+000  7.000000e+000
      vertex  2.496035e+001  5.264766e+000  7.000000e+000
      vertex  2.530834e+001  5.535617e+000  7.000000e+000
    endloop
  endfacet
  facet normal  0.000000e+000  -0.000000e+000  1.000000e+000
    outer loop
      vertex  2.350000e+001  4.830000e+000  7.000000e+000
      vertex  2.530834e+001  5.535617e+000  7.000000e+000
      vertex  2.560701e+001  5.860052e+000  7.000000e+000
    endloop
  endfacet
  facet normal  0.000000e+000  -0.000000e+000  1.000000e+000
    outer loop
      vertex  2.350000e+001  4.830000e+000  7.000000e+000
      vertex  2.560701e+001  5.860052e+000  7.000000e+000
      vertex  2.584819e+001  6.229220e+000  7.000000e+000
    endloop
  endfacet
  facet normal  0.000000e+000  0.000000e+000  1.000000e+000
    outer loop
      vertex  2.350000e+001  4.830000e+000  7.000000e+000
      vertex  2.584819e+001  6.229220e+000  7.000000e+000
      vertex  2.349996e+001  6.270500e+000  7.000000e+000
    endloop
  endfacet
  facet normal  0.000000e+000  0.000000e+000  1.000000e+000
    outer loop
      vertex  2.350004e+001  8.729500e+000  7.000000e+000
      vertex  2.350000e+001  1.017000e+001  7.000000e+000
      vertex  2.327951e+001  1.016088e+001  7.000000e+000
    endloop
  endfacet
  facet normal  0.000000e+000  0.000000e+000  1.000000e+000
    outer loop
      vertex  2.350004e+001  8.729500e+000  7.000000e+000
      vertex  2.327951e+001  1.016088e+001  7.000000e+000
      vertex  2.284455e+001  1.008830e+001  7.000000e+000
    endloop
  endfacet
  facet normal  0.000000e+000  0.000000e+000  1.000000e+000
    outer loop
      vertex  2.350004e+001  8.729500e+000  7.000000e+000
      vertex  2.284455e+001  1.008830e+001  7.000000e+000
      vertex  2.242747e+001  9.945115e+000  7.000000e+000
    endloop
  endfacet
  facet normal  0.000000e+000  0.000000e+000  9.999999e-001
    outer loop
      vertex  2.350004e+001  8.729500e+000  7.000000e+000
      vertex  2.242747e+001  9.945115e+000  7.000000e+000
      vertex  2.203965e+001  9.735234e+000  7.000000e+000
    endloop
  endfacet
  facet normal  0.000000e+000  0.000000e+000  1.000000e+000
    outer loop
      vertex  2.350004e+001  8.729500e+000  7.000000e+000
      vertex  2.203965e+001  9.735234e+000  7.000000e+000
      vertex  2.169166e+001  9.464383e+000  7.000000e+000
    endloop
  endfacet
  facet normal  0.000000e+000  0.000000e+000  9.999999e-001
    outer loop
      vertex  2.350004e+001  8.729500e+000  7.000000e+000
      vertex  2.169166e+001  9.464383e+000  7.000000e+000
      vertex  2.139299e+001  9.139948e+000  7.000000e+000
    endloop
  endfacet
  facet normal  0.000000e+000  0.000000e+000  1.000000e+000
    outer loop
      vertex  2.350004e+001  8.729500e+000  7.000000e+000
      vertex  2.139299e+001  9.139948e+000  7.000000e+000
      vertex  2.115181e+001  8.770780e+000  7.000000e+000
    endloop
  endfacet
  facet normal  0.000000e+000  0.000000e+000  9.999999e-001
    outer loop
      vertex  2.115181e+001  8.770780e+000  7.000000e+000
      vertex  2.097467e+001  8.366947e+000  7.000000e+000
      vertex  2.315385e+001  8.679767e+000  7.000000e+000
    endloop
  endfacet
  facet normal  0.000000e+000  -0.000000e+000  9.999999e-001
    outer loop
      vertex  2.115181e+001  8.770780e+000  7.000000e+000
      vertex  2.315385e+001  8.679767e+000  7.000000e+000
      vertex  2.339066e+001  8.724628e+000  7.000000e+000
    endloop
  endfacet
  facet normal  0.000000e+000  -0.000000e+000  1.000000e+000
    outer loop
      vertex  2.115181e+001  8.770780e+000  7.000000e+000
      vertex  2.339066e+001  8.724628e+000  7.000000e+000
      vertex  2.350004e+001  8.729500e+000  7.000000e+000
    endloop
  endfacet
  facet normal  0.000000e+000  -0.000000e+000  9.999999e-001
    outer loop
      vertex  2.086642e+001  7.060533e+000  7.000000e+000
      vertex  2.097467e+001  6.633052e+000  7.000000e+000
      vertex  2.241043e+001  6.930337e+000  7.000000e+000
    endloop
  endfacet
  facet normal  0.000000e+000  0.000000e+000  1.000000e+000
    outer loop
      vertex  2.086642e+001  7.060533e+000  7.000000e+000
      vertex  2.241043e+001  6.930337e+000  7.000000e+000
      vertex  2.232023e+001  7.153847e+000  7.000000e+000
    endloop
  endfacet
  facet normal  0.000000e+000  0.000000e+000  1.000000e+000
    outer loop
      vertex  2.086642e+001  7.060533e+000  7.000000e+000
      vertex  2.232023e+001  7.153847e+000  7.000000e+000
      vertex  2.227537e+001  7.390659e+000  7.000000e+000
    endloop
  endfacet
  facet normal  0.000000e+000  0.000000e+000  1.000000e+000
    outer loop
      vertex  2.086642e+001  7.060533e+000  7.000000e+000
      vertex  2.227537e+001  7.390659e+000  7.000000e+000
      vertex  2.227050e+001  7.500036e+000  7.000000e+000
    endloop
  endfacet
  facet normal  0.000000e+000  0.000000e+000  1.000000e+000
    outer loop
      vertex  2.086642e+001  7.060533e+000  7.000000e+000
      vertex  2.227050e+001  7.500036e+000  7.000000e+000
      vertex  2.083000e+001  7.500000e+000  7.000000e+000
    endloop
  endfacet
  facet normal  0.000000e+000  0.000000e+000  9.999999e-001
    outer loop
      vertex  2.115181e+001  6.229220e+000  7.000000e+000
      vertex  2.350000e+001  4.830000e+000  7.000000e+000
      vertex  2.349996e+001  6.270500e+000  7.000000e+000
    endloop
  endfacet
  facet normal  0.000000e+000  0.000000e+000  1.000000e+000
    outer loop
      vertex  2.115181e+001  6.229220e+000  7.000000e+000
      vertex  2.349996e+001  6.270500e+000  7.000000e+000
      vertex  2.336833e+001  6.277571e+000  7.000000e+000
    endloop
  endfacet
  facet normal  0.000000e+000  0.000000e+000  1.000000e+000
    outer loop
      vertex  2.115181e+001  6.229220e+000  7.000000e+000
      vertex  2.336833e+001  6.277571e+000  7.000000e+000
      vertex  2.313237e+001  6.326748e+000  7.000000e+000
    endloop
  endfacet
  facet normal  0.000000e+000  0.000000e+000  1.000000e+000
    outer loop
      vertex  2.115181e+001  6.229220e+000  7.000000e+000
      vertex  2.313237e+001  6.326748e+000  7.000000e+000
      vertex  2.291055e+001  6.421012e+000  7.000000e+000
    endloop
  endfacet
  facet normal  0.000000e+000  0.000000e+000  1.000000e+000
    outer loop
      vertex  2.115181e+001  6.229220e+000  7.000000e+000
      vertex  2.291055e+001  6.421012e+000  7.000000e+000
      vertex  2.271137e+001  6.556741e+000  7.000000e+000
    endloop
  endfacet
  facet normal  0.000000e+000  0.000000e+000  1.000000e+000
    outer loop
      vertex  2.115181e+001  6.229220e+000  7.000000e+000
      vertex  2.271137e+001  6.556741e+000  7.000000e+000
      vertex  2.097467e+001  6.633052e+000  7.000000e+000
    endloop
  endfacet
  facet normal  0.000000e+000  0.000000e+000  1.000000e+000
    outer loop
      vertex  2.350000e+001  4.830000e+000  7.000000e+000
      vertex  2.115181e+001  6.229220e+000  7.000000e+000
      vertex  2.139299e+001  5.860052e+000  7.000000e+000
    endloop
  endfacet
  facet normal  0.000000e+000  0.000000e+000  1.000000e+000
    outer loop
      vertex  2.350000e+001  4.830000e+000  7.000000e+000
      vertex  2.139299e+001  5.860052e+000  7.000000e+000
      vertex  2.169166e+001  5.535617e+000  7.000000e+000
    endloop
  endfacet
  facet normal  0.000000e+000  0.000000e+000  9.999999e-001
    outer loop
      vertex  2.350000e+001  4.830000e+000  7.000000e+000
      vertex  2.169166e+001  5.535617e+000  7.000000e+000
      vertex  2.203965e+001  5.264766e+000  7.000000e+000
    endloop
  endfacet
  facet normal  0.000000e+000  0.000000e+000  1.000000e+000
    outer loop
      vertex  2.350000e+001  4.830000e+000  7.000000e+000
      vertex  2.203965e+001  5.264766e+000  7.000000e+000
      vertex  2.242747e+001  5.054885e+000  7.000000e+000
    endloop
  endfacet
  facet normal  0.000000e+000  0.000000e+000  1.000000e+000
    outer loop
      vertex  2.350000e+001  4.830000e+000  7.000000e+000
      vertex  2.242747e+001  5.054885e+000  7.000000e+000
      vertex  2.284455e+001  4.911701e+000  7.000000e+000
    endloop
  endfacet
  facet normal  0.000000e+000  0.000000e+000  1.000000e+000
    outer loop
      vertex  2.350000e+001  4.830000e+000  7.000000e+000
      vertex  2.284455e+001  4.911701e+000  7.000000e+000
      vertex  2.327951e+001  4.839119e+000  7.000000e+000
    endloop
  endfacet
  facet normal  -0.000000e+000  0.000000e+000  1.000000e+000
    outer loop
      vertex  2.613358e+001  7.939467e+000  7.000000e+000
      vertex  2.467977e+001  7.846153e+000  7.000000e+000
      vertex  2.617000e+001  7.500000e+000  7.000000e+000
    endloop
  endfacet
  facet normal  0.000000e+000  0.000000e+000  1.000000e+000
    outer loop
      vertex  2.617000e+001  7.500000e+000  7.000000e+000
      vertex  2.467977e+001  7.846153e+000  7.000000e+000
      vertex  2.472463e+001  7.609341e+000  7.000000e+000
    endloop
  endfacet
  facet normal  0.000000e+000  0.000000e+000  1.000000e+000
    outer loop
      vertex  2.617000e+001  7.500000e+000  7.000000e+000
      vertex  2.472463e+001  7.609341e+000  7.000000e+000
      vertex  2.472950e+001  7.499964e+000  7.000000e+000
    endloop
  endfacet
  facet normal  -0.000000e+000  0.000000e+000  9.999999e-001
    outer loop
      vertex  2.617000e+001  7.500000e+000  7.000000e+000
      vertex  2.472950e+001  7.499964e+000  7.000000e+000
      vertex  2.613358e+001  7.060533e+000  7.000000e+000
    endloop
  endfacet
  facet normal  0.000000e+000  0.000000e+000  1.000000e+000
    outer loop
      vertex  2.613358e+001  7.060533e+000  7.000000e+000
      vertex  2.472950e+001  7.499964e+000  7.000000e+000
      vertex  2.472243e+001  7.368327e+000  7.000000e+000
    endloop
  endfacet
  facet normal  0.000000e+000  0.000000e+000  1.000000e+000
    outer loop
      vertex  2.613358e+001  7.060533e+000  7.000000e+000
      vertex  2.472243e+001  7.368327e+000  7.000000e+000
      vertex  2.467325e+001  7.132372e+000  7.000000e+000
    endloop
  endfacet
  facet normal  0.000000e+000  0.000000e+000  1.000000e+000
    outer loop
      vertex  2.613358e+001  7.060533e+000  7.000000e+000
      vertex  2.467325e+001  7.132372e+000  7.000000e+000
      vertex  2.602533e+001  6.633052e+000  7.000000e+000
    endloop
  endfacet
  facet normal  0.000000e+000  0.000000e+000  1.000000e+000
    outer loop
      vertex  2.602533e+001  6.633052e+000  7.000000e+000
      vertex  2.467325e+001  7.132372e+000  7.000000e+000
      vertex  2.457899e+001  6.910546e+000  7.000000e+000
    endloop
  endfacet
  facet normal  0.000000e+000  0.000000e+000  1.000000e+000
    outer loop
      vertex  2.602533e+001  6.633052e+000  7.000000e+000
      vertex  2.457899e+001  6.910546e+000  7.000000e+000
      vertex  2.444326e+001  6.711372e+000  7.000000e+000
    endloop
  endfacet
  facet normal  0.000000e+000  0.000000e+000  1.000000e+000
    outer loop
      vertex  2.086642e+001  7.939467e+000  7.000000e+000
      vertex  2.242101e+001  8.089454e+000  7.000000e+000
      vertex  2.097467e+001  8.366947e+000  7.000000e+000
    endloop
  endfacet
  facet normal  0.000000e+000  0.000000e+000  9.999999e-001
    outer loop
      vertex  2.097467e+001  8.366947e+000  7.000000e+000
      vertex  2.242101e+001  8.089454e+000  7.000000e+000
      vertex  2.255674e+001  8.288628e+000  7.000000e+000
    endloop
  endfacet
  facet normal  0.000000e+000  -0.000000e+000  1.000000e+000
    outer loop
      vertex  2.097467e+001  8.366947e+000  7.000000e+000
      vertex  2.255674e+001  8.288628e+000  7.000000e+000
      vertex  2.272872e+001  8.457495e+000  7.000000e+000
    endloop
  endfacet
  facet normal  0.000000e+000  0.000000e+000  1.000000e+000
    outer loop
      vertex  2.083000e+001  7.500000e+000  7.000000e+000
      vertex  2.227757e+001  7.631673e+000  7.000000e+000
      vertex  2.086642e+001  7.939467e+000  7.000000e+000
    endloop
  endfacet
  facet normal  0.000000e+000  0.000000e+000  1.000000e+000
    outer loop
      vertex  2.086642e+001  7.939467e+000  7.000000e+000
      vertex  2.227757e+001  7.631673e+000  7.000000e+000
      vertex  2.232675e+001  7.867628e+000  7.000000e+000
    endloop
  endfacet
  facet normal  0.000000e+000  -0.000000e+000  1.000000e+000
    outer loop
      vertex  2.086642e+001  7.939467e+000  7.000000e+000
      vertex  2.232675e+001  7.867628e+000  7.000000e+000
      vertex  2.242101e+001  8.089454e+000  7.000000e+000
    endloop
  endfacet
  facet normal -4.449334e-002  9.990097e-001  0.000000e+000
    outer loop
      vertex  2.360934e+001  6.275372e+000  7.000000e+000
      vertex  2.360934e+001  6.275372e+000  3.500000e+000
      vertex  2.349996e+001  6.270500e+000  7.000000e+000
    endloop
  endfacet
  facet normal  9.126236e-003  9.999568e-001  1.676959e-003
    outer loop
      vertex  2.336833e+001  6.277571e+000  3.500000e+000
      vertex  2.349996e+001  6.270500e+000  7.000000e+000
      vertex  2.360934e+001  6.275372e+000  3.500000e+000
    endloop
  endfacet
  facet normal  5.363848e-002  9.985604e-001  0.000000e+000
    outer loop
      vertex  2.336833e+001  6.277571e+000  7.000000e+000
      vertex  2.349996e+001  6.270500e+000  7.000000e+000
      vertex  2.336833e+001  6.277571e+000  3.500000e+000
    endloop
  endfacet
  facet normal  9.990097e-001  4.449354e-002  -0.000000e+000
    outer loop
      vertex  2.227537e+001  7.390659e+000  7.000000e+000
      vertex  2.227537e+001  7.390659e+000  3.500000e+000
      vertex  2.227050e+001  7.500036e+000  7.000000e+000
    endloop
  endfacet
  facet normal  9.999570e-001 -9.124276e-003  1.676897e-003
    outer loop
      vertex  2.227757e+001  7.631673e+000  3.500000e+000
      vertex  2.227050e+001  7.500036e+000  7.000000e+000
      vertex  2.227537e+001  7.390659e+000  3.500000e+000
    endloop
  endfacet
  facet normal  9.985606e-001 -5.363487e-002  0.000000e+000
    outer loop
      vertex  2.227757e+001  7.631673e+000  7.000000e+000
      vertex  2.227050e+001  7.500036e+000  7.000000e+000
      vertex  2.227757e+001  7.631673e+000  3.500000e+000
    endloop
  endfacet
  facet normal -3.742374e-001  9.273329e-001  0.000000e+000
    outer loop
      vertex  2.406966e+001  6.410434e+000  7.000000e+000
      vertex  2.384615e+001  6.320234e+000  3.500000e+000
      vertex  2.384615e+001  6.320234e+000  7.000000e+000
    endloop
  endfacet
  facet normal -1.861316e-001  9.825248e-001  0.000000e+000
    outer loop
      vertex  2.384615e+001  6.320234e+000  7.000000e+000
      vertex  2.384615e+001  6.320234e+000  3.500000e+000
      vertex  2.360934e+001  6.275372e+000  3.500000e+000
    endloop
  endfacet
  facet normal -1.861316e-001  9.825248e-001  0.000000e+000
    outer loop
      vertex  2.384615e+001  6.320234e+000  7.000000e+000
      vertex  2.360934e+001  6.275372e+000  3.500000e+000
      vertex  2.360934e+001  6.275372e+000  7.000000e+000
    endloop
  endfacet
  facet normal -3.742374e-001  9.273329e-001  0.000000e+000
    outer loop
      vertex  2.384615e+001  6.320234e+000  3.500000e+000
      vertex  2.406966e+001  6.410434e+000  7.000000e+000
      vertex  2.406966e+001  6.410434e+000  3.500000e+000
    endloop
  endfacet
  facet normal -5.479590e-001  8.365052e-001  0.000000e+000
    outer loop
      vertex  2.406966e+001  6.410434e+000  3.500000e+000
      vertex  2.406966e+001  6.410434e+000  7.000000e+000
      vertex  2.427128e+001  6.542505e+000  7.000000e+000
    endloop
  endfacet
  facet normal -5.479590e-001  8.365052e-001  0.000000e+000
    outer loop
      vertex  2.406966e+001  6.410434e+000  3.500000e+000
      vertex  2.427128e+001  6.542505e+000  7.000000e+000
      vertex  2.427128e+001  6.542505e+000  3.500000e+000
    endloop
  endfacet
  facet normal -7.006239e-001  7.135308e-001  0.000000e+000
    outer loop
      vertex  2.427128e+001  6.542505e+000  3.500000e+000
      vertex  2.427128e+001  6.542505e+000  7.000000e+000
      vertex  2.444326e+001  6.711372e+000  7.000000e+000
    endloop
  endfacet
  facet normal -7.006239e-001  7.135308e-001  0.000000e+000
    outer loop
      vertex  2.427128e+001  6.542505e+000  3.500000e+000
      vertex  2.444326e+001  6.711372e+000  7.000000e+000
      vertex  2.444326e+001  6.711372e+000  3.500000e+000
    endloop
  endfacet
  facet normal -8.263655e-001  5.631341e-001  0.000000e+000
    outer loop
      vertex  2.444326e+001  6.711372e+000  3.500000e+000
      vertex  2.444326e+001  6.711372e+000  7.000000e+000
      vertex  2.457899e+001  6.910546e+000  7.000000e+000
    endloop
  endfacet
  facet normal -8.263655e-001  5.631341e-001  0.000000e+000
    outer loop
      vertex  2.444326e+001  6.711372e+000  3.500000e+000
      vertex  2.457899e+001  6.910546e+000  7.000000e+000
      vertex  2.457899e+001  6.910546e+000  3.500000e+000
    endloop
  endfacet
  facet normal  8.365034e-001  5.479617e-001  -0.000000e+000
    outer loop
      vertex  2.254251e+001  6.728719e+000  7.000000e+000
      vertex  2.241043e+001  6.930337e+000  3.500000e+000
      vertex  2.241043e+001  6.930337e+000  7.000000e+000
    endloop
  endfacet
  facet normal  9.273355e-001  3.742310e-001  0.000000e+000
    outer loop
      vertex  2.241043e+001  6.930337e+000  7.000000e+000
      vertex  2.241043e+001  6.930337e+000  3.500000e+000
      vertex  2.232023e+001  7.153847e+000  3.500000e+000
    endloop
  endfacet
  facet normal  9.273355e-001  3.742310e-001  -0.000000e+000
    outer loop
      vertex  2.241043e+001  6.930337e+000  7.000000e+000
      vertex  2.232023e+001  7.153847e+000  3.500000e+000
      vertex  2.232023e+001  7.153847e+000  7.000000e+000
    endloop
  endfacet
  facet normal  9.825244e-001  1.861338e-001  0.000000e+000
    outer loop
      vertex  2.232023e+001  7.153847e+000  7.000000e+000
      vertex  2.232023e+001  7.153847e+000  3.500000e+000
      vertex  2.227537e+001  7.390659e+000  3.500000e+000
    endloop
  endfacet
  facet normal  9.825244e-001  1.861338e-001  -0.000000e+000
    outer loop
      vertex  2.232023e+001  7.153847e+000  7.000000e+000
      vertex  2.227537e+001  7.390659e+000  3.500000e+000
      vertex  2.227537e+001  7.390659e+000  7.000000e+000
    endloop
  endfacet
  facet normal  8.365034e-001  5.479617e-001  0.000000e+000
    outer loop
      vertex  2.241043e+001  6.930337e+000  3.500000e+000
      vertex  2.254251e+001  6.728719e+000  7.000000e+000
      vertex  2.254251e+001  6.728719e+000  3.500000e+000
    endloop
  endfacet
  facet normal  7.135308e-001  7.006239e-001  -0.000000e+000
    outer loop
      vertex  2.254251e+001  6.728719e+000  3.500000e+000
      vertex  2.254251e+001  6.728719e+000  7.000000e+000
      vertex  2.271137e+001  6.556741e+000  7.000000e+000
    endloop
  endfacet
  facet normal  7.135308e-001  7.006239e-001  0.000000e+000
    outer loop
      vertex  2.254251e+001  6.728719e+000  3.500000e+000
      vertex  2.271137e+001  6.556741e+000  7.000000e+000
      vertex  2.271137e+001  6.556741e+000  3.500000e+000
    endloop
  endfacet
  facet normal  5.631360e-001  8.263643e-001  -0.000000e+000
    outer loop
      vertex  2.271137e+001  6.556741e+000  3.500000e+000
      vertex  2.271137e+001  6.556741e+000  7.000000e+000
      vertex  2.291055e+001  6.421012e+000  7.000000e+000
    endloop
  endfacet
  facet normal  5.631360e-001  8.263643e-001  0.000000e+000
    outer loop
      vertex  2.271137e+001  6.556741e+000  3.500000e+000
      vertex  2.291055e+001  6.421012e+000  7.000000e+000
      vertex  2.291055e+001  6.421012e+000  3.500000e+000
    endloop
  endfacet
  facet normal  3.910992e-001  9.203485e-001  -0.000000e+000
    outer loop
      vertex  2.291055e+001  6.421012e+000  3.500000e+000
      vertex  2.291055e+001  6.421012e+000  7.000000e+000
      vertex  2.313237e+001  6.326748e+000  7.000000e+000
    endloop
  endfacet
  facet normal  3.910992e-001  9.203485e-001  0.000000e+000
    outer loop
      vertex  2.291055e+001  6.421012e+000  3.500000e+000
      vertex  2.313237e+001  6.326748e+000  7.000000e+000
      vertex  2.313237e+001  6.326748e+000  3.500000e+000
    endloop
  endfacet
  facet normal  2.040320e-001  9.789642e-001  -0.000000e+000
    outer loop
      vertex  2.313237e+001  6.326748e+000  3.500000e+000
      vertex  2.313237e+001  6.326748e+000  7.000000e+000
      vertex  2.336833e+001  6.277571e+000  7.000000e+000
    endloop
  endfacet
  facet normal  2.040320e-001  9.789642e-001  0.000000e+000
    outer loop
      vertex  2.313237e+001  6.326748e+000  3.500000e+000
      vertex  2.336833e+001  6.277571e+000  7.000000e+000
      vertex  2.336833e+001  6.277571e+000  3.500000e+000
    endloop
  endfacet
  facet normal  5.631360e-001  8.263643e-001  -0.000000e+000
    outer loop
      vertex  2.291055e+001  6.421012e+000  3.500000e+000
      vertex  2.271137e+001  6.556741e+000  0.000000e+000
      vertex  2.271137e+001  6.556741e+000  3.500000e+000
    endloop
  endfacet
  facet normal  7.135308e-001  7.006239e-001  0.000000e+000
    outer loop
      vertex  2.271137e+001  6.556741e+000  3.500000e+000
      vertex  2.271137e+001  6.556741e+000  0.000000e+000
      vertex  2.254251e+001  6.728719e+000  0.000000e+000
    endloop
  endfacet
  facet normal  7.135308e-001  7.006239e-001  -0.000000e+000
    outer loop
      vertex  2.271137e+001  6.556741e+000  3.500000e+000
      vertex  2.254251e+001  6.728719e+000  0.000000e+000
      vertex  2.254251e+001  6.728719e+000  3.500000e+000
    endloop
  endfacet
  facet normal  8.365034e-001  5.479617e-001  0.000000e+000
    outer loop
      vertex  2.254251e+001  6.728719e+000  3.500000e+000
      vertex  2.254251e+001  6.728719e+000  0.000000e+000
      vertex  2.241043e+001  6.930337e+000  0.000000e+000
    endloop
  endfacet
  facet normal  8.365034e-001  5.479617e-001  -0.000000e+000
    outer loop
      vertex  2.254251e+001  6.728719e+000  3.500000e+000
      vertex  2.241043e+001  6.930337e+000  0.000000e+000
      vertex  2.241043e+001  6.930337e+000  3.500000e+000
    endloop
  endfacet
  facet normal  9.273355e-001  3.742310e-001  0.000000e+000
    outer loop
      vertex  2.241043e+001  6.930337e+000  3.500000e+000
      vertex  2.241043e+001  6.930337e+000  0.000000e+000
      vertex  2.232023e+001  7.153847e+000  0.000000e+000
    endloop
  endfacet
  facet normal  9.273355e-001  3.742310e-001  -0.000000e+000
    outer loop
      vertex  2.241043e+001  6.930337e+000  3.500000e+000
      vertex  2.232023e+001  7.153847e+000  0.000000e+000
      vertex  2.232023e+001  7.153847e+000  3.500000e+000
    endloop
  endfacet
  facet normal  9.825244e-001  1.861338e-001  0.000000e+000
    outer loop
      vertex  2.232023e+001  7.153847e+000  3.500000e+000
      vertex  2.232023e+001  7.153847e+000  0.000000e+000
      vertex  2.227537e+001  7.390659e+000  0.000000e+000
    endloop
  endfacet
  facet normal  9.825244e-001  1.861338e-001  -0.000000e+000
    outer loop
      vertex  2.232023e+001  7.153847e+000  3.500000e+000
      vertex  2.227537e+001  7.390659e+000  0.000000e+000
      vertex  2.227537e+001  7.390659e+000  3.500000e+000
    endloop
  endfacet
  facet normal  9.999584e-001 -9.124289e-003  0.000000e+000
    outer loop
      vertex  2.227537e+001  7.390659e+000  3.500000e+000
      vertex  2.227537e+001  7.390659e+000  0.000000e+000
      vertex  2.227757e+001  7.631673e+000  0.000000e+000
    endloop
  endfacet
  facet normal  9.999584e-001 -9.124289e-003  0.000000e+000
    outer loop
      vertex  2.227537e+001  7.390659e+000  3.500000e+000
      vertex  2.227757e+001  7.631673e+000  0.000000e+000
      vertex  2.227757e+001  7.631673e+000  3.500000e+000
    endloop
  endfacet
  facet normal  9.789639e-001 -2.040339e-001  0.000000e+000
    outer loop
      vertex  2.227757e+001  7.631673e+000  3.500000e+000
      vertex  2.227757e+001  7.631673e+000  0.000000e+000
      vertex  2.232675e+001  7.867628e+000  0.000000e+000
    endloop
  endfacet
  facet normal  9.789639e-001 -2.040339e-001  0.000000e+000
    outer loop
      vertex  2.227757e+001  7.631673e+000  3.500000e+000
      vertex  2.232675e+001  7.867628e+000  0.000000e+000
      vertex  2.232675e+001  7.867628e+000  3.500000e+000
    endloop
  endfacet
  facet normal  9.203475e-001 -3.911016e-001  0.000000e+000
    outer loop
      vertex  2.232675e+001  7.867628e+000  3.500000e+000
      vertex  2.232675e+001  7.867628e+000  0.000000e+000
      vertex  2.242101e+001  8.089454e+000  0.000000e+000
    endloop
  endfacet
  facet normal  9.203475e-001 -3.911016e-001  0.000000e+000
    outer loop
      vertex  2.232675e+001  7.867628e+000  3.500000e+000
      vertex  2.242101e+001  8.089454e+000  0.000000e+000
      vertex  2.242101e+001  8.089454e+000  3.500000e+000
    endloop
  endfacet
  facet normal  5.631360e-001  8.263643e-001  0.000000e+000
    outer loop
      vertex  2.271137e+001  6.556741e+000  0.000000e+000
      vertex  2.291055e+001  6.421012e+000  3.500000e+000
      vertex  2.291055e+001  6.421012e+000  0.000000e+000
    endloop
  endfacet
  facet normal  3.910992e-001  9.203485e-001  -0.000000e+000
    outer loop
      vertex  2.291055e+001  6.421012e+000  0.000000e+000
      vertex  2.291055e+001  6.421012e+000  3.500000e+000
      vertex  2.313237e+001  6.326748e+000  3.500000e+000
    endloop
  endfacet
  facet normal  3.910992e-001  9.203485e-001  0.000000e+000
    outer loop
      vertex  2.291055e+001  6.421012e+000  0.000000e+000
      vertex  2.313237e+001  6.326748e+000  3.500000e+000
      vertex  2.313237e+001  6.326748e+000  0.000000e+000
    endloop
  endfacet
  facet normal  2.040320e-001  9.789642e-001  -0.000000e+000
    outer loop
      vertex  2.313237e+001  6.326748e+000  0.000000e+000
      vertex  2.313237e+001  6.326748e+000  3.500000e+000
      vertex  2.336833e+001  6.277571e+000  3.500000e+000
    endloop
  endfacet
  facet normal  2.040320e-001  9.789642e-001  0.000000e+000
    outer loop
      vertex  2.313237e+001  6.326748e+000  0.000000e+000
      vertex  2.336833e+001  6.277571e+000  3.500000e+000
      vertex  2.336833e+001  6.277571e+000  0.000000e+000
    endloop
  endfacet
  facet normal  9.126249e-003  9.999583e-001  -0.000000e+000
    outer loop
      vertex  2.336833e+001  6.277571e+000  0.000000e+000
      vertex  2.336833e+001  6.277571e+000  3.500000e+000
      vertex  2.360934e+001  6.275372e+000  3.500000e+000
    endloop
  endfacet
  facet normal  9.126249e-003  9.999583e-001  0.000000e+000
    outer loop
      vertex  2.336833e+001  6.277571e+000  0.000000e+000
      vertex  2.360934e+001  6.275372e+000  3.500000e+000
      vertex  2.360934e+001  6.275372e+000  0.000000e+000
    endloop
  endfacet
  facet normal -1.861316e-001  9.825248e-001  0.000000e+000
    outer loop
      vertex  2.360934e+001  6.275372e+000  0.000000e+000
      vertex  2.360934e+001  6.275372e+000  3.500000e+000
      vertex  2.384615e+001  6.320234e+000  3.500000e+000
    endloop
  endfacet
  facet normal -1.861316e-001  9.825248e-001  0.000000e+000
    outer loop
      vertex  2.360934e+001  6.275372e+000  0.000000e+000
      vertex  2.384615e+001  6.320234e+000  3.500000e+000
      vertex  2.384615e+001  6.320234e+000  0.000000e+000
    endloop
  endfacet
  facet normal -3.742374e-001  9.273329e-001  0.000000e+000
    outer loop
      vertex  2.384615e+001  6.320234e+000  0.000000e+000
      vertex  2.384615e+001  6.320234e+000  3.500000e+000
      vertex  2.406966e+001  6.410434e+000  3.500000e+000
    endloop
  endfacet
  facet normal -3.742374e-001  9.273329e-001  0.000000e+000
    outer loop
      vertex  2.384615e+001  6.320234e+000  0.000000e+000
      vertex  2.406966e+001  6.410434e+000  3.500000e+000
      vertex  2.406966e+001  6.410434e+000  0.000000e+000
    endloop
  endfacet
  facet normal -5.479590e-001  8.365052e-001  0.000000e+000
    outer loop
      vertex  2.406966e+001  6.410434e+000  0.000000e+000
      vertex  2.406966e+001  6.410434e+000  3.500000e+000
      vertex  2.427128e+001  6.542505e+000  3.500000e+000
    endloop
  endfacet
  facet normal -5.479590e-001  8.365052e-001  0.000000e+000
    outer loop
      vertex  2.406966e+001  6.410434e+000  0.000000e+000
      vertex  2.427128e+001  6.542505e+000  3.500000e+000
      vertex  2.427128e+001  6.542505e+000  0.000000e+000
    endloop
  endfacet
  facet normal -7.006239e-001  7.135308e-001  0.000000e+000
    outer loop
      vertex  2.427128e+001  6.542505e+000  0.000000e+000
      vertex  2.427128e+001  6.542505e+000  3.500000e+000
      vertex  2.444326e+001  6.711372e+000  3.500000e+000
    endloop
  endfacet
  facet normal -7.006239e-001  7.135308e-001  0.000000e+000
    outer loop
      vertex  2.427128e+001  6.542505e+000  0.000000e+000
      vertex  2.444326e+001  6.711372e+000  3.500000e+000
      vertex  2.444326e+001  6.711372e+000  0.000000e+000
    endloop
  endfacet
  facet normal -8.263655e-001  5.631341e-001  0.000000e+000
    outer loop
      vertex  2.444326e+001  6.711372e+000  0.000000e+000
      vertex  2.444326e+001  6.711372e+000  3.500000e+000
      vertex  2.457899e+001  6.910546e+000  3.500000e+000
    endloop
  endfacet
  facet normal -8.263655e-001  5.631341e-001  0.000000e+000
    outer loop
      vertex  2.444326e+001  6.711372e+000  0.000000e+000
      vertex  2.457899e+001  6.910546e+000  3.500000e+000
      vertex  2.457899e+001  6.910546e+000  0.000000e+000
    endloop
  endfacet
  facet normal  9.203475e-001 -3.911016e-001  0.000000e+000
    outer loop
      vertex  2.242101e+001  8.089454e+000  7.000000e+000
      vertex  2.232675e+001  7.867628e+000  7.000000e+000
      vertex  2.242101e+001  8.089454e+000  3.500000e+000
    endloop
  endfacet
  facet normal  9.203475e-001 -3.911016e-001  0.000000e+000
    outer loop
      vertex  2.242101e+001  8.089454e+000  3.500000e+000
      vertex  2.232675e+001  7.867628e+000  7.000000e+000
      vertex  2.232675e+001  7.867628e+000  3.500000e+000
    endloop
  endfacet
  facet normal  9.789639e-001 -2.040339e-001  0.000000e+000
    outer loop
      vertex  2.232675e+001  7.867628e+000  7.000000e+000
      vertex  2.227757e+001  7.631673e+000  7.000000e+000
      vertex  2.232675e+001  7.867628e+000  3.500000e+000
    endloop
  endfacet
  facet normal  9.789639e-001 -2.040339e-001  0.000000e+000
    outer loop
      vertex  2.232675e+001  7.867628e+000  3.500000e+000
      vertex  2.227757e+001  7.631673e+000  7.000000e+000
      vertex  2.227757e+001  7.631673e+000  3.500000e+000
    endloop
  endfacet
  facet normal  4.449334e-002 -9.990097e-001  0.000000e+000
    outer loop
      vertex  2.339066e+001  8.724628e+000  7.000000e+000
      vertex  2.339066e+001  8.724628e+000  3.500000e+000
      vertex  2.350004e+001  8.729500e+000  7.000000e+000
    endloop
  endfacet
  facet normal -9.124258e-003 -9.999570e-001  1.676898e-003
    outer loop
      vertex  2.363167e+001  8.722429e+000  3.500000e+000
      vertex  2.350004e+001  8.729500e+000  7.000000e+000
      vertex  2.339066e+001  8.724628e+000  3.500000e+000
    endloop
  endfacet
  facet normal -5.363487e-002 -9.985606e-001  0.000000e+000
    outer loop
      vertex  2.363167e+001  8.722429e+000  7.000000e+000
      vertex  2.350004e+001  8.729500e+000  7.000000e+000
      vertex  2.363167e+001  8.722429e+000  3.500000e+000
    endloop
  endfacet
  facet normal -9.990097e-001 -4.449354e-002  0.000000e+000
    outer loop
      vertex  2.472463e+001  7.609341e+000  7.000000e+000
      vertex  2.472463e+001  7.609341e+000  3.500000e+000
      vertex  2.472950e+001  7.499964e+000  7.000000e+000
    endloop
  endfacet
  facet normal -9.999570e-001  9.124276e-003  1.676897e-003
    outer loop
      vertex  2.472243e+001  7.368327e+000  3.500000e+000
      vertex  2.472950e+001  7.499964e+000  7.000000e+000
      vertex  2.472463e+001  7.609341e+000  3.500000e+000
    endloop
  endfacet
  facet normal -9.985606e-001  5.363487e-002  0.000000e+000
    outer loop
      vertex  2.472243e+001  7.368327e+000  7.000000e+000
      vertex  2.472950e+001  7.499964e+000  7.000000e+000
      vertex  2.472243e+001  7.368327e+000  3.500000e+000
    endloop
  endfacet
  facet normal  3.742392e-001 -9.273322e-001  0.000000e+000
    outer loop
      vertex  2.293034e+001  8.589566e+000  7.000000e+000
      vertex  2.315385e+001  8.679767e+000  3.500000e+000
      vertex  2.315385e+001  8.679767e+000  7.000000e+000
    endloop
  endfacet
  facet normal  1.861296e-001 -9.825252e-001  0.000000e+000
    outer loop
      vertex  2.315385e+001  8.679767e+000  7.000000e+000
      vertex  2.315385e+001  8.679767e+000  3.500000e+000
      vertex  2.339066e+001  8.724628e+000  3.500000e+000
    endloop
  endfacet
  facet normal  1.861296e-001 -9.825252e-001  0.000000e+000
    outer loop
      vertex  2.315385e+001  8.679767e+000  7.000000e+000
      vertex  2.339066e+001  8.724628e+000  3.500000e+000
      vertex  2.339066e+001  8.724628e+000  7.000000e+000
    endloop
  endfacet
  facet normal  3.742392e-001 -9.273322e-001  0.000000e+000
    outer loop
      vertex  2.315385e+001  8.679767e+000  3.500000e+000
      vertex  2.293034e+001  8.589566e+000  7.000000e+000
      vertex  2.293034e+001  8.589566e+000  3.500000e+000
    endloop
  endfacet
  facet normal  5.479590e-001 -8.365052e-001  0.000000e+000
    outer loop
      vertex  2.293034e+001  8.589566e+000  3.500000e+000
      vertex  2.293034e+001  8.589566e+000  7.000000e+000
      vertex  2.272872e+001  8.457495e+000  7.000000e+000
    endloop
  endfacet
  facet normal  5.479590e-001 -8.365052e-001  0.000000e+000
    outer loop
      vertex  2.293034e+001  8.589566e+000  3.500000e+000
      vertex  2.272872e+001  8.457495e+000  7.000000e+000
      vertex  2.272872e+001  8.457495e+000  3.500000e+000
    endloop
  endfacet
  facet normal  7.006239e-001 -7.135308e-001  0.000000e+000
    outer loop
      vertex  2.272872e+001  8.457495e+000  3.500000e+000
      vertex  2.272872e+001  8.457495e+000  7.000000e+000
      vertex  2.255674e+001  8.288628e+000  7.000000e+000
    endloop
  endfacet
  facet normal  7.006239e-001 -7.135308e-001  0.000000e+000
    outer loop
      vertex  2.272872e+001  8.457495e+000  3.500000e+000
      vertex  2.255674e+001  8.288628e+000  7.000000e+000
      vertex  2.255674e+001  8.288628e+000  3.500000e+000
    endloop
  endfacet
  facet normal  8.263655e-001 -5.631341e-001  0.000000e+000
    outer loop
      vertex  2.255674e+001  8.288628e+000  3.500000e+000
      vertex  2.255674e+001  8.288628e+000  7.000000e+000
      vertex  2.242101e+001  8.089454e+000  7.000000e+000
    endloop
  endfacet
  facet normal  8.263655e-001 -5.631341e-001  0.000000e+000
    outer loop
      vertex  2.255674e+001  8.288628e+000  3.500000e+000
      vertex  2.242101e+001  8.089454e+000  7.000000e+000
      vertex  2.242101e+001  8.089454e+000  3.500000e+000
    endloop
  endfacet
  facet normal -8.365023e-001 -5.479636e-001  0.000000e+000
    outer loop
      vertex  2.445749e+001  8.271280e+000  7.000000e+000
      vertex  2.458957e+001  8.069663e+000  3.500000e+000
      vertex  2.458957e+001  8.069663e+000  7.000000e+000
    endloop
  endfacet
  facet normal -9.273359e-001 -3.742303e-001  -0.000000e+000
    outer loop
      vertex  2.458957e+001  8.069663e+000  7.000000e+000
      vertex  2.458957e+001  8.069663e+000  3.500000e+000
      vertex  2.467977e+001  7.846153e+000  3.500000e+000
    endloop
  endfacet
  facet normal -9.273359e-001 -3.742303e-001  0.000000e+000
    outer loop
      vertex  2.458957e+001  8.069663e+000  7.000000e+000
      vertex  2.467977e+001  7.846153e+000  3.500000e+000
      vertex  2.467977e+001  7.846153e+000  7.000000e+000
    endloop
  endfacet
  facet normal -9.825244e-001 -1.861338e-001  -0.000000e+000
    outer loop
      vertex  2.467977e+001  7.846153e+000  7.000000e+000
      vertex  2.467977e+001  7.846153e+000  3.500000e+000
      vertex  2.472463e+001  7.609341e+000  3.500000e+000
    endloop
  endfacet
  facet normal -9.825244e-001 -1.861338e-001  0.000000e+000
    outer loop
      vertex  2.467977e+001  7.846153e+000  7.000000e+000
      vertex  2.472463e+001  7.609341e+000  3.500000e+000
      vertex  2.472463e+001  7.609341e+000  7.000000e+000
    endloop
  endfacet
  facet normal -8.365023e-001 -5.479636e-001  -0.000000e+000
    outer loop
      vertex  2.458957e+001  8.069663e+000  3.500000e+000
      vertex  2.445749e+001  8.271280e+000  7.000000e+000
      vertex  2.445749e+001  8.271280e+000  3.500000e+000
    endloop
  endfacet
  facet normal -7.135308e-001 -7.006239e-001  0.000000e+000
    outer loop
      vertex  2.445749e+001  8.271280e+000  3.500000e+000
      vertex  2.445749e+001  8.271280e+000  7.000000e+000
      vertex  2.428863e+001  8.443258e+000  7.000000e+000
    endloop
  endfacet
  facet normal -7.135308e-001 -7.006239e-001  -0.000000e+000
    outer loop
      vertex  2.445749e+001  8.271280e+000  3.500000e+000
      vertex  2.428863e+001  8.443258e+000  7.000000e+000
      vertex  2.428863e+001  8.443258e+000  3.500000e+000
    endloop
  endfacet
  facet normal -5.631387e-001 -8.263625e-001  0.000000e+000
    outer loop
      vertex  2.428863e+001  8.443258e+000  3.500000e+000
      vertex  2.428863e+001  8.443258e+000  7.000000e+000
      vertex  2.408945e+001  8.578988e+000  7.000000e+000
    endloop
  endfacet
  facet normal -5.631387e-001 -8.263625e-001  -0.000000e+000
    outer loop
      vertex  2.428863e+001  8.443258e+000  3.500000e+000
      vertex  2.408945e+001  8.578988e+000  7.000000e+000
      vertex  2.408945e+001  8.578988e+000  3.500000e+000
    endloop
  endfacet
  facet normal -3.910976e-001 -9.203492e-001  0.000000e+000
    outer loop
      vertex  2.408945e+001  8.578988e+000  3.500000e+000
      vertex  2.408945e+001  8.578988e+000  7.000000e+000
      vertex  2.386763e+001  8.673252e+000  7.000000e+000
    endloop
  endfacet
  facet normal -3.910976e-001 -9.203492e-001  -0.000000e+000
    outer loop
      vertex  2.408945e+001  8.578988e+000  3.500000e+000
      vertex  2.386763e+001  8.673252e+000  7.000000e+000
      vertex  2.386763e+001  8.673252e+000  3.500000e+000
    endloop
  endfacet
  facet normal -2.040339e-001 -9.789639e-001  0.000000e+000
    outer loop
      vertex  2.386763e+001  8.673252e+000  3.500000e+000
      vertex  2.386763e+001  8.673252e+000  7.000000e+000
      vertex  2.363167e+001  8.722429e+000  7.000000e+000
    endloop
  endfacet
  facet normal -2.040339e-001 -9.789639e-001  -0.000000e+000
    outer loop
      vertex  2.386763e+001  8.673252e+000  3.500000e+000
      vertex  2.363167e+001  8.722429e+000  7.000000e+000
      vertex  2.363167e+001  8.722429e+000  3.500000e+000
    endloop
  endfacet
  facet normal -5.631387e-001 -8.263625e-001  0.000000e+000
    outer loop
      vertex  2.408945e+001  8.578988e+000  3.500000e+000
      vertex  2.428863e+001  8.443258e+000  0.000000e+000
      vertex  2.428863e+001  8.443258e+000  3.500000e+000
    endloop
  endfacet
  facet normal -7.135308e-001 -7.006239e-001  -0.000000e+000
    outer loop
      vertex  2.428863e+001  8.443258e+000  3.500000e+000
      vertex  2.428863e+001  8.443258e+000  0.000000e+000
      vertex  2.445749e+001  8.271280e+000  0.000000e+000
    endloop
  endfacet
  facet normal -7.135308e-001 -7.006239e-001  0.000000e+000
    outer loop
      vertex  2.428863e+001  8.443258e+000  3.500000e+000
      vertex  2.445749e+001  8.271280e+000  0.000000e+000
      vertex  2.445749e+001  8.271280e+000  3.500000e+000
    endloop
  endfacet
  facet normal -8.365023e-001 -5.479636e-001  -0.000000e+000
    outer loop
      vertex  2.445749e+001  8.271280e+000  3.500000e+000
      vertex  2.445749e+001  8.271280e+000  0.000000e+000
      vertex  2.458957e+001  8.069663e+000  0.000000e+000
    endloop
  endfacet
  facet normal -8.365023e-001 -5.479636e-001  0.000000e+000
    outer loop
      vertex  2.445749e+001  8.271280e+000  3.500000e+000
      vertex  2.458957e+001  8.069663e+000  0.000000e+000
      vertex  2.458957e+001  8.069663e+000  3.500000e+000
    endloop
  endfacet
  facet normal -9.273359e-001 -3.742303e-001  -0.000000e+000
    outer loop
      vertex  2.458957e+001  8.069663e+000  3.500000e+000
      vertex  2.458957e+001  8.069663e+000  0.000000e+000
      vertex  2.467977e+001  7.846153e+000  0.000000e+000
    endloop
  endfacet
  facet normal -9.273359e-001 -3.742303e-001  0.000000e+000
    outer loop
      vertex  2.458957e+001  8.069663e+000  3.500000e+000
      vertex  2.467977e+001  7.846153e+000  0.000000e+000
      vertex  2.467977e+001  7.846153e+000  3.500000e+000
    endloop
  endfacet
  facet normal -9.825244e-001 -1.861338e-001  -0.000000e+000
    outer loop
      vertex  2.467977e+001  7.846153e+000  3.500000e+000
      vertex  2.467977e+001  7.846153e+000  0.000000e+000
      vertex  2.472463e+001  7.609341e+000  0.000000e+000
    endloop
  endfacet
  facet normal -9.825244e-001 -1.861338e-001  0.000000e+000
    outer loop
      vertex  2.467977e+001  7.846153e+000  3.500000e+000
      vertex  2.472463e+001  7.609341e+000  0.000000e+000
      vertex  2.472463e+001  7.609341e+000  3.500000e+000
    endloop
  endfacet
  facet normal -9.999584e-001  9.124289e-003  0.000000e+000
    outer loop
      vertex  2.472463e+001  7.609341e+000  3.500000e+000
      vertex  2.472463e+001  7.609341e+000  0.000000e+000
      vertex  2.472243e+001  7.368327e+000  0.000000e+000
    endloop
  endfacet
  facet normal -9.999584e-001  9.124289e-003  0.000000e+000
    outer loop
      vertex  2.472463e+001  7.609341e+000  3.500000e+000
      vertex  2.472243e+001  7.368327e+000  0.000000e+000
      vertex  2.472243e+001  7.368327e+000  3.500000e+000
    endloop
  endfacet
  facet normal -9.789639e-001  2.040339e-001  0.000000e+000
    outer loop
      vertex  2.472243e+001  7.368327e+000  3.500000e+000
      vertex  2.472243e+001  7.368327e+000  0.000000e+000
      vertex  2.467325e+001  7.132372e+000  0.000000e+000
    endloop
  endfacet
  facet normal -9.789639e-001  2.040339e-001  0.000000e+000
    outer loop
      vertex  2.472243e+001  7.368327e+000  3.500000e+000
      vertex  2.467325e+001  7.132372e+000  0.000000e+000
      vertex  2.467325e+001  7.132372e+000  3.500000e+000
    endloop
  endfacet
  facet normal -9.203475e-001  3.911016e-001  0.000000e+000
    outer loop
      vertex  2.467325e+001  7.132372e+000  3.500000e+000
      vertex  2.467325e+001  7.132372e+000  0.000000e+000
      vertex  2.457899e+001  6.910546e+000  0.000000e+000
    endloop
  endfacet
  facet normal -9.203475e-001  3.911016e-001  0.000000e+000
    outer loop
      vertex  2.467325e+001  7.132372e+000  3.500000e+000
      vertex  2.457899e+001  6.910546e+000  0.000000e+000
      vertex  2.457899e+001  6.910546e+000  3.500000e+000
    endloop
  endfacet
  facet normal -5.631387e-001 -8.263625e-001  -0.000000e+000
    outer loop
      vertex  2.428863e+001  8.443258e+000  0.000000e+000
      vertex  2.408945e+001  8.578988e+000  3.500000e+000
      vertex  2.408945e+001  8.578988e+000  0.000000e+000
    endloop
  endfacet
  facet normal -3.910976e-001 -9.203492e-001  0.000000e+000
    outer loop
      vertex  2.408945e+001  8.578988e+000  0.000000e+000
      vertex  2.408945e+001  8.578988e+000  3.500000e+000
      vertex  2.386763e+001  8.673252e+000  3.500000e+000
    endloop
  endfacet
  facet normal -3.910976e-001 -9.203492e-001  -0.000000e+000
    outer loop
      vertex  2.408945e+001  8.578988e+000  0.000000e+000
      vertex  2.386763e+001  8.673252e+000  3.500000e+000
      vertex  2.386763e+001  8.673252e+000  0.000000e+000
    endloop
  endfacet
  facet normal -2.040339e-001 -9.789639e-001  0.000000e+000
    outer loop
      vertex  2.386763e+001  8.673252e+000  0.000000e+000
      vertex  2.386763e+001  8.673252e+000  3.500000e+000
      vertex  2.363167e+001  8.722429e+000  3.500000e+000
    endloop
  endfacet
  facet normal -2.040339e-001 -9.789639e-001  -0.000000e+000
    outer loop
      vertex  2.386763e+001  8.673252e+000  0.000000e+000
      vertex  2.363167e+001  8.722429e+000  3.500000e+000
      vertex  2.363167e+001  8.722429e+000  0.000000e+000
    endloop
  endfacet
  facet normal -9.124271e-003 -9.999583e-001  0.000000e+000
    outer loop
      vertex  2.363167e+001  8.722429e+000  0.000000e+000
      vertex  2.363167e+001  8.722429e+000  3.500000e+000
      vertex  2.339066e+001  8.724628e+000  3.500000e+000
    endloop
  endfacet
  facet normal -9.124271e-003 -9.999583e-001  -0.000000e+000
    outer loop
      vertex  2.363167e+001  8.722429e+000  0.000000e+000
      vertex  2.339066e+001  8.724628e+000  3.500000e+000
      vertex  2.339066e+001  8.724628e+000  0.000000e+000
    endloop
  endfacet
  facet normal  1.861296e-001 -9.825252e-001  0.000000e+000
    outer loop
      vertex  2.339066e+001  8.724628e+000  0.000000e+000
      vertex  2.339066e+001  8.724628e+000  3.500000e+000
      vertex  2.315385e+001  8.679767e+000  3.500000e+000
    endloop
  endfacet
  facet normal  1.861296e-001 -9.825252e-001  0.000000e+000
    outer loop
      vertex  2.339066e+001  8.724628e+000  0.000000e+000
      vertex  2.315385e+001  8.679767e+000  3.500000e+000
      vertex  2.315385e+001  8.679767e+000  0.000000e+000
    endloop
  endfacet
  facet normal  3.742392e-001 -9.273322e-001  0.000000e+000
    outer loop
      vertex  2.315385e+001  8.679767e+000  0.000000e+000
      vertex  2.315385e+001  8.679767e+000  3.500000e+000
      vertex  2.293034e+001  8.589566e+000  3.500000e+000
    endloop
  endfacet
  facet normal  3.742392e-001 -9.273322e-001  0.000000e+000
    outer loop
      vertex  2.315385e+001  8.679767e+000  0.000000e+000
      vertex  2.293034e+001  8.589566e+000  3.500000e+000
      vertex  2.293034e+001  8.589566e+000  0.000000e+000
    endloop
  endfacet
  facet normal  5.479590e-001 -8.365052e-001  0.000000e+000
    outer loop
      vertex  2.293034e+001  8.589566e+000  0.000000e+000
      vertex  2.293034e+001  8.589566e+000  3.500000e+000
      vertex  2.272872e+001  8.457495e+000  3.500000e+000
    endloop
  endfacet
  facet normal  5.479590e-001 -8.365052e-001  0.000000e+000
    outer loop
      vertex  2.293034e+001  8.589566e+000  0.000000e+000
      vertex  2.272872e+001  8.457495e+000  3.500000e+000
      vertex  2.272872e+001  8.457495e+000  0.000000e+000
    endloop
  endfacet
  facet normal  7.006239e-001 -7.135308e-001  0.000000e+000
    outer loop
      vertex  2.272872e+001  8.457495e+000  0.000000e+000
      vertex  2.272872e+001  8.457495e+000  3.500000e+000
      vertex  2.255674e+001  8.288628e+000  3.500000e+000
    endloop
  endfacet
  facet normal  7.006239e-001 -7.135308e-001  0.000000e+000
    outer loop
      vertex  2.272872e+001  8.457495e+000  0.000000e+000
      vertex  2.255674e+001  8.288628e+000  3.500000e+000
      vertex  2.255674e+001  8.288628e+000  0.000000e+000
    endloop
  endfacet
  facet normal  8.263655e-001 -5.631341e-001  0.000000e+000
    outer loop
      vertex  2.255674e+001  8.288628e+000  0.000000e+000
      vertex  2.255674e+001  8.288628e+000  3.500000e+000
      vertex  2.242101e+001  8.089454e+000  3.500000e+000
    endloop
  endfacet
  facet normal  8.263655e-001 -5.631341e-001  0.000000e+000
    outer loop
      vertex  2.255674e+001  8.288628e+000  0.000000e+000
      vertex  2.242101e+001  8.089454e+000  3.500000e+000
      vertex  2.242101e+001  8.089454e+000  0.000000e+000
    endloop
  endfacet
  facet normal -9.203475e-001  3.911016e-001  0.000000e+000
    outer loop
      vertex  2.457899e+001  6.910546e+000  7.000000e+000
      vertex  2.467325e+001  7.132372e+000  7.000000e+000
      vertex  2.457899e+001  6.910546e+000  3.500000e+000
    endloop
  endfacet
  facet normal -9.203475e-001  3.911016e-001  0.000000e+000
    outer loop
      vertex  2.457899e+001  6.910546e+000  3.500000e+000
      vertex  2.467325e+001  7.132372e+000  7.000000e+000
      vertex  2.467325e+001  7.132372e+000  3.500000e+000
    endloop
  endfacet
  facet normal -9.789639e-001  2.040339e-001  0.000000e+000
    outer loop
      vertex  2.467325e+001  7.132372e+000  7.000000e+000
      vertex  2.472243e+001  7.368327e+000  7.000000e+000
      vertex  2.467325e+001  7.132372e+000  3.500000e+000
    endloop
  endfacet
  facet normal -9.789639e-001  2.040339e-001  0.000000e+000
    outer loop
      vertex  2.467325e+001  7.132372e+000  3.500000e+000
      vertex  2.472243e+001  7.368327e+000  7.000000e+000
      vertex  2.472243e+001  7.368327e+000  3.500000e+000
    endloop
  endfacet
  facet normal  0.000000e+000  0.000000e+000  1.000000e+000
    outer loop
      vertex  1.213358e+001  7.939467e+000  7.000000e+000
      vertex  1.045749e+001  8.271280e+000  7.000000e+000
      vertex  1.058957e+001  8.069663e+000  7.000000e+000
    endloop
  endfacet
  facet normal  0.000000e+000  -0.000000e+000  9.999999e-001
    outer loop
      vertex  1.058957e+001  8.069663e+000  7.000000e+000
      vertex  1.067977e+001  7.846153e+000  7.000000e+000
      vertex  1.213358e+001  7.939467e+000  7.000000e+000
    endloop
  endfacet
  facet normal  0.000000e+000  0.000000e+000  1.000000e+000
    outer loop
      vertex  8.930337e+000  8.589566e+000  7.000000e+000
      vertex  9.153847e+000  8.679767e+000  7.000000e+000
      vertex  6.974668e+000  8.366947e+000  7.000000e+000
    endloop
  endfacet
  facet normal  0.000000e+000  0.000000e+000  1.000000e+000
    outer loop
      vertex  8.728720e+000  8.457495e+000  7.000000e+000
      vertex  8.930337e+000  8.589566e+000  7.000000e+000
      vertex  6.974668e+000  8.366947e+000  7.000000e+000
    endloop
  endfacet
  facet normal  0.000000e+000  -0.000000e+000  1.000000e+000
    outer loop
      vertex  6.830000e+000  7.500000e+000  7.000000e+000
      vertex  8.270500e+000  7.500036e+000  7.000000e+000
      vertex  8.277571e+000  7.631673e+000  7.000000e+000
    endloop
  endfacet
  facet normal  0.000000e+000  0.000000e+000  1.000000e+000
    outer loop
      vertex  8.410434e+000  6.930337e+000  7.000000e+000
      vertex  6.974668e+000  6.633052e+000  7.000000e+000
      vertex  8.542505e+000  6.728719e+000  7.000000e+000
    endloop
  endfacet
  facet normal  -0.000000e+000  0.000000e+000  1.000000e+000
    outer loop
      vertex  8.542505e+000  6.728719e+000  7.000000e+000
      vertex  6.974668e+000  6.633052e+000  7.000000e+000
      vertex  8.711372e+000  6.556741e+000  7.000000e+000
    endloop
  endfacet
  facet normal  0.000000e+000  -0.000000e+000  1.000000e+000
    outer loop
      vertex  9.500035e+000  8.729500e+000  7.000000e+000
      vertex  9.631674e+000  8.722429e+000  7.000000e+000
      vertex  1.184820e+001  8.770780e+000  7.000000e+000
    endloop
  endfacet
  facet normal  0.000000e+000  0.000000e+000  1.000000e+000
    outer loop
      vertex  9.500035e+000  8.729500e+000  7.000000e+000
      vertex  1.184820e+001  8.770780e+000  7.000000e+000
      vertex  1.160701e+001  9.139948e+000  7.000000e+000
    endloop
  endfacet
  facet normal  0.000000e+000  0.000000e+000  1.000000e+000
    outer loop
      vertex  9.500035e+000  8.729500e+000  7.000000e+000
      vertex  1.160701e+001  9.139948e+000  7.000000e+000
      vertex  1.130834e+001  9.464383e+000  7.000000e+000
    endloop
  endfacet
  facet normal  0.000000e+000  0.000000e+000  1.000000e+000
    outer loop
      vertex  9.500035e+000  8.729500e+000  7.000000e+000
      vertex  1.130834e+001  9.464383e+000  7.000000e+000
      vertex  1.096035e+001  9.735234e+000  7.000000e+000
    endloop
  endfacet
  facet normal  0.000000e+000  0.000000e+000  1.000000e+000
    outer loop
      vertex  9.500035e+000  8.729500e+000  7.000000e+000
      vertex  1.096035e+001  9.735234e+000  7.000000e+000
      vertex  1.057253e+001  9.945115e+000  7.000000e+000
    endloop
  endfacet
  facet normal  0.000000e+000  0.000000e+000  9.999999e-001
    outer loop
      vertex  9.500035e+000  8.729500e+000  7.000000e+000
      vertex  1.057253e+001  9.945115e+000  7.000000e+000
      vertex  1.015545e+001  1.008830e+001  7.000000e+000
    endloop
  endfacet
  facet normal  0.000000e+000  0.000000e+000  1.000000e+000
    outer loop
      vertex  9.500035e+000  8.729500e+000  7.000000e+000
      vertex  1.015545e+001  1.008830e+001  7.000000e+000
      vertex  9.720487e+000  1.016088e+001  7.000000e+000
    endloop
  endfacet
  facet normal  0.000000e+000  0.000000e+000  1.000000e+000
    outer loop
      vertex  9.500035e+000  8.729500e+000  7.000000e+000
      vertex  9.720487e+000  1.016088e+001  7.000000e+000
      vertex  9.500000e+000  1.017000e+001  7.000000e+000
    endloop
  endfacet
  facet normal  0.000000e+000  0.000000e+000  1.000000e+000
    outer loop
      vertex  1.202533e+001  8.366947e+000  7.000000e+000
      vertex  1.184820e+001  8.770780e+000  7.000000e+000
      vertex  9.631674e+000  8.722429e+000  7.000000e+000
    endloop
  endfacet
  facet normal  0.000000e+000  0.000000e+000  1.000000e+000
    outer loop
      vertex  1.202533e+001  8.366947e+000  7.000000e+000
      vertex  9.631674e+000  8.722429e+000  7.000000e+000
      vertex  9.867627e+000  8.673252e+000  7.000000e+000
    endloop
  endfacet
  facet normal  0.000000e+000  0.000000e+000  1.000000e+000
    outer loop
      vertex  1.202533e+001  8.366947e+000  7.000000e+000
      vertex  9.867627e+000  8.673252e+000  7.000000e+000
      vertex  1.008945e+001  8.578988e+000  7.000000e+000
    endloop
  endfacet
  facet normal  0.000000e+000  0.000000e+000  1.000000e+000
    outer loop
      vertex  1.202533e+001  8.366947e+000  7.000000e+000
      vertex  1.008945e+001  8.578988e+000  7.000000e+000
      vertex  1.028863e+001  8.443258e+000  7.000000e+000
    endloop
  endfacet
  facet normal  0.000000e+000  0.000000e+000  9.999999e-001
    outer loop
      vertex  1.202533e+001  8.366947e+000  7.000000e+000
      vertex  1.028863e+001  8.443258e+000  7.000000e+000
      vertex  1.045749e+001  8.271280e+000  7.000000e+000
    endloop
  endfacet
  facet normal  -0.000000e+000  0.000000e+000  9.999999e-001
    outer loop
      vertex  1.202533e+001  8.366947e+000  7.000000e+000
      vertex  1.045749e+001  8.271280e+000  7.000000e+000
      vertex  1.213358e+001  7.939467e+000  7.000000e+000
    endloop
  endfacet
  facet normal  0.000000e+000  0.000000e+000  1.000000e+000
    outer loop
      vertex  1.184820e+001  6.229220e+000  7.000000e+000
      vertex  1.202533e+001  6.633052e+000  7.000000e+000
      vertex  1.044326e+001  6.711372e+000  7.000000e+000
    endloop
  endfacet
  facet normal  0.000000e+000  0.000000e+000  1.000000e+000
    outer loop
      vertex  1.184820e+001  6.229220e+000  7.000000e+000
      vertex  1.044326e+001  6.711372e+000  7.000000e+000
      vertex  1.027128e+001  6.542505e+000  7.000000e+000
    endloop
  endfacet
  facet normal  0.000000e+000  0.000000e+000  1.000000e+000
    outer loop
      vertex  1.184820e+001  6.229220e+000  7.000000e+000
      vertex  1.027128e+001  6.542505e+000  7.000000e+000
      vertex  1.006966e+001  6.410434e+000  7.000000e+000
    endloop
  endfacet
  facet normal  0.000000e+000  0.000000e+000  1.000000e+000
    outer loop
      vertex  1.184820e+001  6.229220e+000  7.000000e+000
      vertex  1.006966e+001  6.410434e+000  7.000000e+000
      vertex  9.846153e+000  6.320234e+000  7.000000e+000
    endloop
  endfacet
  facet normal  0.000000e+000  0.000000e+000  9.999999e-001
    outer loop
      vertex  1.184820e+001  6.229220e+000  7.000000e+000
      vertex  9.846153e+000  6.320234e+000  7.000000e+000
      vertex  9.609341e+000  6.275372e+000  7.000000e+000
    endloop
  endfacet
  facet normal  0.000000e+000  0.000000e+000  1.000000e+000
    outer loop
      vertex  1.184820e+001  6.229220e+000  7.000000e+000
      vertex  9.609341e+000  6.275372e+000  7.000000e+000
      vertex  9.499965e+000  6.270500e+000  7.000000e+000
    endloop
  endfacet
  facet normal  0.000000e+000  -0.000000e+000  9.999999e-001
    outer loop
      vertex  9.500000e+000  4.830000e+000  7.000000e+000
      vertex  9.720487e+000  4.839119e+000  7.000000e+000
      vertex  1.015545e+001  4.911701e+000  7.000000e+000
    endloop
  endfacet
  facet normal  0.000000e+000  -0.000000e+000  1.000000e+000
    outer loop
      vertex  9.500000e+000  4.830000e+000  7.000000e+000
      vertex  1.015545e+001  4.911701e+000  7.000000e+000
      vertex  1.057253e+001  5.054885e+000  7.000000e+000
    endloop
  endfacet
  facet normal  0.000000e+000  -0.000000e+000  1.000000e+000
    outer loop
      vertex  9.500000e+000  4.830000e+000  7.000000e+000
      vertex  1.057253e+001  5.054885e+000  7.000000e+000
      vertex  1.096035e+001  5.264766e+000  7.000000e+000
    endloop
  endfacet
  facet normal  0.000000e+000  -0.000000e+000  9.999999e-001
    outer loop
      vertex  9.500000e+000  4.830000e+000  7.000000e+000
      vertex  1.096035e+001  5.264766e+000  7.000000e+000
      vertex  1.130834e+001  5.535617e+000  7.000000e+000
    endloop
  endfacet
  facet normal  0.000000e+000  -0.000000e+000  1.000000e+000
    outer loop
      vertex  9.500000e+000  4.830000e+000  7.000000e+000
      vertex  1.130834e+001  5.535617e+000  7.000000e+000
      vertex  1.160701e+001  5.860052e+000  7.000000e+000
    endloop
  endfacet
  facet normal  0.000000e+000  -0.000000e+000  1.000000e+000
    outer loop
      vertex  9.500000e+000  4.830000e+000  7.000000e+000
      vertex  1.160701e+001  5.860052e+000  7.000000e+000
      vertex  1.184820e+001  6.229220e+000  7.000000e+000
    endloop
  endfacet
  facet normal  0.000000e+000  0.000000e+000  1.000000e+000
    outer loop
      vertex  9.500000e+000  4.830000e+000  7.000000e+000
      vertex  1.184820e+001  6.229220e+000  7.000000e+000
      vertex  9.499965e+000  6.270500e+000  7.000000e+000
    endloop
  endfacet
  facet normal  0.000000e+000  0.000000e+000  1.000000e+000
    outer loop
      vertex  9.500035e+000  8.729500e+000  7.000000e+000
      vertex  9.500000e+000  1.017000e+001  7.000000e+000
      vertex  9.279513e+000  1.016088e+001  7.000000e+000
    endloop
  endfacet
  facet normal  0.000000e+000  0.000000e+000  1.000000e+000
    outer loop
      vertex  9.500035e+000  8.729500e+000  7.000000e+000
      vertex  9.279513e+000  1.016088e+001  7.000000e+000
      vertex  8.844554e+000  1.008830e+001  7.000000e+000
    endloop
  endfacet
  facet normal  0.000000e+000  0.000000e+000  1.000000e+000
    outer loop
      vertex  9.500035e+000  8.729500e+000  7.000000e+000
      vertex  8.844554e+000  1.008830e+001  7.000000e+000
      vertex  8.427473e+000  9.945115e+000  7.000000e+000
    endloop
  endfacet
  facet normal  0.000000e+000  0.000000e+000  9.999999e-001
    outer loop
      vertex  9.500035e+000  8.729500e+000  7.000000e+000
      vertex  8.427473e+000  9.945115e+000  7.000000e+000
      vertex  8.039648e+000  9.735234e+000  7.000000e+000
    endloop
  endfacet
  facet normal  0.000000e+000  0.000000e+000  1.000000e+000
    outer loop
      vertex  9.500035e+000  8.729500e+000  7.000000e+000
      vertex  8.039648e+000  9.735234e+000  7.000000e+000
      vertex  7.691658e+000  9.464383e+000  7.000000e+000
    endloop
  endfacet
  facet normal  0.000000e+000  0.000000e+000  9.999999e-001
    outer loop
      vertex  9.500035e+000  8.729500e+000  7.000000e+000
      vertex  7.691658e+000  9.464383e+000  7.000000e+000
      vertex  7.392995e+000  9.139948e+000  7.000000e+000
    endloop
  endfacet
  facet normal  0.000000e+000  0.000000e+000  1.000000e+000
    outer loop
      vertex  9.500035e+000  8.729500e+000  7.000000e+000
      vertex  7.392995e+000  9.139948e+000  7.000000e+000
      vertex  7.151805e+000  8.770780e+000  7.000000e+000
    endloop
  endfacet
  facet normal  0.000000e+000  0.000000e+000  1.000000e+000
    outer loop
      vertex  7.151805e+000  8.770780e+000  7.000000e+000
      vertex  6.974668e+000  8.366947e+000  7.000000e+000
      vertex  9.153847e+000  8.679767e+000  7.000000e+000
    endloop
  endfacet
  facet normal  0.000000e+000  -0.000000e+000  1.000000e+000
    outer loop
      vertex  7.151805e+000  8.770780e+000  7.000000e+000
      vertex  9.153847e+000  8.679767e+000  7.000000e+000
      vertex  9.390659e+000  8.724628e+000  7.000000e+000
    endloop
  endfacet
  facet normal  0.000000e+000  -0.000000e+000  1.000000e+000
    outer loop
      vertex  7.151805e+000  8.770780e+000  7.000000e+000
      vertex  9.390659e+000  8.724628e+000  7.000000e+000
      vertex  9.500035e+000  8.729500e+000  7.000000e+000
    endloop
  endfacet
  facet normal  0.000000e+000  -0.000000e+000  1.000000e+000
    outer loop
      vertex  6.866416e+000  7.060533e+000  7.000000e+000
      vertex  6.974668e+000  6.633052e+000  7.000000e+000
      vertex  8.410434e+000  6.930337e+000  7.000000e+000
    endloop
  endfacet
  facet normal  0.000000e+000  0.000000e+000  1.000000e+000
    outer loop
      vertex  6.866416e+000  7.060533e+000  7.000000e+000
      vertex  8.410434e+000  6.930337e+000  7.000000e+000
      vertex  8.320233e+000  7.153847e+000  7.000000e+000
    endloop
  endfacet
  facet normal  0.000000e+000  0.000000e+000  1.000000e+000
    outer loop
      vertex  6.866416e+000  7.060533e+000  7.000000e+000
      vertex  8.320233e+000  7.153847e+000  7.000000e+000
      vertex  8.275372e+000  7.390659e+000  7.000000e+000
    endloop
  endfacet
  facet normal  0.000000e+000  0.000000e+000  9.999999e-001
    outer loop
      vertex  6.866416e+000  7.060533e+000  7.000000e+000
      vertex  8.275372e+000  7.390659e+000  7.000000e+000
      vertex  8.270500e+000  7.500036e+000  7.000000e+000
    endloop
  endfacet
  facet normal  0.000000e+000  0.000000e+000  1.000000e+000
    outer loop
      vertex  6.866416e+000  7.060533e+000  7.000000e+000
      vertex  8.270500e+000  7.500036e+000  7.000000e+000
      vertex  6.830000e+000  7.500000e+000  7.000000e+000
    endloop
  endfacet
  facet normal  0.000000e+000  0.000000e+000  1.000000e+000
    outer loop
      vertex  7.151805e+000  6.229220e+000  7.000000e+000
      vertex  9.500000e+000  4.830000e+000  7.000000e+000
      vertex  9.499965e+000  6.270500e+000  7.000000e+000
    endloop
  endfacet
  facet normal  0.000000e+000  0.000000e+000  1.000000e+000
    outer loop
      vertex  7.151805e+000  6.229220e+000  7.000000e+000
      vertex  9.499965e+000  6.270500e+000  7.000000e+000
      vertex  9.368326e+000  6.277571e+000  7.000000e+000
    endloop
  endfacet
  facet normal  0.000000e+000  0.000000e+000  1.000000e+000
    outer loop
      vertex  7.151805e+000  6.229220e+000  7.000000e+000
      vertex  9.368326e+000  6.277571e+000  7.000000e+000
      vertex  9.132373e+000  6.326748e+000  7.000000e+000
    endloop
  endfacet
  facet normal  0.000000e+000  0.000000e+000  1.000000e+000
    outer loop
      vertex  7.151805e+000  6.229220e+000  7.000000e+000
      vertex  9.132373e+000  6.326748e+000  7.000000e+000
      vertex  8.910546e+000  6.421012e+000  7.000000e+000
    endloop
  endfacet
  facet normal  0.000000e+000  0.000000e+000  1.000000e+000
    outer loop
      vertex  7.151805e+000  6.229220e+000  7.000000e+000
      vertex  8.910546e+000  6.421012e+000  7.000000e+000
      vertex  8.711372e+000  6.556741e+000  7.000000e+000
    endloop
  endfacet
  facet normal  0.000000e+000  0.000000e+000  9.999999e-001
    outer loop
      vertex  7.151805e+000  6.229220e+000  7.000000e+000
      vertex  8.711372e+000  6.556741e+000  7.000000e+000
      vertex  6.974668e+000  6.633052e+000  7.000000e+000
    endloop
  endfacet
  facet normal  0.000000e+000  0.000000e+000  1.000000e+000
    outer loop
      vertex  9.500000e+000  4.830000e+000  7.000000e+000
      vertex  7.151805e+000  6.229220e+000  7.000000e+000
      vertex  7.392995e+000  5.860052e+000  7.000000e+000
    endloop
  endfacet
  facet normal  0.000000e+000  0.000000e+000  1.000000e+000
    outer loop
      vertex  9.500000e+000  4.830000e+000  7.000000e+000
      vertex  7.392995e+000  5.860052e+000  7.000000e+000
      vertex  7.691658e+000  5.535617e+000  7.000000e+000
    endloop
  endfacet
  facet normal  0.000000e+000  0.000000e+000  9.999999e-001
    outer loop
      vertex  9.500000e+000  4.830000e+000  7.000000e+000
      vertex  7.691658e+000  5.535617e+000  7.000000e+000
      vertex  8.039648e+000  5.264766e+000  7.000000e+000
    endloop
  endfacet
  facet normal  0.000000e+000  0.000000e+000  1.000000e+000
    outer loop
      vertex  9.500000e+000  4.830000e+000  7.000000e+000
      vertex  8.039648e+000  5.264766e+000  7.000000e+000
      vertex  8.427473e+000  5.054885e+000  7.000000e+000
    endloop
  endfacet
  facet normal  0.000000e+000  0.000000e+000  1.000000e+000
    outer loop
      vertex  9.500000e+000  4.830000e+000  7.000000e+000
      vertex  8.427473e+000  5.054885e+000  7.000000e+000
      vertex  8.844554e+000  4.911701e+000  7.000000e+000
    endloop
  endfacet
  facet normal  0.000000e+000  0.000000e+000  9.999999e-001
    outer loop
      vertex  9.500000e+000  4.830000e+000  7.000000e+000
      vertex  8.844554e+000  4.911701e+000  7.000000e+000
      vertex  9.279513e+000  4.839119e+000  7.000000e+000
    endloop
  endfacet
  facet normal  -0.000000e+000  0.000000e+000  1.000000e+000
    outer loop
      vertex  1.213358e+001  7.939467e+000  7.000000e+000
      vertex  1.067977e+001  7.846153e+000  7.000000e+000
      vertex  1.217000e+001  7.500000e+000  7.000000e+000
    endloop
  endfacet
  facet normal  0.000000e+000  0.000000e+000  1.000000e+000
    outer loop
      vertex  1.217000e+001  7.500000e+000  7.000000e+000
      vertex  1.067977e+001  7.846153e+000  7.000000e+000
      vertex  1.072463e+001  7.609341e+000  7.000000e+000
    endloop
  endfacet
  facet normal  0.000000e+000  0.000000e+000  1.000000e+000
    outer loop
      vertex  1.217000e+001  7.500000e+000  7.000000e+000
      vertex  1.072463e+001  7.609341e+000  7.000000e+000
      vertex  1.072950e+001  7.499964e+000  7.000000e+000
    endloop
  endfacet
  facet normal  -0.000000e+000  0.000000e+000  9.999999e-001
    outer loop
      vertex  1.217000e+001  7.500000e+000  7.000000e+000
      vertex  1.072950e+001  7.499964e+000  7.000000e+000
      vertex  1.213358e+001  7.060533e+000  7.000000e+000
    endloop
  endfacet
  facet normal  0.000000e+000  0.000000e+000  1.000000e+000
    outer loop
      vertex  1.213358e+001  7.060533e+000  7.000000e+000
      vertex  1.072950e+001  7.499964e+000  7.000000e+000
      vertex  1.072243e+001  7.368327e+000  7.000000e+000
    endloop
  endfacet
  facet normal  0.000000e+000  0.000000e+000  1.000000e+000
    outer loop
      vertex  1.213358e+001  7.060533e+000  7.000000e+000
      vertex  1.072243e+001  7.368327e+000  7.000000e+000
      vertex  1.067325e+001  7.132372e+000  7.000000e+000
    endloop
  endfacet
  facet normal  0.000000e+000  0.000000e+000  9.999999e-001
    outer loop
      vertex  1.213358e+001  7.060533e+000  7.000000e+000
      vertex  1.067325e+001  7.132372e+000  7.000000e+000
      vertex  1.202533e+001  6.633052e+000  7.000000e+000
    endloop
  endfacet
  facet normal  0.000000e+000  0.000000e+000  1.000000e+000
    outer loop
      vertex  1.202533e+001  6.633052e+000  7.000000e+000
      vertex  1.067325e+001  7.132372e+000  7.000000e+000
      vertex  1.057899e+001  6.910546e+000  7.000000e+000
    endloop
  endfacet
  facet normal  0.000000e+000  0.000000e+000  1.000000e+000
    outer loop
      vertex  1.202533e+001  6.633052e+000  7.000000e+000
      vertex  1.057899e+001  6.910546e+000  7.000000e+000
      vertex  1.044326e+001  6.711372e+000  7.000000e+000
    endloop
  endfacet
  facet normal  0.000000e+000  0.000000e+000  1.000000e+000
    outer loop
      vertex  6.866416e+000  7.939467e+000  7.000000e+000
      vertex  8.421012e+000  8.089454e+000  7.000000e+000
      vertex  6.974668e+000  8.366947e+000  7.000000e+000
    endloop
  endfacet
  facet normal  0.000000e+000  0.000000e+000  9.999999e-001
    outer loop
      vertex  6.974668e+000  8.366947e+000  7.000000e+000
      vertex  8.421012e+000  8.089454e+000  7.000000e+000
      vertex  8.556742e+000  8.288628e+000  7.000000e+000
    endloop
  endfacet
  facet normal  0.000000e+000  -0.000000e+000  1.000000e+000
    outer loop
      vertex  6.974668e+000  8.366947e+000  7.000000e+000
      vertex  8.556742e+000  8.288628e+000  7.000000e+000
      vertex  8.728720e+000  8.457495e+000  7.000000e+000
    endloop
  endfacet
  facet normal  0.000000e+000  0.000000e+000  9.999999e-001
    outer loop
      vertex  6.830000e+000  7.500000e+000  7.000000e+000
      vertex  8.277571e+000  7.631673e+000  7.000000e+000
      vertex  6.866416e+000  7.939467e+000  7.000000e+000
    endloop
  endfacet
  facet normal  0.000000e+000  0.000000e+000  1.000000e+000
    outer loop
      vertex  6.866416e+000  7.939467e+000  7.000000e+000
      vertex  8.277571e+000  7.631673e+000  7.000000e+000
      vertex  8.326748e+000  7.867628e+000  7.000000e+000
    endloop
  endfacet
  facet normal  0.000000e+000  -0.000000e+000  1.000000e+000
    outer loop
      vertex  6.866416e+000  7.939467e+000  7.000000e+000
      vertex  8.326748e+000  7.867628e+000  7.000000e+000
      vertex  8.421012e+000  8.089454e+000  7.000000e+000
    endloop
  endfacet
  facet normal -4.449373e-002  9.990097e-001  0.000000e+000
    outer loop
      vertex  9.609341e+000  6.275372e+000  7.000000e+000
      vertex  9.609341e+000  6.275372e+000  3.500000e+000
      vertex  9.499965e+000  6.270500e+000  7.000000e+000
    endloop
  endfacet
  facet normal  9.126236e-003  9.999568e-001  1.676957e-003
    outer loop
      vertex  9.368326e+000  6.277571e+000  3.500000e+000
      vertex  9.499965e+000  6.270500e+000  7.000000e+000
      vertex  9.609341e+000  6.275372e+000  3.500000e+000
    endloop
  endfacet
  facet normal  5.363809e-002  9.985605e-001  0.000000e+000
    outer loop
      vertex  9.368326e+000  6.277571e+000  7.000000e+000
      vertex  9.499965e+000  6.270500e+000  7.000000e+000
      vertex  9.368326e+000  6.277571e+000  3.500000e+000
    endloop
  endfacet
  facet normal  9.990097e-001  4.449354e-002  -0.000000e+000
    outer loop
      vertex  8.275372e+000  7.390659e+000  7.000000e+000
      vertex  8.275372e+000  7.390659e+000  3.500000e+000
      vertex  8.270500e+000  7.500036e+000  7.000000e+000
    endloop
  endfacet
  facet normal  9.999570e-001 -9.124276e-003  1.676897e-003
    outer loop
      vertex  8.277571e+000  7.631673e+000  3.500000e+000
      vertex  8.270500e+000  7.500036e+000  7.000000e+000
      vertex  8.275372e+000  7.390659e+000  3.500000e+000
    endloop
  endfacet
  facet normal  9.985606e-001 -5.363487e-002  0.000000e+000
    outer loop
      vertex  8.277571e+000  7.631673e+000  7.000000e+000
      vertex  8.270500e+000  7.500036e+000  7.000000e+000
      vertex  8.277571e+000  7.631673e+000  3.500000e+000
    endloop
  endfacet
  facet normal -3.742361e-001  9.273335e-001  0.000000e+000
    outer loop
      vertex  1.006966e+001  6.410434e+000  7.000000e+000
      vertex  9.846153e+000  6.320234e+000  3.500000e+000
      vertex  9.846153e+000  6.320234e+000  7.000000e+000
    endloop
  endfacet
  facet normal -1.861316e-001  9.825248e-001  0.000000e+000
    outer loop
      vertex  9.846153e+000  6.320234e+000  7.000000e+000
      vertex  9.846153e+000  6.320234e+000  3.500000e+000
      vertex  9.609341e+000  6.275372e+000  3.500000e+000
    endloop
  endfacet
  facet normal -1.861316e-001  9.825248e-001  0.000000e+000
    outer loop
      vertex  9.846153e+000  6.320234e+000  7.000000e+000
      vertex  9.609341e+000  6.275372e+000  3.500000e+000
      vertex  9.609341e+000  6.275372e+000  7.000000e+000
    endloop
  endfacet
  facet normal -3.742361e-001  9.273335e-001  0.000000e+000
    outer loop
      vertex  9.846153e+000  6.320234e+000  3.500000e+000
      vertex  1.006966e+001  6.410434e+000  7.000000e+000
      vertex  1.006966e+001  6.410434e+000  3.500000e+000
    endloop
  endfacet
  facet normal -5.479608e-001  8.365041e-001  0.000000e+000
    outer loop
      vertex  1.006966e+001  6.410434e+000  3.500000e+000
      vertex  1.006966e+001  6.410434e+000  7.000000e+000
      vertex  1.027128e+001  6.542505e+000  7.000000e+000
    endloop
  endfacet
  facet normal -5.479608e-001  8.365041e-001  0.000000e+000
    outer loop
      vertex  1.006966e+001  6.410434e+000  3.500000e+000
      vertex  1.027128e+001  6.542505e+000  7.000000e+000
      vertex  1.027128e+001  6.542505e+000  3.500000e+000
    endloop
  endfacet
  facet normal -7.006239e-001  7.135308e-001  0.000000e+000
    outer loop
      vertex  1.027128e+001  6.542505e+000  3.500000e+000
      vertex  1.027128e+001  6.542505e+000  7.000000e+000
      vertex  1.044326e+001  6.711372e+000  7.000000e+000
    endloop
  endfacet
  facet normal -7.006239e-001  7.135308e-001  0.000000e+000
    outer loop
      vertex  1.027128e+001  6.542505e+000  3.500000e+000
      vertex  1.044326e+001  6.711372e+000  7.000000e+000
      vertex  1.044326e+001  6.711372e+000  3.500000e+000
    endloop
  endfacet
  facet normal -8.263637e-001  5.631368e-001  0.000000e+000
    outer loop
      vertex  1.044326e+001  6.711372e+000  3.500000e+000
      vertex  1.044326e+001  6.711372e+000  7.000000e+000
      vertex  1.057899e+001  6.910546e+000  7.000000e+000
    endloop
  endfacet
  facet normal -8.263637e-001  5.631368e-001  0.000000e+000
    outer loop
      vertex  1.044326e+001  6.711372e+000  3.500000e+000
      vertex  1.057899e+001  6.910546e+000  7.000000e+000
      vertex  1.057899e+001  6.910546e+000  3.500000e+000
    endloop
  endfacet
  facet normal  8.365052e-001  5.479590e-001  -0.000000e+000
    outer loop
      vertex  8.542505e+000  6.728719e+000  7.000000e+000
      vertex  8.410434e+000  6.930337e+000  3.500000e+000
      vertex  8.410434e+000  6.930337e+000  7.000000e+000
    endloop
  endfacet
  facet normal  9.273328e-001  3.742378e-001  0.000000e+000
    outer loop
      vertex  8.410434e+000  6.930337e+000  7.000000e+000
      vertex  8.410434e+000  6.930337e+000  3.500000e+000
      vertex  8.320233e+000  7.153847e+000  3.500000e+000
    endloop
  endfacet
  facet normal  9.273328e-001  3.742378e-001  -0.000000e+000
    outer loop
      vertex  8.410434e+000  6.930337e+000  7.000000e+000
      vertex  8.320233e+000  7.153847e+000  3.500000e+000
      vertex  8.320233e+000  7.153847e+000  7.000000e+000
    endloop
  endfacet
  facet normal  9.825251e-001  1.861300e-001  0.000000e+000
    outer loop
      vertex  8.320233e+000  7.153847e+000  7.000000e+000
      vertex  8.320233e+000  7.153847e+000  3.500000e+000
      vertex  8.275372e+000  7.390659e+000  3.500000e+000
    endloop
  endfacet
  facet normal  9.825251e-001  1.861300e-001  -0.000000e+000
    outer loop
      vertex  8.320233e+000  7.153847e+000  7.000000e+000
      vertex  8.275372e+000  7.390659e+000  3.500000e+000
      vertex  8.275372e+000  7.390659e+000  7.000000e+000
    endloop
  endfacet
  facet normal  8.365052e-001  5.479590e-001  0.000000e+000
    outer loop
      vertex  8.410434e+000  6.930337e+000  3.500000e+000
      vertex  8.542505e+000  6.728719e+000  7.000000e+000
      vertex  8.542505e+000  6.728719e+000  3.500000e+000
    endloop
  endfacet
  facet normal  7.135308e-001  7.006239e-001  -0.000000e+000
    outer loop
      vertex  8.542505e+000  6.728719e+000  3.500000e+000
      vertex  8.542505e+000  6.728719e+000  7.000000e+000
      vertex  8.711372e+000  6.556741e+000  7.000000e+000
    endloop
  endfacet
  facet normal  7.135308e-001  7.006239e-001  0.000000e+000
    outer loop
      vertex  8.542505e+000  6.728719e+000  3.500000e+000
      vertex  8.711372e+000  6.556741e+000  7.000000e+000
      vertex  8.711372e+000  6.556741e+000  3.500000e+000
    endloop
  endfacet
  facet normal  5.631341e-001  8.263655e-001  -0.000000e+000
    outer loop
      vertex  8.711372e+000  6.556741e+000  3.500000e+000
      vertex  8.711372e+000  6.556741e+000  7.000000e+000
      vertex  8.910546e+000  6.421012e+000  7.000000e+000
    endloop
  endfacet
  facet normal  5.631341e-001  8.263655e-001  0.000000e+000
    outer loop
      vertex  8.711372e+000  6.556741e+000  3.500000e+000
      vertex  8.910546e+000  6.421012e+000  7.000000e+000
      vertex  8.910546e+000  6.421012e+000  3.500000e+000
    endloop
  endfacet
  facet normal  3.910992e-001  9.203485e-001  -0.000000e+000
    outer loop
      vertex  8.910546e+000  6.421012e+000  3.500000e+000
      vertex  8.910546e+000  6.421012e+000  7.000000e+000
      vertex  9.132373e+000  6.326748e+000  7.000000e+000
    endloop
  endfacet
  facet normal  3.910992e-001  9.203485e-001  0.000000e+000
    outer loop
      vertex  8.910546e+000  6.421012e+000  3.500000e+000
      vertex  9.132373e+000  6.326748e+000  7.000000e+000
      vertex  9.132373e+000  6.326748e+000  3.500000e+000
    endloop
  endfacet
  facet normal  2.040328e-001  9.789640e-001  -0.000000e+000
    outer loop
      vertex  9.132373e+000  6.326748e+000  3.500000e+000
      vertex  9.132373e+000  6.326748e+000  7.000000e+000
      vertex  9.368326e+000  6.277571e+000  7.000000e+000
    endloop
  endfacet
  facet normal  2.040328e-001  9.789640e-001  0.000000e+000
    outer loop
      vertex  9.132373e+000  6.326748e+000  3.500000e+000
      vertex  9.368326e+000  6.277571e+000  7.000000e+000
      vertex  9.368326e+000  6.277571e+000  3.500000e+000
    endloop
  endfacet
  facet normal  5.631341e-001  8.263655e-001  -0.000000e+000
    outer loop
      vertex  8.910546e+000  6.421012e+000  3.500000e+000
      vertex  8.711372e+000  6.556741e+000  0.000000e+000
      vertex  8.711372e+000  6.556741e+000  3.500000e+000
    endloop
  endfacet
  facet normal  7.135308e-001  7.006239e-001  0.000000e+000
    outer loop
      vertex  8.711372e+000  6.556741e+000  3.500000e+000
      vertex  8.711372e+000  6.556741e+000  0.000000e+000
      vertex  8.542505e+000  6.728719e+000  0.000000e+000
    endloop
  endfacet
  facet normal  7.135308e-001  7.006239e-001  -0.000000e+000
    outer loop
      vertex  8.711372e+000  6.556741e+000  3.500000e+000
      vertex  8.542505e+000  6.728719e+000  0.000000e+000
      vertex  8.542505e+000  6.728719e+000  3.500000e+000
    endloop
  endfacet
  facet normal  8.365052e-001  5.479590e-001  0.000000e+000
    outer loop
      vertex  8.542505e+000  6.728719e+000  3.500000e+000
      vertex  8.542505e+000  6.728719e+000  0.000000e+000
      vertex  8.410434e+000  6.930337e+000  0.000000e+000
    endloop
  endfacet
  facet normal  8.365052e-001  5.479590e-001  -0.000000e+000
    outer loop
      vertex  8.542505e+000  6.728719e+000  3.500000e+000
      vertex  8.410434e+000  6.930337e+000  0.000000e+000
      vertex  8.410434e+000  6.930337e+000  3.500000e+000
    endloop
  endfacet
  facet normal  9.273328e-001  3.742378e-001  0.000000e+000
    outer loop
      vertex  8.410434e+000  6.930337e+000  3.500000e+000
      vertex  8.410434e+000  6.930337e+000  0.000000e+000
      vertex  8.320233e+000  7.153847e+000  0.000000e+000
    endloop
  endfacet
  facet normal  9.273328e-001  3.742378e-001  -0.000000e+000
    outer loop
      vertex  8.410434e+000  6.930337e+000  3.500000e+000
      vertex  8.320233e+000  7.153847e+000  0.000000e+000
      vertex  8.320233e+000  7.153847e+000  3.500000e+000
    endloop
  endfacet
  facet normal  9.825251e-001  1.861300e-001  0.000000e+000
    outer loop
      vertex  8.320233e+000  7.153847e+000  3.500000e+000
      vertex  8.320233e+000  7.153847e+000  0.000000e+000
      vertex  8.275372e+000  7.390659e+000  0.000000e+000
    endloop
  endfacet
  facet normal  9.825251e-001  1.861300e-001  -0.000000e+000
    outer loop
      vertex  8.320233e+000  7.153847e+000  3.500000e+000
      vertex  8.275372e+000  7.390659e+000  0.000000e+000
      vertex  8.275372e+000  7.390659e+000  3.500000e+000
    endloop
  endfacet
  facet normal  9.999584e-001 -9.124289e-003  0.000000e+000
    outer loop
      vertex  8.275372e+000  7.390659e+000  3.500000e+000
      vertex  8.275372e+000  7.390659e+000  0.000000e+000
      vertex  8.277571e+000  7.631673e+000  0.000000e+000
    endloop
  endfacet
  facet normal  9.999584e-001 -9.124289e-003  0.000000e+000
    outer loop
      vertex  8.275372e+000  7.390659e+000  3.500000e+000
      vertex  8.277571e+000  7.631673e+000  0.000000e+000
      vertex  8.277571e+000  7.631673e+000  3.500000e+000
    endloop
  endfacet
  facet normal  9.789639e-001 -2.040339e-001  0.000000e+000
    outer loop
      vertex  8.277571e+000  7.631673e+000  3.500000e+000
      vertex  8.277571e+000  7.631673e+000  0.000000e+000
      vertex  8.326748e+000  7.867628e+000  0.000000e+000
    endloop
  endfacet
  facet normal  9.789639e-001 -2.040339e-001  0.000000e+000
    outer loop
      vertex  8.277571e+000  7.631673e+000  3.500000e+000
      vertex  8.326748e+000  7.867628e+000  0.000000e+000
      vertex  8.326748e+000  7.867628e+000  3.500000e+000
    endloop
  endfacet
  facet normal  9.203489e-001 -3.910983e-001  0.000000e+000
    outer loop
      vertex  8.326748e+000  7.867628e+000  3.500000e+000
      vertex  8.326748e+000  7.867628e+000  0.000000e+000
      vertex  8.421012e+000  8.089454e+000  0.000000e+000
    endloop
  endfacet
  facet normal  9.203489e-001 -3.910983e-001  0.000000e+000
    outer loop
      vertex  8.326748e+000  7.867628e+000  3.500000e+000
      vertex  8.421012e+000  8.089454e+000  0.000000e+000
      vertex  8.421012e+000  8.089454e+000  3.500000e+000
    endloop
  endfacet
  facet normal  5.631341e-001  8.263655e-001  0.000000e+000
    outer loop
      vertex  8.711372e+000  6.556741e+000  0.000000e+000
      vertex  8.910546e+000  6.421012e+000  3.500000e+000
      vertex  8.910546e+000  6.421012e+000  0.000000e+000
    endloop
  endfacet
  facet normal  3.910992e-001  9.203485e-001  -0.000000e+000
    outer loop
      vertex  8.910546e+000  6.421012e+000  0.000000e+000
      vertex  8.910546e+000  6.421012e+000  3.500000e+000
      vertex  9.132373e+000  6.326748e+000  3.500000e+000
    endloop
  endfacet
  facet normal  3.910992e-001  9.203485e-001  0.000000e+000
    outer loop
      vertex  8.910546e+000  6.421012e+000  0.000000e+000
      vertex  9.132373e+000  6.326748e+000  3.500000e+000
      vertex  9.132373e+000  6.326748e+000  0.000000e+000
    endloop
  endfacet
  facet normal  2.040328e-001  9.789640e-001  -0.000000e+000
    outer loop
      vertex  9.132373e+000  6.326748e+000  0.000000e+000
      vertex  9.132373e+000  6.326748e+000  3.500000e+000
      vertex  9.368326e+000  6.277571e+000  3.500000e+000
    endloop
  endfacet
  facet normal  2.040328e-001  9.789640e-001  0.000000e+000
    outer loop
      vertex  9.132373e+000  6.326748e+000  0.000000e+000
      vertex  9.368326e+000  6.277571e+000  3.500000e+000
      vertex  9.368326e+000  6.277571e+000  0.000000e+000
    endloop
  endfacet
  facet normal  9.126249e-003  9.999583e-001  -0.000000e+000
    outer loop
      vertex  9.368326e+000  6.277571e+000  0.000000e+000
      vertex  9.368326e+000  6.277571e+000  3.500000e+000
      vertex  9.609341e+000  6.275372e+000  3.500000e+000
    endloop
  endfacet
  facet normal  9.126249e-003  9.999583e-001  0.000000e+000
    outer loop
      vertex  9.368326e+000  6.277571e+000  0.000000e+000
      vertex  9.609341e+000  6.275372e+000  3.500000e+000
      vertex  9.609341e+000  6.275372e+000  0.000000e+000
    endloop
  endfacet
  facet normal -1.861316e-001  9.825248e-001  0.000000e+000
    outer loop
      vertex  9.609341e+000  6.275372e+000  0.000000e+000
      vertex  9.609341e+000  6.275372e+000  3.500000e+000
      vertex  9.846153e+000  6.320234e+000  3.500000e+000
    endloop
  endfacet
  facet normal -1.861316e-001  9.825248e-001  0.000000e+000
    outer loop
      vertex  9.609341e+000  6.275372e+000  0.000000e+000
      vertex  9.846153e+000  6.320234e+000  3.500000e+000
      vertex  9.846153e+000  6.320234e+000  0.000000e+000
    endloop
  endfacet
  facet normal -3.742361e-001  9.273335e-001  0.000000e+000
    outer loop
      vertex  9.846153e+000  6.320234e+000  0.000000e+000
      vertex  9.846153e+000  6.320234e+000  3.500000e+000
      vertex  1.006966e+001  6.410434e+000  3.500000e+000
    endloop
  endfacet
  facet normal -3.742361e-001  9.273335e-001  0.000000e+000
    outer loop
      vertex  9.846153e+000  6.320234e+000  0.000000e+000
      vertex  1.006966e+001  6.410434e+000  3.500000e+000
      vertex  1.006966e+001  6.410434e+000  0.000000e+000
    endloop
  endfacet
  facet normal -5.479608e-001  8.365041e-001  0.000000e+000
    outer loop
      vertex  1.006966e+001  6.410434e+000  0.000000e+000
      vertex  1.006966e+001  6.410434e+000  3.500000e+000
      vertex  1.027128e+001  6.542505e+000  3.500000e+000
    endloop
  endfacet
  facet normal -5.479608e-001  8.365041e-001  0.000000e+000
    outer loop
      vertex  1.006966e+001  6.410434e+000  0.000000e+000
      vertex  1.027128e+001  6.542505e+000  3.500000e+000
      vertex  1.027128e+001  6.542505e+000  0.000000e+000
    endloop
  endfacet
  facet normal -7.006239e-001  7.135308e-001  0.000000e+000
    outer loop
      vertex  1.027128e+001  6.542505e+000  0.000000e+000
      vertex  1.027128e+001  6.542505e+000  3.500000e+000
      vertex  1.044326e+001  6.711372e+000  3.500000e+000
    endloop
  endfacet
  facet normal -7.006239e-001  7.135308e-001  0.000000e+000
    outer loop
      vertex  1.027128e+001  6.542505e+000  0.000000e+000
      vertex  1.044326e+001  6.711372e+000  3.500000e+000
      vertex  1.044326e+001  6.711372e+000  0.000000e+000
    endloop
  endfacet
  facet normal -8.263637e-001  5.631368e-001  0.000000e+000
    outer loop
      vertex  1.044326e+001  6.711372e+000  0.000000e+000
      vertex  1.044326e+001  6.711372e+000  3.500000e+000
      vertex  1.057899e+001  6.910546e+000  3.500000e+000
    endloop
  endfacet
  facet normal -8.263637e-001  5.631368e-001  0.000000e+000
    outer loop
      vertex  1.044326e+001  6.711372e+000  0.000000e+000
      vertex  1.057899e+001  6.910546e+000  3.500000e+000
      vertex  1.057899e+001  6.910546e+000  0.000000e+000
    endloop
  endfacet
  facet normal  9.203489e-001 -3.910983e-001  0.000000e+000
    outer loop
      vertex  8.421012e+000  8.089454e+000  7.000000e+000
      vertex  8.326748e+000  7.867628e+000  7.000000e+000
      vertex  8.421012e+000  8.089454e+000  3.500000e+000
    endloop
  endfacet
  facet normal  9.203489e-001 -3.910983e-001  0.000000e+000
    outer loop
      vertex  8.421012e+000  8.089454e+000  3.500000e+000
      vertex  8.326748e+000  7.867628e+000  7.000000e+000
      vertex  8.326748e+000  7.867628e+000  3.500000e+000
    endloop
  endfacet
  facet normal  9.789639e-001 -2.040339e-001  0.000000e+000
    outer loop
      vertex  8.326748e+000  7.867628e+000  7.000000e+000
      vertex  8.277571e+000  7.631673e+000  7.000000e+000
      vertex  8.326748e+000  7.867628e+000  3.500000e+000
    endloop
  endfacet
  facet normal  9.789639e-001 -2.040339e-001  0.000000e+000
    outer loop
      vertex  8.326748e+000  7.867628e+000  3.500000e+000
      vertex  8.277571e+000  7.631673e+000  7.000000e+000
      vertex  8.277571e+000  7.631673e+000  3.500000e+000
    endloop
  endfacet
  facet normal  4.449373e-002 -9.990097e-001  0.000000e+000
    outer loop
      vertex  9.390659e+000  8.724628e+000  7.000000e+000
      vertex  9.390659e+000  8.724628e+000  3.500000e+000
      vertex  9.500035e+000  8.729500e+000  7.000000e+000
    endloop
  endfacet
  facet normal -9.124258e-003 -9.999570e-001  1.676895e-003
    outer loop
      vertex  9.631674e+000  8.722429e+000  3.500000e+000
      vertex  9.500035e+000  8.729500e+000  7.000000e+000
      vertex  9.390659e+000  8.724628e+000  3.500000e+000
    endloop
  endfacet
  facet normal -5.363448e-002 -9.985606e-001  0.000000e+000
    outer loop
      vertex  9.631674e+000  8.722429e+000  7.000000e+000
      vertex  9.500035e+000  8.729500e+000  7.000000e+000
      vertex  9.631674e+000  8.722429e+000  3.500000e+000
    endloop
  endfacet
  facet normal -9.990097e-001 -4.449354e-002  0.000000e+000
    outer loop
      vertex  1.072463e+001  7.609341e+000  7.000000e+000
      vertex  1.072463e+001  7.609341e+000  3.500000e+000
      vertex  1.072950e+001  7.499964e+000  7.000000e+000
    endloop
  endfacet
  facet normal -9.999570e-001  9.124276e-003  1.676897e-003
    outer loop
      vertex  1.072243e+001  7.368327e+000  3.500000e+000
      vertex  1.072950e+001  7.499964e+000  7.000000e+000
      vertex  1.072463e+001  7.609341e+000  3.500000e+000
    endloop
  endfacet
  facet normal -9.985606e-001  5.363487e-002  0.000000e+000
    outer loop
      vertex  1.072243e+001  7.368327e+000  7.000000e+000
      vertex  1.072950e+001  7.499964e+000  7.000000e+000
      vertex  1.072243e+001  7.368327e+000  3.500000e+000
    endloop
  endfacet
  facet normal  3.742378e-001 -9.273328e-001  0.000000e+000
    outer loop
      vertex  8.930337e+000  8.589566e+000  7.000000e+000
      vertex  9.153847e+000  8.679767e+000  3.500000e+000
      vertex  9.153847e+000  8.679767e+000  7.000000e+000
    endloop
  endfacet
  facet normal  1.861296e-001 -9.825252e-001  0.000000e+000
    outer loop
      vertex  9.153847e+000  8.679767e+000  7.000000e+000
      vertex  9.153847e+000  8.679767e+000  3.500000e+000
      vertex  9.390659e+000  8.724628e+000  3.500000e+000
    endloop
  endfacet
  facet normal  1.861296e-001 -9.825252e-001  0.000000e+000
    outer loop
      vertex  9.153847e+000  8.679767e+000  7.000000e+000
      vertex  9.390659e+000  8.724628e+000  3.500000e+000
      vertex  9.390659e+000  8.724628e+000  7.000000e+000
    endloop
  endfacet
  facet normal  3.742378e-001 -9.273328e-001  0.000000e+000
    outer loop
      vertex  9.153847e+000  8.679767e+000  3.500000e+000
      vertex  8.930337e+000  8.589566e+000  7.000000e+000
      vertex  8.930337e+000  8.589566e+000  3.500000e+000
    endloop
  endfacet
  facet normal  5.479608e-001 -8.365041e-001  0.000000e+000
    outer loop
      vertex  8.930337e+000  8.589566e+000  3.500000e+000
      vertex  8.930337e+000  8.589566e+000  7.000000e+000
      vertex  8.728720e+000  8.457495e+000  7.000000e+000
    endloop
  endfacet
  facet normal  5.479608e-001 -8.365041e-001  0.000000e+000
    outer loop
      vertex  8.930337e+000  8.589566e+000  3.500000e+000
      vertex  8.728720e+000  8.457495e+000  7.000000e+000
      vertex  8.728720e+000  8.457495e+000  3.500000e+000
    endloop
  endfacet
  facet normal  7.006239e-001 -7.135308e-001  0.000000e+000
    outer loop
      vertex  8.728720e+000  8.457495e+000  3.500000e+000
      vertex  8.728720e+000  8.457495e+000  7.000000e+000
      vertex  8.556742e+000  8.288628e+000  7.000000e+000
    endloop
  endfacet
  facet normal  7.006239e-001 -7.135308e-001  0.000000e+000
    outer loop
      vertex  8.728720e+000  8.457495e+000  3.500000e+000
      vertex  8.556742e+000  8.288628e+000  7.000000e+000
      vertex  8.556742e+000  8.288628e+000  3.500000e+000
    endloop
  endfacet
  facet normal  8.263637e-001 -5.631368e-001  0.000000e+000
    outer loop
      vertex  8.556742e+000  8.288628e+000  3.500000e+000
      vertex  8.556742e+000  8.288628e+000  7.000000e+000
      vertex  8.421012e+000  8.089454e+000  7.000000e+000
    endloop
  endfacet
  facet normal  8.263637e-001 -5.631368e-001  0.000000e+000
    outer loop
      vertex  8.556742e+000  8.288628e+000  3.500000e+000
      vertex  8.421012e+000  8.089454e+000  7.000000e+000
      vertex  8.421012e+000  8.089454e+000  3.500000e+000
    endloop
  endfacet
  facet normal -8.365041e-001 -5.479608e-001  0.000000e+000
    outer loop
      vertex  1.045749e+001  8.271280e+000  7.000000e+000
      vertex  1.058957e+001  8.069663e+000  3.500000e+000
      vertex  1.058957e+001  8.069663e+000  7.000000e+000
    endloop
  endfacet
  facet normal -9.273331e-001 -3.742371e-001  -0.000000e+000
    outer loop
      vertex  1.058957e+001  8.069663e+000  7.000000e+000
      vertex  1.058957e+001  8.069663e+000  3.500000e+000
      vertex  1.067977e+001  7.846153e+000  3.500000e+000
    endloop
  endfacet
  facet normal -9.273331e-001 -3.742371e-001  0.000000e+000
    outer loop
      vertex  1.058957e+001  8.069663e+000  7.000000e+000
      vertex  1.067977e+001  7.846153e+000  3.500000e+000
      vertex  1.067977e+001  7.846153e+000  7.000000e+000
    endloop
  endfacet
  facet normal -9.825251e-001 -1.861300e-001  -0.000000e+000
    outer loop
      vertex  1.067977e+001  7.846153e+000  7.000000e+000
      vertex  1.067977e+001  7.846153e+000  3.500000e+000
      vertex  1.072463e+001  7.609341e+000  3.500000e+000
    endloop
  endfacet
  facet normal -9.825251e-001 -1.861300e-001  0.000000e+000
    outer loop
      vertex  1.067977e+001  7.846153e+000  7.000000e+000
      vertex  1.072463e+001  7.609341e+000  3.500000e+000
      vertex  1.072463e+001  7.609341e+000  7.000000e+000
    endloop
  endfacet
  facet normal -8.365041e-001 -5.479608e-001  -0.000000e+000
    outer loop
      vertex  1.058957e+001  8.069663e+000  3.500000e+000
      vertex  1.045749e+001  8.271280e+000  7.000000e+000
      vertex  1.045749e+001  8.271280e+000  3.500000e+000
    endloop
  endfacet
  facet normal -7.135308e-001 -7.006239e-001  0.000000e+000
    outer loop
      vertex  1.045749e+001  8.271280e+000  3.500000e+000
      vertex  1.045749e+001  8.271280e+000  7.000000e+000
      vertex  1.028863e+001  8.443258e+000  7.000000e+000
    endloop
  endfacet
  facet normal -7.135308e-001 -7.006239e-001  -0.000000e+000
    outer loop
      vertex  1.045749e+001  8.271280e+000  3.500000e+000
      vertex  1.028863e+001  8.443258e+000  7.000000e+000
      vertex  1.028863e+001  8.443258e+000  3.500000e+000
    endloop
  endfacet
  facet normal -5.631368e-001 -8.263637e-001  0.000000e+000
    outer loop
      vertex  1.028863e+001  8.443258e+000  3.500000e+000
      vertex  1.028863e+001  8.443258e+000  7.000000e+000
      vertex  1.008945e+001  8.578988e+000  7.000000e+000
    endloop
  endfacet
  facet normal -5.631368e-001 -8.263637e-001  -0.000000e+000
    outer loop
      vertex  1.028863e+001  8.443258e+000  3.500000e+000
      vertex  1.008945e+001  8.578988e+000  7.000000e+000
      vertex  1.008945e+001  8.578988e+000  3.500000e+000
    endloop
  endfacet
  facet normal -3.910976e-001 -9.203492e-001  0.000000e+000
    outer loop
      vertex  1.008945e+001  8.578988e+000  3.500000e+000
      vertex  1.008945e+001  8.578988e+000  7.000000e+000
      vertex  9.867627e+000  8.673252e+000  7.000000e+000
    endloop
  endfacet
  facet normal -3.910976e-001 -9.203492e-001  -0.000000e+000
    outer loop
      vertex  1.008945e+001  8.578988e+000  3.500000e+000
      vertex  9.867627e+000  8.673252e+000  7.000000e+000
      vertex  9.867627e+000  8.673252e+000  3.500000e+000
    endloop
  endfacet
  facet normal -2.040347e-001 -9.789636e-001  0.000000e+000
    outer loop
      vertex  9.867627e+000  8.673252e+000  3.500000e+000
      vertex  9.867627e+000  8.673252e+000  7.000000e+000
      vertex  9.631674e+000  8.722429e+000  7.000000e+000
    endloop
  endfacet
  facet normal -2.040347e-001 -9.789636e-001  -0.000000e+000
    outer loop
      vertex  9.867627e+000  8.673252e+000  3.500000e+000
      vertex  9.631674e+000  8.722429e+000  7.000000e+000
      vertex  9.631674e+000  8.722429e+000  3.500000e+000
    endloop
  endfacet
  facet normal -5.631368e-001 -8.263637e-001  0.000000e+000
    outer loop
      vertex  1.008945e+001  8.578988e+000  3.500000e+000
      vertex  1.028863e+001  8.443258e+000  0.000000e+000
      vertex  1.028863e+001  8.443258e+000  3.500000e+000
    endloop
  endfacet
  facet normal -7.135308e-001 -7.006239e-001  -0.000000e+000
    outer loop
      vertex  1.028863e+001  8.443258e+000  3.500000e+000
      vertex  1.028863e+001  8.443258e+000  0.000000e+000
      vertex  1.045749e+001  8.271280e+000  0.000000e+000
    endloop
  endfacet
  facet normal -7.135308e-001 -7.006239e-001  0.000000e+000
    outer loop
      vertex  1.028863e+001  8.443258e+000  3.500000e+000
      vertex  1.045749e+001  8.271280e+000  0.000000e+000
      vertex  1.045749e+001  8.271280e+000  3.500000e+000
    endloop
  endfacet
  facet normal -8.365041e-001 -5.479608e-001  -0.000000e+000
    outer loop
      vertex  1.045749e+001  8.271280e+000  3.500000e+000
      vertex  1.045749e+001  8.271280e+000  0.000000e+000
      vertex  1.058957e+001  8.069663e+000  0.000000e+000
    endloop
  endfacet
  facet normal -8.365041e-001 -5.479608e-001  0.000000e+000
    outer loop
      vertex  1.045749e+001  8.271280e+000  3.500000e+000
      vertex  1.058957e+001  8.069663e+000  0.000000e+000
      vertex  1.058957e+001  8.069663e+000  3.500000e+000
    endloop
  endfacet
  facet normal -9.273331e-001 -3.742371e-001  -0.000000e+000
    outer loop
      vertex  1.058957e+001  8.069663e+000  3.500000e+000
      vertex  1.058957e+001  8.069663e+000  0.000000e+000
      vertex  1.067977e+001  7.846153e+000  0.000000e+000
    endloop
  endfacet
  facet normal -9.273331e-001 -3.742371e-001  0.000000e+000
    outer loop
      vertex  1.058957e+001  8.069663e+000  3.500000e+000
      vertex  1.067977e+001  7.846153e+000  0.000000e+000
      vertex  1.067977e+001  7.846153e+000  3.500000e+000
    endloop
  endfacet
  facet normal -9.825251e-001 -1.861300e-001  -0.000000e+000
    outer loop
      vertex  1.067977e+001  7.846153e+000  3.500000e+000
      vertex  1.067977e+001  7.846153e+000  0.000000e+000
      vertex  1.072463e+001  7.609341e+000  0.000000e+000
    endloop
  endfacet
  facet normal -9.825251e-001 -1.861300e-001  0.000000e+000
    outer loop
      vertex  1.067977e+001  7.846153e+000  3.500000e+000
      vertex  1.072463e+001  7.609341e+000  0.000000e+000
      vertex  1.072463e+001  7.609341e+000  3.500000e+000
    endloop
  endfacet
  facet normal -9.999584e-001  9.124289e-003  0.000000e+000
    outer loop
      vertex  1.072463e+001  7.609341e+000  3.500000e+000
      vertex  1.072463e+001  7.609341e+000  0.000000e+000
      vertex  1.072243e+001  7.368327e+000  0.000000e+000
    endloop
  endfacet
  facet normal -9.999584e-001  9.124289e-003  0.000000e+000
    outer loop
      vertex  1.072463e+001  7.609341e+000  3.500000e+000
      vertex  1.072243e+001  7.368327e+000  0.000000e+000
      vertex  1.072243e+001  7.368327e+000  3.500000e+000
    endloop
  endfacet
  facet normal -9.789639e-001  2.040339e-001  0.000000e+000
    outer loop
      vertex  1.072243e+001  7.368327e+000  3.500000e+000
      vertex  1.072243e+001  7.368327e+000  0.000000e+000
      vertex  1.067325e+001  7.132372e+000  0.000000e+000
    endloop
  endfacet
  facet normal -9.789639e-001  2.040339e-001  0.000000e+000
    outer loop
      vertex  1.072243e+001  7.368327e+000  3.500000e+000
      vertex  1.067325e+001  7.132372e+000  0.000000e+000
      vertex  1.067325e+001  7.132372e+000  3.500000e+000
    endloop
  endfacet
  facet normal -9.203489e-001  3.910983e-001  0.000000e+000
    outer loop
      vertex  1.067325e+001  7.132372e+000  3.500000e+000
      vertex  1.067325e+001  7.132372e+000  0.000000e+000
      vertex  1.057899e+001  6.910546e+000  0.000000e+000
    endloop
  endfacet
  facet normal -9.203489e-001  3.910983e-001  0.000000e+000
    outer loop
      vertex  1.067325e+001  7.132372e+000  3.500000e+000
      vertex  1.057899e+001  6.910546e+000  0.000000e+000
      vertex  1.057899e+001  6.910546e+000  3.500000e+000
    endloop
  endfacet
  facet normal -5.631368e-001 -8.263637e-001  -0.000000e+000
    outer loop
      vertex  1.028863e+001  8.443258e+000  0.000000e+000
      vertex  1.008945e+001  8.578988e+000  3.500000e+000
      vertex  1.008945e+001  8.578988e+000  0.000000e+000
    endloop
  endfacet
  facet normal -3.910976e-001 -9.203492e-001  0.000000e+000
    outer loop
      vertex  1.008945e+001  8.578988e+000  0.000000e+000
      vertex  1.008945e+001  8.578988e+000  3.500000e+000
      vertex  9.867627e+000  8.673252e+000  3.500000e+000
    endloop
  endfacet
  facet normal -3.910976e-001 -9.203492e-001  -0.000000e+000
    outer loop
      vertex  1.008945e+001  8.578988e+000  0.000000e+000
      vertex  9.867627e+000  8.673252e+000  3.500000e+000
      vertex  9.867627e+000  8.673252e+000  0.000000e+000
    endloop
  endfacet
  facet normal -2.040347e-001 -9.789636e-001  0.000000e+000
    outer loop
      vertex  9.867627e+000  8.673252e+000  0.000000e+000
      vertex  9.867627e+000  8.673252e+000  3.500000e+000
      vertex  9.631674e+000  8.722429e+000  3.500000e+000
    endloop
  endfacet
  facet normal -2.040347e-001 -9.789636e-001  -0.000000e+000
    outer loop
      vertex  9.867627e+000  8.673252e+000  0.000000e+000
      vertex  9.631674e+000  8.722429e+000  3.500000e+000
      vertex  9.631674e+000  8.722429e+000  0.000000e+000
    endloop
  endfacet
  facet normal -9.124271e-003 -9.999583e-001  0.000000e+000
    outer loop
      vertex  9.631674e+000  8.722429e+000  0.000000e+000
      vertex  9.631674e+000  8.722429e+000  3.500000e+000
      vertex  9.390659e+000  8.724628e+000  3.500000e+000
    endloop
  endfacet
  facet normal -9.124271e-003 -9.999583e-001  -0.000000e+000
    outer loop
      vertex  9.631674e+000  8.722429e+000  0.000000e+000
      vertex  9.390659e+000  8.724628e+000  3.500000e+000
      vertex  9.390659e+000  8.724628e+000  0.000000e+000
    endloop
  endfacet
  facet normal  1.861296e-001 -9.825252e-001  0.000000e+000
    outer loop
      vertex  9.390659e+000  8.724628e+000  0.000000e+000
      vertex  9.390659e+000  8.724628e+000  3.500000e+000
      vertex  9.153847e+000  8.679767e+000  3.500000e+000
    endloop
  endfacet
  facet normal  1.861296e-001 -9.825252e-001  0.000000e+000
    outer loop
      vertex  9.390659e+000  8.724628e+000  0.000000e+000
      vertex  9.153847e+000  8.679767e+000  3.500000e+000
      vertex  9.153847e+000  8.679767e+000  0.000000e+000
    endloop
  endfacet
  facet normal  3.742378e-001 -9.273328e-001  0.000000e+000
    outer loop
      vertex  9.153847e+000  8.679767e+000  0.000000e+000
      vertex  9.153847e+000  8.679767e+000  3.500000e+000
      vertex  8.930337e+000  8.589566e+000  3.500000e+000
    endloop
  endfacet
  facet normal  3.742378e-001 -9.273328e-001  0.000000e+000
    outer loop
      vertex  9.153847e+000  8.679767e+000  0.000000e+000
      vertex  8.930337e+000  8.589566e+000  3.500000e+000
      vertex  8.930337e+000  8.589566e+000  0.000000e+000
    endloop
  endfacet
  facet normal  5.479608e-001 -8.365041e-001  0.000000e+000
    outer loop
      vertex  8.930337e+000  8.589566e+000  0.000000e+000
      vertex  8.930337e+000  8.589566e+000  3.500000e+000
      vertex  8.728720e+000  8.457495e+000  3.500000e+000
    endloop
  endfacet
  facet normal  5.479608e-001 -8.365041e-001  0.000000e+000
    outer loop
      vertex  8.930337e+000  8.589566e+000  0.000000e+000
      vertex  8.728720e+000  8.457495e+000  3.500000e+000
      vertex  8.728720e+000  8.457495e+000  0.000000e+000
    endloop
  endfacet
  facet normal  7.006239e-001 -7.135308e-001  0.000000e+000
    outer loop
      vertex  8.728720e+000  8.457495e+000  0.000000e+000
      vertex  8.728720e+000  8.457495e+000  3.500000e+000
      vertex  8.556742e+000  8.288628e+000  3.500000e+000
    endloop
  endfacet
  facet normal  7.006239e-001 -7.135308e-001  0.000000e+000
    outer loop
      vertex  8.728720e+000  8.457495e+000  0.000000e+000
      vertex  8.556742e+000  8.288628e+000  3.500000e+000
      vertex  8.556742e+000  8.288628e+000  0.000000e+000
    endloop
  endfacet
  facet normal  8.263637e-001 -5.631368e-001  0.000000e+000
    outer loop
      vertex  8.556742e+000  8.288628e+000  0.000000e+000
      vertex  8.556742e+000  8.288628e+000  3.500000e+000
      vertex  8.421012e+000  8.089454e+000  3.500000e+000
    endloop
  endfacet
  facet normal  8.263637e-001 -5.631368e-001  0.000000e+000
    outer loop
      vertex  8.556742e+000  8.288628e+000  0.000000e+000
      vertex  8.421012e+000  8.089454e+000  3.500000e+000
      vertex  8.421012e+000  8.089454e+000  0.000000e+000
    endloop
  endfacet
  facet normal -9.203489e-001  3.910983e-001  0.000000e+000
    outer loop
      vertex  1.057899e+001  6.910546e+000  7.000000e+000
      vertex  1.067325e+001  7.132372e+000  7.000000e+000
      vertex  1.057899e+001  6.910546e+000  3.500000e+000
    endloop
  endfacet
  facet normal -9.203489e-001  3.910983e-001  0.000000e+000
    outer loop
      vertex  1.057899e+001  6.910546e+000  3.500000e+000
      vertex  1.067325e+001  7.132372e+000  7.000000e+000
      vertex  1.067325e+001  7.132372e+000  3.500000e+000
    endloop
  endfacet
  facet normal -9.789639e-001  2.040339e-001  0.000000e+000
    outer loop
      vertex  1.067325e+001  7.132372e+000  7.000000e+000
      vertex  1.072243e+001  7.368327e+000  7.000000e+000
      vertex  1.067325e+001  7.132372e+000  3.500000e+000
    endloop
  endfacet
  facet normal -9.789639e-001  2.040339e-001  0.000000e+000
    outer loop
      vertex  1.067325e+001  7.132372e+000  3.500000e+000
      vertex  1.072243e+001  7.368327e+000  7.000000e+000
      vertex  1.072243e+001  7.368327e+000  3.500000e+000
    endloop
  endfacet
  facet normal  9.693988e-001 -2.454869e-001  1.458347e-003
    outer loop
      vertex  2.613358e+001  7.060533e+000  7.000000e+000
      vertex  2.602533e+001  6.633052e+000  7.000000e+000
      vertex  2.603932e+001  6.674925e+000  4.750000e+000
    endloop
  endfacet
  facet normal  9.238803e-001 -3.826791e-001 -1.377794e-003
    outer loop
      vertex  2.587899e+001  6.287845e+000  4.750000e+000
      vertex  2.603932e+001  6.674925e+000  4.750000e+000
      vertex  2.602533e+001  6.633052e+000  7.000000e+000
    endloop
  endfacet
  facet normal  9.157712e-001 -4.016951e-001  2.067164e-003
    outer loop
      vertex  2.602533e+001  6.633052e+000  7.000000e+000
      vertex  2.584819e+001  6.229220e+000  7.000000e+000
      vertex  2.587899e+001  6.287845e+000  4.750000e+000
    endloop
  endfacet
  facet normal  8.526382e-001 -5.224981e-001 -1.944468e-003
    outer loop
      vertex  2.566008e+001  5.930614e+000  4.750000e+000
      vertex  2.587899e+001  6.287845e+000  4.750000e+000
      vertex  2.584819e+001  6.229220e+000  7.000000e+000
    endloop
  endfacet
  facet normal  8.371654e-001 -5.469437e-001  2.593467e-003
    outer loop
      vertex  2.584819e+001  6.229220e+000  7.000000e+000
      vertex  2.560701e+001  5.860052e+000  7.000000e+000
      vertex  2.566008e+001  5.930614e+000  4.750000e+000
    endloop
  endfacet
  facet normal  7.604037e-001 -6.494460e-001 -2.431622e-003
    outer loop
      vertex  2.538798e+001  5.612025e+000  4.750000e+000
      vertex  2.566008e+001  5.930614e+000  4.750000e+000
      vertex  2.560701e+001  5.860052e+000  7.000000e+000
    endloop
  endfacet
  facet normal  7.357196e-001 -6.772795e-001  3.039507e-003
    outer loop
      vertex  2.560701e+001  5.860052e+000  7.000000e+000
      vertex  2.530834e+001  5.535617e+000  7.000000e+000
      vertex  2.538798e+001  5.612025e+000  4.750000e+000
    endloop
  endfacet
  facet normal  6.494453e-001 -7.604030e-001 -2.836757e-003
    outer loop
      vertex  2.506939e+001  5.339925e+000  4.750000e+000
      vertex  2.538798e+001  5.612025e+000  4.750000e+000
      vertex  2.530834e+001  5.535617e+000  7.000000e+000
    endloop
  endfacet
  facet normal  6.142093e-001 -7.891359e-001  3.404398e-003
    outer loop
      vertex  2.530834e+001  5.535617e+000  7.000000e+000
      vertex  2.496035e+001  5.264766e+000  7.000000e+000
      vertex  2.506939e+001  5.339925e+000  4.750000e+000
    endloop
  endfacet
  facet normal  5.224950e-001 -8.526365e-001 -3.161277e-003
    outer loop
      vertex  2.471215e+001  5.121013e+000  4.750000e+000
      vertex  2.506939e+001  5.339925e+000  4.750000e+000
      vertex  2.496035e+001  5.264766e+000  7.000000e+000
    endloop
  endfacet
  facet normal  4.759441e-001 -8.794678e-001  3.688012e-003
    outer loop
      vertex  2.496035e+001  5.264766e+000  7.000000e+000
      vertex  2.457253e+001  5.054885e+000  7.000000e+000
      vertex  2.471215e+001  5.121013e+000  4.750000e+000
    endloop
  endfacet
  facet normal  3.826815e-001 -9.238740e-001 -3.404642e-003
    outer loop
      vertex  2.432508e+001  4.960679e+000  4.750000e+000
      vertex  2.471215e+001  5.121013e+000  4.750000e+000
      vertex  2.457253e+001  5.054885e+000  7.000000e+000
    endloop
  endfacet
  facet normal  3.246979e-001 -9.458098e-001  3.890747e-003
    outer loop
      vertex  2.457253e+001  5.054885e+000  7.000000e+000
      vertex  2.415545e+001  4.911701e+000  7.000000e+000
      vertex  2.432508e+001  4.960679e+000  4.750000e+000
    endloop
  endfacet
  facet normal  2.334443e-001 -9.723636e-001 -3.566915e-003
    outer loop
      vertex  2.391768e+001  4.862872e+000  4.750000e+000
      vertex  2.432508e+001  4.960679e+000  4.750000e+000
      vertex  2.415545e+001  4.911701e+000  7.000000e+000
    endloop
  endfacet
  facet normal -2.334443e-001 -9.723636e-001 -3.566915e-003
    outer loop
      vertex  2.308232e+001  4.862872e+000  4.750000e+000
      vertex  2.284455e+001  4.911701e+000  7.000000e+000
      vertex  2.267492e+001  4.960679e+000  4.750000e+000
    endloop
  endfacet
  facet normal -3.246979e-001 -9.458098e-001  3.890747e-003
    outer loop
      vertex  2.267492e+001  4.960679e+000  4.750000e+000
      vertex  2.284455e+001  4.911701e+000  7.000000e+000
      vertex  2.242747e+001  5.054885e+000  7.000000e+000
    endloop
  endfacet
  facet normal -3.826815e-001 -9.238740e-001 -3.404642e-003
    outer loop
      vertex  2.267492e+001  4.960679e+000  4.750000e+000
      vertex  2.242747e+001  5.054885e+000  7.000000e+000
      vertex  2.228785e+001  5.121013e+000  4.750000e+000
    endloop
  endfacet
  facet normal -4.759441e-001 -8.794678e-001  3.688012e-003
    outer loop
      vertex  2.228785e+001  5.121013e+000  4.750000e+000
      vertex  2.242747e+001  5.054885e+000  7.000000e+000
      vertex  2.203965e+001  5.264766e+000  7.000000e+000
    endloop
  endfacet
  facet normal -5.224950e-001 -8.526365e-001 -3.161277e-003
    outer loop
      vertex  2.228785e+001  5.121013e+000  4.750000e+000
      vertex  2.203965e+001  5.264766e+000  7.000000e+000
      vertex  2.193061e+001  5.339925e+000  4.750000e+000
    endloop
  endfacet
  facet normal -6.142093e-001 -7.891359e-001  3.404398e-003
    outer loop
      vertex  2.193061e+001  5.339925e+000  4.750000e+000
      vertex  2.203965e+001  5.264766e+000  7.000000e+000
      vertex  2.169166e+001  5.535617e+000  7.000000e+000
    endloop
  endfacet
  facet normal -6.494453e-001 -7.604030e-001 -2.836757e-003
    outer loop
      vertex  2.193061e+001  5.339925e+000  4.750000e+000
      vertex  2.169166e+001  5.535617e+000  7.000000e+000
      vertex  2.161202e+001  5.612025e+000  4.750000e+000
    endloop
  endfacet
  facet normal -7.357196e-001 -6.772795e-001  3.039507e-003
    outer loop
      vertex  2.161202e+001  5.612025e+000  4.750000e+000
      vertex  2.169166e+001  5.535617e+000  7.000000e+000
      vertex  2.139299e+001  5.860052e+000  7.000000e+000
    endloop
  endfacet
  facet normal -7.604037e-001 -6.494460e-001 -2.431622e-003
    outer loop
      vertex  2.161202e+001  5.612025e+000  4.750000e+000
      vertex  2.139299e+001  5.860052e+000  7.000000e+000
      vertex  2.133992e+001  5.930614e+000  4.750000e+000
    endloop
  endfacet
  facet normal -8.371654e-001 -5.469437e-001  2.593467e-003
    outer loop
      vertex  2.133992e+001  5.930614e+000  4.750000e+000
      vertex  2.139299e+001  5.860052e+000  7.000000e+000
      vertex  2.115181e+001  6.229220e+000  7.000000e+000
    endloop
  endfacet
  facet normal -8.526382e-001 -5.224981e-001 -1.944468e-003
    outer loop
      vertex  2.133992e+001  5.930614e+000  4.750000e+000
      vertex  2.115181e+001  6.229220e+000  7.000000e+000
      vertex  2.112101e+001  6.287845e+000  4.750000e+000
    endloop
  endfacet
  facet normal -9.157712e-001 -4.016951e-001  2.067164e-003
    outer loop
      vertex  2.112101e+001  6.287845e+000  4.750000e+000
      vertex  2.115181e+001  6.229220e+000  7.000000e+000
      vertex  2.097467e+001  6.633052e+000  7.000000e+000
    endloop
  endfacet
  facet normal -9.238803e-001 -3.826791e-001 -1.377794e-003
    outer loop
      vertex  2.112101e+001  6.287845e+000  4.750000e+000
      vertex  2.097467e+001  6.633052e+000  7.000000e+000
      vertex  2.096068e+001  6.674925e+000  4.750000e+000
    endloop
  endfacet
  facet normal -9.693988e-001 -2.454869e-001  1.458347e-003
    outer loop
      vertex  2.096068e+001  6.674925e+000  4.750000e+000
      vertex  2.097467e+001  6.633052e+000  7.000000e+000
      vertex  2.086642e+001  7.060533e+000  7.000000e+000
    endloop
  endfacet
  facet normal  9.693988e-001 -2.454869e-001 -1.458347e-003
    outer loop
      vertex  2.613358e+001  7.060533e+000  2.500000e+000
      vertex  2.603932e+001  6.674925e+000  4.750000e+000
      vertex  2.602533e+001  6.633052e+000  2.500000e+000
    endloop
  endfacet
  facet normal  9.238803e-001 -3.826791e-001  1.377794e-003
    outer loop
      vertex  2.602533e+001  6.633052e+000  2.500000e+000
      vertex  2.603932e+001  6.674925e+000  4.750000e+000
      vertex  2.587899e+001  6.287845e+000  4.750000e+000
    endloop
  endfacet
  facet normal  9.157712e-001 -4.016951e-001 -2.067164e-003
    outer loop
      vertex  2.602533e+001  6.633052e+000  2.500000e+000
      vertex  2.587899e+001  6.287845e+000  4.750000e+000
      vertex  2.584819e+001  6.229220e+000  2.500000e+000
    endloop
  endfacet
  facet normal  8.526382e-001 -5.224981e-001  1.944468e-003
    outer loop
      vertex  2.584819e+001  6.229220e+000  2.500000e+000
      vertex  2.587899e+001  6.287845e+000  4.750000e+000
      vertex  2.566008e+001  5.930614e+000  4.750000e+000
    endloop
  endfacet
  facet normal  8.371654e-001 -5.469437e-001 -2.593467e-003
    outer loop
      vertex  2.584819e+001  6.229220e+000  2.500000e+000
      vertex  2.566008e+001  5.930614e+000  4.750000e+000
      vertex  2.560701e+001  5.860052e+000  2.500000e+000
    endloop
  endfacet
  facet normal  7.604037e-001 -6.494460e-001  2.431622e-003
    outer loop
      vertex  2.560701e+001  5.860052e+000  2.500000e+000
      vertex  2.566008e+001  5.930614e+000  4.750000e+000
      vertex  2.538798e+001  5.612025e+000  4.750000e+000
    endloop
  endfacet
  facet normal  7.357196e-001 -6.772795e-001 -3.039507e-003
    outer loop
      vertex  2.560701e+001  5.860052e+000  2.500000e+000
      vertex  2.538798e+001  5.612025e+000  4.750000e+000
      vertex  2.530834e+001  5.535617e+000  2.500000e+000
    endloop
  endfacet
  facet normal  6.494453e-001 -7.604030e-001  2.836757e-003
    outer loop
      vertex  2.530834e+001  5.535617e+000  2.500000e+000
      vertex  2.538798e+001  5.612025e+000  4.750000e+000
      vertex  2.506939e+001  5.339925e+000  4.750000e+000
    endloop
  endfacet
  facet normal  6.142093e-001 -7.891359e-001 -3.404398e-003
    outer loop
      vertex  2.530834e+001  5.535617e+000  2.500000e+000
      vertex  2.506939e+001  5.339925e+000  4.750000e+000
      vertex  2.496035e+001  5.264766e+000  2.500000e+000
    endloop
  endfacet
  facet normal  5.224950e-001 -8.526365e-001  3.161277e-003
    outer loop
      vertex  2.496035e+001  5.264766e+000  2.500000e+000
      vertex  2.506939e+001  5.339925e+000  4.750000e+000
      vertex  2.471215e+001  5.121013e+000  4.750000e+000
    endloop
  endfacet
  facet normal  4.759441e-001 -8.794678e-001 -3.688012e-003
    outer loop
      vertex  2.496035e+001  5.264766e+000  2.500000e+000
      vertex  2.471215e+001  5.121013e+000  4.750000e+000
      vertex  2.457253e+001  5.054885e+000  2.500000e+000
    endloop
  endfacet
  facet normal  3.826815e-001 -9.238740e-001  3.404642e-003
    outer loop
      vertex  2.457253e+001  5.054885e+000  2.500000e+000
      vertex  2.471215e+001  5.121013e+000  4.750000e+000
      vertex  2.432508e+001  4.960679e+000  4.750000e+000
    endloop
  endfacet
  facet normal  3.246979e-001 -9.458098e-001 -3.890747e-003
    outer loop
      vertex  2.457253e+001  5.054885e+000  2.500000e+000
      vertex  2.432508e+001  4.960679e+000  4.750000e+000
      vertex  2.415545e+001  4.911701e+000  2.500000e+000
    endloop
  endfacet
  facet normal  2.334443e-001 -9.723636e-001  3.566915e-003
    outer loop
      vertex  2.415545e+001  4.911701e+000  2.500000e+000
      vertex  2.432508e+001  4.960679e+000  4.750000e+000
      vertex  2.391768e+001  4.862872e+000  4.750000e+000
    endloop
  endfacet
  facet normal -2.334443e-001 -9.723636e-001  3.566915e-003
    outer loop
      vertex  2.308232e+001  4.862872e+000  4.750000e+000
      vertex  2.267492e+001  4.960679e+000  4.750000e+000
      vertex  2.284455e+001  4.911701e+000  2.500000e+000
    endloop
  endfacet
  facet normal -3.246979e-001 -9.458098e-001 -3.890747e-003
    outer loop
      vertex  2.242747e+001  5.054885e+000  2.500000e+000
      vertex  2.284455e+001  4.911701e+000  2.500000e+000
      vertex  2.267492e+001  4.960679e+000  4.750000e+000
    endloop
  endfacet
  facet normal -3.826815e-001 -9.238740e-001  3.404642e-003
    outer loop
      vertex  2.267492e+001  4.960679e+000  4.750000e+000
      vertex  2.228785e+001  5.121013e+000  4.750000e+000
      vertex  2.242747e+001  5.054885e+000  2.500000e+000
    endloop
  endfacet
  facet normal -4.759441e-001 -8.794678e-001 -3.688012e-003
    outer loop
      vertex  2.203965e+001  5.264766e+000  2.500000e+000
      vertex  2.242747e+001  5.054885e+000  2.500000e+000
      vertex  2.228785e+001  5.121013e+000  4.750000e+000
    endloop
  endfacet
  facet normal -5.224950e-001 -8.526365e-001  3.161277e-003
    outer loop
      vertex  2.228785e+001  5.121013e+000  4.750000e+000
      vertex  2.193061e+001  5.339925e+000  4.750000e+000
      vertex  2.203965e+001  5.264766e+000  2.500000e+000
    endloop
  endfacet
  facet normal -6.142093e-001 -7.891359e-001 -3.404398e-003
    outer loop
      vertex  2.169166e+001  5.535617e+000  2.500000e+000
      vertex  2.203965e+001  5.264766e+000  2.500000e+000
      vertex  2.193061e+001  5.339925e+000  4.750000e+000
    endloop
  endfacet
  facet normal -6.494453e-001 -7.604030e-001  2.836757e-003
    outer loop
      vertex  2.193061e+001  5.339925e+000  4.750000e+000
      vertex  2.161202e+001  5.612025e+000  4.750000e+000
      vertex  2.169166e+001  5.535617e+000  2.500000e+000
    endloop
  endfacet
  facet normal -7.357196e-001 -6.772795e-001 -3.039507e-003
    outer loop
      vertex  2.139299e+001  5.860052e+000  2.500000e+000
      vertex  2.169166e+001  5.535617e+000  2.500000e+000
      vertex  2.161202e+001  5.612025e+000  4.750000e+000
    endloop
  endfacet
  facet normal -7.604037e-001 -6.494460e-001  2.431622e-003
    outer loop
      vertex  2.161202e+001  5.612025e+000  4.750000e+000
      vertex  2.133992e+001  5.930614e+000  4.750000e+000
      vertex  2.139299e+001  5.860052e+000  2.500000e+000
    endloop
  endfacet
  facet normal -8.371654e-001 -5.469437e-001 -2.593467e-003
    outer loop
      vertex  2.115181e+001  6.229220e+000  2.500000e+000
      vertex  2.139299e+001  5.860052e+000  2.500000e+000
      vertex  2.133992e+001  5.930614e+000  4.750000e+000
    endloop
  endfacet
  facet normal -8.526382e-001 -5.224981e-001  1.944468e-003
    outer loop
      vertex  2.133992e+001  5.930614e+000  4.750000e+000
      vertex  2.112101e+001  6.287845e+000  4.750000e+000
      vertex  2.115181e+001  6.229220e+000  2.500000e+000
    endloop
  endfacet
  facet normal -9.157712e-001 -4.016951e-001 -2.067164e-003
    outer loop
      vertex  2.097467e+001  6.633052e+000  2.500000e+000
      vertex  2.115181e+001  6.229220e+000  2.500000e+000
      vertex  2.112101e+001  6.287845e+000  4.750000e+000
    endloop
  endfacet
  facet normal -9.238803e-001 -3.826791e-001  1.377794e-003
    outer loop
      vertex  2.112101e+001  6.287845e+000  4.750000e+000
      vertex  2.096068e+001  6.674925e+000  4.750000e+000
      vertex  2.097467e+001  6.633052e+000  2.500000e+000
    endloop
  endfacet
  facet normal -9.693988e-001 -2.454869e-001 -1.458347e-003
    outer loop
      vertex  2.086642e+001  7.060533e+000  2.500000e+000
      vertex  2.097467e+001  6.633052e+000  2.500000e+000
      vertex  2.096068e+001  6.674925e+000  4.750000e+000
    endloop
  endfacet
  facet normal  9.969171e-001 -7.846156e-002  0.000000e+000
    outer loop
      vertex  2.617000e+001  7.500000e+000  4.750000e+000
      vertex  2.617000e+001  7.500000e+000  7.000000e+000
      vertex  2.613713e+001  7.082320e+000  4.750000e+000
    endloop
  endfacet
  facet normal  9.965842e-001 -8.257885e-002  7.691776e-004
    outer loop
      vertex  2.613713e+001  7.082320e+000  4.750000e+000
      vertex  2.617000e+001  7.500000e+000  7.000000e+000
      vertex  2.613358e+001  7.060533e+000  7.000000e+000
    endloop
  endfacet
  facet normal  9.723697e-001 -2.334452e-001 -7.298398e-004
    outer loop
      vertex  2.613713e+001  7.082320e+000  4.750000e+000
      vertex  2.613358e+001  7.060533e+000  7.000000e+000
      vertex  2.603932e+001  6.674925e+000  4.750000e+000
    endloop
  endfacet
  facet normal  4.132532e-002 -9.991457e-001  0.000000e+000
    outer loop
      vertex  2.350000e+001  4.830000e+000  7.000000e+000
      vertex  2.350000e+001  4.830000e+000  4.750000e+000
      vertex  2.372049e+001  4.839119e+000  7.000000e+000
    endloop
  endfacet
  facet normal  7.845861e-002 -9.969107e-001 -3.647916e-003
    outer loop
      vertex  2.372049e+001  4.839119e+000  7.000000e+000
      vertex  2.350000e+001  4.830000e+000  4.750000e+000
      vertex  2.391768e+001  4.862872e+000  4.750000e+000
    endloop
  endfacet
  facet normal  1.645930e-001 -9.863535e-001  4.012473e-003
    outer loop
      vertex  2.372049e+001  4.839119e+000  7.000000e+000
      vertex  2.391768e+001  4.862872e+000  4.750000e+000
      vertex  2.415545e+001  4.911701e+000  7.000000e+000
    endloop
  endfacet
  facet normal -7.845913e-002 -9.969173e-001  -0.000000e+000
    outer loop
      vertex  2.350000e+001  4.830000e+000  4.750000e+000
      vertex  2.350000e+001  4.830000e+000  7.000000e+000
      vertex  2.308232e+001  4.862872e+000  4.750000e+000
    endloop
  endfacet
  facet normal -4.132433e-002 -9.991218e-001 -6.925758e-003
    outer loop
      vertex  2.308232e+001  4.862872e+000  4.750000e+000
      vertex  2.350000e+001  4.830000e+000  7.000000e+000
      vertex  2.327951e+001  4.839119e+000  7.000000e+000
    endloop
  endfacet
  facet normal -1.645930e-001 -9.863535e-001  4.012473e-003
    outer loop
      vertex  2.308232e+001  4.862872e+000  4.750000e+000
      vertex  2.327951e+001  4.839119e+000  7.000000e+000
      vertex  2.284455e+001  4.911701e+000  7.000000e+000
    endloop
  endfacet
  facet normal -9.965846e-001 -8.257888e-002  0.000000e+000
    outer loop
      vertex  2.083000e+001  7.500000e+000  7.000000e+000
      vertex  2.083000e+001  7.500000e+000  4.750000e+000
      vertex  2.086642e+001  7.060533e+000  7.000000e+000
    endloop
  endfacet
  facet normal -9.969168e-001 -7.846154e-002  8.095707e-004
    outer loop
      vertex  2.086642e+001  7.060533e+000  7.000000e+000
      vertex  2.083000e+001  7.500000e+000  4.750000e+000
      vertex  2.086287e+001  7.082320e+000  4.750000e+000
    endloop
  endfacet
  facet normal -9.723697e-001 -2.334452e-001 -7.298398e-004
    outer loop
      vertex  2.086642e+001  7.060533e+000  7.000000e+000
      vertex  2.086287e+001  7.082320e+000  4.750000e+000
      vertex  2.096068e+001  6.674925e+000  4.750000e+000
    endloop
  endfacet
  facet normal  9.965846e-001 -8.257888e-002  0.000000e+000
    outer loop
      vertex  2.617000e+001  7.500000e+000  2.500000e+000
      vertex  2.617000e+001  7.500000e+000  4.750000e+000
      vertex  2.613358e+001  7.060533e+000  2.500000e+000
    endloop
  endfacet
  facet normal  9.969168e-001 -7.846154e-002 -8.095707e-004
    outer loop
      vertex  2.613358e+001  7.060533e+000  2.500000e+000
      vertex  2.617000e+001  7.500000e+000  4.750000e+000
      vertex  2.613713e+001  7.082320e+000  4.750000e+000
    endloop
  endfacet
  facet normal  9.723697e-001 -2.334452e-001  7.298398e-004
    outer loop
      vertex  2.613358e+001  7.060533e+000  2.500000e+000
      vertex  2.613713e+001  7.082320e+000  4.750000e+000
      vertex  2.603932e+001  6.674925e+000  4.750000e+000
    endloop
  endfacet
  facet normal  7.845913e-002 -9.969173e-001  0.000000e+000
    outer loop
      vertex  2.350000e+001  4.830000e+000  4.750000e+000
      vertex  2.350000e+001  4.830000e+000  2.500000e+000
      vertex  2.391768e+001  4.862872e+000  4.750000e+000
    endloop
  endfacet
  facet normal  4.132433e-002 -9.991218e-001  6.925758e-003
    outer loop
      vertex  2.391768e+001  4.862872e+000  4.750000e+000
      vertex  2.350000e+001  4.830000e+000  2.500000e+000
      vertex  2.372049e+001  4.839119e+000  2.500000e+000
    endloop
  endfacet
  facet normal  1.645930e-001 -9.863535e-001 -4.012473e-003
    outer loop
      vertex  2.391768e+001  4.862872e+000  4.750000e+000
      vertex  2.372049e+001  4.839119e+000  2.500000e+000
      vertex  2.415545e+001  4.911701e+000  2.500000e+000
    endloop
  endfacet
  facet normal -4.132532e-002 -9.991457e-001  -0.000000e+000
    outer loop
      vertex  2.350000e+001  4.830000e+000  2.500000e+000
      vertex  2.350000e+001  4.830000e+000  4.750000e+000
      vertex  2.327951e+001  4.839119e+000  2.500000e+000
    endloop
  endfacet
  facet normal -7.845861e-002 -9.969107e-001  3.647916e-003
    outer loop
      vertex  2.327951e+001  4.839119e+000  2.500000e+000
      vertex  2.350000e+001  4.830000e+000  4.750000e+000
      vertex  2.308232e+001  4.862872e+000  4.750000e+000
    endloop
  endfacet
  facet normal -1.645930e-001 -9.863535e-001 -4.012473e-003
    outer loop
      vertex  2.327951e+001  4.839119e+000  2.500000e+000
      vertex  2.308232e+001  4.862872e+000  4.750000e+000
      vertex  2.284455e+001  4.911701e+000  2.500000e+000
    endloop
  endfacet
  facet normal -9.969171e-001 -7.846156e-002  0.000000e+000
    outer loop
      vertex  2.083000e+001  7.500000e+000  4.750000e+000
      vertex  2.083000e+001  7.500000e+000  2.500000e+000
      vertex  2.086287e+001  7.082320e+000  4.750000e+000
    endloop
  endfacet
  facet normal -9.965842e-001 -8.257885e-002 -7.691776e-004
    outer loop
      vertex  2.086287e+001  7.082320e+000  4.750000e+000
      vertex  2.083000e+001  7.500000e+000  2.500000e+000
      vertex  2.086642e+001  7.060533e+000  2.500000e+000
    endloop
  endfacet
  facet normal -9.723697e-001 -2.334452e-001  7.298398e-004
    outer loop
      vertex  2.086287e+001  7.082320e+000  4.750000e+000
      vertex  2.086642e+001  7.060533e+000  2.500000e+000
      vertex  2.096068e+001  6.674925e+000  4.750000e+000
    endloop
  endfacet
  facet normal -9.693987e-001  2.454872e-001  1.458393e-003
    outer loop
      vertex  2.086642e+001  7.939467e+000  7.000000e+000
      vertex  2.097467e+001  8.366947e+000  7.000000e+000
      vertex  2.096068e+001  8.325075e+000  4.750000e+000
    endloop
  endfacet
  facet normal -9.238802e-001  3.826795e-001 -1.377722e-003
    outer loop
      vertex  2.112101e+001  8.712154e+000  4.750000e+000
      vertex  2.096068e+001  8.325075e+000  4.750000e+000
      vertex  2.097467e+001  8.366947e+000  7.000000e+000
    endloop
  endfacet
  facet normal -9.157713e-001  4.016947e-001  2.067092e-003
    outer loop
      vertex  2.097467e+001  8.366947e+000  7.000000e+000
      vertex  2.115181e+001  8.770780e+000  7.000000e+000
      vertex  2.112101e+001  8.712154e+000  4.750000e+000
    endloop
  endfacet
  facet normal -8.526385e-001  5.224976e-001 -1.944562e-003
    outer loop
      vertex  2.133992e+001  9.069386e+000  4.750000e+000
      vertex  2.112101e+001  8.712154e+000  4.750000e+000
      vertex  2.115181e+001  8.770780e+000  7.000000e+000
    endloop
  endfacet
  facet normal -8.371654e-001  5.469437e-001  2.593467e-003
    outer loop
      vertex  2.115181e+001  8.770780e+000  7.000000e+000
      vertex  2.139299e+001  9.139948e+000  7.000000e+000
      vertex  2.133992e+001  9.069386e+000  4.750000e+000
    endloop
  endfacet
  facet normal -7.604033e-001  6.494466e-001 -2.431652e-003
    outer loop
      vertex  2.161202e+001  9.387975e+000  4.750000e+000
      vertex  2.133992e+001  9.069386e+000  4.750000e+000
      vertex  2.139299e+001  9.139948e+000  7.000000e+000
    endloop
  endfacet
  facet normal -7.357200e-001  6.772789e-001  3.039256e-003
    outer loop
      vertex  2.139299e+001  9.139948e+000  7.000000e+000
      vertex  2.169166e+001  9.464383e+000  7.000000e+000
      vertex  2.161202e+001  9.387975e+000  4.750000e+000
    endloop
  endfacet
  facet normal -6.494460e-001  7.604025e-001 -2.837037e-003
    outer loop
      vertex  2.193061e+001  9.660075e+000  4.750000e+000
      vertex  2.161202e+001  9.387975e+000  4.750000e+000
      vertex  2.169166e+001  9.464383e+000  7.000000e+000
    endloop
  endfacet
  facet normal -6.142086e-001  7.891363e-001  3.404347e-003
    outer loop
      vertex  2.169166e+001  9.464383e+000  7.000000e+000
      vertex  2.203965e+001  9.735234e+000  7.000000e+000
      vertex  2.193061e+001  9.660075e+000  4.750000e+000
    endloop
  endfacet
  facet normal -5.224950e-001  8.526365e-001 -3.161277e-003
    outer loop
      vertex  2.228785e+001  9.878987e+000  4.750000e+000
      vertex  2.193061e+001  9.660075e+000  4.750000e+000
      vertex  2.203965e+001  9.735234e+000  7.000000e+000
    endloop
  endfacet
  facet normal -4.759449e-001  8.794674e-001  3.687891e-003
    outer loop
      vertex  2.203965e+001  9.735234e+000  7.000000e+000
      vertex  2.242747e+001  9.945115e+000  7.000000e+000
      vertex  2.228785e+001  9.878987e+000  4.750000e+000
    endloop
  endfacet
  facet normal -3.826815e-001  9.238740e-001 -3.404838e-003
    outer loop
      vertex  2.267492e+001  1.003932e+001  4.750000e+000
      vertex  2.228785e+001  9.878987e+000  4.750000e+000
      vertex  2.242747e+001  9.945115e+000  7.000000e+000
    endloop
  endfacet
  facet normal -3.246970e-001  9.458101e-001  3.890667e-003
    outer loop
      vertex  2.242747e+001  9.945115e+000  7.000000e+000
      vertex  2.284455e+001  1.008830e+001  7.000000e+000
      vertex  2.267492e+001  1.003932e+001  4.750000e+000
    endloop
  endfacet
  facet normal -2.334443e-001  9.723636e-001 -3.566915e-003
    outer loop
      vertex  2.308232e+001  1.013713e+001  4.750000e+000
      vertex  2.267492e+001  1.003932e+001  4.750000e+000
      vertex  2.284455e+001  1.008830e+001  7.000000e+000
    endloop
  endfacet
  facet normal  2.334443e-001  9.723636e-001 -3.566915e-003
    outer loop
      vertex  2.391768e+001  1.013713e+001  4.750000e+000
      vertex  2.415545e+001  1.008830e+001  7.000000e+000
      vertex  2.432508e+001  1.003932e+001  4.750000e+000
    endloop
  endfacet
  facet normal  3.246970e-001  9.458101e-001  3.890667e-003
    outer loop
      vertex  2.432508e+001  1.003932e+001  4.750000e+000
      vertex  2.415545e+001  1.008830e+001  7.000000e+000
      vertex  2.457253e+001  9.945115e+000  7.000000e+000
    endloop
  endfacet
  facet normal  3.826815e-001  9.238740e-001 -3.404838e-003
    outer loop
      vertex  2.432508e+001  1.003932e+001  4.750000e+000
      vertex  2.457253e+001  9.945115e+000  7.000000e+000
      vertex  2.471215e+001  9.878987e+000  4.750000e+000
    endloop
  endfacet
  facet normal  4.759449e-001  8.794674e-001  3.687891e-003
    outer loop
      vertex  2.471215e+001  9.878987e+000  4.750000e+000
      vertex  2.457253e+001  9.945115e+000  7.000000e+000
      vertex  2.496035e+001  9.735234e+000  7.000000e+000
    endloop
  endfacet
  facet normal  5.224950e-001  8.526365e-001 -3.161277e-003
    outer loop
      vertex  2.471215e+001  9.878987e+000  4.750000e+000
      vertex  2.496035e+001  9.735234e+000  7.000000e+000
      vertex  2.506939e+001  9.660075e+000  4.750000e+000
    endloop
  endfacet
  facet normal  6.142086e-001  7.891363e-001  3.404347e-003
    outer loop
      vertex  2.506939e+001  9.660075e+000  4.750000e+000
      vertex  2.496035e+001  9.735234e+000  7.000000e+000
      vertex  2.530834e+001  9.464383e+000  7.000000e+000
    endloop
  endfacet
  facet normal  6.494460e-001  7.604025e-001 -2.837037e-003
    outer loop
      vertex  2.506939e+001  9.660075e+000  4.750000e+000
      vertex  2.530834e+001  9.464383e+000  7.000000e+000
      vertex  2.538798e+001  9.387975e+000  4.750000e+000
    endloop
  endfacet
  facet normal  7.357200e-001  6.772789e-001  3.039256e-003
    outer loop
      vertex  2.538798e+001  9.387975e+000  4.750000e+000
      vertex  2.530834e+001  9.464383e+000  7.000000e+000
      vertex  2.560701e+001  9.139948e+000  7.000000e+000
    endloop
  endfacet
  facet normal  7.604033e-001  6.494466e-001 -2.431652e-003
    outer loop
      vertex  2.538798e+001  9.387975e+000  4.750000e+000
      vertex  2.560701e+001  9.139948e+000  7.000000e+000
      vertex  2.566008e+001  9.069386e+000  4.750000e+000
    endloop
  endfacet
  facet normal  8.371654e-001  5.469437e-001  2.593467e-003
    outer loop
      vertex  2.566008e+001  9.069386e+000  4.750000e+000
      vertex  2.560701e+001  9.139948e+000  7.000000e+000
      vertex  2.584819e+001  8.770780e+000  7.000000e+000
    endloop
  endfacet
  facet normal  8.526385e-001  5.224976e-001 -1.944562e-003
    outer loop
      vertex  2.566008e+001  9.069386e+000  4.750000e+000
      vertex  2.584819e+001  8.770780e+000  7.000000e+000
      vertex  2.587899e+001  8.712154e+000  4.750000e+000
    endloop
  endfacet
  facet normal  9.157713e-001  4.016947e-001  2.067092e-003
    outer loop
      vertex  2.587899e+001  8.712154e+000  4.750000e+000
      vertex  2.584819e+001  8.770780e+000  7.000000e+000
      vertex  2.602533e+001  8.366947e+000  7.000000e+000
    endloop
  endfacet
  facet normal  9.238802e-001  3.826795e-001 -1.377722e-003
    outer loop
      vertex  2.587899e+001  8.712154e+000  4.750000e+000
      vertex  2.602533e+001  8.366947e+000  7.000000e+000
      vertex  2.603932e+001  8.325075e+000  4.750000e+000
    endloop
  endfacet
  facet normal  9.693987e-001  2.454872e-001  1.458393e-003
    outer loop
      vertex  2.603932e+001  8.325075e+000  4.750000e+000
      vertex  2.602533e+001  8.366947e+000  7.000000e+000
      vertex  2.613358e+001  7.939467e+000  7.000000e+000
    endloop
  endfacet
  facet normal -9.693987e-001  2.454872e-001 -1.458393e-003
    outer loop
      vertex  2.086642e+001  7.939467e+000  2.500000e+000
      vertex  2.096068e+001  8.325075e+000  4.750000e+000
      vertex  2.097467e+001  8.366947e+000  2.500000e+000
    endloop
  endfacet
  facet normal -9.238802e-001  3.826795e-001  1.377722e-003
    outer loop
      vertex  2.097467e+001  8.366947e+000  2.500000e+000
      vertex  2.096068e+001  8.325075e+000  4.750000e+000
      vertex  2.112101e+001  8.712154e+000  4.750000e+000
    endloop
  endfacet
  facet normal -9.157713e-001  4.016947e-001 -2.067092e-003
    outer loop
      vertex  2.097467e+001  8.366947e+000  2.500000e+000
      vertex  2.112101e+001  8.712154e+000  4.750000e+000
      vertex  2.115181e+001  8.770780e+000  2.500000e+000
    endloop
  endfacet
  facet normal -8.526385e-001  5.224976e-001  1.944562e-003
    outer loop
      vertex  2.115181e+001  8.770780e+000  2.500000e+000
      vertex  2.112101e+001  8.712154e+000  4.750000e+000
      vertex  2.133992e+001  9.069386e+000  4.750000e+000
    endloop
  endfacet
  facet normal -8.371654e-001  5.469437e-001 -2.593467e-003
    outer loop
      vertex  2.115181e+001  8.770780e+000  2.500000e+000
      vertex  2.133992e+001  9.069386e+000  4.750000e+000
      vertex  2.139299e+001  9.139948e+000  2.500000e+000
    endloop
  endfacet
  facet normal -7.604033e-001  6.494466e-001  2.431652e-003
    outer loop
      vertex  2.139299e+001  9.139948e+000  2.500000e+000
      vertex  2.133992e+001  9.069386e+000  4.750000e+000
      vertex  2.161202e+001  9.387975e+000  4.750000e+000
    endloop
  endfacet
  facet normal -7.357200e-001  6.772789e-001 -3.039256e-003
    outer loop
      vertex  2.139299e+001  9.139948e+000  2.500000e+000
      vertex  2.161202e+001  9.387975e+000  4.750000e+000
      vertex  2.169166e+001  9.464383e+000  2.500000e+000
    endloop
  endfacet
  facet normal -6.494460e-001  7.604025e-001  2.837037e-003
    outer loop
      vertex  2.169166e+001  9.464383e+000  2.500000e+000
      vertex  2.161202e+001  9.387975e+000  4.750000e+000
      vertex  2.193061e+001  9.660075e+000  4.750000e+000
    endloop
  endfacet
  facet normal -6.142086e-001  7.891363e-001 -3.404347e-003
    outer loop
      vertex  2.169166e+001  9.464383e+000  2.500000e+000
      vertex  2.193061e+001  9.660075e+000  4.750000e+000
      vertex  2.203965e+001  9.735234e+000  2.500000e+000
    endloop
  endfacet
  facet normal -5.224950e-001  8.526365e-001  3.161277e-003
    outer loop
      vertex  2.203965e+001  9.735234e+000  2.500000e+000
      vertex  2.193061e+001  9.660075e+000  4.750000e+000
      vertex  2.228785e+001  9.878987e+000  4.750000e+000
    endloop
  endfacet
  facet normal -4.759449e-001  8.794674e-001 -3.687891e-003
    outer loop
      vertex  2.203965e+001  9.735234e+000  2.500000e+000
      vertex  2.228785e+001  9.878987e+000  4.750000e+000
      vertex  2.242747e+001  9.945115e+000  2.500000e+000
    endloop
  endfacet
  facet normal -3.826815e-001  9.238740e-001  3.404838e-003
    outer loop
      vertex  2.242747e+001  9.945115e+000  2.500000e+000
      vertex  2.228785e+001  9.878987e+000  4.750000e+000
      vertex  2.267492e+001  1.003932e+001  4.750000e+000
    endloop
  endfacet
  facet normal -3.246970e-001  9.458101e-001 -3.890667e-003
    outer loop
      vertex  2.242747e+001  9.945115e+000  2.500000e+000
      vertex  2.267492e+001  1.003932e+001  4.750000e+000
      vertex  2.284455e+001  1.008830e+001  2.500000e+000
    endloop
  endfacet
  facet normal -2.334443e-001  9.723636e-001  3.566915e-003
    outer loop
      vertex  2.284455e+001  1.008830e+001  2.500000e+000
      vertex  2.267492e+001  1.003932e+001  4.750000e+000
      vertex  2.308232e+001  1.013713e+001  4.750000e+000
    endloop
  endfacet
  facet normal  2.334443e-001  9.723636e-001  3.566915e-003
    outer loop
      vertex  2.391768e+001  1.013713e+001  4.750000e+000
      vertex  2.432508e+001  1.003932e+001  4.750000e+000
      vertex  2.415545e+001  1.008830e+001  2.500000e+000
    endloop
  endfacet
  facet normal  3.246970e-001  9.458101e-001 -3.890667e-003
    outer loop
      vertex  2.457253e+001  9.945115e+000  2.500000e+000
      vertex  2.415545e+001  1.008830e+001  2.500000e+000
      vertex  2.432508e+001  1.003932e+001  4.750000e+000
    endloop
  endfacet
  facet normal  3.826815e-001  9.238740e-001  3.404838e-003
    outer loop
      vertex  2.432508e+001  1.003932e+001  4.750000e+000
      vertex  2.471215e+001  9.878987e+000  4.750000e+000
      vertex  2.457253e+001  9.945115e+000  2.500000e+000
    endloop
  endfacet
  facet normal  4.759449e-001  8.794674e-001 -3.687891e-003
    outer loop
      vertex  2.496035e+001  9.735234e+000  2.500000e+000
      vertex  2.457253e+001  9.945115e+000  2.500000e+000
      vertex  2.471215e+001  9.878987e+000  4.750000e+000
    endloop
  endfacet
  facet normal  5.224950e-001  8.526365e-001  3.161277e-003
    outer loop
      vertex  2.471215e+001  9.878987e+000  4.750000e+000
      vertex  2.506939e+001  9.660075e+000  4.750000e+000
      vertex  2.496035e+001  9.735234e+000  2.500000e+000
    endloop
  endfacet
  facet normal  6.142086e-001  7.891363e-001 -3.404347e-003
    outer loop
      vertex  2.530834e+001  9.464383e+000  2.500000e+000
      vertex  2.496035e+001  9.735234e+000  2.500000e+000
      vertex  2.506939e+001  9.660075e+000  4.750000e+000
    endloop
  endfacet
  facet normal  6.494460e-001  7.604025e-001  2.837037e-003
    outer loop
      vertex  2.506939e+001  9.660075e+000  4.750000e+000
      vertex  2.538798e+001  9.387975e+000  4.750000e+000
      vertex  2.530834e+001  9.464383e+000  2.500000e+000
    endloop
  endfacet
  facet normal  7.357200e-001  6.772789e-001 -3.039256e-003
    outer loop
      vertex  2.560701e+001  9.139948e+000  2.500000e+000
      vertex  2.530834e+001  9.464383e+000  2.500000e+000
      vertex  2.538798e+001  9.387975e+000  4.750000e+000
    endloop
  endfacet
  facet normal  7.604033e-001  6.494466e-001  2.431652e-003
    outer loop
      vertex  2.538798e+001  9.387975e+000  4.750000e+000
      vertex  2.566008e+001  9.069386e+000  4.750000e+000
      vertex  2.560701e+001  9.139948e+000  2.500000e+000
    endloop
  endfacet
  facet normal  8.371654e-001  5.469437e-001 -2.593467e-003
    outer loop
      vertex  2.584819e+001  8.770780e+000  2.500000e+000
      vertex  2.560701e+001  9.139948e+000  2.500000e+000
      vertex  2.566008e+001  9.069386e+000  4.750000e+000
    endloop
  endfacet
  facet normal  8.526385e-001  5.224976e-001  1.944562e-003
    outer loop
      vertex  2.566008e+001  9.069386e+000  4.750000e+000
      vertex  2.587899e+001  8.712154e+000  4.750000e+000
      vertex  2.584819e+001  8.770780e+000  2.500000e+000
    endloop
  endfacet
  facet normal  9.157713e-001  4.016947e-001 -2.067092e-003
    outer loop
      vertex  2.602533e+001  8.366947e+000  2.500000e+000
      vertex  2.584819e+001  8.770780e+000  2.500000e+000
      vertex  2.587899e+001  8.712154e+000  4.750000e+000
    endloop
  endfacet
  facet normal  9.238802e-001  3.826795e-001  1.377722e-003
    outer loop
      vertex  2.587899e+001  8.712154e+000  4.750000e+000
      vertex  2.603932e+001  8.325075e+000  4.750000e+000
      vertex  2.602533e+001  8.366947e+000  2.500000e+000
    endloop
  endfacet
  facet normal  9.693987e-001  2.454872e-001 -1.458393e-003
    outer loop
      vertex  2.613358e+001  7.939467e+000  2.500000e+000
      vertex  2.602533e+001  8.366947e+000  2.500000e+000
      vertex  2.603932e+001  8.325075e+000  4.750000e+000
    endloop
  endfacet
  facet normal -9.969171e-001  7.846156e-002  0.000000e+000
    outer loop
      vertex  2.083000e+001  7.500000e+000  4.750000e+000
      vertex  2.083000e+001  7.500000e+000  7.000000e+000
      vertex  2.086287e+001  7.917680e+000  4.750000e+000
    endloop
  endfacet
  facet normal -9.965842e-001  8.257885e-002  7.691776e-004
    outer loop
      vertex  2.086287e+001  7.917680e+000  4.750000e+000
      vertex  2.083000e+001  7.500000e+000  7.000000e+000
      vertex  2.086642e+001  7.939467e+000  7.000000e+000
    endloop
  endfacet
  facet normal -9.723697e-001  2.334452e-001 -7.298398e-004
    outer loop
      vertex  2.086287e+001  7.917680e+000  4.750000e+000
      vertex  2.086642e+001  7.939467e+000  7.000000e+000
      vertex  2.096068e+001  8.325075e+000  4.750000e+000
    endloop
  endfacet
  facet normal -4.132316e-002  9.991457e-001  0.000000e+000
    outer loop
      vertex  2.350000e+001  1.017000e+001  7.000000e+000
      vertex  2.350000e+001  1.017000e+001  4.750000e+000
      vertex  2.327951e+001  1.016088e+001  7.000000e+000
    endloop
  endfacet
  facet normal -7.845861e-002  9.969107e-001 -3.648127e-003
    outer loop
      vertex  2.327951e+001  1.016088e+001  7.000000e+000
      vertex  2.350000e+001  1.017000e+001  4.750000e+000
      vertex  2.308232e+001  1.013713e+001  4.750000e+000
    endloop
  endfacet
  facet normal -1.645941e-001  9.863532e-001  4.012358e-003
    outer loop
      vertex  2.327951e+001  1.016088e+001  7.000000e+000
      vertex  2.308232e+001  1.013713e+001  4.750000e+000
      vertex  2.284455e+001  1.008830e+001  7.000000e+000
    endloop
  endfacet
  facet normal  7.845913e-002  9.969173e-001  0.000000e+000
    outer loop
      vertex  2.350000e+001  1.017000e+001  4.750000e+000
      vertex  2.350000e+001  1.017000e+001  7.000000e+000
      vertex  2.391768e+001  1.013713e+001  4.750000e+000
    endloop
  endfacet
  facet normal  4.132217e-002  9.991219e-001 -6.926160e-003
    outer loop
      vertex  2.391768e+001  1.013713e+001  4.750000e+000
      vertex  2.350000e+001  1.017000e+001  7.000000e+000
      vertex  2.372049e+001  1.016088e+001  7.000000e+000
    endloop
  endfacet
  facet normal  1.645941e-001  9.863532e-001  4.012358e-003
    outer loop
      vertex  2.391768e+001  1.013713e+001  4.750000e+000
      vertex  2.372049e+001  1.016088e+001  7.000000e+000
      vertex  2.415545e+001  1.008830e+001  7.000000e+000
    endloop
  endfacet
  facet normal  9.965846e-001  8.257888e-002  -0.000000e+000
    outer loop
      vertex  2.617000e+001  7.500000e+000  7.000000e+000
      vertex  2.617000e+001  7.500000e+000  4.750000e+000
      vertex  2.613358e+001  7.939467e+000  7.000000e+000
    endloop
  endfacet
  facet normal  9.969168e-001  7.846154e-002  8.095707e-004
    outer loop
      vertex  2.613358e+001  7.939467e+000  7.000000e+000
      vertex  2.617000e+001  7.500000e+000  4.750000e+000
      vertex  2.613713e+001  7.917680e+000  4.750000e+000
    endloop
  endfacet
  facet normal  9.723697e-001  2.334452e-001 -7.298398e-004
    outer loop
      vertex  2.613358e+001  7.939467e+000  7.000000e+000
      vertex  2.613713e+001  7.917680e+000  4.750000e+000
      vertex  2.603932e+001  8.325075e+000  4.750000e+000
    endloop
  endfacet
  facet normal -9.965846e-001  8.257888e-002  0.000000e+000
    outer loop
      vertex  2.083000e+001  7.500000e+000  2.500000e+000
      vertex  2.083000e+001  7.500000e+000  4.750000e+000
      vertex  2.086642e+001  7.939467e+000  2.500000e+000
    endloop
  endfacet
  facet normal -9.969168e-001  7.846154e-002 -8.095707e-004
    outer loop
      vertex  2.086642e+001  7.939467e+000  2.500000e+000
      vertex  2.083000e+001  7.500000e+000  4.750000e+000
      vertex  2.086287e+001  7.917680e+000  4.750000e+000
    endloop
  endfacet
  facet normal -9.723697e-001  2.334452e-001  7.298398e-004
    outer loop
      vertex  2.086642e+001  7.939467e+000  2.500000e+000
      vertex  2.086287e+001  7.917680e+000  4.750000e+000
      vertex  2.096068e+001  8.325075e+000  4.750000e+000
    endloop
  endfacet
  facet normal -7.845913e-002  9.969173e-001  0.000000e+000
    outer loop
      vertex  2.350000e+001  1.017000e+001  4.750000e+000
      vertex  2.350000e+001  1.017000e+001  2.500000e+000
      vertex  2.308232e+001  1.013713e+001  4.750000e+000
    endloop
  endfacet
  facet normal -4.132217e-002  9.991219e-001  6.926160e-003
    outer loop
      vertex  2.308232e+001  1.013713e+001  4.750000e+000
      vertex  2.350000e+001  1.017000e+001  2.500000e+000
      vertex  2.327951e+001  1.016088e+001  2.500000e+000
    endloop
  endfacet
  facet normal -1.645941e-001  9.863532e-001 -4.012358e-003
    outer loop
      vertex  2.308232e+001  1.013713e+001  4.750000e+000
      vertex  2.327951e+001  1.016088e+001  2.500000e+000
      vertex  2.284455e+001  1.008830e+001  2.500000e+000
    endloop
  endfacet
  facet normal  4.132316e-002  9.991457e-001  0.000000e+000
    outer loop
      vertex  2.350000e+001  1.017000e+001  2.500000e+000
      vertex  2.350000e+001  1.017000e+001  4.750000e+000
      vertex  2.372049e+001  1.016088e+001  2.500000e+000
    endloop
  endfacet
  facet normal  7.845861e-002  9.969107e-001  3.648127e-003
    outer loop
      vertex  2.372049e+001  1.016088e+001  2.500000e+000
      vertex  2.350000e+001  1.017000e+001  4.750000e+000
      vertex  2.391768e+001  1.013713e+001  4.750000e+000
    endloop
  endfacet
  facet normal  1.645941e-001  9.863532e-001 -4.012358e-003
    outer loop
      vertex  2.372049e+001  1.016088e+001  2.500000e+000
      vertex  2.391768e+001  1.013713e+001  4.750000e+000
      vertex  2.415545e+001  1.008830e+001  2.500000e+000
    endloop
  endfacet
  facet normal  9.969171e-001  7.846156e-002  -0.000000e+000
    outer loop
      vertex  2.617000e+001  7.500000e+000  4.750000e+000
      vertex  2.617000e+001  7.500000e+000  2.500000e+000
      vertex  2.613713e+001  7.917680e+000  4.750000e+000
    endloop
  endfacet
  facet normal  9.965842e-001  8.257885e-002 -7.691776e-004
    outer loop
      vertex  2.613713e+001  7.917680e+000  4.750000e+000
      vertex  2.617000e+001  7.500000e+000  2.500000e+000
      vertex  2.613358e+001  7.939467e+000  2.500000e+000
    endloop
  endfacet
  facet normal  9.723697e-001  2.334452e-001  7.298398e-004
    outer loop
      vertex  2.613713e+001  7.917680e+000  4.750000e+000
      vertex  2.613358e+001  7.939467e+000  2.500000e+000
      vertex  2.603932e+001  8.325075e+000  4.750000e+000
    endloop
  endfacet
  facet normal  9.693993e-001 -2.454848e-001  1.458387e-003
    outer loop
      vertex  1.213358e+001  7.060533e+000  7.000000e+000
      vertex  1.202533e+001  6.633052e+000  7.000000e+000
      vertex  1.203932e+001  6.674925e+000  4.750000e+000
    endloop
  endfacet
  facet normal  9.238787e-001 -3.826830e-001 -1.377877e-003
    outer loop
      vertex  1.187899e+001  6.287845e+000  4.750000e+000
      vertex  1.203932e+001  6.674925e+000  4.750000e+000
      vertex  1.202533e+001  6.633052e+000  7.000000e+000
    endloop
  endfacet
  facet normal  9.157712e-001 -4.016951e-001  2.066388e-003
    outer loop
      vertex  1.202533e+001  6.633052e+000  7.000000e+000
      vertex  1.184820e+001  6.229220e+000  7.000000e+000
      vertex  1.187899e+001  6.287845e+000  4.750000e+000
    endloop
  endfacet
  facet normal  8.526382e-001 -5.224981e-001 -1.945191e-003
    outer loop
      vertex  1.166008e+001  5.930614e+000  4.750000e+000
      vertex  1.187899e+001  6.287845e+000  4.750000e+000
      vertex  1.184820e+001  6.229220e+000  7.000000e+000
    endloop
  endfacet
  facet normal  8.371634e-001 -5.469468e-001  2.593326e-003
    outer loop
      vertex  1.184820e+001  6.229220e+000  7.000000e+000
      vertex  1.160701e+001  5.860052e+000  7.000000e+000
      vertex  1.166008e+001  5.930614e+000  4.750000e+000
    endloop
  endfacet
  facet normal  7.604037e-001 -6.494460e-001 -2.431622e-003
    outer loop
      vertex  1.138797e+001  5.612025e+000  4.750000e+000
      vertex  1.166008e+001  5.930614e+000  4.750000e+000
      vertex  1.160701e+001  5.860052e+000  7.000000e+000
    endloop
  endfacet
  facet normal  7.357207e-001 -6.772784e-001  3.039273e-003
    outer loop
      vertex  1.160701e+001  5.860052e+000  7.000000e+000
      vertex  1.130834e+001  5.535617e+000  7.000000e+000
      vertex  1.138797e+001  5.612025e+000  4.750000e+000
    endloop
  endfacet
  facet normal  6.494453e-001 -7.604030e-001 -2.837032e-003
    outer loop
      vertex  1.106939e+001  5.339925e+000  4.750000e+000
      vertex  1.138797e+001  5.612025e+000  4.750000e+000
      vertex  1.130834e+001  5.535617e+000  7.000000e+000
    endloop
  endfacet
  facet normal  6.142093e-001 -7.891359e-001  3.404137e-003
    outer loop
      vertex  1.130834e+001  5.535617e+000  7.000000e+000
      vertex  1.096035e+001  5.264766e+000  7.000000e+000
      vertex  1.106939e+001  5.339925e+000  4.750000e+000
    endloop
  endfacet
  facet normal  5.224960e-001 -8.526359e-001 -3.161429e-003
    outer loop
      vertex  1.071215e+001  5.121013e+000  4.750000e+000
      vertex  1.106939e+001  5.339925e+000  4.750000e+000
      vertex  1.096035e+001  5.264766e+000  7.000000e+000
    endloop
  endfacet
  facet normal  4.759441e-001 -8.794678e-001  3.688012e-003
    outer loop
      vertex  1.096035e+001  5.264766e+000  7.000000e+000
      vertex  1.057253e+001  5.054885e+000  7.000000e+000
      vertex  1.071215e+001  5.121013e+000  4.750000e+000
    endloop
  endfacet
  facet normal  3.826815e-001 -9.238740e-001 -3.404642e-003
    outer loop
      vertex  1.032508e+001  4.960679e+000  4.750000e+000
      vertex  1.071215e+001  5.121013e+000  4.750000e+000
      vertex  1.057253e+001  5.054885e+000  7.000000e+000
    endloop
  endfacet
  facet normal  3.246973e-001 -9.458099e-001  3.890829e-003
    outer loop
      vertex  1.057253e+001  5.054885e+000  7.000000e+000
      vertex  1.015545e+001  4.911701e+000  7.000000e+000
      vertex  1.032508e+001  4.960679e+000  4.750000e+000
    endloop
  endfacet
  facet normal  2.334438e-001 -9.723638e-001 -3.566858e-003
    outer loop
      vertex  9.917680e+000  4.862872e+000  4.750000e+000
      vertex  1.032508e+001  4.960679e+000  4.750000e+000
      vertex  1.015545e+001  4.911701e+000  7.000000e+000
    endloop
  endfacet
  facet normal -2.334438e-001 -9.723638e-001 -3.566858e-003
    outer loop
      vertex  9.082320e+000  4.862872e+000  4.750000e+000
      vertex  8.844554e+000  4.911701e+000  7.000000e+000
      vertex  8.674925e+000  4.960679e+000  4.750000e+000
    endloop
  endfacet
  facet normal -3.246973e-001 -9.458099e-001  3.890829e-003
    outer loop
      vertex  8.674925e+000  4.960679e+000  4.750000e+000
      vertex  8.844554e+000  4.911701e+000  7.000000e+000
      vertex  8.427473e+000  5.054885e+000  7.000000e+000
    endloop
  endfacet
  facet normal -3.826815e-001 -9.238740e-001 -3.404642e-003
    outer loop
      vertex  8.674925e+000  4.960679e+000  4.750000e+000
      vertex  8.427473e+000  5.054885e+000  7.000000e+000
      vertex  8.287846e+000  5.121013e+000  4.750000e+000
    endloop
  endfacet
  facet normal -4.759441e-001 -8.794678e-001  3.688012e-003
    outer loop
      vertex  8.287846e+000  5.121013e+000  4.750000e+000
      vertex  8.427473e+000  5.054885e+000  7.000000e+000
      vertex  8.039648e+000  5.264766e+000  7.000000e+000
    endloop
  endfacet
  facet normal -5.224960e-001 -8.526359e-001 -3.161429e-003
    outer loop
      vertex  8.287846e+000  5.121013e+000  4.750000e+000
      vertex  8.039648e+000  5.264766e+000  7.000000e+000
      vertex  7.930614e+000  5.339925e+000  4.750000e+000
    endloop
  endfacet
  facet normal -6.142093e-001 -7.891359e-001  3.404137e-003
    outer loop
      vertex  7.930614e+000  5.339925e+000  4.750000e+000
      vertex  8.039648e+000  5.264766e+000  7.000000e+000
      vertex  7.691658e+000  5.535617e+000  7.000000e+000
    endloop
  endfacet
  facet normal -6.494448e-001 -7.604035e-001 -2.836931e-003
    outer loop
      vertex  7.930614e+000  5.339925e+000  4.750000e+000
      vertex  7.691658e+000  5.535617e+000  7.000000e+000
      vertex  7.612025e+000  5.612025e+000  4.750000e+000
    endloop
  endfacet
  facet normal -7.357207e-001 -6.772784e-001  3.039429e-003
    outer loop
      vertex  7.612025e+000  5.612025e+000  4.750000e+000
      vertex  7.691658e+000  5.535617e+000  7.000000e+000
      vertex  7.392995e+000  5.860052e+000  7.000000e+000
    endloop
  endfacet
  facet normal -7.604043e-001 -6.494454e-001 -2.431589e-003
    outer loop
      vertex  7.612025e+000  5.612025e+000  4.750000e+000
      vertex  7.392995e+000  5.860052e+000  7.000000e+000
      vertex  7.339925e+000  5.930614e+000  4.750000e+000
    endloop
  endfacet
  facet normal -8.371634e-001 -5.469468e-001  2.593326e-003
    outer loop
      vertex  7.339925e+000  5.930614e+000  4.750000e+000
      vertex  7.392995e+000  5.860052e+000  7.000000e+000
      vertex  7.151805e+000  6.229220e+000  7.000000e+000
    endloop
  endfacet
  facet normal -8.526382e-001 -5.224981e-001 -1.945191e-003
    outer loop
      vertex  7.339925e+000  5.930614e+000  4.750000e+000
      vertex  7.151805e+000  6.229220e+000  7.000000e+000
      vertex  7.121013e+000  6.287845e+000  4.750000e+000
    endloop
  endfacet
  facet normal -9.157715e-001 -4.016941e-001  2.066417e-003
    outer loop
      vertex  7.121013e+000  6.287845e+000  4.750000e+000
      vertex  7.151805e+000  6.229220e+000  7.000000e+000
      vertex  6.974668e+000  6.633052e+000  7.000000e+000
    endloop
  endfacet
  facet normal -9.238787e-001 -3.826830e-001 -1.377681e-003
    outer loop
      vertex  7.121013e+000  6.287845e+000  4.750000e+000
      vertex  6.974668e+000  6.633052e+000  7.000000e+000
      vertex  6.960679e+000  6.674925e+000  4.750000e+000
    endloop
  endfacet
  facet normal -9.693993e-001 -2.454848e-001  1.458593e-003
    outer loop
      vertex  6.960679e+000  6.674925e+000  4.750000e+000
      vertex  6.974668e+000  6.633052e+000  7.000000e+000
      vertex  6.866416e+000  7.060533e+000  7.000000e+000
    endloop
  endfacet
  facet normal  9.693993e-001 -2.454848e-001 -1.458387e-003
    outer loop
      vertex  1.213358e+001  7.060533e+000  2.500000e+000
      vertex  1.203932e+001  6.674925e+000  4.750000e+000
      vertex  1.202533e+001  6.633052e+000  2.500000e+000
    endloop
  endfacet
  facet normal  9.238787e-001 -3.826830e-001  1.377877e-003
    outer loop
      vertex  1.202533e+001  6.633052e+000  2.500000e+000
      vertex  1.203932e+001  6.674925e+000  4.750000e+000
      vertex  1.187899e+001  6.287845e+000  4.750000e+000
    endloop
  endfacet
  facet normal  9.157712e-001 -4.016951e-001 -2.066388e-003
    outer loop
      vertex  1.202533e+001  6.633052e+000  2.500000e+000
      vertex  1.187899e+001  6.287845e+000  4.750000e+000
      vertex  1.184820e+001  6.229220e+000  2.500000e+000
    endloop
  endfacet
  facet normal  8.526382e-001 -5.224981e-001  1.945191e-003
    outer loop
      vertex  1.184820e+001  6.229220e+000  2.500000e+000
      vertex  1.187899e+001  6.287845e+000  4.750000e+000
      vertex  1.166008e+001  5.930614e+000  4.750000e+000
    endloop
  endfacet
  facet normal  8.371634e-001 -5.469468e-001 -2.593326e-003
    outer loop
      vertex  1.184820e+001  6.229220e+000  2.500000e+000
      vertex  1.166008e+001  5.930614e+000  4.750000e+000
      vertex  1.160701e+001  5.860052e+000  2.500000e+000
    endloop
  endfacet
  facet normal  7.604037e-001 -6.494460e-001  2.431622e-003
    outer loop
      vertex  1.160701e+001  5.860052e+000  2.500000e+000
      vertex  1.166008e+001  5.930614e+000  4.750000e+000
      vertex  1.138797e+001  5.612025e+000  4.750000e+000
    endloop
  endfacet
  facet normal  7.357207e-001 -6.772784e-001 -3.039273e-003
    outer loop
      vertex  1.160701e+001  5.860052e+000  2.500000e+000
      vertex  1.138797e+001  5.612025e+000  4.750000e+000
      vertex  1.130834e+001  5.535617e+000  2.500000e+000
    endloop
  endfacet
  facet normal  6.494453e-001 -7.604030e-001  2.837032e-003
    outer loop
      vertex  1.130834e+001  5.535617e+000  2.500000e+000
      vertex  1.138797e+001  5.612025e+000  4.750000e+000
      vertex  1.106939e+001  5.339925e+000  4.750000e+000
    endloop
  endfacet
  facet normal  6.142093e-001 -7.891359e-001 -3.404137e-003
    outer loop
      vertex  1.130834e+001  5.535617e+000  2.500000e+000
      vertex  1.106939e+001  5.339925e+000  4.750000e+000
      vertex  1.096035e+001  5.264766e+000  2.500000e+000
    endloop
  endfacet
  facet normal  5.224960e-001 -8.526359e-001  3.161429e-003
    outer loop
      vertex  1.096035e+001  5.264766e+000  2.500000e+000
      vertex  1.106939e+001  5.339925e+000  4.750000e+000
      vertex  1.071215e+001  5.121013e+000  4.750000e+000
    endloop
  endfacet
  facet normal  4.759441e-001 -8.794678e-001 -3.688012e-003
    outer loop
      vertex  1.096035e+001  5.264766e+000  2.500000e+000
      vertex  1.071215e+001  5.121013e+000  4.750000e+000
      vertex  1.057253e+001  5.054885e+000  2.500000e+000
    endloop
  endfacet
  facet normal  3.826815e-001 -9.238740e-001  3.404642e-003
    outer loop
      vertex  1.057253e+001  5.054885e+000  2.500000e+000
      vertex  1.071215e+001  5.121013e+000  4.750000e+000
      vertex  1.032508e+001  4.960679e+000  4.750000e+000
    endloop
  endfacet
  facet normal  3.246973e-001 -9.458099e-001 -3.890829e-003
    outer loop
      vertex  1.057253e+001  5.054885e+000  2.500000e+000
      vertex  1.032508e+001  4.960679e+000  4.750000e+000
      vertex  1.015545e+001  4.911701e+000  2.500000e+000
    endloop
  endfacet
  facet normal  2.334438e-001 -9.723638e-001  3.566858e-003
    outer loop
      vertex  1.015545e+001  4.911701e+000  2.500000e+000
      vertex  1.032508e+001  4.960679e+000  4.750000e+000
      vertex  9.917680e+000  4.862872e+000  4.750000e+000
    endloop
  endfacet
  facet normal -2.334438e-001 -9.723638e-001  3.566858e-003
    outer loop
      vertex  9.082320e+000  4.862872e+000  4.750000e+000
      vertex  8.674925e+000  4.960679e+000  4.750000e+000
      vertex  8.844554e+000  4.911701e+000  2.500000e+000
    endloop
  endfacet
  facet normal -3.246973e-001 -9.458099e-001 -3.890829e-003
    outer loop
      vertex  8.427473e+000  5.054885e+000  2.500000e+000
      vertex  8.844554e+000  4.911701e+000  2.500000e+000
      vertex  8.674925e+000  4.960679e+000  4.750000e+000
    endloop
  endfacet
  facet normal -3.826815e-001 -9.238740e-001  3.404642e-003
    outer loop
      vertex  8.674925e+000  4.960679e+000  4.750000e+000
      vertex  8.287846e+000  5.121013e+000  4.750000e+000
      vertex  8.427473e+000  5.054885e+000  2.500000e+000
    endloop
  endfacet
  facet normal -4.759441e-001 -8.794678e-001 -3.688012e-003
    outer loop
      vertex  8.039648e+000  5.264766e+000  2.500000e+000
      vertex  8.427473e+000  5.054885e+000  2.500000e+000
      vertex  8.287846e+000  5.121013e+000  4.750000e+000
    endloop
  endfacet
  facet normal -5.224960e-001 -8.526359e-001  3.161429e-003
    outer loop
      vertex  8.287846e+000  5.121013e+000  4.750000e+000
      vertex  7.930614e+000  5.339925e+000  4.750000e+000
      vertex  8.039648e+000  5.264766e+000  2.500000e+000
    endloop
  endfacet
  facet normal -6.142093e-001 -7.891359e-001 -3.404137e-003
    outer loop
      vertex  7.691658e+000  5.535617e+000  2.500000e+000
      vertex  8.039648e+000  5.264766e+000  2.500000e+000
      vertex  7.930614e+000  5.339925e+000  4.750000e+000
    endloop
  endfacet
  facet normal -6.494448e-001 -7.604035e-001  2.836931e-003
    outer loop
      vertex  7.930614e+000  5.339925e+000  4.750000e+000
      vertex  7.612025e+000  5.612025e+000  4.750000e+000
      vertex  7.691658e+000  5.535617e+000  2.500000e+000
    endloop
  endfacet
  facet normal -7.357207e-001 -6.772784e-001 -3.039429e-003
    outer loop
      vertex  7.392995e+000  5.860052e+000  2.500000e+000
      vertex  7.691658e+000  5.535617e+000  2.500000e+000
      vertex  7.612025e+000  5.612025e+000  4.750000e+000
    endloop
  endfacet
  facet normal -7.604043e-001 -6.494454e-001  2.431589e-003
    outer loop
      vertex  7.612025e+000  5.612025e+000  4.750000e+000
      vertex  7.339925e+000  5.930614e+000  4.750000e+000
      vertex  7.392995e+000  5.860052e+000  2.500000e+000
    endloop
  endfacet
  facet normal -8.371634e-001 -5.469468e-001 -2.593326e-003
    outer loop
      vertex  7.151805e+000  6.229220e+000  2.500000e+000
      vertex  7.392995e+000  5.860052e+000  2.500000e+000
      vertex  7.339925e+000  5.930614e+000  4.750000e+000
    endloop
  endfacet
  facet normal -8.526382e-001 -5.224981e-001  1.945191e-003
    outer loop
      vertex  7.339925e+000  5.930614e+000  4.750000e+000
      vertex  7.121013e+000  6.287845e+000  4.750000e+000
      vertex  7.151805e+000  6.229220e+000  2.500000e+000
    endloop
  endfacet
  facet normal -9.157715e-001 -4.016941e-001 -2.066417e-003
    outer loop
      vertex  6.974668e+000  6.633052e+000  2.500000e+000
      vertex  7.151805e+000  6.229220e+000  2.500000e+000
      vertex  7.121013e+000  6.287845e+000  4.750000e+000
    endloop
  endfacet
  facet normal -9.238787e-001 -3.826830e-001  1.377681e-003
    outer loop
      vertex  7.121013e+000  6.287845e+000  4.750000e+000
      vertex  6.960679e+000  6.674925e+000  4.750000e+000
      vertex  6.974668e+000  6.633052e+000  2.500000e+000
    endloop
  endfacet
  facet normal -9.693993e-001 -2.454848e-001 -1.458593e-003
    outer loop
      vertex  6.866416e+000  7.060533e+000  2.500000e+000
      vertex  6.974668e+000  6.633052e+000  2.500000e+000
      vertex  6.960679e+000  6.674925e+000  4.750000e+000
    endloop
  endfacet
  facet normal  9.969174e-001 -7.845931e-002  0.000000e+000
    outer loop
      vertex  1.217000e+001  7.500000e+000  4.750000e+000
      vertex  1.217000e+001  7.500000e+000  7.000000e+000
      vertex  1.213713e+001  7.082320e+000  4.750000e+000
    endloop
  endfacet
  facet normal  9.965842e-001 -8.257885e-002  7.695999e-004
    outer loop
      vertex  1.213713e+001  7.082320e+000  4.750000e+000
      vertex  1.217000e+001  7.500000e+000  7.000000e+000
      vertex  1.213358e+001  7.060533e+000  7.000000e+000
    endloop
  endfacet
  facet normal  9.723697e-001 -2.334452e-001 -7.294277e-004
    outer loop
      vertex  1.213713e+001  7.082320e+000  4.750000e+000
      vertex  1.213358e+001  7.060533e+000  7.000000e+000
      vertex  1.203932e+001  6.674925e+000  4.750000e+000
    endloop
  endfacet
  facet normal  4.132550e-002 -9.991457e-001  0.000000e+000
    outer loop
      vertex  9.500000e+000  4.830000e+000  7.000000e+000
      vertex  9.500000e+000  4.830000e+000  4.750000e+000
      vertex  9.720487e+000  4.839119e+000  7.000000e+000
    endloop
  endfacet
  facet normal  7.845878e-002 -9.969107e-001 -3.647900e-003
    outer loop
      vertex  9.720487e+000  4.839119e+000  7.000000e+000
      vertex  9.500000e+000  4.830000e+000  4.750000e+000
      vertex  9.917680e+000  4.862872e+000  4.750000e+000
    endloop
  endfacet
  facet normal  1.645930e-001 -9.863535e-001  4.012473e-003
    outer loop
      vertex  9.720487e+000  4.839119e+000  7.000000e+000
      vertex  9.917680e+000  4.862872e+000  4.750000e+000
      vertex  1.015545e+001  4.911701e+000  7.000000e+000
    endloop
  endfacet
  facet normal -7.845931e-002 -9.969174e-001  -0.000000e+000
    outer loop
      vertex  9.500000e+000  4.830000e+000  4.750000e+000
      vertex  9.500000e+000  4.830000e+000  7.000000e+000
      vertex  9.082320e+000  4.862872e+000  4.750000e+000
    endloop
  endfacet
  facet normal -4.132451e-002 -9.991218e-001 -6.925743e-003
    outer loop
      vertex  9.082320e+000  4.862872e+000  4.750000e+000
      vertex  9.500000e+000  4.830000e+000  7.000000e+000
      vertex  9.279513e+000  4.839119e+000  7.000000e+000
    endloop
  endfacet
  facet normal -1.645930e-001 -9.863535e-001  4.012473e-003
    outer loop
      vertex  9.082320e+000  4.862872e+000  4.750000e+000
      vertex  9.279513e+000  4.839119e+000  7.000000e+000
      vertex  8.844554e+000  4.911701e+000  7.000000e+000
    endloop
  endfacet
  facet normal -9.965845e-001 -8.257995e-002  0.000000e+000
    outer loop
      vertex  6.830000e+000  7.500000e+000  7.000000e+000
      vertex  6.830000e+000  7.500000e+000  4.750000e+000
      vertex  6.866416e+000  7.060533e+000  7.000000e+000
    endloop
  endfacet
  facet normal -9.969169e-001 -7.845928e-002  8.102266e-004
    outer loop
      vertex  6.866416e+000  7.060533e+000  7.000000e+000
      vertex  6.830000e+000  7.500000e+000  4.750000e+000
      vertex  6.862872e+000  7.082320e+000  4.750000e+000
    endloop
  endfacet
  facet normal -9.723697e-001 -2.334452e-001 -7.292216e-004
    outer loop
      vertex  6.866416e+000  7.060533e+000  7.000000e+000
      vertex  6.862872e+000  7.082320e+000  4.750000e+000
      vertex  6.960679e+000  6.674925e+000  4.750000e+000
    endloop
  endfacet
  facet normal  9.965846e-001 -8.257888e-002  0.000000e+000
    outer loop
      vertex  1.217000e+001  7.500000e+000  2.500000e+000
      vertex  1.217000e+001  7.500000e+000  4.750000e+000
      vertex  1.213358e+001  7.060533e+000  2.500000e+000
    endloop
  endfacet
  facet normal  9.969169e-001 -7.845928e-002 -8.100153e-004
    outer loop
      vertex  1.213358e+001  7.060533e+000  2.500000e+000
      vertex  1.217000e+001  7.500000e+000  4.750000e+000
      vertex  1.213713e+001  7.082320e+000  4.750000e+000
    endloop
  endfacet
  facet normal  9.723697e-001 -2.334452e-001  7.294277e-004
    outer loop
      vertex  1.213358e+001  7.060533e+000  2.500000e+000
      vertex  1.213713e+001  7.082320e+000  4.750000e+000
      vertex  1.203932e+001  6.674925e+000  4.750000e+000
    endloop
  endfacet
  facet normal  7.845931e-002 -9.969174e-001  0.000000e+000
    outer loop
      vertex  9.500000e+000  4.830000e+000  4.750000e+000
      vertex  9.500000e+000  4.830000e+000  2.500000e+000
      vertex  9.917680e+000  4.862872e+000  4.750000e+000
    endloop
  endfacet
  facet normal  4.132451e-002 -9.991218e-001  6.925743e-003
    outer loop
      vertex  9.917680e+000  4.862872e+000  4.750000e+000
      vertex  9.500000e+000  4.830000e+000  2.500000e+000
      vertex  9.720487e+000  4.839119e+000  2.500000e+000
    endloop
  endfacet
  facet normal  1.645930e-001 -9.863535e-001 -4.012473e-003
    outer loop
      vertex  9.917680e+000  4.862872e+000  4.750000e+000
      vertex  9.720487e+000  4.839119e+000  2.500000e+000
      vertex  1.015545e+001  4.911701e+000  2.500000e+000
    endloop
  endfacet
  facet normal -4.132550e-002 -9.991457e-001  -0.000000e+000
    outer loop
      vertex  9.500000e+000  4.830000e+000  2.500000e+000
      vertex  9.500000e+000  4.830000e+000  4.750000e+000
      vertex  9.279513e+000  4.839119e+000  2.500000e+000
    endloop
  endfacet
  facet normal -7.845878e-002 -9.969107e-001  3.647900e-003
    outer loop
      vertex  9.279513e+000  4.839119e+000  2.500000e+000
      vertex  9.500000e+000  4.830000e+000  4.750000e+000
      vertex  9.082320e+000  4.862872e+000  4.750000e+000
    endloop
  endfacet
  facet normal -1.645930e-001 -9.863535e-001 -4.012473e-003
    outer loop
      vertex  9.279513e+000  4.839119e+000  2.500000e+000
      vertex  9.082320e+000  4.862872e+000  4.750000e+000
      vertex  8.844554e+000  4.911701e+000  2.500000e+000
    endloop
  endfacet
  facet normal -9.969174e-001 -7.845931e-002  0.000000e+000
    outer loop
      vertex  6.830000e+000  7.500000e+000  4.750000e+000
      vertex  6.830000e+000  7.500000e+000  2.500000e+000
      vertex  6.862872e+000  7.082320e+000  4.750000e+000
    endloop
  endfacet
  facet normal -9.965841e-001 -8.257993e-002 -7.698006e-004
    outer loop
      vertex  6.862872e+000  7.082320e+000  4.750000e+000
      vertex  6.830000e+000  7.500000e+000  2.500000e+000
      vertex  6.866416e+000  7.060533e+000  2.500000e+000
    endloop
  endfacet
  facet normal -9.723697e-001 -2.334452e-001  7.292216e-004
    outer loop
      vertex  6.862872e+000  7.082320e+000  4.750000e+000
      vertex  6.866416e+000  7.060533e+000  2.500000e+000
      vertex  6.960679e+000  6.674925e+000  4.750000e+000
    endloop
  endfacet
  facet normal -9.693993e-001  2.454851e-001  1.458640e-003
    outer loop
      vertex  6.866416e+000  7.939467e+000  7.000000e+000
      vertex  6.974668e+000  8.366947e+000  7.000000e+000
      vertex  6.960679e+000  8.325075e+000  4.750000e+000
    endloop
  endfacet
  facet normal -9.238785e-001  3.826834e-001 -1.377608e-003
    outer loop
      vertex  7.121013e+000  8.712154e+000  4.750000e+000
      vertex  6.960679e+000  8.325075e+000  4.750000e+000
      vertex  6.974668e+000  8.366947e+000  7.000000e+000
    endloop
  endfacet
  facet normal -9.157717e-001  4.016938e-001  2.066344e-003
    outer loop
      vertex  6.974668e+000  8.366947e+000  7.000000e+000
      vertex  7.151805e+000  8.770780e+000  7.000000e+000
      vertex  7.121013e+000  8.712154e+000  4.750000e+000
    endloop
  endfacet
  facet normal -8.526385e-001  5.224976e-001 -1.945285e-003
    outer loop
      vertex  7.339925e+000  9.069386e+000  4.750000e+000
      vertex  7.121013e+000  8.712154e+000  4.750000e+000
      vertex  7.151805e+000  8.770780e+000  7.000000e+000
    endloop
  endfacet
  facet normal -8.371634e-001  5.469468e-001  2.593326e-003
    outer loop
      vertex  7.151805e+000  8.770780e+000  7.000000e+000
      vertex  7.392995e+000  9.139948e+000  7.000000e+000
      vertex  7.339925e+000  9.069386e+000  4.750000e+000
    endloop
  endfacet
  facet normal -7.604039e-001  6.494460e-001 -2.431618e-003
    outer loop
      vertex  7.612025e+000  9.387975e+000  4.750000e+000
      vertex  7.339925e+000  9.069386e+000  4.750000e+000
      vertex  7.392995e+000  9.139948e+000  7.000000e+000
    endloop
  endfacet
  facet normal -7.357211e-001  6.772777e-001  3.039178e-003
    outer loop
      vertex  7.392995e+000  9.139948e+000  7.000000e+000
      vertex  7.691658e+000  9.464383e+000  7.000000e+000
      vertex  7.612025e+000  9.387975e+000  4.750000e+000
    endloop
  endfacet
  facet normal -6.494454e-001  7.604029e-001 -2.837211e-003
    outer loop
      vertex  7.930614e+000  9.660075e+000  4.750000e+000
      vertex  7.612025e+000  9.387975e+000  4.750000e+000
      vertex  7.691658e+000  9.464383e+000  7.000000e+000
    endloop
  endfacet
  facet normal -6.142086e-001  7.891363e-001  3.404087e-003
    outer loop
      vertex  7.691658e+000  9.464383e+000  7.000000e+000
      vertex  8.039648e+000  9.735234e+000  7.000000e+000
      vertex  7.930614e+000  9.660075e+000  4.750000e+000
    endloop
  endfacet
  facet normal -5.224960e-001  8.526359e-001 -3.161429e-003
    outer loop
      vertex  8.287846e+000  9.878987e+000  4.750000e+000
      vertex  7.930614e+000  9.660075e+000  4.750000e+000
      vertex  8.039648e+000  9.735234e+000  7.000000e+000
    endloop
  endfacet
  facet normal -4.759449e-001  8.794674e-001  3.687891e-003
    outer loop
      vertex  8.039648e+000  9.735234e+000  7.000000e+000
      vertex  8.427473e+000  9.945115e+000  7.000000e+000
      vertex  8.287846e+000  9.878987e+000  4.750000e+000
    endloop
  endfacet
  facet normal -3.826815e-001  9.238740e-001 -3.404838e-003
    outer loop
      vertex  8.674925e+000  1.003932e+001  4.750000e+000
      vertex  8.287846e+000  9.878987e+000  4.750000e+000
      vertex  8.427473e+000  9.945115e+000  7.000000e+000
    endloop
  endfacet
  facet normal -3.246963e-001  9.458104e-001  3.890750e-003
    outer loop
      vertex  8.427473e+000  9.945115e+000  7.000000e+000
      vertex  8.844554e+000  1.008830e+001  7.000000e+000
      vertex  8.674925e+000  1.003932e+001  4.750000e+000
    endloop
  endfacet
  facet normal -2.334438e-001  9.723638e-001 -3.566858e-003
    outer loop
      vertex  9.082320e+000  1.013713e+001  4.750000e+000
      vertex  8.674925e+000  1.003932e+001  4.750000e+000
      vertex  8.844554e+000  1.008830e+001  7.000000e+000
    endloop
  endfacet
  facet normal  2.334438e-001  9.723638e-001 -3.566858e-003
    outer loop
      vertex  9.917680e+000  1.013713e+001  4.750000e+000
      vertex  1.015545e+001  1.008830e+001  7.000000e+000
      vertex  1.032508e+001  1.003932e+001  4.750000e+000
    endloop
  endfacet
  facet normal  3.246963e-001  9.458104e-001  3.890750e-003
    outer loop
      vertex  1.032508e+001  1.003932e+001  4.750000e+000
      vertex  1.015545e+001  1.008830e+001  7.000000e+000
      vertex  1.057253e+001  9.945115e+000  7.000000e+000
    endloop
  endfacet
  facet normal  3.826815e-001  9.238740e-001 -3.404838e-003
    outer loop
      vertex  1.032508e+001  1.003932e+001  4.750000e+000
      vertex  1.057253e+001  9.945115e+000  7.000000e+000
      vertex  1.071215e+001  9.878987e+000  4.750000e+000
    endloop
  endfacet
  facet normal  4.759449e-001  8.794674e-001  3.687891e-003
    outer loop
      vertex  1.071215e+001  9.878987e+000  4.750000e+000
      vertex  1.057253e+001  9.945115e+000  7.000000e+000
      vertex  1.096035e+001  9.735234e+000  7.000000e+000
    endloop
  endfacet
  facet normal  5.224960e-001  8.526359e-001 -3.161429e-003
    outer loop
      vertex  1.071215e+001  9.878987e+000  4.750000e+000
      vertex  1.096035e+001  9.735234e+000  7.000000e+000
      vertex  1.106939e+001  9.660075e+000  4.750000e+000
    endloop
  endfacet
  facet normal  6.142086e-001  7.891363e-001  3.404087e-003
    outer loop
      vertex  1.106939e+001  9.660075e+000  4.750000e+000
      vertex  1.096035e+001  9.735234e+000  7.000000e+000
      vertex  1.130834e+001  9.464383e+000  7.000000e+000
    endloop
  endfacet
  facet normal  6.494460e-001  7.604025e-001 -2.837312e-003
    outer loop
      vertex  1.106939e+001  9.660075e+000  4.750000e+000
      vertex  1.130834e+001  9.464383e+000  7.000000e+000
      vertex  1.138797e+001  9.387975e+000  4.750000e+000
    endloop
  endfacet
  facet normal  7.357211e-001  6.772777e-001  3.039022e-003
    outer loop
      vertex  1.138797e+001  9.387975e+000  4.750000e+000
      vertex  1.130834e+001  9.464383e+000  7.000000e+000
      vertex  1.160701e+001  9.139948e+000  7.000000e+000
    endloop
  endfacet
  facet normal  7.604033e-001  6.494466e-001 -2.431652e-003
    outer loop
      vertex  1.138797e+001  9.387975e+000  4.750000e+000
      vertex  1.160701e+001  9.139948e+000  7.000000e+000
      vertex  1.166008e+001  9.069386e+000  4.750000e+000
    endloop
  endfacet
  facet normal  8.371634e-001  5.469468e-001  2.593326e-003
    outer loop
      vertex  1.166008e+001  9.069386e+000  4.750000e+000
      vertex  1.160701e+001  9.139948e+000  7.000000e+000
      vertex  1.184820e+001  8.770780e+000  7.000000e+000
    endloop
  endfacet
  facet normal  8.526385e-001  5.224976e-001 -1.945285e-003
    outer loop
      vertex  1.166008e+001  9.069386e+000  4.750000e+000
      vertex  1.184820e+001  8.770780e+000  7.000000e+000
      vertex  1.187899e+001  8.712154e+000  4.750000e+000
    endloop
  endfacet
  facet normal  9.157713e-001  4.016947e-001  2.066315e-003
    outer loop
      vertex  1.187899e+001  8.712154e+000  4.750000e+000
      vertex  1.184820e+001  8.770780e+000  7.000000e+000
      vertex  1.202533e+001  8.366947e+000  7.000000e+000
    endloop
  endfacet
  facet normal  9.238785e-001  3.826834e-001 -1.377804e-003
    outer loop
      vertex  1.187899e+001  8.712154e+000  4.750000e+000
      vertex  1.202533e+001  8.366947e+000  7.000000e+000
      vertex  1.203932e+001  8.325075e+000  4.750000e+000
    endloop
  endfacet
  facet normal  9.693993e-001  2.454851e-001  1.458435e-003
    outer loop
      vertex  1.203932e+001  8.325075e+000  4.750000e+000
      vertex  1.202533e+001  8.366947e+000  7.000000e+000
      vertex  1.213358e+001  7.939467e+000  7.000000e+000
    endloop
  endfacet
  facet normal -9.693993e-001  2.454851e-001 -1.458640e-003
    outer loop
      vertex  6.866416e+000  7.939467e+000  2.500000e+000
      vertex  6.960679e+000  8.325075e+000  4.750000e+000
      vertex  6.974668e+000  8.366947e+000  2.500000e+000
    endloop
  endfacet
  facet normal -9.238785e-001  3.826834e-001  1.377608e-003
    outer loop
      vertex  6.974668e+000  8.366947e+000  2.500000e+000
      vertex  6.960679e+000  8.325075e+000  4.750000e+000
      vertex  7.121013e+000  8.712154e+000  4.750000e+000
    endloop
  endfacet
  facet normal -9.157717e-001  4.016938e-001 -2.066344e-003
    outer loop
      vertex  6.974668e+000  8.366947e+000  2.500000e+000
      vertex  7.121013e+000  8.712154e+000  4.750000e+000
      vertex  7.151805e+000  8.770780e+000  2.500000e+000
    endloop
  endfacet
  facet normal -8.526385e-001  5.224976e-001  1.945285e-003
    outer loop
      vertex  7.151805e+000  8.770780e+000  2.500000e+000
      vertex  7.121013e+000  8.712154e+000  4.750000e+000
      vertex  7.339925e+000  9.069386e+000  4.750000e+000
    endloop
  endfacet
  facet normal -8.371634e-001  5.469468e-001 -2.593326e-003
    outer loop
      vertex  7.151805e+000  8.770780e+000  2.500000e+000
      vertex  7.339925e+000  9.069386e+000  4.750000e+000
      vertex  7.392995e+000  9.139948e+000  2.500000e+000
    endloop
  endfacet
  facet normal -7.604039e-001  6.494460e-001  2.431618e-003
    outer loop
      vertex  7.392995e+000  9.139948e+000  2.500000e+000
      vertex  7.339925e+000  9.069386e+000  4.750000e+000
      vertex  7.612025e+000  9.387975e+000  4.750000e+000
    endloop
  endfacet
  facet normal -7.357211e-001  6.772777e-001 -3.039178e-003
    outer loop
      vertex  7.392995e+000  9.139948e+000  2.500000e+000
      vertex  7.612025e+000  9.387975e+000  4.750000e+000
      vertex  7.691658e+000  9.464383e+000  2.500000e+000
    endloop
  endfacet
  facet normal -6.494454e-001  7.604029e-001  2.837211e-003
    outer loop
      vertex  7.691658e+000  9.464383e+000  2.500000e+000
      vertex  7.612025e+000  9.387975e+000  4.750000e+000
      vertex  7.930614e+000  9.660075e+000  4.750000e+000
    endloop
  endfacet
  facet normal -6.142086e-001  7.891363e-001 -3.404087e-003
    outer loop
      vertex  7.691658e+000  9.464383e+000  2.500000e+000
      vertex  7.930614e+000  9.660075e+000  4.750000e+000
      vertex  8.039648e+000  9.735234e+000  2.500000e+000
    endloop
  endfacet
  facet normal -5.224960e-001  8.526359e-001  3.161429e-003
    outer loop
      vertex  8.039648e+000  9.735234e+000  2.500000e+000
      vertex  7.930614e+000  9.660075e+000  4.750000e+000
      vertex  8.287846e+000  9.878987e+000  4.750000e+000
    endloop
  endfacet
  facet normal -4.759449e-001  8.794674e-001 -3.687891e-003
    outer loop
      vertex  8.039648e+000  9.735234e+000  2.500000e+000
      vertex  8.287846e+000  9.878987e+000  4.750000e+000
      vertex  8.427473e+000  9.945115e+000  2.500000e+000
    endloop
  endfacet
  facet normal -3.826815e-001  9.238740e-001  3.404838e-003
    outer loop
      vertex  8.427473e+000  9.945115e+000  2.500000e+000
      vertex  8.287846e+000  9.878987e+000  4.750000e+000
      vertex  8.674925e+000  1.003932e+001  4.750000e+000
    endloop
  endfacet
  facet normal -3.246963e-001  9.458104e-001 -3.890750e-003
    outer loop
      vertex  8.427473e+000  9.945115e+000  2.500000e+000
      vertex  8.674925e+000  1.003932e+001  4.750000e+000
      vertex  8.844554e+000  1.008830e+001  2.500000e+000
    endloop
  endfacet
  facet normal -2.334438e-001  9.723638e-001  3.566858e-003
    outer loop
      vertex  8.844554e+000  1.008830e+001  2.500000e+000
      vertex  8.674925e+000  1.003932e+001  4.750000e+000
      vertex  9.082320e+000  1.013713e+001  4.750000e+000
    endloop
  endfacet
  facet normal  2.334438e-001  9.723638e-001  3.566858e-003
    outer loop
      vertex  9.917680e+000  1.013713e+001  4.750000e+000
      vertex  1.032508e+001  1.003932e+001  4.750000e+000
      vertex  1.015545e+001  1.008830e+001  2.500000e+000
    endloop
  endfacet
  facet normal  3.246963e-001  9.458104e-001 -3.890750e-003
    outer loop
      vertex  1.057253e+001  9.945115e+000  2.500000e+000
      vertex  1.015545e+001  1.008830e+001  2.500000e+000
      vertex  1.032508e+001  1.003932e+001  4.750000e+000
    endloop
  endfacet
  facet normal  3.826815e-001  9.238740e-001  3.404838e-003
    outer loop
      vertex  1.032508e+001  1.003932e+001  4.750000e+000
      vertex  1.071215e+001  9.878987e+000  4.750000e+000
      vertex  1.057253e+001  9.945115e+000  2.500000e+000
    endloop
  endfacet
  facet normal  4.759449e-001  8.794674e-001 -3.687891e-003
    outer loop
      vertex  1.096035e+001  9.735234e+000  2.500000e+000
      vertex  1.057253e+001  9.945115e+000  2.500000e+000
      vertex  1.071215e+001  9.878987e+000  4.750000e+000
    endloop
  endfacet
  facet normal  5.224960e-001  8.526359e-001  3.161429e-003
    outer loop
      vertex  1.071215e+001  9.878987e+000  4.750000e+000
      vertex  1.106939e+001  9.660075e+000  4.750000e+000
      vertex  1.096035e+001  9.735234e+000  2.500000e+000
    endloop
  endfacet
  facet normal  6.142086e-001  7.891363e-001 -3.404087e-003
    outer loop
      vertex  1.130834e+001  9.464383e+000  2.500000e+000
      vertex  1.096035e+001  9.735234e+000  2.500000e+000
      vertex  1.106939e+001  9.660075e+000  4.750000e+000
    endloop
  endfacet
  facet normal  6.494460e-001  7.604025e-001  2.837312e-003
    outer loop
      vertex  1.106939e+001  9.660075e+000  4.750000e+000
      vertex  1.138797e+001  9.387975e+000  4.750000e+000
      vertex  1.130834e+001  9.464383e+000  2.500000e+000
    endloop
  endfacet
  facet normal  7.357211e-001  6.772777e-001 -3.039022e-003
    outer loop
      vertex  1.160701e+001  9.139948e+000  2.500000e+000
      vertex  1.130834e+001  9.464383e+000  2.500000e+000
      vertex  1.138797e+001  9.387975e+000  4.750000e+000
    endloop
  endfacet
  facet normal  7.604033e-001  6.494466e-001  2.431652e-003
    outer loop
      vertex  1.138797e+001  9.387975e+000  4.750000e+000
      vertex  1.166008e+001  9.069386e+000  4.750000e+000
      vertex  1.160701e+001  9.139948e+000  2.500000e+000
    endloop
  endfacet
  facet normal  8.371634e-001  5.469468e-001 -2.593326e-003
    outer loop
      vertex  1.184820e+001  8.770780e+000  2.500000e+000
      vertex  1.160701e+001  9.139948e+000  2.500000e+000
      vertex  1.166008e+001  9.069386e+000  4.750000e+000
    endloop
  endfacet
  facet normal  8.526385e-001  5.224976e-001  1.945285e-003
    outer loop
      vertex  1.166008e+001  9.069386e+000  4.750000e+000
      vertex  1.187899e+001  8.712154e+000  4.750000e+000
      vertex  1.184820e+001  8.770780e+000  2.500000e+000
    endloop
  endfacet
  facet normal  9.157713e-001  4.016947e-001 -2.066315e-003
    outer loop
      vertex  1.202533e+001  8.366947e+000  2.500000e+000
      vertex  1.184820e+001  8.770780e+000  2.500000e+000
      vertex  1.187899e+001  8.712154e+000  4.750000e+000
    endloop
  endfacet
  facet normal  9.238785e-001  3.826834e-001  1.377804e-003
    outer loop
      vertex  1.187899e+001  8.712154e+000  4.750000e+000
      vertex  1.203932e+001  8.325075e+000  4.750000e+000
      vertex  1.202533e+001  8.366947e+000  2.500000e+000
    endloop
  endfacet
  facet normal  9.693993e-001  2.454851e-001 -1.458435e-003
    outer loop
      vertex  1.213358e+001  7.939467e+000  2.500000e+000
      vertex  1.202533e+001  8.366947e+000  2.500000e+000
      vertex  1.203932e+001  8.325075e+000  4.750000e+000
    endloop
  endfacet
  facet normal -9.969174e-001  7.845931e-002  0.000000e+000
    outer loop
      vertex  6.830000e+000  7.500000e+000  4.750000e+000
      vertex  6.830000e+000  7.500000e+000  7.000000e+000
      vertex  6.862872e+000  7.917680e+000  4.750000e+000
    endloop
  endfacet
  facet normal -9.965841e-001  8.257993e-002  7.698006e-004
    outer loop
      vertex  6.862872e+000  7.917680e+000  4.750000e+000
      vertex  6.830000e+000  7.500000e+000  7.000000e+000
      vertex  6.866416e+000  7.939467e+000  7.000000e+000
    endloop
  endfacet
  facet normal -9.723697e-001  2.334452e-001 -7.292216e-004
    outer loop
      vertex  6.862872e+000  7.917680e+000  4.750000e+000
      vertex  6.866416e+000  7.939467e+000  7.000000e+000
      vertex  6.960679e+000  8.325075e+000  4.750000e+000
    endloop
  endfacet
  facet normal -4.132334e-002  9.991458e-001  0.000000e+000
    outer loop
      vertex  9.500000e+000  1.017000e+001  7.000000e+000
      vertex  9.500000e+000  1.017000e+001  4.750000e+000
      vertex  9.279513e+000  1.016088e+001  7.000000e+000
    endloop
  endfacet
  facet normal -7.845878e-002  9.969107e-001 -3.648112e-003
    outer loop
      vertex  9.279513e+000  1.016088e+001  7.000000e+000
      vertex  9.500000e+000  1.017000e+001  4.750000e+000
      vertex  9.082320e+000  1.013713e+001  4.750000e+000
    endloop
  endfacet
  facet normal -1.645941e-001  9.863532e-001  4.012358e-003
    outer loop
      vertex  9.279513e+000  1.016088e+001  7.000000e+000
      vertex  9.082320e+000  1.013713e+001  4.750000e+000
      vertex  8.844554e+000  1.008830e+001  7.000000e+000
    endloop
  endfacet
  facet normal  7.845931e-002  9.969174e-001  0.000000e+000
    outer loop
      vertex  9.500000e+000  1.017000e+001  4.750000e+000
      vertex  9.500000e+000  1.017000e+001  7.000000e+000
      vertex  9.917680e+000  1.013713e+001  4.750000e+000
    endloop
  endfacet
  facet normal  4.132235e-002  9.991218e-001 -6.926144e-003
    outer loop
      vertex  9.917680e+000  1.013713e+001  4.750000e+000
      vertex  9.500000e+000  1.017000e+001  7.000000e+000
      vertex  9.720487e+000  1.016088e+001  7.000000e+000
    endloop
  endfacet
  facet normal  1.645941e-001  9.863532e-001  4.012358e-003
    outer loop
      vertex  9.917680e+000  1.013713e+001  4.750000e+000
      vertex  9.720487e+000  1.016088e+001  7.000000e+000
      vertex  1.015545e+001  1.008830e+001  7.000000e+000
    endloop
  endfacet
  facet normal  9.965846e-001  8.257888e-002  -0.000000e+000
    outer loop
      vertex  1.217000e+001  7.500000e+000  7.000000e+000
      vertex  1.217000e+001  7.500000e+000  4.750000e+000
      vertex  1.213358e+001  7.939467e+000  7.000000e+000
    endloop
  endfacet
  facet normal  9.969169e-001  7.845928e-002  8.100153e-004
    outer loop
      vertex  1.213358e+001  7.939467e+000  7.000000e+000
      vertex  1.217000e+001  7.500000e+000  4.750000e+000
      vertex  1.213713e+001  7.917680e+000  4.750000e+000
    endloop
  endfacet
  facet normal  9.723697e-001  2.334452e-001 -7.294277e-004
    outer loop
      vertex  1.213358e+001  7.939467e+000  7.000000e+000
      vertex  1.213713e+001  7.917680e+000  4.750000e+000
      vertex  1.203932e+001  8.325075e+000  4.750000e+000
    endloop
  endfacet
  facet normal -9.965845e-001  8.257995e-002  0.000000e+000
    outer loop
      vertex  6.830000e+000  7.500000e+000  2.500000e+000
      vertex  6.830000e+000  7.500000e+000  4.750000e+000
      vertex  6.866416e+000  7.939467e+000  2.500000e+000
    endloop
  endfacet
  facet normal -9.969169e-001  7.845928e-002 -8.102266e-004
    outer loop
      vertex  6.866416e+000  7.939467e+000  2.500000e+000
      vertex  6.830000e+000  7.500000e+000  4.750000e+000
      vertex  6.862872e+000  7.917680e+000  4.750000e+000
    endloop
  endfacet
  facet normal -9.723697e-001  2.334452e-001  7.292216e-004
    outer loop
      vertex  6.866416e+000  7.939467e+000  2.500000e+000
      vertex  6.862872e+000  7.917680e+000  4.750000e+000
      vertex  6.960679e+000  8.325075e+000  4.750000e+000
    endloop
  endfacet
  facet normal -7.845931e-002  9.969174e-001  0.000000e+000
    outer loop
      vertex  9.500000e+000  1.017000e+001  4.750000e+000
      vertex  9.500000e+000  1.017000e+001  2.500000e+000
      vertex  9.082320e+000  1.013713e+001  4.750000e+000
    endloop
  endfacet
  facet normal -4.132235e-002  9.991218e-001  6.926144e-003
    outer loop
      vertex  9.082320e+000  1.013713e+001  4.750000e+000
      vertex  9.500000e+000  1.017000e+001  2.500000e+000
      vertex  9.279513e+000  1.016088e+001  2.500000e+000
    endloop
  endfacet
  facet normal -1.645941e-001  9.863532e-001 -4.012358e-003
    outer loop
      vertex  9.082320e+000  1.013713e+001  4.750000e+000
      vertex  9.279513e+000  1.016088e+001  2.500000e+000
      vertex  8.844554e+000  1.008830e+001  2.500000e+000
    endloop
  endfacet
  facet normal  4.132334e-002  9.991458e-001  0.000000e+000
    outer loop
      vertex  9.500000e+000  1.017000e+001  2.500000e+000
      vertex  9.500000e+000  1.017000e+001  4.750000e+000
      vertex  9.720487e+000  1.016088e+001  2.500000e+000
    endloop
  endfacet
  facet normal  7.845878e-002  9.969107e-001  3.648112e-003
    outer loop
      vertex  9.720487e+000  1.016088e+001  2.500000e+000
      vertex  9.500000e+000  1.017000e+001  4.750000e+000
      vertex  9.917680e+000  1.013713e+001  4.750000e+000
    endloop
  endfacet
  facet normal  1.645941e-001  9.863532e-001 -4.012358e-003
    outer loop
      vertex  9.720487e+000  1.016088e+001  2.500000e+000
      vertex  9.917680e+000  1.013713e+001  4.750000e+000
      vertex  1.015545e+001  1.008830e+001  2.500000e+000
    endloop
  endfacet
  facet normal  9.969174e-001  7.845931e-002  -0.000000e+000
    outer loop
      vertex  1.217000e+001  7.500000e+000  4.750000e+000
      vertex  1.217000e+001  7.500000e+000  2.500000e+000
      vertex  1.213713e+001  7.917680e+000  4.750000e+000
    endloop
  endfacet
  facet normal  9.965842e-001  8.257885e-002 -7.695999e-004
    outer loop
      vertex  1.213713e+001  7.917680e+000  4.750000e+000
      vertex  1.217000e+001  7.500000e+000  2.500000e+000
      vertex  1.213358e+001  7.939467e+000  2.500000e+000
    endloop
  endfacet
  facet normal  9.723697e-001  2.334452e-001  7.294277e-004
    outer loop
      vertex  1.213713e+001  7.917680e+000  4.750000e+000
      vertex  1.213358e+001  7.939467e+000  2.500000e+000
      vertex  1.203932e+001  8.325075e+000  4.750000e+000
    endloop
  endfacet
  facet normal  0.000000e+000 -1.000000e+000  0.000000e+000
    outer loop
      vertex  2.430000e+001  3.200000e+000  1.250000e+000
      vertex  1.650000e+001  3.200000e+000  1.250000e+000
      vertex  2.430000e+001  3.200000e+000  0.000000e+000
    endloop
  endfacet
  facet normal  0.000000e+000 -1.000000e+000  0.000000e+000
    outer loop
      vertex  2.430000e+001  3.200000e+000  0.000000e+000
      vertex  1.650000e+001  3.200000e+000  1.250000e+000
      vertex  1.650000e+001  3.200000e+000  0.000000e+000
    endloop
  endfacet
  facet normal  0.000000e+000 -1.000000e+000  0.000000e+000
    outer loop
      vertex  1.650000e+001  3.200000e+000  1.250000e+000
      vertex  8.700000e+000  3.200000e+000  1.250000e+000
      vertex  1.650000e+001  3.200000e+000  0.000000e+000
    endloop
  endfacet
  facet normal  0.000000e+000 -1.000000e+000  0.000000e+000
    outer loop
      vertex  1.650000e+001  3.200000e+000  0.000000e+000
      vertex  8.700000e+000  3.200000e+000  1.250000e+000
      vertex  8.700000e+000  3.200000e+000  0.000000e+000
    endloop
  endfacet
  facet normal  0.000000e+000 -1.000000e+000  0.000000e+000
    outer loop
      vertex  2.430000e+001  3.200000e+000  2.500000e+000
      vertex  1.650000e+001  3.200000e+000  2.500000e+000
      vertex  2.430000e+001  3.200000e+000  1.250000e+000
    endloop
  endfacet
  facet normal  0.000000e+000 -1.000000e+000  0.000000e+000
    outer loop
      vertex  2.430000e+001  3.200000e+000  1.250000e+000
      vertex  1.650000e+001  3.200000e+000  2.500000e+000
      vertex  1.650000e+001  3.200000e+000  1.250000e+000
    endloop
  endfacet
  facet normal  0.000000e+000 -1.000000e+000  0.000000e+000
    outer loop
      vertex  1.650000e+001  3.200000e+000  2.500000e+000
      vertex  8.700000e+000  3.200000e+000  2.500000e+000
      vertex  1.650000e+001  3.200000e+000  1.250000e+000
    endloop
  endfacet
  facet normal  0.000000e+000 -1.000000e+000  0.000000e+000
    outer loop
      vertex  1.650000e+001  3.200000e+000  1.250000e+000
      vertex  8.700000e+000  3.200000e+000  2.500000e+000
      vertex  8.700000e+000  3.200000e+000  1.250000e+000
    endloop
  endfacet
  facet normal  1.000000e+000  0.000000e+000  0.000000e+000
    outer loop
      vertex  8.700000e+000 -2.300000e+000  2.500000e+000
      vertex  8.700000e+000 -2.300000e+000  1.250000e+000
      vertex  8.700000e+000  4.866011e-003  2.500000e+000
    endloop
  endfacet
  facet normal  9.999999e-001  0.000000e+000  0.000000e+000
    outer loop
      vertex  8.700000e+000  3.200000e+000  1.250000e+000
      vertex  8.700000e+000  4.866011e-003  2.500000e+000
      vertex  8.700000e+000 -2.300000e+000  1.250000e+000
    endloop
  endfacet
  facet normal  9.999999e-001  -0.000000e+000  0.000000e+000
    outer loop
      vertex  8.700000e+000  3.200000e+000  2.500000e+000
      vertex  8.700000e+000  4.866011e-003  2.500000e+000
      vertex  8.700000e+000  3.200000e+000  1.250000e+000
    endloop
  endfacet
  facet normal  1.000000e+000  0.000000e+000  0.000000e+000
    outer loop
      vertex  8.700000e+000 -2.300000e+000  0.000000e+000
      vertex  8.700000e+000  4.866011e-003  0.000000e+000
      vertex  8.700000e+000 -2.300000e+000  1.250000e+000
    endloop
  endfacet
  facet normal  9.999999e-001  0.000000e+000  0.000000e+000
    outer loop
      vertex  8.700000e+000 -2.300000e+000  1.250000e+000
      vertex  8.700000e+000  4.866011e-003  0.000000e+000
      vertex  8.700000e+000  3.200000e+000  0.000000e+000
    endloop
  endfacet
  facet normal  9.999999e-001  0.000000e+000  -0.000000e+000
    outer loop
      vertex  8.700000e+000 -2.300000e+000  1.250000e+000
      vertex  8.700000e+000  3.200000e+000  0.000000e+000
      vertex  8.700000e+000  3.200000e+000  1.250000e+000
    endloop
  endfacet
  facet normal  9.999999e-001  0.000000e+000  0.000000e+000
    outer loop
      vertex  8.700000e+000 -7.800000e+000  0.000000e+000
      vertex  8.700000e+000 -2.300000e+000  0.000000e+000
      vertex  8.700000e+000 -7.800000e+000  1.250000e+000
    endloop
  endfacet
  facet normal  9.999999e-001  -0.000000e+000  0.000000e+000
    outer loop
      vertex  8.700000e+000 -7.800000e+000  1.250000e+000
      vertex  8.700000e+000 -2.300000e+000  0.000000e+000
      vertex  8.700000e+000 -2.300000e+000  1.250000e+000
    endloop
  endfacet
  facet normal  9.999999e-001  -0.000000e+000  0.000000e+000
    outer loop
      vertex  8.700000e+000 -2.300000e+000  2.500000e+000
      vertex  8.700000e+000 -7.800000e+000  2.500000e+000
      vertex  8.700000e+000 -2.300000e+000  1.250000e+000
    endloop
  endfacet
  facet normal  9.999999e-001  0.000000e+000  0.000000e+000
    outer loop
      vertex  8.700000e+000 -2.300000e+000  1.250000e+000
      vertex  8.700000e+000 -7.800000e+000  2.500000e+000
      vertex  8.700000e+000 -7.800000e+000  1.250000e+000
    endloop
  endfacet
  facet normal  0.000000e+000  1.000000e+000  0.000000e+000
    outer loop
      vertex  8.700000e+000 -7.800000e+000  1.250000e+000
      vertex  1.650000e+001 -7.800000e+000  1.250000e+000
      vertex  8.700000e+000 -7.800000e+000  0.000000e+000
    endloop
  endfacet
  facet normal  0.000000e+000  1.000000e+000  0.000000e+000
    outer loop
      vertex  8.700000e+000 -7.800000e+000  0.000000e+000
      vertex  1.650000e+001 -7.800000e+000  1.250000e+000
      vertex  1.650000e+001 -7.800000e+000  0.000000e+000
    endloop
  endfacet
  facet normal  0.000000e+000  1.000000e+000  0.000000e+000
    outer loop
      vertex  1.650000e+001 -7.800000e+000  1.250000e+000
      vertex  2.430000e+001 -7.800000e+000  1.250000e+000
      vertex  1.650000e+001 -7.800000e+000  0.000000e+000
    endloop
  endfacet
  facet normal  0.000000e+000  1.000000e+000  0.000000e+000
    outer loop
      vertex  1.650000e+001 -7.800000e+000  0.000000e+000
      vertex  2.430000e+001 -7.800000e+000  1.250000e+000
      vertex  2.430000e+001 -7.800000e+000  0.000000e+000
    endloop
  endfacet
  facet normal  0.000000e+000  1.000000e+000  0.000000e+000
    outer loop
      vertex  8.700000e+000 -7.800000e+000  2.500000e+000
      vertex  1.650000e+001 -7.800000e+000  2.500000e+000
      vertex  8.700000e+000 -7.800000e+000  1.250000e+000
    endloop
  endfacet
  facet normal  0.000000e+000  1.000000e+000  0.000000e+000
    outer loop
      vertex  8.700000e+000 -7.800000e+000  1.250000e+000
      vertex  1.650000e+001 -7.800000e+000  2.500000e+000
      vertex  1.650000e+001 -7.800000e+000  1.250000e+000
    endloop
  endfacet
  facet normal  0.000000e+000  1.000000e+000  0.000000e+000
    outer loop
      vertex  1.650000e+001 -7.800000e+000  2.500000e+000
      vertex  2.430000e+001 -7.800000e+000  2.500000e+000
      vertex  1.650000e+001 -7.800000e+000  1.250000e+000
    endloop
  endfacet
  facet normal  0.000000e+000  1.000000e+000  0.000000e+000
    outer loop
      vertex  1.650000e+001 -7.800000e+000  1.250000e+000
      vertex  2.430000e+001 -7.800000e+000  2.500000e+000
      vertex  2.430000e+001 -7.800000e+000  1.250000e+000
    endloop
  endfacet
  facet normal -9.999999e-001  0.000000e+000  0.000000e+000
    outer loop
      vertex  2.430000e+001  3.200000e+000  2.500000e+000
      vertex  2.430000e+001  3.200000e+000  1.250000e+000
      vertex  2.430000e+001  4.866011e-003  2.500000e+000
    endloop
  endfacet
  facet normal -9.999999e-001  0.000000e+000  -0.000000e+000
    outer loop
      vertex  2.430000e+001 -2.300000e+000  1.250000e+000
      vertex  2.430000e+001  4.866011e-003  2.500000e+000
      vertex  2.430000e+001  3.200000e+000  1.250000e+000
    endloop
  endfacet
  facet normal -1.000000e+000  -0.000000e+000  0.000000e+000
    outer loop
      vertex  2.430000e+001 -2.300000e+000  2.500000e+000
      vertex  2.430000e+001  4.866011e-003  2.500000e+000
      vertex  2.430000e+001 -2.300000e+000  1.250000e+000
    endloop
  endfacet
  facet normal -9.999999e-001  0.000000e+000  0.000000e+000
    outer loop
      vertex  2.430000e+001 -2.300000e+000  0.000000e+000
      vertex  2.430000e+001 -7.800000e+000  0.000000e+000
      vertex  2.430000e+001 -2.300000e+000  1.250000e+000
    endloop
  endfacet
  facet normal -9.999999e-001  -0.000000e+000  0.000000e+000
    outer loop
      vertex  2.430000e+001 -2.300000e+000  1.250000e+000
      vertex  2.430000e+001 -7.800000e+000  0.000000e+000
      vertex  2.430000e+001 -7.800000e+000  1.250000e+000
    endloop
  endfacet
  facet normal -9.999999e-001  0.000000e+000  0.000000e+000
    outer loop
      vertex  2.430000e+001  3.200000e+000  0.000000e+000
      vertex  2.430000e+001  4.866011e-003  0.000000e+000
      vertex  2.430000e+001  3.200000e+000  1.250000e+000
    endloop
  endfacet
  facet normal -1.000000e+000  0.000000e+000  0.000000e+000
    outer loop
      vertex  2.430000e+001  3.200000e+000  1.250000e+000
      vertex  2.430000e+001  4.866011e-003  0.000000e+000
      vertex  2.430000e+001 -2.300000e+000  0.000000e+000
    endloop
  endfacet
  facet normal -9.999999e-001  0.000000e+000  0.000000e+000
    outer loop
      vertex  2.430000e+001  3.200000e+000  1.250000e+000
      vertex  2.430000e+001 -2.300000e+000  0.000000e+000
      vertex  2.430000e+001 -2.300000e+000  1.250000e+000
    endloop
  endfacet
  facet normal -9.999999e-001  -0.000000e+000  0.000000e+000
    outer loop
      vertex  2.430000e+001 -7.800000e+000  2.500000e+000
      vertex  2.430000e+001 -2.300000e+000  2.500000e+000
      vertex  2.430000e+001 -7.800000e+000  1.250000e+000
    endloop
  endfacet
  facet normal -9.999999e-001  0.000000e+000  0.000000e+000
    outer loop
      vertex  2.430000e+001 -7.800000e+000  1.250000e+000
      vertex  2.430000e+001 -2.300000e+000  2.500000e+000
      vertex  2.430000e+001 -2.300000e+000  1.250000e+000
    endloop
  endfacet
  facet normal  0.000000e+000 -1.000000e+000  -0.000000e+000
    outer loop
      vertex -9.000000e+000 -4.650000e+000  0.000000e+000
      vertex -9.000000e+000 -4.650000e+000  1.250000e+000
      vertex -1.050000e+001 -4.650000e+000  0.000000e+000
    endloop
  endfacet
  facet normal  0.000000e+000 -1.000000e+000  0.000000e+000
    outer loop
      vertex -1.050000e+001 -4.650000e+000  0.000000e+000
      vertex -9.000000e+000 -4.650000e+000  1.250000e+000
      vertex -1.050000e+001 -4.650000e+000  1.250000e+000
    endloop
  endfacet
  facet normal  0.000000e+000 -1.000000e+000  -0.000000e+000
    outer loop
      vertex -9.000000e+000 -4.650000e+000  1.250000e+000
      vertex -9.000000e+000 -4.650000e+000  2.500000e+000
      vertex -1.050000e+001 -4.650000e+000  1.250000e+000
    endloop
  endfacet
  facet normal  0.000000e+000 -1.000000e+000  0.000000e+000
    outer loop
      vertex -1.050000e+001 -4.650000e+000  1.250000e+000
      vertex -9.000000e+000 -4.650000e+000  2.500000e+000
      vertex -1.050000e+001 -4.650000e+000  2.500000e+000
    endloop
  endfacet
  facet normal  0.000000e+000 -1.000000e+000  -0.000000e+000
    outer loop
      vertex -1.050000e+001 -4.650000e+000  0.000000e+000
      vertex -1.050000e+001 -4.650000e+000  1.250000e+000
      vertex -1.200000e+001 -4.650000e+000  0.000000e+000
    endloop
  endfacet
  facet normal  0.000000e+000 -1.000000e+000  0.000000e+000
    outer loop
      vertex -1.200000e+001 -4.650000e+000  0.000000e+000
      vertex -1.050000e+001 -4.650000e+000  1.250000e+000
      vertex -1.200000e+001 -4.650000e+000  1.250000e+000
    endloop
  endfacet
  facet normal  0.000000e+000 -1.000000e+000  -0.000000e+000
    outer loop
      vertex -1.050000e+001 -4.650000e+000  1.250000e+000
      vertex -1.050000e+001 -4.650000e+000  2.500000e+000
      vertex -1.200000e+001 -4.650000e+000  1.250000e+000
    endloop
  endfacet
  facet normal  0.000000e+000 -1.000000e+000  0.000000e+000
    outer loop
      vertex -1.200000e+001 -4.650000e+000  1.250000e+000
      vertex -1.050000e+001 -4.650000e+000  2.500000e+000
      vertex -1.200000e+001 -4.650000e+000  2.500000e+000
    endloop
  endfacet
  facet normal  1.000000e+000  0.000000e+000  0.000000e+000
    outer loop
      vertex -1.200000e+001 -1.035000e+001  1.250000e+000
      vertex -1.200000e+001 -1.035000e+001  0.000000e+000
      vertex -1.200000e+001 -7.500000e+000  1.250000e+000
    endloop
  endfacet
  facet normal  1.000000e+000  0.000000e+000  0.000000e+000
    outer loop
      vertex -1.200000e+001 -7.500000e+000  1.250000e+000
      vertex -1.200000e+001 -1.035000e+001  0.000000e+000
      vertex -1.200000e+001 -7.500000e+000  0.000000e+000
    endloop
  endfacet
  facet normal  1.000000e+000  0.000000e+000  0.000000e+000
    outer loop
      vertex -1.200000e+001 -7.500000e+000  1.250000e+000
      vertex -1.200000e+001 -7.500000e+000  0.000000e+000
      vertex -1.200000e+001 -4.650000e+000  1.250000e+000
    endloop
  endfacet
  facet normal  1.000000e+000  0.000000e+000  0.000000e+000
    outer loop
      vertex -1.200000e+001 -4.650000e+000  1.250000e+000
      vertex -1.200000e+001 -7.500000e+000  0.000000e+000
      vertex -1.200000e+001 -4.650000e+000  0.000000e+000
    endloop
  endfacet
  facet normal  1.000000e+000  0.000000e+000  0.000000e+000
    outer loop
      vertex -1.200000e+001 -1.035000e+001  2.500000e+000
      vertex -1.200000e+001 -1.035000e+001  1.250000e+000
      vertex -1.200000e+001 -7.500000e+000  2.500000e+000
    endloop
  endfacet
  facet normal  1.000000e+000  0.000000e+000  0.000000e+000
    outer loop
      vertex -1.200000e+001 -7.500000e+000  2.500000e+000
      vertex -1.200000e+001 -1.035000e+001  1.250000e+000
      vertex -1.200000e+001 -7.500000e+000  1.250000e+000
    endloop
  endfacet
  facet normal  1.000000e+000  0.000000e+000  0.000000e+000
    outer loop
      vertex -1.200000e+001 -7.500000e+000  2.500000e+000
      vertex -1.200000e+001 -7.500000e+000  1.250000e+000
      vertex -1.200000e+001 -4.650000e+000  2.500000e+000
    endloop
  endfacet
  facet normal  1.000000e+000  0.000000e+000  0.000000e+000
    outer loop
      vertex -1.200000e+001 -4.650000e+000  2.500000e+000
      vertex -1.200000e+001 -7.500000e+000  1.250000e+000
      vertex -1.200000e+001 -4.650000e+000  1.250000e+000
    endloop
  endfacet
  facet normal  0.000000e+000  1.000000e+000  0.000000e+000
    outer loop
      vertex -1.200000e+001 -1.035000e+001  0.000000e+000
      vertex -1.200000e+001 -1.035000e+001  1.250000e+000
      vertex -1.050000e+001 -1.035000e+001  0.000000e+000
    endloop
  endfacet
  facet normal  0.000000e+000  1.000000e+000  -0.000000e+000
    outer loop
      vertex -1.050000e+001 -1.035000e+001  0.000000e+000
      vertex -1.200000e+001 -1.035000e+001  1.250000e+000
      vertex -1.050000e+001 -1.035000e+001  1.250000e+000
    endloop
  endfacet
  facet normal  0.000000e+000  1.000000e+000  0.000000e+000
    outer loop
      vertex -1.200000e+001 -1.035000e+001  1.250000e+000
      vertex -1.200000e+001 -1.035000e+001  2.500000e+000
      vertex -1.050000e+001 -1.035000e+001  1.250000e+000
    endloop
  endfacet
  facet normal  0.000000e+000  1.000000e+000  -0.000000e+000
    outer loop
      vertex -1.050000e+001 -1.035000e+001  1.250000e+000
      vertex -1.200000e+001 -1.035000e+001  2.500000e+000
      vertex -1.050000e+001 -1.035000e+001  2.500000e+000
    endloop
  endfacet
  facet normal  0.000000e+000  1.000000e+000  0.000000e+000
    outer loop
      vertex -1.050000e+001 -1.035000e+001  0.000000e+000
      vertex -1.050000e+001 -1.035000e+001  1.250000e+000
      vertex -9.000000e+000 -1.035000e+001  0.000000e+000
    endloop
  endfacet
  facet normal  0.000000e+000  1.000000e+000  -0.000000e+000
    outer loop
      vertex -9.000000e+000 -1.035000e+001  0.000000e+000
      vertex -1.050000e+001 -1.035000e+001  1.250000e+000
      vertex -9.000000e+000 -1.035000e+001  1.250000e+000
    endloop
  endfacet
  facet normal  0.000000e+000  1.000000e+000  0.000000e+000
    outer loop
      vertex -1.050000e+001 -1.035000e+001  1.250000e+000
      vertex -1.050000e+001 -1.035000e+001  2.500000e+000
      vertex -9.000000e+000 -1.035000e+001  1.250000e+000
    endloop
  endfacet
  facet normal  0.000000e+000  1.000000e+000  -0.000000e+000
    outer loop
      vertex -9.000000e+000 -1.035000e+001  1.250000e+000
      vertex -1.050000e+001 -1.035000e+001  2.500000e+000
      vertex -9.000000e+000 -1.035000e+001  2.500000e+000
    endloop
  endfacet
  facet normal -1.000000e+000  -0.000000e+000  0.000000e+000
    outer loop
      vertex -9.000000e+000 -1.035000e+001  1.250000e+000
      vertex -9.000000e+000 -7.500000e+000  1.250000e+000
      vertex -9.000000e+000 -1.035000e+001  0.000000e+000
    endloop
  endfacet
  facet normal -1.000000e+000  0.000000e+000  0.000000e+000
    outer loop
      vertex -9.000000e+000 -1.035000e+001  0.000000e+000
      vertex -9.000000e+000 -7.500000e+000  1.250000e+000
      vertex -9.000000e+000 -7.500000e+000  0.000000e+000
    endloop
  endfacet
  facet normal -1.000000e+000  -0.000000e+000  0.000000e+000
    outer loop
      vertex -9.000000e+000 -7.500000e+000  1.250000e+000
      vertex -9.000000e+000 -4.650000e+000  1.250000e+000
      vertex -9.000000e+000 -7.500000e+000  0.000000e+000
    endloop
  endfacet
  facet normal -1.000000e+000  0.000000e+000  0.000000e+000
    outer loop
      vertex -9.000000e+000 -7.500000e+000  0.000000e+000
      vertex -9.000000e+000 -4.650000e+000  1.250000e+000
      vertex -9.000000e+000 -4.650000e+000  0.000000e+000
    endloop
  endfacet
  facet normal -1.000000e+000  -0.000000e+000  0.000000e+000
    outer loop
      vertex -9.000000e+000 -1.035000e+001  2.500000e+000
      vertex -9.000000e+000 -7.500000e+000  2.500000e+000
      vertex -9.000000e+000 -1.035000e+001  1.250000e+000
    endloop
  endfacet
  facet normal -1.000000e+000  0.000000e+000  0.000000e+000
    outer loop
      vertex -9.000000e+000 -1.035000e+001  1.250000e+000
      vertex -9.000000e+000 -7.500000e+000  2.500000e+000
      vertex -9.000000e+000 -7.500000e+000  1.250000e+000
    endloop
  endfacet
  facet normal -1.000000e+000  -0.000000e+000  0.000000e+000
    outer loop
      vertex -9.000000e+000 -7.500000e+000  2.500000e+000
      vertex -9.000000e+000 -4.650000e+000  2.500000e+000
      vertex -9.000000e+000 -7.500000e+000  1.250000e+000
    endloop
  endfacet
  facet normal -1.000000e+000  0.000000e+000  0.000000e+000
    outer loop
      vertex -9.000000e+000 -7.500000e+000  1.250000e+000
      vertex -9.000000e+000 -4.650000e+000  2.500000e+000
      vertex -9.000000e+000 -4.650000e+000  1.250000e+000
    endloop
  endfacet
  facet normal  9.801518e-002 -9.951850e-001  0.000000e+000
    outer loop
      vertex -4.500000e+000  2.312500e+001  1.250000e+000
      vertex -4.817022e+000  2.309378e+001  2.500000e+000
      vertex -4.817022e+000  2.309378e+001  1.250000e+000
    endloop
  endfacet
  facet normal  2.902855e-001 -9.569401e-001  0.000000e+000
    outer loop
      vertex -4.817022e+000  2.309378e+001  1.250000e+000
      vertex -4.817022e+000  2.309378e+001  2.500000e+000
      vertex -5.121861e+000  2.300130e+001  2.500000e+000
    endloop
  endfacet
  facet normal  2.902855e-001 -9.569401e-001  0.000000e+000
    outer loop
      vertex -4.817022e+000  2.309378e+001  1.250000e+000
      vertex -5.121861e+000  2.300130e+001  2.500000e+000
      vertex -5.121861e+000  2.300130e+001  1.250000e+000
    endloop
  endfacet
  facet normal  4.713954e-001 -8.819219e-001  0.000000e+000
    outer loop
      vertex -5.121861e+000  2.300130e+001  1.250000e+000
      vertex -5.121861e+000  2.300130e+001  2.500000e+000
      vertex -5.402802e+000  2.285114e+001  2.500000e+000
    endloop
  endfacet
  facet normal  4.713954e-001 -8.819219e-001  0.000000e+000
    outer loop
      vertex -5.121861e+000  2.300130e+001  1.250000e+000
      vertex -5.402802e+000  2.285114e+001  2.500000e+000
      vertex -5.402802e+000  2.285114e+001  1.250000e+000
    endloop
  endfacet
  facet normal  6.343964e-001 -7.730079e-001  0.000000e+000
    outer loop
      vertex -5.402802e+000  2.285114e+001  1.250000e+000
      vertex -5.402802e+000  2.285114e+001  2.500000e+000
      vertex -5.649048e+000  2.264905e+001  2.500000e+000
    endloop
  endfacet
  facet normal  6.343964e-001 -7.730079e-001  0.000000e+000
    outer loop
      vertex -5.402802e+000  2.285114e+001  1.250000e+000
      vertex -5.649048e+000  2.264905e+001  2.500000e+000
      vertex -5.649048e+000  2.264905e+001  1.250000e+000
    endloop
  endfacet
  facet normal  7.730094e-001 -6.343945e-001  0.000000e+000
    outer loop
      vertex -5.649048e+000  2.264905e+001  1.250000e+000
      vertex -5.649048e+000  2.264905e+001  2.500000e+000
      vertex -5.851138e+000  2.240280e+001  2.500000e+000
    endloop
  endfacet
  facet normal  7.730094e-001 -6.343945e-001  0.000000e+000
    outer loop
      vertex -5.649048e+000  2.264905e+001  1.250000e+000
      vertex -5.851138e+000  2.240280e+001  2.500000e+000
      vertex -5.851138e+000  2.240280e+001  1.250000e+000
    endloop
  endfacet
  facet normal  8.819213e-001 -4.713965e-001  0.000000e+000
    outer loop
      vertex -5.851138e+000  2.240280e+001  1.250000e+000
      vertex -5.851138e+000  2.240280e+001  2.500000e+000
      vertex -6.001304e+000  2.212186e+001  2.500000e+000
    endloop
  endfacet
  facet normal  8.819213e-001 -4.713965e-001  0.000000e+000
    outer loop
      vertex -5.851138e+000  2.240280e+001  1.250000e+000
      vertex -6.001304e+000  2.212186e+001  2.500000e+000
      vertex -6.001304e+000  2.212186e+001  1.250000e+000
    endloop
  endfacet
  facet normal  9.569399e-001 -2.902859e-001  0.000000e+000
    outer loop
      vertex -6.001304e+000  2.212186e+001  1.250000e+000
      vertex -6.001304e+000  2.212186e+001  2.500000e+000
      vertex -6.093776e+000  2.181702e+001  2.500000e+000
    endloop
  endfacet
  facet normal  9.569399e-001 -2.902859e-001  0.000000e+000
    outer loop
      vertex -6.001304e+000  2.212186e+001  1.250000e+000
      vertex -6.093776e+000  2.181702e+001  2.500000e+000
      vertex -6.093776e+000  2.181702e+001  1.250000e+000
    endloop
  endfacet
  facet normal  9.951848e-001 -9.801652e-002  0.000000e+000
    outer loop
      vertex -6.093776e+000  2.181702e+001  1.250000e+000
      vertex -6.093776e+000  2.181702e+001  2.500000e+000
      vertex -6.125000e+000  2.150000e+001  2.500000e+000
    endloop
  endfacet
  facet normal  9.951848e-001 -9.801652e-002  0.000000e+000
    outer loop
      vertex -6.093776e+000  2.181702e+001  1.250000e+000
      vertex -6.125000e+000  2.150000e+001  2.500000e+000
      vertex -6.125000e+000  2.150000e+001  1.250000e+000
    endloop
  endfacet
  facet normal  9.801518e-002 -9.951850e-001  0.000000e+000
    outer loop
      vertex -4.817022e+000  2.309378e+001  2.500000e+000
      vertex -4.500000e+000  2.312500e+001  1.250000e+000
      vertex -4.500000e+000  2.312500e+001  2.500000e+000
    endloop
  endfacet
  facet normal -9.801518e-002 -9.951850e-001  -0.000000e+000
    outer loop
      vertex -4.500000e+000  2.312500e+001  2.500000e+000
      vertex -4.500000e+000  2.312500e+001  1.250000e+000
      vertex -4.182978e+000  2.309378e+001  1.250000e+000
    endloop
  endfacet
  facet normal -9.801518e-002 -9.951850e-001  0.000000e+000
    outer loop
      vertex -4.500000e+000  2.312500e+001  2.500000e+000
      vertex -4.182978e+000  2.309378e+001  1.250000e+000
      vertex -4.182978e+000  2.309378e+001  2.500000e+000
    endloop
  endfacet
  facet normal -2.902855e-001 -9.569401e-001  -0.000000e+000
    outer loop
      vertex -4.182978e+000  2.309378e+001  2.500000e+000
      vertex -4.182978e+000  2.309378e+001  1.250000e+000
      vertex -3.878139e+000  2.300130e+001  1.250000e+000
    endloop
  endfacet
  facet normal -2.902855e-001 -9.569401e-001  0.000000e+000
    outer loop
      vertex -4.182978e+000  2.309378e+001  2.500000e+000
      vertex -3.878139e+000  2.300130e+001  1.250000e+000
      vertex -3.878139e+000  2.300130e+001  2.500000e+000
    endloop
  endfacet
  facet normal -4.713954e-001 -8.819219e-001  -0.000000e+000
    outer loop
      vertex -3.878139e+000  2.300130e+001  2.500000e+000
      vertex -3.878139e+000  2.300130e+001  1.250000e+000
      vertex -3.597198e+000  2.285114e+001  1.250000e+000
    endloop
  endfacet
  facet normal -4.713954e-001 -8.819219e-001  0.000000e+000
    outer loop
      vertex -3.878139e+000  2.300130e+001  2.500000e+000
      vertex -3.597198e+000  2.285114e+001  1.250000e+000
      vertex -3.597198e+000  2.285114e+001  2.500000e+000
    endloop
  endfacet
  facet normal -6.343961e-001 -7.730082e-001  -0.000000e+000
    outer loop
      vertex -3.597198e+000  2.285114e+001  2.500000e+000
      vertex -3.597198e+000  2.285114e+001  1.250000e+000
      vertex -3.350951e+000  2.264905e+001  1.250000e+000
    endloop
  endfacet
  facet normal -6.343961e-001 -7.730082e-001  0.000000e+000
    outer loop
      vertex -3.597198e+000  2.285114e+001  2.500000e+000
      vertex -3.350951e+000  2.264905e+001  1.250000e+000
      vertex -3.350951e+000  2.264905e+001  2.500000e+000
    endloop
  endfacet
  facet normal -7.730099e-001 -6.343940e-001  -0.000000e+000
    outer loop
      vertex -3.350951e+000  2.264905e+001  2.500000e+000
      vertex -3.350951e+000  2.264905e+001  1.250000e+000
      vertex -3.148862e+000  2.240280e+001  1.250000e+000
    endloop
  endfacet
  facet normal -7.730099e-001 -6.343940e-001  0.000000e+000
    outer loop
      vertex -3.350951e+000  2.264905e+001  2.500000e+000
      vertex -3.148862e+000  2.240280e+001  1.250000e+000
      vertex -3.148862e+000  2.240280e+001  2.500000e+000
    endloop
  endfacet
  facet normal -8.819213e-001 -4.713965e-001  -0.000000e+000
    outer loop
      vertex -3.148862e+000  2.240280e+001  2.500000e+000
      vertex -3.148862e+000  2.240280e+001  1.250000e+000
      vertex -2.998696e+000  2.212186e+001  1.250000e+000
    endloop
  endfacet
  facet normal -8.819213e-001 -4.713965e-001  0.000000e+000
    outer loop
      vertex -3.148862e+000  2.240280e+001  2.500000e+000
      vertex -2.998696e+000  2.212186e+001  1.250000e+000
      vertex -2.998696e+000  2.212186e+001  2.500000e+000
    endloop
  endfacet
  facet normal -9.569402e-001 -2.902852e-001  -0.000000e+000
    outer loop
      vertex -2.998696e+000  2.212186e+001  2.500000e+000
      vertex -2.998696e+000  2.212186e+001  1.250000e+000
      vertex -2.906224e+000  2.181702e+001  1.250000e+000
    endloop
  endfacet
  facet normal -9.569402e-001 -2.902852e-001  0.000000e+000
    outer loop
      vertex -2.998696e+000  2.212186e+001  2.500000e+000
      vertex -2.906224e+000  2.181702e+001  1.250000e+000
      vertex -2.906224e+000  2.181702e+001  2.500000e+000
    endloop
  endfacet
  facet normal -9.951847e-001 -9.801726e-002  -0.000000e+000
    outer loop
      vertex -2.906224e+000  2.181702e+001  2.500000e+000
      vertex -2.906224e+000  2.181702e+001  1.250000e+000
      vertex -2.875000e+000  2.150000e+001  1.250000e+000
    endloop
  endfacet
  facet normal -9.951847e-001 -9.801726e-002  0.000000e+000
    outer loop
      vertex -2.906224e+000  2.181702e+001  2.500000e+000
      vertex -2.875000e+000  2.150000e+001  1.250000e+000
      vertex -2.875000e+000  2.150000e+001  2.500000e+000
    endloop
  endfacet
  facet normal  9.801518e-002 -9.951850e-001  0.000000e+000
    outer loop
      vertex -4.500000e+000  2.312500e+001  0.000000e+000
      vertex -4.817022e+000  2.309378e+001  1.250000e+000
      vertex -4.817022e+000  2.309378e+001  0.000000e+000
    endloop
  endfacet
  facet normal  2.902855e-001 -9.569401e-001  0.000000e+000
    outer loop
      vertex -4.817022e+000  2.309378e+001  0.000000e+000
      vertex -4.817022e+000  2.309378e+001  1.250000e+000
      vertex -5.121861e+000  2.300130e+001  1.250000e+000
    endloop
  endfacet
  facet normal  2.902855e-001 -9.569401e-001  0.000000e+000
    outer loop
      vertex -4.817022e+000  2.309378e+001  0.000000e+000
      vertex -5.121861e+000  2.300130e+001  1.250000e+000
      vertex -5.121861e+000  2.300130e+001  0.000000e+000
    endloop
  endfacet
  facet normal  4.713954e-001 -8.819219e-001  0.000000e+000
    outer loop
      vertex -5.121861e+000  2.300130e+001  0.000000e+000
      vertex -5.121861e+000  2.300130e+001  1.250000e+000
      vertex -5.402802e+000  2.285114e+001  1.250000e+000
    endloop
  endfacet
  facet normal  4.713954e-001 -8.819219e-001  0.000000e+000
    outer loop
      vertex -5.121861e+000  2.300130e+001  0.000000e+000
      vertex -5.402802e+000  2.285114e+001  1.250000e+000
      vertex -5.402802e+000  2.285114e+001  0.000000e+000
    endloop
  endfacet
  facet normal  6.343964e-001 -7.730079e-001  0.000000e+000
    outer loop
      vertex -5.402802e+000  2.285114e+001  0.000000e+000
      vertex -5.402802e+000  2.285114e+001  1.250000e+000
      vertex -5.649048e+000  2.264905e+001  1.250000e+000
    endloop
  endfacet
  facet normal  6.343964e-001 -7.730079e-001  0.000000e+000
    outer loop
      vertex -5.402802e+000  2.285114e+001  0.000000e+000
      vertex -5.649048e+000  2.264905e+001  1.250000e+000
      vertex -5.649048e+000  2.264905e+001  0.000000e+000
    endloop
  endfacet
  facet normal  7.730094e-001 -6.343945e-001  0.000000e+000
    outer loop
      vertex -5.649048e+000  2.264905e+001  0.000000e+000
      vertex -5.649048e+000  2.264905e+001  1.250000e+000
      vertex -5.851138e+000  2.240280e+001  1.250000e+000
    endloop
  endfacet
  facet normal  7.730094e-001 -6.343945e-001  0.000000e+000
    outer loop
      vertex -5.649048e+000  2.264905e+001  0.000000e+000
      vertex -5.851138e+000  2.240280e+001  1.250000e+000
      vertex -5.851138e+000  2.240280e+001  0.000000e+000
    endloop
  endfacet
  facet normal  8.819213e-001 -4.713965e-001  0.000000e+000
    outer loop
      vertex -5.851138e+000  2.240280e+001  0.000000e+000
      vertex -5.851138e+000  2.240280e+001  1.250000e+000
      vertex -6.001304e+000  2.212186e+001  1.250000e+000
    endloop
  endfacet
  facet normal  8.819213e-001 -4.713965e-001  0.000000e+000
    outer loop
      vertex -5.851138e+000  2.240280e+001  0.000000e+000
      vertex -6.001304e+000  2.212186e+001  1.250000e+000
      vertex -6.001304e+000  2.212186e+001  0.000000e+000
    endloop
  endfacet
  facet normal  9.569399e-001 -2.902859e-001  0.000000e+000
    outer loop
      vertex -6.001304e+000  2.212186e+001  0.000000e+000
      vertex -6.001304e+000  2.212186e+001  1.250000e+000
      vertex -6.093776e+000  2.181702e+001  1.250000e+000
    endloop
  endfacet
  facet normal  9.569399e-001 -2.902859e-001  0.000000e+000
    outer loop
      vertex -6.001304e+000  2.212186e+001  0.000000e+000
      vertex -6.093776e+000  2.181702e+001  1.250000e+000
      vertex -6.093776e+000  2.181702e+001  0.000000e+000
    endloop
  endfacet
  facet normal  9.951848e-001 -9.801652e-002  0.000000e+000
    outer loop
      vertex -6.093776e+000  2.181702e+001  0.000000e+000
      vertex -6.093776e+000  2.181702e+001  1.250000e+000
      vertex -6.125000e+000  2.150000e+001  1.250000e+000
    endloop
  endfacet
  facet normal  9.951848e-001 -9.801652e-002  0.000000e+000
    outer loop
      vertex -6.093776e+000  2.181702e+001  0.000000e+000
      vertex -6.125000e+000  2.150000e+001  1.250000e+000
      vertex -6.125000e+000  2.150000e+001  0.000000e+000
    endloop
  endfacet
  facet normal  9.801518e-002 -9.951850e-001  0.000000e+000
    outer loop
      vertex -4.817022e+000  2.309378e+001  1.250000e+000
      vertex -4.500000e+000  2.312500e+001  0.000000e+000
      vertex -4.500000e+000  2.312500e+001  1.250000e+000
    endloop
  endfacet
  facet normal -9.801518e-002 -9.951850e-001  -0.000000e+000
    outer loop
      vertex -4.500000e+000  2.312500e+001  1.250000e+000
      vertex -4.500000e+000  2.312500e+001  0.000000e+000
      vertex -4.182978e+000  2.309378e+001  0.000000e+000
    endloop
  endfacet
  facet normal -9.801518e-002 -9.951850e-001  0.000000e+000
    outer loop
      vertex -4.500000e+000  2.312500e+001  1.250000e+000
      vertex -4.182978e+000  2.309378e+001  0.000000e+000
      vertex -4.182978e+000  2.309378e+001  1.250000e+000
    endloop
  endfacet
  facet normal -2.902855e-001 -9.569401e-001  -0.000000e+000
    outer loop
      vertex -4.182978e+000  2.309378e+001  1.250000e+000
      vertex -4.182978e+000  2.309378e+001  0.000000e+000
      vertex -3.878139e+000  2.300130e+001  0.000000e+000
    endloop
  endfacet
  facet normal -2.902855e-001 -9.569401e-001  0.000000e+000
    outer loop
      vertex -4.182978e+000  2.309378e+001  1.250000e+000
      vertex -3.878139e+000  2.300130e+001  0.000000e+000
      vertex -3.878139e+000  2.300130e+001  1.250000e+000
    endloop
  endfacet
  facet normal -4.713954e-001 -8.819219e-001  -0.000000e+000
    outer loop
      vertex -3.878139e+000  2.300130e+001  1.250000e+000
      vertex -3.878139e+000  2.300130e+001  0.000000e+000
      vertex -3.597198e+000  2.285114e+001  0.000000e+000
    endloop
  endfacet
  facet normal -4.713954e-001 -8.819219e-001  0.000000e+000
    outer loop
      vertex -3.878139e+000  2.300130e+001  1.250000e+000
      vertex -3.597198e+000  2.285114e+001  0.000000e+000
      vertex -3.597198e+000  2.285114e+001  1.250000e+000
    endloop
  endfacet
  facet normal -6.343961e-001 -7.730082e-001  -0.000000e+000
    outer loop
      vertex -3.597198e+000  2.285114e+001  1.250000e+000
      vertex -3.597198e+000  2.285114e+001  0.000000e+000
      vertex -3.350951e+000  2.264905e+001  0.000000e+000
    endloop
  endfacet
  facet normal -6.343961e-001 -7.730082e-001  0.000000e+000
    outer loop
      vertex -3.597198e+000  2.285114e+001  1.250000e+000
      vertex -3.350951e+000  2.264905e+001  0.000000e+000
      vertex -3.350951e+000  2.264905e+001  1.250000e+000
    endloop
  endfacet
  facet normal -7.730099e-001 -6.343940e-001  -0.000000e+000
    outer loop
      vertex -3.350951e+000  2.264905e+001  1.250000e+000
      vertex -3.350951e+000  2.264905e+001  0.000000e+000
      vertex -3.148862e+000  2.240280e+001  0.000000e+000
    endloop
  endfacet
  facet normal -7.730099e-001 -6.343940e-001  0.000000e+000
    outer loop
      vertex -3.350951e+000  2.264905e+001  1.250000e+000
      vertex -3.148862e+000  2.240280e+001  0.000000e+000
      vertex -3.148862e+000  2.240280e+001  1.250000e+000
    endloop
  endfacet
  facet normal -8.819213e-001 -4.713965e-001  -0.000000e+000
    outer loop
      vertex -3.148862e+000  2.240280e+001  1.250000e+000
      vertex -3.148862e+000  2.240280e+001  0.000000e+000
      vertex -2.998696e+000  2.212186e+001  0.000000e+000
    endloop
  endfacet
  facet normal -8.819213e-001 -4.713965e-001  0.000000e+000
    outer loop
      vertex -3.148862e+000  2.240280e+001  1.250000e+000
      vertex -2.998696e+000  2.212186e+001  0.000000e+000
      vertex -2.998696e+000  2.212186e+001  1.250000e+000
    endloop
  endfacet
  facet normal -9.569402e-001 -2.902852e-001  -0.000000e+000
    outer loop
      vertex -2.998696e+000  2.212186e+001  1.250000e+000
      vertex -2.998696e+000  2.212186e+001  0.000000e+000
      vertex -2.906224e+000  2.181702e+001  0.000000e+000
    endloop
  endfacet
  facet normal -9.569402e-001 -2.902852e-001  0.000000e+000
    outer loop
      vertex -2.998696e+000  2.212186e+001  1.250000e+000
      vertex -2.906224e+000  2.181702e+001  0.000000e+000
      vertex -2.906224e+000  2.181702e+001  1.250000e+000
    endloop
  endfacet
  facet normal -9.951847e-001 -9.801726e-002  -0.000000e+000
    outer loop
      vertex -2.906224e+000  2.181702e+001  1.250000e+000
      vertex -2.906224e+000  2.181702e+001  0.000000e+000
      vertex -2.875000e+000  2.150000e+001  0.000000e+000
    endloop
  endfacet
  facet normal -9.951847e-001 -9.801726e-002  0.000000e+000
    outer loop
      vertex -2.906224e+000  2.181702e+001  1.250000e+000
      vertex -2.875000e+000  2.150000e+001  0.000000e+000
      vertex -2.875000e+000  2.150000e+001  1.250000e+000
    endloop
  endfacet
  facet normal -9.801518e-002  9.951850e-001  0.000000e+000
    outer loop
      vertex -4.500000e+000  1.987500e+001  1.250000e+000
      vertex -4.182978e+000  1.990622e+001  2.500000e+000
      vertex -4.182978e+000  1.990622e+001  1.250000e+000
    endloop
  endfacet
  facet normal -2.902855e-001  9.569401e-001  0.000000e+000
    outer loop
      vertex -4.182978e+000  1.990622e+001  1.250000e+000
      vertex -4.182978e+000  1.990622e+001  2.500000e+000
      vertex -3.878139e+000  1.999870e+001  2.500000e+000
    endloop
  endfacet
  facet normal -2.902855e-001  9.569401e-001  0.000000e+000
    outer loop
      vertex -4.182978e+000  1.990622e+001  1.250000e+000
      vertex -3.878139e+000  1.999870e+001  2.500000e+000
      vertex -3.878139e+000  1.999870e+001  1.250000e+000
    endloop
  endfacet
  facet normal -4.713954e-001  8.819219e-001  0.000000e+000
    outer loop
      vertex -3.878139e+000  1.999870e+001  1.250000e+000
      vertex -3.878139e+000  1.999870e+001  2.500000e+000
      vertex -3.597198e+000  2.014886e+001  2.500000e+000
    endloop
  endfacet
  facet normal -4.713954e-001  8.819219e-001  0.000000e+000
    outer loop
      vertex -3.878139e+000  1.999870e+001  1.250000e+000
      vertex -3.597198e+000  2.014886e+001  2.500000e+000
      vertex -3.597198e+000  2.014886e+001  1.250000e+000
    endloop
  endfacet
  facet normal -6.343961e-001  7.730082e-001  0.000000e+000
    outer loop
      vertex -3.597198e+000  2.014886e+001  1.250000e+000
      vertex -3.597198e+000  2.014886e+001  2.500000e+000
      vertex -3.350951e+000  2.035095e+001  2.500000e+000
    endloop
  endfacet
  facet normal -6.343961e-001  7.730082e-001  0.000000e+000
    outer loop
      vertex -3.597198e+000  2.014886e+001  1.250000e+000
      vertex -3.350951e+000  2.035095e+001  2.500000e+000
      vertex -3.350951e+000  2.035095e+001  1.250000e+000
    endloop
  endfacet
  facet normal -7.730099e-001  6.343940e-001  0.000000e+000
    outer loop
      vertex -3.350951e+000  2.035095e+001  1.250000e+000
      vertex -3.350951e+000  2.035095e+001  2.500000e+000
      vertex -3.148862e+000  2.059720e+001  2.500000e+000
    endloop
  endfacet
  facet normal -7.730099e-001  6.343940e-001  0.000000e+000
    outer loop
      vertex -3.350951e+000  2.035095e+001  1.250000e+000
      vertex -3.148862e+000  2.059720e+001  2.500000e+000
      vertex -3.148862e+000  2.059720e+001  1.250000e+000
    endloop
  endfacet
  facet normal -8.819213e-001  4.713965e-001  0.000000e+000
    outer loop
      vertex -3.148862e+000  2.059720e+001  1.250000e+000
      vertex -3.148862e+000  2.059720e+001  2.500000e+000
      vertex -2.998696e+000  2.087814e+001  2.500000e+000
    endloop
  endfacet
  facet normal -8.819213e-001  4.713965e-001  0.000000e+000
    outer loop
      vertex -3.148862e+000  2.059720e+001  1.250000e+000
      vertex -2.998696e+000  2.087814e+001  2.500000e+000
      vertex -2.998696e+000  2.087814e+001  1.250000e+000
    endloop
  endfacet
  facet normal -9.569402e-001  2.902852e-001  0.000000e+000
    outer loop
      vertex -2.998696e+000  2.087814e+001  1.250000e+000
      vertex -2.998696e+000  2.087814e+001  2.500000e+000
      vertex -2.906224e+000  2.118298e+001  2.500000e+000
    endloop
  endfacet
  facet normal -9.569402e-001  2.902852e-001  0.000000e+000
    outer loop
      vertex -2.998696e+000  2.087814e+001  1.250000e+000
      vertex -2.906224e+000  2.118298e+001  2.500000e+000
      vertex -2.906224e+000  2.118298e+001  1.250000e+000
    endloop
  endfacet
  facet normal -9.951847e-001  9.801726e-002  0.000000e+000
    outer loop
      vertex -2.906224e+000  2.118298e+001  1.250000e+000
      vertex -2.906224e+000  2.118298e+001  2.500000e+000
      vertex -2.875000e+000  2.150000e+001  2.500000e+000
    endloop
  endfacet
  facet normal -9.951847e-001  9.801726e-002  0.000000e+000
    outer loop
      vertex -2.906224e+000  2.118298e+001  1.250000e+000
      vertex -2.875000e+000  2.150000e+001  2.500000e+000
      vertex -2.875000e+000  2.150000e+001  1.250000e+000
    endloop
  endfacet
  facet normal -9.801518e-002  9.951850e-001  0.000000e+000
    outer loop
      vertex -4.182978e+000  1.990622e+001  2.500000e+000
      vertex -4.500000e+000  1.987500e+001  1.250000e+000
      vertex -4.500000e+000  1.987500e+001  2.500000e+000
    endloop
  endfacet
  facet normal  9.801518e-002  9.951850e-001  0.000000e+000
    outer loop
      vertex -4.500000e+000  1.987500e+001  2.500000e+000
      vertex -4.500000e+000  1.987500e+001  1.250000e+000
      vertex -4.817022e+000  1.990622e+001  1.250000e+000
    endloop
  endfacet
  facet normal  9.801518e-002  9.951850e-001  -0.000000e+000
    outer loop
      vertex -4.500000e+000  1.987500e+001  2.500000e+000
      vertex -4.817022e+000  1.990622e+001  1.250000e+000
      vertex -4.817022e+000  1.990622e+001  2.500000e+000
    endloop
  endfacet
  facet normal  2.902855e-001  9.569401e-001  0.000000e+000
    outer loop
      vertex -4.817022e+000  1.990622e+001  2.500000e+000
      vertex -4.817022e+000  1.990622e+001  1.250000e+000
      vertex -5.121861e+000  1.999870e+001  1.250000e+000
    endloop
  endfacet
  facet normal  2.902855e-001  9.569401e-001  -0.000000e+000
    outer loop
      vertex -4.817022e+000  1.990622e+001  2.500000e+000
      vertex -5.121861e+000  1.999870e+001  1.250000e+000
      vertex -5.121861e+000  1.999870e+001  2.500000e+000
    endloop
  endfacet
  facet normal  4.713954e-001  8.819219e-001  0.000000e+000
    outer loop
      vertex -5.121861e+000  1.999870e+001  2.500000e+000
      vertex -5.121861e+000  1.999870e+001  1.250000e+000
      vertex -5.402802e+000  2.014886e+001  1.250000e+000
    endloop
  endfacet
  facet normal  4.713954e-001  8.819219e-001  -0.000000e+000
    outer loop
      vertex -5.121861e+000  1.999870e+001  2.500000e+000
      vertex -5.402802e+000  2.014886e+001  1.250000e+000
      vertex -5.402802e+000  2.014886e+001  2.500000e+000
    endloop
  endfacet
  facet normal  6.343964e-001  7.730079e-001  0.000000e+000
    outer loop
      vertex -5.402802e+000  2.014886e+001  2.500000e+000
      vertex -5.402802e+000  2.014886e+001  1.250000e+000
      vertex -5.649048e+000  2.035095e+001  1.250000e+000
    endloop
  endfacet
  facet normal  6.343964e-001  7.730079e-001  -0.000000e+000
    outer loop
      vertex -5.402802e+000  2.014886e+001  2.500000e+000
      vertex -5.649048e+000  2.035095e+001  1.250000e+000
      vertex -5.649048e+000  2.035095e+001  2.500000e+000
    endloop
  endfacet
  facet normal  7.730094e-001  6.343945e-001  0.000000e+000
    outer loop
      vertex -5.649048e+000  2.035095e+001  2.500000e+000
      vertex -5.649048e+000  2.035095e+001  1.250000e+000
      vertex -5.851138e+000  2.059720e+001  1.250000e+000
    endloop
  endfacet
  facet normal  7.730094e-001  6.343945e-001  -0.000000e+000
    outer loop
      vertex -5.649048e+000  2.035095e+001  2.500000e+000
      vertex -5.851138e+000  2.059720e+001  1.250000e+000
      vertex -5.851138e+000  2.059720e+001  2.500000e+000
    endloop
  endfacet
  facet normal  8.819213e-001  4.713965e-001  0.000000e+000
    outer loop
      vertex -5.851138e+000  2.059720e+001  2.500000e+000
      vertex -5.851138e+000  2.059720e+001  1.250000e+000
      vertex -6.001304e+000  2.087814e+001  1.250000e+000
    endloop
  endfacet
  facet normal  8.819213e-001  4.713965e-001  -0.000000e+000
    outer loop
      vertex -5.851138e+000  2.059720e+001  2.500000e+000
      vertex -6.001304e+000  2.087814e+001  1.250000e+000
      vertex -6.001304e+000  2.087814e+001  2.500000e+000
    endloop
  endfacet
  facet normal  9.569399e-001  2.902859e-001  0.000000e+000
    outer loop
      vertex -6.001304e+000  2.087814e+001  2.500000e+000
      vertex -6.001304e+000  2.087814e+001  1.250000e+000
      vertex -6.093776e+000  2.118298e+001  1.250000e+000
    endloop
  endfacet
  facet normal  9.569399e-001  2.902859e-001  -0.000000e+000
    outer loop
      vertex -6.001304e+000  2.087814e+001  2.500000e+000
      vertex -6.093776e+000  2.118298e+001  1.250000e+000
      vertex -6.093776e+000  2.118298e+001  2.500000e+000
    endloop
  endfacet
  facet normal  9.951848e-001  9.801652e-002  0.000000e+000
    outer loop
      vertex -6.093776e+000  2.118298e+001  2.500000e+000
      vertex -6.093776e+000  2.118298e+001  1.250000e+000
      vertex -6.125000e+000  2.150000e+001  1.250000e+000
    endloop
  endfacet
  facet normal  9.951848e-001  9.801652e-002  -0.000000e+000
    outer loop
      vertex -6.093776e+000  2.118298e+001  2.500000e+000
      vertex -6.125000e+000  2.150000e+001  1.250000e+000
      vertex -6.125000e+000  2.150000e+001  2.500000e+000
    endloop
  endfacet
  facet normal -9.801518e-002  9.951850e-001  0.000000e+000
    outer loop
      vertex -4.500000e+000  1.987500e+001  0.000000e+000
      vertex -4.182978e+000  1.990622e+001  1.250000e+000
      vertex -4.182978e+000  1.990622e+001  0.000000e+000
    endloop
  endfacet
  facet normal -2.902855e-001  9.569401e-001  0.000000e+000
    outer loop
      vertex -4.182978e+000  1.990622e+001  0.000000e+000
      vertex -4.182978e+000  1.990622e+001  1.250000e+000
      vertex -3.878139e+000  1.999870e+001  1.250000e+000
    endloop
  endfacet
  facet normal -2.902855e-001  9.569401e-001  0.000000e+000
    outer loop
      vertex -4.182978e+000  1.990622e+001  0.000000e+000
      vertex -3.878139e+000  1.999870e+001  1.250000e+000
      vertex -3.878139e+000  1.999870e+001  0.000000e+000
    endloop
  endfacet
  facet normal -4.713954e-001  8.819219e-001  0.000000e+000
    outer loop
      vertex -3.878139e+000  1.999870e+001  0.000000e+000
      vertex -3.878139e+000  1.999870e+001  1.250000e+000
      vertex -3.597198e+000  2.014886e+001  1.250000e+000
    endloop
  endfacet
  facet normal -4.713954e-001  8.819219e-001  0.000000e+000
    outer loop
      vertex -3.878139e+000  1.999870e+001  0.000000e+000
      vertex -3.597198e+000  2.014886e+001  1.250000e+000
      vertex -3.597198e+000  2.014886e+001  0.000000e+000
    endloop
  endfacet
  facet normal -6.343961e-001  7.730082e-001  0.000000e+000
    outer loop
      vertex -3.597198e+000  2.014886e+001  0.000000e+000
      vertex -3.597198e+000  2.014886e+001  1.250000e+000
      vertex -3.350951e+000  2.035095e+001  1.250000e+000
    endloop
  endfacet
  facet normal -6.343961e-001  7.730082e-001  0.000000e+000
    outer loop
      vertex -3.597198e+000  2.014886e+001  0.000000e+000
      vertex -3.350951e+000  2.035095e+001  1.250000e+000
      vertex -3.350951e+000  2.035095e+001  0.000000e+000
    endloop
  endfacet
  facet normal -7.730099e-001  6.343940e-001  0.000000e+000
    outer loop
      vertex -3.350951e+000  2.035095e+001  0.000000e+000
      vertex -3.350951e+000  2.035095e+001  1.250000e+000
      vertex -3.148862e+000  2.059720e+001  1.250000e+000
    endloop
  endfacet
  facet normal -7.730099e-001  6.343940e-001  0.000000e+000
    outer loop
      vertex -3.350951e+000  2.035095e+001  0.000000e+000
      vertex -3.148862e+000  2.059720e+001  1.250000e+000
      vertex -3.148862e+000  2.059720e+001  0.000000e+000
    endloop
  endfacet
  facet normal -8.819213e-001  4.713965e-001  0.000000e+000
    outer loop
      vertex -3.148862e+000  2.059720e+001  0.000000e+000
      vertex -3.148862e+000  2.059720e+001  1.250000e+000
      vertex -2.998696e+000  2.087814e+001  1.250000e+000
    endloop
  endfacet
  facet normal -8.819213e-001  4.713965e-001  0.000000e+000
    outer loop
      vertex -3.148862e+000  2.059720e+001  0.000000e+000
      vertex -2.998696e+000  2.087814e+001  1.250000e+000
      vertex -2.998696e+000  2.087814e+001  0.000000e+000
    endloop
  endfacet
  facet normal -9.569402e-001  2.902852e-001  0.000000e+000
    outer loop
      vertex -2.998696e+000  2.087814e+001  0.000000e+000
      vertex -2.998696e+000  2.087814e+001  1.250000e+000
      vertex -2.906224e+000  2.118298e+001  1.250000e+000
    endloop
  endfacet
  facet normal -9.569402e-001  2.902852e-001  0.000000e+000
    outer loop
      vertex -2.998696e+000  2.087814e+001  0.000000e+000
      vertex -2.906224e+000  2.118298e+001  1.250000e+000
      vertex -2.906224e+000  2.118298e+001  0.000000e+000
    endloop
  endfacet
  facet normal -9.951847e-001  9.801726e-002  0.000000e+000
    outer loop
      vertex -2.906224e+000  2.118298e+001  0.000000e+000
      vertex -2.906224e+000  2.118298e+001  1.250000e+000
      vertex -2.875000e+000  2.150000e+001  1.250000e+000
    endloop
  endfacet
  facet normal -9.951847e-001  9.801726e-002  0.000000e+000
    outer loop
      vertex -2.906224e+000  2.118298e+001  0.000000e+000
      vertex -2.875000e+000  2.150000e+001  1.250000e+000
      vertex -2.875000e+000  2.150000e+001  0.000000e+000
    endloop
  endfacet
  facet normal -9.801518e-002  9.951850e-001  0.000000e+000
    outer loop
      vertex -4.182978e+000  1.990622e+001  1.250000e+000
      vertex -4.500000e+000  1.987500e+001  0.000000e+000
      vertex -4.500000e+000  1.987500e+001  1.250000e+000
    endloop
  endfacet
  facet normal  9.801518e-002  9.951850e-001  0.000000e+000
    outer loop
      vertex -4.500000e+000  1.987500e+001  1.250000e+000
      vertex -4.500000e+000  1.987500e+001  0.000000e+000
      vertex -4.817022e+000  1.990622e+001  0.000000e+000
    endloop
  endfacet
  facet normal  9.801518e-002  9.951850e-001  -0.000000e+000
    outer loop
      vertex -4.500000e+000  1.987500e+001  1.250000e+000
      vertex -4.817022e+000  1.990622e+001  0.000000e+000
      vertex -4.817022e+000  1.990622e+001  1.250000e+000
    endloop
  endfacet
  facet normal  2.902855e-001  9.569401e-001  0.000000e+000
    outer loop
      vertex -4.817022e+000  1.990622e+001  1.250000e+000
      vertex -4.817022e+000  1.990622e+001  0.000000e+000
      vertex -5.121861e+000  1.999870e+001  0.000000e+000
    endloop
  endfacet
  facet normal  2.902855e-001  9.569401e-001  -0.000000e+000
    outer loop
      vertex -4.817022e+000  1.990622e+001  1.250000e+000
      vertex -5.121861e+000  1.999870e+001  0.000000e+000
      vertex -5.121861e+000  1.999870e+001  1.250000e+000
    endloop
  endfacet
  facet normal  4.713954e-001  8.819219e-001  0.000000e+000
    outer loop
      vertex -5.121861e+000  1.999870e+001  1.250000e+000
      vertex -5.121861e+000  1.999870e+001  0.000000e+000
      vertex -5.402802e+000  2.014886e+001  0.000000e+000
    endloop
  endfacet
  facet normal  4.713954e-001  8.819219e-001  -0.000000e+000
    outer loop
      vertex -5.121861e+000  1.999870e+001  1.250000e+000
      vertex -5.402802e+000  2.014886e+001  0.000000e+000
      vertex -5.402802e+000  2.014886e+001  1.250000e+000
    endloop
  endfacet
  facet normal  6.343964e-001  7.730079e-001  0.000000e+000
    outer loop
      vertex -5.402802e+000  2.014886e+001  1.250000e+000
      vertex -5.402802e+000  2.014886e+001  0.000000e+000
      vertex -5.649048e+000  2.035095e+001  0.000000e+000
    endloop
  endfacet
  facet normal  6.343964e-001  7.730079e-001  -0.000000e+000
    outer loop
      vertex -5.402802e+000  2.014886e+001  1.250000e+000
      vertex -5.649048e+000  2.035095e+001  0.000000e+000
      vertex -5.649048e+000  2.035095e+001  1.250000e+000
    endloop
  endfacet
  facet normal  7.730094e-001  6.343945e-001  0.000000e+000
    outer loop
      vertex -5.649048e+000  2.035095e+001  1.250000e+000
      vertex -5.649048e+000  2.035095e+001  0.000000e+000
      vertex -5.851138e+000  2.059720e+001  0.000000e+000
    endloop
  endfacet
  facet normal  7.730094e-001  6.343945e-001  -0.000000e+000
    outer loop
      vertex -5.649048e+000  2.035095e+001  1.250000e+000
      vertex -5.851138e+000  2.059720e+001  0.000000e+000
      vertex -5.851138e+000  2.059720e+001  1.250000e+000
    endloop
  endfacet
  facet normal  8.819213e-001  4.713965e-001  0.000000e+000
    outer loop
      vertex -5.851138e+000  2.059720e+001  1.250000e+000
      vertex -5.851138e+000  2.059720e+001  0.000000e+000
      vertex -6.001304e+000  2.087814e+001  0.000000e+000
    endloop
  endfacet
  facet normal  8.819213e-001  4.713965e-001  -0.000000e+000
    outer loop
      vertex -5.851138e+000  2.059720e+001  1.250000e+000
      vertex -6.001304e+000  2.087814e+001  0.000000e+000
      vertex -6.001304e+000  2.087814e+001  1.250000e+000
    endloop
  endfacet
  facet normal  9.569399e-001  2.902859e-001  0.000000e+000
    outer loop
      vertex -6.001304e+000  2.087814e+001  1.250000e+000
      vertex -6.001304e+000  2.087814e+001  0.000000e+000
      vertex -6.093776e+000  2.118298e+001  0.000000e+000
    endloop
  endfacet
  facet normal  9.569399e-001  2.902859e-001  -0.000000e+000
    outer loop
      vertex -6.001304e+000  2.087814e+001  1.250000e+000
      vertex -6.093776e+000  2.118298e+001  0.000000e+000
      vertex -6.093776e+000  2.118298e+001  1.250000e+000
    endloop
  endfacet
  facet normal  9.951848e-001  9.801652e-002  0.000000e+000
    outer loop
      vertex -6.093776e+000  2.118298e+001  1.250000e+000
      vertex -6.093776e+000  2.118298e+001  0.000000e+000
      vertex -6.125000e+000  2.150000e+001  0.000000e+000
    endloop
  endfacet
  facet normal  9.951848e-001  9.801652e-002  -0.000000e+000
    outer loop
      vertex -6.093776e+000  2.118298e+001  1.250000e+000
      vertex -6.125000e+000  2.150000e+001  0.000000e+000
      vertex -6.125000e+000  2.150000e+001  1.250000e+000
    endloop
  endfacet
  facet normal  9.999988e-001 -1.557840e-003  0.000000e+000
    outer loop
      vertex  2.575000e+001  2.143061e-016  2.500000e+000
      vertex  2.575000e+001  2.143061e-016  1.250000e+000
      vertex  2.575001e+001  4.897412e-003  2.500000e+000
    endloop
  endfacet
  facet normal  9.951845e-001 -9.801944e-002  3.779592e-004
    outer loop
      vertex  2.578363e+001  3.414081e-001  1.250000e+000
      vertex  2.575001e+001  4.897412e-003  2.500000e+000
      vertex  2.575000e+001  2.143061e-016  1.250000e+000
    endloop
  endfacet
  facet normal  9.950466e-001 -9.940963e-002  0.000000e+000
    outer loop
      vertex  2.578363e+001  3.414081e-001  2.500000e+000
      vertex  2.575001e+001  4.897412e-003  2.500000e+000
      vertex  2.578363e+001  3.414081e-001  1.250000e+000
    endloop
  endfacet
  facet normal -9.950466e-001 -9.940963e-002  0.000000e+000
    outer loop
      vertex  2.921637e+001  3.414081e-001  2.500000e+000
      vertex  2.921637e+001  3.414081e-001  1.250000e+000
      vertex  2.924999e+001  4.897412e-003  2.500000e+000
    endloop
  endfacet
  facet normal -9.951845e-001 -9.801944e-002  3.779592e-004
    outer loop
      vertex  2.925000e+001  0.000000e+000  1.250000e+000
      vertex  2.924999e+001  4.897412e-003  2.500000e+000
      vertex  2.921637e+001  3.414081e-001  1.250000e+000
    endloop
  endfacet
  facet normal -9.999988e-001 -1.557840e-003  0.000000e+000
    outer loop
      vertex  2.925000e+001  0.000000e+000  2.500000e+000
      vertex  2.924999e+001  4.897412e-003  2.500000e+000
      vertex  2.925000e+001  0.000000e+000  1.250000e+000
    endloop
  endfacet
  facet normal -9.999988e-001 -1.557840e-003  0.000000e+000
    outer loop
      vertex  2.925000e+001  0.000000e+000  1.250000e+000
      vertex  2.924999e+001  4.897412e-003  0.000000e+000
      vertex  2.925000e+001  0.000000e+000  0.000000e+000
    endloop
  endfacet
  facet normal  9.801712e-002 -9.951847e-001  0.000000e+000
    outer loop
      vertex  2.750000e+001  1.750000e+000  1.250000e+000
      vertex  2.715859e+001  1.716374e+000  2.500000e+000
      vertex  2.715859e+001  1.716374e+000  1.250000e+000
    endloop
  endfacet
  facet normal  2.902838e-001 -9.569406e-001  0.000000e+000
    outer loop
      vertex  2.715859e+001  1.716374e+000  1.250000e+000
      vertex  2.715859e+001  1.716374e+000  2.500000e+000
      vertex  2.683030e+001  1.616789e+000  2.500000e+000
    endloop
  endfacet
  facet normal  2.902838e-001 -9.569406e-001  0.000000e+000
    outer loop
      vertex  2.715859e+001  1.716374e+000  1.250000e+000
      vertex  2.683030e+001  1.616789e+000  2.500000e+000
      vertex  2.683030e+001  1.616789e+000  1.250000e+000
    endloop
  endfacet
  facet normal  4.713976e-001 -8.819208e-001  0.000000e+000
    outer loop
      vertex  2.683030e+001  1.616789e+000  1.250000e+000
      vertex  2.683030e+001  1.616789e+000  2.500000e+000
      vertex  2.652775e+001  1.455072e+000  2.500000e+000
    endloop
  endfacet
  facet normal  4.713976e-001 -8.819208e-001  0.000000e+000
    outer loop
      vertex  2.683030e+001  1.616789e+000  1.250000e+000
      vertex  2.652775e+001  1.455072e+000  2.500000e+000
      vertex  2.652775e+001  1.455072e+000  1.250000e+000
    endloop
  endfacet
  facet normal  6.343942e-001 -7.730096e-001  0.000000e+000
    outer loop
      vertex  2.652775e+001  1.455072e+000  1.250000e+000
      vertex  2.652775e+001  1.455072e+000  2.500000e+000
      vertex  2.626256e+001  1.237437e+000  2.500000e+000
    endloop
  endfacet
  facet normal  6.343942e-001 -7.730096e-001  0.000000e+000
    outer loop
      vertex  2.652775e+001  1.455072e+000  1.250000e+000
      vertex  2.626256e+001  1.237437e+000  2.500000e+000
      vertex  2.626256e+001  1.237437e+000  1.250000e+000
    endloop
  endfacet
  facet normal  7.730088e-001 -6.343952e-001  0.000000e+000
    outer loop
      vertex  2.626256e+001  1.237437e+000  1.250000e+000
      vertex  2.626256e+001  1.237437e+000  2.500000e+000
      vertex  2.604493e+001  9.722479e-001  2.500000e+000
    endloop
  endfacet
  facet normal  7.730088e-001 -6.343952e-001  0.000000e+000
    outer loop
      vertex  2.626256e+001  1.237437e+000  1.250000e+000
      vertex  2.604493e+001  9.722479e-001  2.500000e+000
      vertex  2.604493e+001  9.722479e-001  1.250000e+000
    endloop
  endfacet
  facet normal  8.819223e-001 -4.713947e-001  0.000000e+000
    outer loop
      vertex  2.604493e+001  9.722479e-001  1.250000e+000
      vertex  2.604493e+001  9.722479e-001  2.500000e+000
      vertex  2.588321e+001  6.696960e-001  2.500000e+000
    endloop
  endfacet
  facet normal  8.819223e-001 -4.713947e-001  0.000000e+000
    outer loop
      vertex  2.604493e+001  9.722479e-001  1.250000e+000
      vertex  2.588321e+001  6.696960e-001  2.500000e+000
      vertex  2.588321e+001  6.696960e-001  1.250000e+000
    endloop
  endfacet
  facet normal  9.569407e-001 -2.902834e-001  0.000000e+000
    outer loop
      vertex  2.588321e+001  6.696960e-001  1.250000e+000
      vertex  2.588321e+001  6.696960e-001  2.500000e+000
      vertex  2.578363e+001  3.414081e-001  2.500000e+000
    endloop
  endfacet
  facet normal  9.569407e-001 -2.902834e-001  0.000000e+000
    outer loop
      vertex  2.588321e+001  6.696960e-001  1.250000e+000
      vertex  2.578363e+001  3.414081e-001  2.500000e+000
      vertex  2.578363e+001  3.414081e-001  1.250000e+000
    endloop
  endfacet
  facet normal  9.801712e-002 -9.951847e-001  0.000000e+000
    outer loop
      vertex  2.715859e+001  1.716374e+000  2.500000e+000
      vertex  2.750000e+001  1.750000e+000  1.250000e+000
      vertex  2.750000e+001  1.750000e+000  2.500000e+000
    endloop
  endfacet
  facet normal -9.801712e-002 -9.951847e-001  -0.000000e+000
    outer loop
      vertex  2.750000e+001  1.750000e+000  2.500000e+000
      vertex  2.750000e+001  1.750000e+000  1.250000e+000
      vertex  2.784141e+001  1.716374e+000  1.250000e+000
    endloop
  endfacet
  facet normal -9.801712e-002 -9.951847e-001  0.000000e+000
    outer loop
      vertex  2.750000e+001  1.750000e+000  2.500000e+000
      vertex  2.784141e+001  1.716374e+000  1.250000e+000
      vertex  2.784141e+001  1.716374e+000  2.500000e+000
    endloop
  endfacet
  facet normal -2.902838e-001 -9.569406e-001  -0.000000e+000
    outer loop
      vertex  2.784141e+001  1.716374e+000  2.500000e+000
      vertex  2.784141e+001  1.716374e+000  1.250000e+000
      vertex  2.816970e+001  1.616789e+000  1.250000e+000
    endloop
  endfacet
  facet normal -2.902838e-001 -9.569406e-001  0.000000e+000
    outer loop
      vertex  2.784141e+001  1.716374e+000  2.500000e+000
      vertex  2.816970e+001  1.616789e+000  1.250000e+000
      vertex  2.816970e+001  1.616789e+000  2.500000e+000
    endloop
  endfacet
  facet normal -4.713976e-001 -8.819208e-001  -0.000000e+000
    outer loop
      vertex  2.816970e+001  1.616789e+000  2.500000e+000
      vertex  2.816970e+001  1.616789e+000  1.250000e+000
      vertex  2.847225e+001  1.455072e+000  1.250000e+000
    endloop
  endfacet
  facet normal -4.713976e-001 -8.819208e-001  0.000000e+000
    outer loop
      vertex  2.816970e+001  1.616789e+000  2.500000e+000
      vertex  2.847225e+001  1.455072e+000  1.250000e+000
      vertex  2.847225e+001  1.455072e+000  2.500000e+000
    endloop
  endfacet
  facet normal -6.343942e-001 -7.730096e-001  -0.000000e+000
    outer loop
      vertex  2.847225e+001  1.455072e+000  2.500000e+000
      vertex  2.847225e+001  1.455072e+000  1.250000e+000
      vertex  2.873744e+001  1.237437e+000  1.250000e+000
    endloop
  endfacet
  facet normal -6.343942e-001 -7.730096e-001  0.000000e+000
    outer loop
      vertex  2.847225e+001  1.455072e+000  2.500000e+000
      vertex  2.873744e+001  1.237437e+000  1.250000e+000
      vertex  2.873744e+001  1.237437e+000  2.500000e+000
    endloop
  endfacet
  facet normal -7.730088e-001 -6.343952e-001  -0.000000e+000
    outer loop
      vertex  2.873744e+001  1.237437e+000  2.500000e+000
      vertex  2.873744e+001  1.237437e+000  1.250000e+000
      vertex  2.895507e+001  9.722479e-001  1.250000e+000
    endloop
  endfacet
  facet normal -7.730088e-001 -6.343952e-001  0.000000e+000
    outer loop
      vertex  2.873744e+001  1.237437e+000  2.500000e+000
      vertex  2.895507e+001  9.722479e-001  1.250000e+000
      vertex  2.895507e+001  9.722479e-001  2.500000e+000
    endloop
  endfacet
  facet normal -8.819223e-001 -4.713947e-001  -0.000000e+000
    outer loop
      vertex  2.895507e+001  9.722479e-001  2.500000e+000
      vertex  2.895507e+001  9.722479e-001  1.250000e+000
      vertex  2.911679e+001  6.696960e-001  1.250000e+000
    endloop
  endfacet
  facet normal -8.819223e-001 -4.713947e-001  0.000000e+000
    outer loop
      vertex  2.895507e+001  9.722479e-001  2.500000e+000
      vertex  2.911679e+001  6.696960e-001  1.250000e+000
      vertex  2.911679e+001  6.696960e-001  2.500000e+000
    endloop
  endfacet
  facet normal -9.569407e-001 -2.902834e-001  -0.000000e+000
    outer loop
      vertex  2.911679e+001  6.696960e-001  2.500000e+000
      vertex  2.911679e+001  6.696960e-001  1.250000e+000
      vertex  2.921637e+001  3.414081e-001  1.250000e+000
    endloop
  endfacet
  facet normal -9.569407e-001 -2.902834e-001  0.000000e+000
    outer loop
      vertex  2.911679e+001  6.696960e-001  2.500000e+000
      vertex  2.921637e+001  3.414081e-001  1.250000e+000
      vertex  2.921637e+001  3.414081e-001  2.500000e+000
    endloop
  endfacet
  facet normal  9.999988e-001 -1.557840e-003  0.000000e+000
    outer loop
      vertex  2.575000e+001  2.143061e-016  0.000000e+000
      vertex  2.575001e+001  4.897412e-003  0.000000e+000
      vertex  2.575000e+001  2.143061e-016  1.250000e+000
    endloop
  endfacet
  facet normal  9.950465e-001 -9.940962e-002 -3.834066e-004
    outer loop
      vertex  2.575000e+001  2.143061e-016  1.250000e+000
      vertex  2.575001e+001  4.897412e-003  0.000000e+000
      vertex  2.578363e+001  3.414081e-001  0.000000e+000
    endloop
  endfacet
  facet normal  9.951845e-001 -9.801944e-002  0.000000e+000
    outer loop
      vertex  2.575000e+001  2.143061e-016  1.250000e+000
      vertex  2.578363e+001  3.414081e-001  0.000000e+000
      vertex  2.578363e+001  3.414081e-001  1.250000e+000
    endloop
  endfacet
  facet normal  9.569407e-001 -2.902834e-001  0.000000e+000
    outer loop
      vertex  2.578363e+001  3.414081e-001  1.250000e+000
      vertex  2.578363e+001  3.414081e-001  0.000000e+000
      vertex  2.588321e+001  6.696960e-001  0.000000e+000
    endloop
  endfacet
  facet normal  9.569407e-001 -2.902834e-001  0.000000e+000
    outer loop
      vertex  2.578363e+001  3.414081e-001  1.250000e+000
      vertex  2.588321e+001  6.696960e-001  0.000000e+000
      vertex  2.588321e+001  6.696960e-001  1.250000e+000
    endloop
  endfacet
  facet normal  8.819223e-001 -4.713947e-001  0.000000e+000
    outer loop
      vertex  2.588321e+001  6.696960e-001  1.250000e+000
      vertex  2.588321e+001  6.696960e-001  0.000000e+000
      vertex  2.604493e+001  9.722479e-001  0.000000e+000
    endloop
  endfacet
  facet normal  8.819223e-001 -4.713947e-001  0.000000e+000
    outer loop
      vertex  2.588321e+001  6.696960e-001  1.250000e+000
      vertex  2.604493e+001  9.722479e-001  0.000000e+000
      vertex  2.604493e+001  9.722479e-001  1.250000e+000
    endloop
  endfacet
  facet normal  7.730088e-001 -6.343952e-001  0.000000e+000
    outer loop
      vertex  2.604493e+001  9.722479e-001  1.250000e+000
      vertex  2.604493e+001  9.722479e-001  0.000000e+000
      vertex  2.626256e+001  1.237437e+000  0.000000e+000
    endloop
  endfacet
  facet normal  7.730088e-001 -6.343952e-001  0.000000e+000
    outer loop
      vertex  2.604493e+001  9.722479e-001  1.250000e+000
      vertex  2.626256e+001  1.237437e+000  0.000000e+000
      vertex  2.626256e+001  1.237437e+000  1.250000e+000
    endloop
  endfacet
  facet normal  6.343942e-001 -7.730096e-001  0.000000e+000
    outer loop
      vertex  2.626256e+001  1.237437e+000  1.250000e+000
      vertex  2.626256e+001  1.237437e+000  0.000000e+000
      vertex  2.652775e+001  1.455072e+000  0.000000e+000
    endloop
  endfacet
  facet normal  6.343942e-001 -7.730096e-001  0.000000e+000
    outer loop
      vertex  2.626256e+001  1.237437e+000  1.250000e+000
      vertex  2.652775e+001  1.455072e+000  0.000000e+000
      vertex  2.652775e+001  1.455072e+000  1.250000e+000
    endloop
  endfacet
  facet normal  4.713976e-001 -8.819208e-001  0.000000e+000
    outer loop
      vertex  2.652775e+001  1.455072e+000  1.250000e+000
      vertex  2.652775e+001  1.455072e+000  0.000000e+000
      vertex  2.683030e+001  1.616789e+000  0.000000e+000
    endloop
  endfacet
  facet normal  4.713976e-001 -8.819208e-001  0.000000e+000
    outer loop
      vertex  2.652775e+001  1.455072e+000  1.250000e+000
      vertex  2.683030e+001  1.616789e+000  0.000000e+000
      vertex  2.683030e+001  1.616789e+000  1.250000e+000
    endloop
  endfacet
  facet normal  2.902838e-001 -9.569406e-001  0.000000e+000
    outer loop
      vertex  2.683030e+001  1.616789e+000  1.250000e+000
      vertex  2.683030e+001  1.616789e+000  0.000000e+000
      vertex  2.715859e+001  1.716374e+000  0.000000e+000
    endloop
  endfacet
  facet normal  2.902838e-001 -9.569406e-001  0.000000e+000
    outer loop
      vertex  2.683030e+001  1.616789e+000  1.250000e+000
      vertex  2.715859e+001  1.716374e+000  0.000000e+000
      vertex  2.715859e+001  1.716374e+000  1.250000e+000
    endloop
  endfacet
  facet normal  9.801712e-002 -9.951847e-001  0.000000e+000
    outer loop
      vertex  2.715859e+001  1.716374e+000  1.250000e+000
      vertex  2.715859e+001  1.716374e+000  0.000000e+000
      vertex  2.750000e+001  1.750000e+000  0.000000e+000
    endloop
  endfacet
  facet normal  9.801712e-002 -9.951847e-001  0.000000e+000
    outer loop
      vertex  2.715859e+001  1.716374e+000  1.250000e+000
      vertex  2.750000e+001  1.750000e+000  0.000000e+000
      vertex  2.750000e+001  1.750000e+000  1.250000e+000
    endloop
  endfacet
  facet normal -9.801712e-002 -9.951847e-001  -0.000000e+000
    outer loop
      vertex  2.750000e+001  1.750000e+000  1.250000e+000
      vertex  2.750000e+001  1.750000e+000  0.000000e+000
      vertex  2.784141e+001  1.716374e+000  0.000000e+000
    endloop
  endfacet
  facet normal -9.801712e-002 -9.951847e-001  0.000000e+000
    outer loop
      vertex  2.750000e+001  1.750000e+000  1.250000e+000
      vertex  2.784141e+001  1.716374e+000  0.000000e+000
      vertex  2.784141e+001  1.716374e+000  1.250000e+000
    endloop
  endfacet
  facet normal -2.902838e-001 -9.569406e-001  -0.000000e+000
    outer loop
      vertex  2.784141e+001  1.716374e+000  1.250000e+000
      vertex  2.784141e+001  1.716374e+000  0.000000e+000
      vertex  2.816970e+001  1.616789e+000  0.000000e+000
    endloop
  endfacet
  facet normal -2.902838e-001 -9.569406e-001  0.000000e+000
    outer loop
      vertex  2.784141e+001  1.716374e+000  1.250000e+000
      vertex  2.816970e+001  1.616789e+000  0.000000e+000
      vertex  2.816970e+001  1.616789e+000  1.250000e+000
    endloop
  endfacet
  facet normal -4.713976e-001 -8.819208e-001  -0.000000e+000
    outer loop
      vertex  2.816970e+001  1.616789e+000  1.250000e+000
      vertex  2.816970e+001  1.616789e+000  0.000000e+000
      vertex  2.847225e+001  1.455072e+000  0.000000e+000
    endloop
  endfacet
  facet normal -4.713976e-001 -8.819208e-001  0.000000e+000
    outer loop
      vertex  2.816970e+001  1.616789e+000  1.250000e+000
      vertex  2.847225e+001  1.455072e+000  0.000000e+000
      vertex  2.847225e+001  1.455072e+000  1.250000e+000
    endloop
  endfacet
  facet normal -6.343942e-001 -7.730096e-001  -0.000000e+000
    outer loop
      vertex  2.847225e+001  1.455072e+000  1.250000e+000
      vertex  2.847225e+001  1.455072e+000  0.000000e+000
      vertex  2.873744e+001  1.237437e+000  0.000000e+000
    endloop
  endfacet
  facet normal -6.343942e-001 -7.730096e-001  0.000000e+000
    outer loop
      vertex  2.847225e+001  1.455072e+000  1.250000e+000
      vertex  2.873744e+001  1.237437e+000  0.000000e+000
      vertex  2.873744e+001  1.237437e+000  1.250000e+000
    endloop
  endfacet
  facet normal -7.730088e-001 -6.343952e-001  -0.000000e+000
    outer loop
      vertex  2.873744e+001  1.237437e+000  1.250000e+000
      vertex  2.873744e+001  1.237437e+000  0.000000e+000
      vertex  2.895507e+001  9.722479e-001  0.000000e+000
    endloop
  endfacet
  facet normal -7.730088e-001 -6.343952e-001  0.000000e+000
    outer loop
      vertex  2.873744e+001  1.237437e+000  1.250000e+000
      vertex  2.895507e+001  9.722479e-001  0.000000e+000
      vertex  2.895507e+001  9.722479e-001  1.250000e+000
    endloop
  endfacet
  facet normal -8.819223e-001 -4.713947e-001  -0.000000e+000
    outer loop
      vertex  2.895507e+001  9.722479e-001  1.250000e+000
      vertex  2.895507e+001  9.722479e-001  0.000000e+000
      vertex  2.911679e+001  6.696960e-001  0.000000e+000
    endloop
  endfacet
  facet normal -8.819223e-001 -4.713947e-001  0.000000e+000
    outer loop
      vertex  2.895507e+001  9.722479e-001  1.250000e+000
      vertex  2.911679e+001  6.696960e-001  0.000000e+000
      vertex  2.911679e+001  6.696960e-001  1.250000e+000
    endloop
  endfacet
  facet normal -9.569407e-001 -2.902834e-001  -0.000000e+000
    outer loop
      vertex  2.911679e+001  6.696960e-001  1.250000e+000
      vertex  2.911679e+001  6.696960e-001  0.000000e+000
      vertex  2.921637e+001  3.414081e-001  0.000000e+000
    endloop
  endfacet
  facet normal -9.569407e-001 -2.902834e-001  0.000000e+000
    outer loop
      vertex  2.911679e+001  6.696960e-001  1.250000e+000
      vertex  2.921637e+001  3.414081e-001  0.000000e+000
      vertex  2.921637e+001  3.414081e-001  1.250000e+000
    endloop
  endfacet
  facet normal -9.950466e-001 -9.940963e-002  -0.000000e+000
    outer loop
      vertex  2.921637e+001  3.414081e-001  1.250000e+000
      vertex  2.921637e+001  3.414081e-001  0.000000e+000
      vertex  2.924999e+001  4.897412e-003  0.000000e+000
    endloop
  endfacet
  facet normal -9.951845e-001 -9.801944e-002 -3.779592e-004
    outer loop
      vertex  2.921637e+001  3.414081e-001  1.250000e+000
      vertex  2.924999e+001  4.897412e-003  0.000000e+000
      vertex  2.925000e+001  0.000000e+000  1.250000e+000
    endloop
  endfacet
  facet normal -9.801712e-002  9.951847e-001  0.000000e+000
    outer loop
      vertex  2.750000e+001 -1.750000e+000  1.250000e+000
      vertex  2.784141e+001 -1.716374e+000  2.500000e+000
      vertex  2.784141e+001 -1.716374e+000  1.250000e+000
    endloop
  endfacet
  facet normal -2.902838e-001  9.569406e-001  0.000000e+000
    outer loop
      vertex  2.784141e+001 -1.716374e+000  1.250000e+000
      vertex  2.784141e+001 -1.716374e+000  2.500000e+000
      vertex  2.816970e+001 -1.616789e+000  2.500000e+000
    endloop
  endfacet
  facet normal -2.902838e-001  9.569406e-001  0.000000e+000
    outer loop
      vertex  2.784141e+001 -1.716374e+000  1.250000e+000
      vertex  2.816970e+001 -1.616789e+000  2.500000e+000
      vertex  2.816970e+001 -1.616789e+000  1.250000e+000
    endloop
  endfacet
  facet normal -4.713976e-001  8.819208e-001  0.000000e+000
    outer loop
      vertex  2.816970e+001 -1.616789e+000  1.250000e+000
      vertex  2.816970e+001 -1.616789e+000  2.500000e+000
      vertex  2.847225e+001 -1.455072e+000  2.500000e+000
    endloop
  endfacet
  facet normal -4.713976e-001  8.819208e-001  0.000000e+000
    outer loop
      vertex  2.816970e+001 -1.616789e+000  1.250000e+000
      vertex  2.847225e+001 -1.455072e+000  2.500000e+000
      vertex  2.847225e+001 -1.455072e+000  1.250000e+000
    endloop
  endfacet
  facet normal -6.343942e-001  7.730096e-001  0.000000e+000
    outer loop
      vertex  2.847225e+001 -1.455072e+000  1.250000e+000
      vertex  2.847225e+001 -1.455072e+000  2.500000e+000
      vertex  2.873744e+001 -1.237437e+000  2.500000e+000
    endloop
  endfacet
  facet normal -6.343942e-001  7.730096e-001  0.000000e+000
    outer loop
      vertex  2.847225e+001 -1.455072e+000  1.250000e+000
      vertex  2.873744e+001 -1.237437e+000  2.500000e+000
      vertex  2.873744e+001 -1.237437e+000  1.250000e+000
    endloop
  endfacet
  facet normal -7.730088e-001  6.343952e-001  0.000000e+000
    outer loop
      vertex  2.873744e+001 -1.237437e+000  1.250000e+000
      vertex  2.873744e+001 -1.237437e+000  2.500000e+000
      vertex  2.895507e+001 -9.722479e-001  2.500000e+000
    endloop
  endfacet
  facet normal -7.730088e-001  6.343952e-001  0.000000e+000
    outer loop
      vertex  2.873744e+001 -1.237437e+000  1.250000e+000
      vertex  2.895507e+001 -9.722479e-001  2.500000e+000
      vertex  2.895507e+001 -9.722479e-001  1.250000e+000
    endloop
  endfacet
  facet normal -8.819223e-001  4.713947e-001  0.000000e+000
    outer loop
      vertex  2.895507e+001 -9.722479e-001  1.250000e+000
      vertex  2.895507e+001 -9.722479e-001  2.500000e+000
      vertex  2.911679e+001 -6.696960e-001  2.500000e+000
    endloop
  endfacet
  facet normal -8.819223e-001  4.713947e-001  0.000000e+000
    outer loop
      vertex  2.895507e+001 -9.722479e-001  1.250000e+000
      vertex  2.911679e+001 -6.696960e-001  2.500000e+000
      vertex  2.911679e+001 -6.696960e-001  1.250000e+000
    endloop
  endfacet
  facet normal -9.569407e-001  2.902834e-001  0.000000e+000
    outer loop
      vertex  2.911679e+001 -6.696960e-001  1.250000e+000
      vertex  2.911679e+001 -6.696960e-001  2.500000e+000
      vertex  2.921637e+001 -3.414081e-001  2.500000e+000
    endloop
  endfacet
  facet normal -9.569407e-001  2.902834e-001  0.000000e+000
    outer loop
      vertex  2.911679e+001 -6.696960e-001  1.250000e+000
      vertex  2.921637e+001 -3.414081e-001  2.500000e+000
      vertex  2.921637e+001 -3.414081e-001  1.250000e+000
    endloop
  endfacet
  facet normal -9.951845e-001  9.801944e-002  0.000000e+000
    outer loop
      vertex  2.921637e+001 -3.414081e-001  1.250000e+000
      vertex  2.921637e+001 -3.414081e-001  2.500000e+000
      vertex  2.925000e+001  0.000000e+000  2.500000e+000
    endloop
  endfacet
  facet normal -9.951845e-001  9.801944e-002  0.000000e+000
    outer loop
      vertex  2.921637e+001 -3.414081e-001  1.250000e+000
      vertex  2.925000e+001  0.000000e+000  2.500000e+000
      vertex  2.925000e+001  0.000000e+000  1.250000e+000
    endloop
  endfacet
  facet normal -9.801712e-002  9.951847e-001  0.000000e+000
    outer loop
      vertex  2.784141e+001 -1.716374e+000  2.500000e+000
      vertex  2.750000e+001 -1.750000e+000  1.250000e+000
      vertex  2.750000e+001 -1.750000e+000  2.500000e+000
    endloop
  endfacet
  facet normal  9.801712e-002  9.951847e-001  0.000000e+000
    outer loop
      vertex  2.750000e+001 -1.750000e+000  2.500000e+000
      vertex  2.750000e+001 -1.750000e+000  1.250000e+000
      vertex  2.715859e+001 -1.716374e+000  1.250000e+000
    endloop
  endfacet
  facet normal  9.801712e-002  9.951847e-001  -0.000000e+000
    outer loop
      vertex  2.750000e+001 -1.750000e+000  2.500000e+000
      vertex  2.715859e+001 -1.716374e+000  1.250000e+000
      vertex  2.715859e+001 -1.716374e+000  2.500000e+000
    endloop
  endfacet
  facet normal  2.902838e-001  9.569406e-001  0.000000e+000
    outer loop
      vertex  2.715859e+001 -1.716374e+000  2.500000e+000
      vertex  2.715859e+001 -1.716374e+000  1.250000e+000
      vertex  2.683030e+001 -1.616789e+000  1.250000e+000
    endloop
  endfacet
  facet normal  2.902838e-001  9.569406e-001  -0.000000e+000
    outer loop
      vertex  2.715859e+001 -1.716374e+000  2.500000e+000
      vertex  2.683030e+001 -1.616789e+000  1.250000e+000
      vertex  2.683030e+001 -1.616789e+000  2.500000e+000
    endloop
  endfacet
  facet normal  4.713976e-001  8.819208e-001  0.000000e+000
    outer loop
      vertex  2.683030e+001 -1.616789e+000  2.500000e+000
      vertex  2.683030e+001 -1.616789e+000  1.250000e+000
      vertex  2.652775e+001 -1.455072e+000  1.250000e+000
    endloop
  endfacet
  facet normal  4.713976e-001  8.819208e-001  -0.000000e+000
    outer loop
      vertex  2.683030e+001 -1.616789e+000  2.500000e+000
      vertex  2.652775e+001 -1.455072e+000  1.250000e+000
      vertex  2.652775e+001 -1.455072e+000  2.500000e+000
    endloop
  endfacet
  facet normal  6.343942e-001  7.730096e-001  0.000000e+000
    outer loop
      vertex  2.652775e+001 -1.455072e+000  2.500000e+000
      vertex  2.652775e+001 -1.455072e+000  1.250000e+000
      vertex  2.626256e+001 -1.237437e+000  1.250000e+000
    endloop
  endfacet
  facet normal  6.343942e-001  7.730096e-001  -0.000000e+000
    outer loop
      vertex  2.652775e+001 -1.455072e+000  2.500000e+000
      vertex  2.626256e+001 -1.237437e+000  1.250000e+000
      vertex  2.626256e+001 -1.237437e+000  2.500000e+000
    endloop
  endfacet
  facet normal  7.730088e-001  6.343952e-001  0.000000e+000
    outer loop
      vertex  2.626256e+001 -1.237437e+000  2.500000e+000
      vertex  2.626256e+001 -1.237437e+000  1.250000e+000
      vertex  2.604493e+001 -9.722479e-001  1.250000e+000
    endloop
  endfacet
  facet normal  7.730088e-001  6.343952e-001  -0.000000e+000
    outer loop
      vertex  2.626256e+001 -1.237437e+000  2.500000e+000
      vertex  2.604493e+001 -9.722479e-001  1.250000e+000
      vertex  2.604493e+001 -9.722479e-001  2.500000e+000
    endloop
  endfacet
  facet normal  8.819223e-001  4.713947e-001  0.000000e+000
    outer loop
      vertex  2.604493e+001 -9.722479e-001  2.500000e+000
      vertex  2.604493e+001 -9.722479e-001  1.250000e+000
      vertex  2.588321e+001 -6.696960e-001  1.250000e+000
    endloop
  endfacet
  facet normal  8.819223e-001  4.713947e-001  -0.000000e+000
    outer loop
      vertex  2.604493e+001 -9.722479e-001  2.500000e+000
      vertex  2.588321e+001 -6.696960e-001  1.250000e+000
      vertex  2.588321e+001 -6.696960e-001  2.500000e+000
    endloop
  endfacet
  facet normal  9.569407e-001  2.902834e-001  0.000000e+000
    outer loop
      vertex  2.588321e+001 -6.696960e-001  2.500000e+000
      vertex  2.588321e+001 -6.696960e-001  1.250000e+000
      vertex  2.578363e+001 -3.414081e-001  1.250000e+000
    endloop
  endfacet
  facet normal  9.569407e-001  2.902834e-001  -0.000000e+000
    outer loop
      vertex  2.588321e+001 -6.696960e-001  2.500000e+000
      vertex  2.578363e+001 -3.414081e-001  1.250000e+000
      vertex  2.578363e+001 -3.414081e-001  2.500000e+000
    endloop
  endfacet
  facet normal  9.951845e-001  9.801944e-002  0.000000e+000
    outer loop
      vertex  2.578363e+001 -3.414081e-001  2.500000e+000
      vertex  2.578363e+001 -3.414081e-001  1.250000e+000
      vertex  2.575000e+001  2.143061e-016  1.250000e+000
    endloop
  endfacet
  facet normal  9.951845e-001  9.801944e-002  -0.000000e+000
    outer loop
      vertex  2.578363e+001 -3.414081e-001  2.500000e+000
      vertex  2.575000e+001  2.143061e-016  1.250000e+000
      vertex  2.575000e+001  2.143061e-016  2.500000e+000
    endloop
  endfacet
  facet normal -9.801712e-002  9.951847e-001  0.000000e+000
    outer loop
      vertex  2.750000e+001 -1.750000e+000  0.000000e+000
      vertex  2.784141e+001 -1.716374e+000  1.250000e+000
      vertex  2.784141e+001 -1.716374e+000  0.000000e+000
    endloop
  endfacet
  facet normal -2.902838e-001  9.569406e-001  0.000000e+000
    outer loop
      vertex  2.784141e+001 -1.716374e+000  0.000000e+000
      vertex  2.784141e+001 -1.716374e+000  1.250000e+000
      vertex  2.816970e+001 -1.616789e+000  1.250000e+000
    endloop
  endfacet
  facet normal -2.902838e-001  9.569406e-001  0.000000e+000
    outer loop
      vertex  2.784141e+001 -1.716374e+000  0.000000e+000
      vertex  2.816970e+001 -1.616789e+000  1.250000e+000
      vertex  2.816970e+001 -1.616789e+000  0.000000e+000
    endloop
  endfacet
  facet normal -4.713976e-001  8.819208e-001  0.000000e+000
    outer loop
      vertex  2.816970e+001 -1.616789e+000  0.000000e+000
      vertex  2.816970e+001 -1.616789e+000  1.250000e+000
      vertex  2.847225e+001 -1.455072e+000  1.250000e+000
    endloop
  endfacet
  facet normal -4.713976e-001  8.819208e-001  0.000000e+000
    outer loop
      vertex  2.816970e+001 -1.616789e+000  0.000000e+000
      vertex  2.847225e+001 -1.455072e+000  1.250000e+000
      vertex  2.847225e+001 -1.455072e+000  0.000000e+000
    endloop
  endfacet
  facet normal -6.343942e-001  7.730096e-001  0.000000e+000
    outer loop
      vertex  2.847225e+001 -1.455072e+000  0.000000e+000
      vertex  2.847225e+001 -1.455072e+000  1.250000e+000
      vertex  2.873744e+001 -1.237437e+000  1.250000e+000
    endloop
  endfacet
  facet normal -6.343942e-001  7.730096e-001  0.000000e+000
    outer loop
      vertex  2.847225e+001 -1.455072e+000  0.000000e+000
      vertex  2.873744e+001 -1.237437e+000  1.250000e+000
      vertex  2.873744e+001 -1.237437e+000  0.000000e+000
    endloop
  endfacet
  facet normal -7.730088e-001  6.343952e-001  0.000000e+000
    outer loop
      vertex  2.873744e+001 -1.237437e+000  0.000000e+000
      vertex  2.873744e+001 -1.237437e+000  1.250000e+000
      vertex  2.895507e+001 -9.722479e-001  1.250000e+000
    endloop
  endfacet
  facet normal -7.730088e-001  6.343952e-001  0.000000e+000
    outer loop
      vertex  2.873744e+001 -1.237437e+000  0.000000e+000
      vertex  2.895507e+001 -9.722479e-001  1.250000e+000
      vertex  2.895507e+001 -9.722479e-001  0.000000e+000
    endloop
  endfacet
  facet normal -8.819223e-001  4.713947e-001  0.000000e+000
    outer loop
      vertex  2.895507e+001 -9.722479e-001  0.000000e+000
      vertex  2.895507e+001 -9.722479e-001  1.250000e+000
      vertex  2.911679e+001 -6.696960e-001  1.250000e+000
    endloop
  endfacet
  facet normal -8.819223e-001  4.713947e-001  0.000000e+000
    outer loop
      vertex  2.895507e+001 -9.722479e-001  0.000000e+000
      vertex  2.911679e+001 -6.696960e-001  1.250000e+000
      vertex  2.911679e+001 -6.696960e-001  0.000000e+000
    endloop
  endfacet
  facet normal -9.569407e-001  2.902834e-001  0.000000e+000
    outer loop
      vertex  2.911679e+001 -6.696960e-001  0.000000e+000
      vertex  2.911679e+001 -6.696960e-001  1.250000e+000
      vertex  2.921637e+001 -3.414081e-001  1.250000e+000
    endloop
  endfacet
  facet normal -9.569407e-001  2.902834e-001  0.000000e+000
    outer loop
      vertex  2.911679e+001 -6.696960e-001  0.000000e+000
      vertex  2.921637e+001 -3.414081e-001  1.250000e+000
      vertex  2.921637e+001 -3.414081e-001  0.000000e+000
    endloop
  endfacet
  facet normal -9.951845e-001  9.801944e-002  0.000000e+000
    outer loop
      vertex  2.921637e+001 -3.414081e-001  0.000000e+000
      vertex  2.921637e+001 -3.414081e-001  1.250000e+000
      vertex  2.925000e+001  0.000000e+000  1.250000e+000
    endloop
  endfacet
  facet normal -9.951845e-001  9.801944e-002  0.000000e+000
    outer loop
      vertex  2.921637e+001 -3.414081e-001  0.000000e+000
      vertex  2.925000e+001  0.000000e+000  1.250000e+000
      vertex  2.925000e+001  0.000000e+000  0.000000e+000
    endloop
  endfacet
  facet normal -9.801712e-002  9.951847e-001  0.000000e+000
    outer loop
      vertex  2.784141e+001 -1.716374e+000  1.250000e+000
      vertex  2.750000e+001 -1.750000e+000  0.000000e+000
      vertex  2.750000e+001 -1.750000e+000  1.250000e+000
    endloop
  endfacet
  facet normal  9.801712e-002  9.951847e-001  0.000000e+000
    outer loop
      vertex  2.750000e+001 -1.750000e+000  1.250000e+000
      vertex  2.750000e+001 -1.750000e+000  0.000000e+000
      vertex  2.715859e+001 -1.716374e+000  0.000000e+000
    endloop
  endfacet
  facet normal  9.801712e-002  9.951847e-001  -0.000000e+000
    outer loop
      vertex  2.750000e+001 -1.750000e+000  1.250000e+000
      vertex  2.715859e+001 -1.716374e+000  0.000000e+000
      vertex  2.715859e+001 -1.716374e+000  1.250000e+000
    endloop
  endfacet
  facet normal  2.902838e-001  9.569406e-001  0.000000e+000
    outer loop
      vertex  2.715859e+001 -1.716374e+000  1.250000e+000
      vertex  2.715859e+001 -1.716374e+000  0.000000e+000
      vertex  2.683030e+001 -1.616789e+000  0.000000e+000
    endloop
  endfacet
  facet normal  2.902838e-001  9.569406e-001  -0.000000e+000
    outer loop
      vertex  2.715859e+001 -1.716374e+000  1.250000e+000
      vertex  2.683030e+001 -1.616789e+000  0.000000e+000
      vertex  2.683030e+001 -1.616789e+000  1.250000e+000
    endloop
  endfacet
  facet normal  4.713976e-001  8.819208e-001  0.000000e+000
    outer loop
      vertex  2.683030e+001 -1.616789e+000  1.250000e+000
      vertex  2.683030e+001 -1.616789e+000  0.000000e+000
      vertex  2.652775e+001 -1.455072e+000  0.000000e+000
    endloop
  endfacet
  facet normal  4.713976e-001  8.819208e-001  -0.000000e+000
    outer loop
      vertex  2.683030e+001 -1.616789e+000  1.250000e+000
      vertex  2.652775e+001 -1.455072e+000  0.000000e+000
      vertex  2.652775e+001 -1.455072e+000  1.250000e+000
    endloop
  endfacet
  facet normal  6.343942e-001  7.730096e-001  0.000000e+000
    outer loop
      vertex  2.652775e+001 -1.455072e+000  1.250000e+000
      vertex  2.652775e+001 -1.455072e+000  0.000000e+000
      vertex  2.626256e+001 -1.237437e+000  0.000000e+000
    endloop
  endfacet
  facet normal  6.343942e-001  7.730096e-001  -0.000000e+000
    outer loop
      vertex  2.652775e+001 -1.455072e+000  1.250000e+000
      vertex  2.626256e+001 -1.237437e+000  0.000000e+000
      vertex  2.626256e+001 -1.237437e+000  1.250000e+000
    endloop
  endfacet
  facet normal  7.730088e-001  6.343952e-001  0.000000e+000
    outer loop
      vertex  2.626256e+001 -1.237437e+000  1.250000e+000
      vertex  2.626256e+001 -1.237437e+000  0.000000e+000
      vertex  2.604493e+001 -9.722479e-001  0.000000e+000
    endloop
  endfacet
  facet normal  7.730088e-001  6.343952e-001  -0.000000e+000
    outer loop
      vertex  2.626256e+001 -1.237437e+000  1.250000e+000
      vertex  2.604493e+001 -9.722479e-001  0.000000e+000
      vertex  2.604493e+001 -9.722479e-001  1.250000e+000
    endloop
  endfacet
  facet normal  8.819223e-001  4.713947e-001  0.000000e+000
    outer loop
      vertex  2.604493e+001 -9.722479e-001  1.250000e+000
      vertex  2.604493e+001 -9.722479e-001  0.000000e+000
      vertex  2.588321e+001 -6.696960e-001  0.000000e+000
    endloop
  endfacet
  facet normal  8.819223e-001  4.713947e-001  -0.000000e+000
    outer loop
      vertex  2.604493e+001 -9.722479e-001  1.250000e+000
      vertex  2.588321e+001 -6.696960e-001  0.000000e+000
      vertex  2.588321e+001 -6.696960e-001  1.250000e+000
    endloop
  endfacet
  facet normal  9.569407e-001  2.902834e-001  0.000000e+000
    outer loop
      vertex  2.588321e+001 -6.696960e-001  1.250000e+000
      vertex  2.588321e+001 -6.696960e-001  0.000000e+000
      vertex  2.578363e+001 -3.414081e-001  0.000000e+000
    endloop
  endfacet
  facet normal  9.569407e-001  2.902834e-001  -0.000000e+000
    outer loop
      vertex  2.588321e+001 -6.696960e-001  1.250000e+000
      vertex  2.578363e+001 -3.414081e-001  0.000000e+000
      vertex  2.578363e+001 -3.414081e-001  1.250000e+000
    endloop
  endfacet
  facet normal  9.951845e-001  9.801944e-002  0.000000e+000
    outer loop
      vertex  2.578363e+001 -3.414081e-001  1.250000e+000
      vertex  2.578363e+001 -3.414081e-001  0.000000e+000
      vertex  2.575000e+001  2.143061e-016  0.000000e+000
    endloop
  endfacet
  facet normal  9.951845e-001  9.801944e-002  -0.000000e+000
    outer loop
      vertex  2.578363e+001 -3.414081e-001  1.250000e+000
      vertex  2.575000e+001  2.143061e-016  0.000000e+000
      vertex  2.575000e+001  2.143061e-016  1.250000e+000
    endloop
  endfacet
  facet normal  0.000000e+000  1.000000e+000  0.000000e+000
    outer loop
      vertex  2.400000e+001  3.200000e+001  1.250000e+000
      vertex  0.000000e+000  3.200000e+001  1.250000e+000
      vertex  2.400000e+001  3.200000e+001  2.500000e+000
    endloop
  endfacet
  facet normal  0.000000e+000  1.000000e+000  0.000000e+000
    outer loop
      vertex  2.400000e+001  3.200000e+001  2.500000e+000
      vertex  0.000000e+000  3.200000e+001  1.250000e+000
      vertex  0.000000e+000  3.200000e+001  2.500000e+000
    endloop
  endfacet
  facet normal  0.000000e+000  1.000000e+000  0.000000e+000
    outer loop
      vertex  0.000000e+000  3.200000e+001  1.250000e+000
      vertex -2.400000e+001  3.200000e+001  1.250000e+000
      vertex  0.000000e+000  3.200000e+001  2.500000e+000
    endloop
  endfacet
  facet normal  0.000000e+000  1.000000e+000  0.000000e+000
    outer loop
      vertex  0.000000e+000  3.200000e+001  2.500000e+000
      vertex -2.400000e+001  3.200000e+001  1.250000e+000
      vertex -2.400000e+001  3.200000e+001  2.500000e+000
    endloop
  endfacet
  facet normal  0.000000e+000  1.000000e+000  0.000000e+000
    outer loop
      vertex  2.400000e+001  3.200000e+001  0.000000e+000
      vertex  1.776357e-015  3.200000e+001  0.000000e+000
      vertex  2.400000e+001  3.200000e+001  1.250000e+000
    endloop
  endfacet
  facet normal  0.000000e+000  1.000000e+000  0.000000e+000
    outer loop
      vertex  2.400000e+001  3.200000e+001  1.250000e+000
      vertex  1.776357e-015  3.200000e+001  0.000000e+000
      vertex  0.000000e+000  3.200000e+001  1.250000e+000
    endloop
  endfacet
  facet normal  0.000000e+000  1.000000e+000  0.000000e+000
    outer loop
      vertex  1.776357e-015  3.200000e+001  0.000000e+000
      vertex -2.400000e+001  3.200000e+001  0.000000e+000
      vertex  0.000000e+000  3.200000e+001  1.250000e+000
    endloop
  endfacet
  facet normal  0.000000e+000  1.000000e+000  0.000000e+000
    outer loop
      vertex  0.000000e+000  3.200000e+001  1.250000e+000
      vertex -2.400000e+001  3.200000e+001  0.000000e+000
      vertex -2.400000e+001  3.200000e+001  1.250000e+000
    endloop
  endfacet
  facet normal  9.927079e-001 -1.205356e-001  1.478469e-003
    outer loop
      vertex  1.196109e+001 -2.096560e+001  2.500000e+000
      vertex  1.184460e+001 -2.192494e+001  2.500000e+000
      vertex  1.185226e+001 -2.187721e+001  1.250000e+000
    endloop
  endfacet
  facet normal  9.807842e-001 -1.950901e-001 -1.440865e-003
    outer loop
      vertex  1.166844e+001 -2.280134e+001  1.250000e+000
      vertex  1.185226e+001 -2.187721e+001  1.250000e+000
      vertex  1.184460e+001 -2.192494e+001  2.500000e+000
    endloop
  endfacet
  facet normal  9.797882e-001 -2.000262e-001  2.160383e-003
    outer loop
      vertex  1.184460e+001 -2.192494e+001  2.500000e+000
      vertex  1.165130e+001 -2.287179e+001  2.500000e+000
      vertex  1.166844e+001 -2.280134e+001  1.250000e+000
    endloop
  endfacet
  facet normal  9.624531e-001 -2.714399e-001 -2.101821e-003
    outer loop
      vertex  1.141268e+001 -2.370820e+001  1.250000e+000
      vertex  1.166844e+001 -2.280134e+001  1.250000e+000
      vertex  1.165130e+001 -2.287179e+001  2.500000e+000
    endloop
  endfacet
  facet normal  9.605147e-001 -2.782155e-001  2.801970e-003
    outer loop
      vertex  1.165130e+001 -2.287179e+001  2.500000e+000
      vertex  1.138244e+001 -2.380002e+001  2.500000e+000
      vertex  1.141268e+001 -2.370820e+001  1.250000e+000
    endloop
  endfacet
  facet normal  9.381880e-001 -3.461153e-001 -2.725382e-003
    outer loop
      vertex  1.108655e+001 -2.459220e+001  1.250000e+000
      vertex  1.141268e+001 -2.370820e+001  1.250000e+000
      vertex  1.138244e+001 -2.380002e+001  2.500000e+000
    endloop
  endfacet
  facet normal  9.350106e-001 -3.546035e-001  3.406076e-003
    outer loop
      vertex  1.138244e+001 -2.380002e+001  2.500000e+000
      vertex  1.103975e+001 -2.470360e+001  2.500000e+000
      vertex  1.108655e+001 -2.459220e+001  1.250000e+000
    endloop
  endfacet
  facet normal  9.081382e-001 -4.186575e-001 -3.308490e-003
    outer loop
      vertex  1.069208e+001 -2.544789e+001  1.250000e+000
      vertex  1.108655e+001 -2.459220e+001  1.250000e+000
      vertex  1.103975e+001 -2.470360e+001  2.500000e+000
    endloop
  endfacet
  facet normal  9.034431e-001 -4.286896e-001  3.970793e-003
    outer loop
      vertex  1.103975e+001 -2.470360e+001  2.500000e+000
      vertex  1.062547e+001 -2.557668e+001  2.500000e+000
      vertex  1.069208e+001 -2.544789e+001  1.250000e+000
    endloop
  endfacet
  facet normal  8.724896e-001 -4.886175e-001 -3.853151e-003
    outer loop
      vertex  1.023168e+001 -2.626998e+001  1.250000e+000
      vertex  1.069208e+001 -2.544789e+001  1.250000e+000
      vertex  1.062547e+001 -2.557668e+001  2.500000e+000
    endloop
  endfacet
  facet normal  8.660166e-001 -4.999950e-001  4.496476e-003
    outer loop
      vertex  1.062547e+001 -2.557668e+001  2.500000e+000
      vertex  1.014228e+001 -2.641359e+001  2.500000e+000
      vertex  1.023168e+001 -2.626998e+001  1.250000e+000
    endloop
  endfacet
  facet normal  8.314617e-001 -5.555649e-001 -4.359072e-003
    outer loop
      vertex  9.708204e+000 -2.705342e+001  1.250000e+000
      vertex  1.023168e+001 -2.626998e+001  1.250000e+000
      vertex  1.014228e+001 -2.641359e+001  2.500000e+000
    endloop
  endfacet
  facet normal  8.229743e-001 -5.680567e-001  4.982405e-003
    outer loop
      vertex  1.014228e+001 -2.641359e+001  2.500000e+000
      vertex  9.593313e+000 -2.720891e+001  2.500000e+000
      vertex  9.708204e+000 -2.705342e+001  1.250000e+000
    endloop
  endfacet
  facet normal  7.853076e-001 -6.190870e-001 -4.827208e-003
    outer loop
      vertex  9.124871e+000 -2.779338e+001  1.250000e+000
      vertex  9.708204e+000 -2.705342e+001  1.250000e+000
      vertex  9.593313e+000 -2.720891e+001  2.500000e+000
    endloop
  endfacet
  facet normal  7.745932e-001 -6.324365e-001  5.429985e-003
    outer loop
      vertex  9.593313e+000 -2.720891e+001  2.500000e+000
      vertex  8.982129e+000 -2.795747e+001  2.500000e+000
      vertex  9.124871e+000 -2.779338e+001  1.250000e+000
    endloop
  endfacet
  facet normal  7.343119e-001 -6.787918e-001 -5.255208e-003
    outer loop
      vertex  8.485281e+000 -2.848528e+001  1.250000e+000
      vertex  9.124871e+000 -2.779338e+001  1.250000e+000
      vertex  8.982129e+000 -2.795747e+001  2.500000e+000
    endloop
  endfacet
  facet normal  7.211899e-001 -6.927128e-001  5.838667e-003
    outer loop
      vertex  8.982129e+000 -2.795747e+001  2.500000e+000
      vertex  8.312693e+000 -2.865443e+001  2.500000e+000
      vertex  8.485281e+000 -2.848528e+001  1.250000e+000
    endloop
  endfacet
  facet normal  6.787906e-001 -7.343102e-001 -5.644293e-003
    outer loop
      vertex  7.793376e+000 -2.912487e+001  1.250000e+000
      vertex  8.485281e+000 -2.848528e+001  1.250000e+000
      vertex  8.312693e+000 -2.865443e+001  2.500000e+000
    endloop
  endfacet
  facet normal  6.631101e-001 -7.484961e-001  6.209159e-003
    outer loop
      vertex  8.312693e+000 -2.865443e+001  2.500000e+000
      vertex  7.589345e+000 -2.929526e+001  2.500000e+000
      vertex  7.793376e+000 -2.912487e+001  1.250000e+000
    endloop
  endfacet
  facet normal  6.190826e-001 -7.853029e-001 -5.994389e-003
    outer loop
      vertex  7.053423e+000 -2.970820e+001  1.250000e+000
      vertex  7.793376e+000 -2.912487e+001  1.250000e+000
      vertex  7.589345e+000 -2.929526e+001  2.500000e+000
    endloop
  endfacet
  facet normal  6.007296e-001 -7.994255e-001  6.539701e-003
    outer loop
      vertex  7.589345e+000 -2.929526e+001  2.500000e+000
      vertex  6.816777e+000 -2.987581e+001  2.500000e+000
      vertex  7.053423e+000 -2.970820e+001  1.250000e+000
    endloop
  endfacet
  facet normal  5.555589e-001 -8.314532e-001 -6.306232e-003
    outer loop
      vertex  6.269983e+000 -3.023168e+001  1.250000e+000
      vertex  7.053423e+000 -2.970820e+001  1.250000e+000
      vertex  6.816777e+000 -2.987581e+001  2.500000e+000
    endloop
  endfacet
  facet normal  5.344535e-001 -8.451703e-001  6.831219e-003
    outer loop
      vertex  6.816777e+000 -2.987581e+001  2.500000e+000
      vertex  6.000000e+000 -3.039231e+001  2.500000e+000
      vertex  6.269983e+000 -3.023168e+001  1.250000e+000
    endloop
  endfacet
  facet normal  4.886102e-001 -8.724774e-001 -6.579236e-003
    outer loop
      vertex  5.447886e+000 -3.069208e+001  1.250000e+000
      vertex  6.269983e+000 -3.023168e+001  1.250000e+000
      vertex  6.000000e+000 -3.039231e+001  2.500000e+000
    endloop
  endfacet
  facet normal  4.647117e-001 -8.854337e-001  7.083699e-003
    outer loop
      vertex  6.000000e+000 -3.039231e+001  2.500000e+000
      vertex  5.144311e+000 -3.084141e+001  2.500000e+000
      vertex  5.447886e+000 -3.069208e+001  1.250000e+000
    endloop
  endfacet
  facet normal  4.186499e-001 -9.081222e-001 -6.813293e-003
    outer loop
      vertex  4.592201e+000 -3.108655e+001  1.250000e+000
      vertex  5.447886e+000 -3.069208e+001  1.250000e+000
      vertex  5.144311e+000 -3.084141e+001  2.500000e+000
    endloop
  endfacet
  facet normal  3.919562e-001 -9.199550e-001  7.297590e-003
    outer loop
      vertex  5.144311e+000 -3.084141e+001  2.500000e+000
      vertex  4.255259e+000 -3.122020e+001  2.500000e+000
      vertex  4.592201e+000 -3.108655e+001  1.250000e+000
    endloop
  endfacet
  facet normal  3.461090e-001 -9.381682e-001 -7.007987e-003
    outer loop
      vertex  3.708204e+000 -3.141268e+001  1.250000e+000
      vertex  4.592201e+000 -3.108655e+001  1.250000e+000
      vertex  4.255259e+000 -3.122020e+001  2.500000e+000
    endloop
  endfacet
  facet normal  3.166576e-001 -9.485104e-001  7.473786e-003
    outer loop
      vertex  4.255259e+000 -3.122020e+001  2.500000e+000
      vertex  3.338609e+000 -3.152622e+001  2.500000e+000
      vertex  3.708204e+000 -3.141268e+001  1.250000e+000
    endloop
  endfacet
  facet normal  2.714347e-001 -9.624302e-001 -7.161860e-003
    outer loop
      vertex  2.801344e+000 -3.166844e+001  1.250000e+000
      vertex  3.708204e+000 -3.141268e+001  1.250000e+000
      vertex  3.338609e+000 -3.152622e+001  2.500000e+000
    endloop
  endfacet
  facet normal  2.393100e-001 -9.709134e-001  7.610929e-003
    outer loop
      vertex  3.338609e+000 -3.152622e+001  2.500000e+000
      vertex  2.400308e+000 -3.175749e+001  2.500000e+000
      vertex  2.801344e+000 -3.166844e+001  1.250000e+000
    endloop
  endfacet
  facet normal  1.950848e-001 -9.807594e-001 -7.279196e-003
    outer loop
      vertex  1.877214e+000 -3.185226e+001  1.250000e+000
      vertex  2.801344e+000 -3.166844e+001  1.250000e+000
      vertex  2.400308e+000 -3.175749e+001  2.500000e+000
    endloop
  endfacet
  facet normal  1.604057e-001 -9.870211e-001  7.707931e-003
    outer loop
      vertex  2.400308e+000 -3.175749e+001  2.500000e+000
      vertex  1.446440e+000 -3.191251e+001  2.500000e+000
      vertex  1.877214e+000 -3.185226e+001  1.250000e+000
    endloop
  endfacet
  facet normal  1.175346e-001 -9.930415e-001 -7.356416e-003
    outer loop
      vertex  9.415091e-001 -3.196301e+001  1.250000e+000
      vertex  1.877214e+000 -3.185226e+001  1.250000e+000
      vertex  1.446440e+000 -3.191251e+001  2.500000e+000
    endloop
  endfacet
  facet normal -1.175346e-001 -9.930415e-001 -7.356416e-003
    outer loop
      vertex -9.415091e-001 -3.196301e+001  1.250000e+000
      vertex -1.446440e+000 -3.191251e+001  2.500000e+000
      vertex -1.877214e+000 -3.185226e+001  1.250000e+000
    endloop
  endfacet
  facet normal -1.604057e-001 -9.870211e-001  7.707931e-003
    outer loop
      vertex -1.877214e+000 -3.185226e+001  1.250000e+000
      vertex -1.446440e+000 -3.191251e+001  2.500000e+000
      vertex -2.400308e+000 -3.175749e+001  2.500000e+000
    endloop
  endfacet
  facet normal -1.950848e-001 -9.807594e-001 -7.279196e-003
    outer loop
      vertex -1.877214e+000 -3.185226e+001  1.250000e+000
      vertex -2.400308e+000 -3.175749e+001  2.500000e+000
      vertex -2.801344e+000 -3.166844e+001  1.250000e+000
    endloop
  endfacet
  facet normal -2.393100e-001 -9.709134e-001  7.610929e-003
    outer loop
      vertex -2.801344e+000 -3.166844e+001  1.250000e+000
      vertex -2.400308e+000 -3.175749e+001  2.500000e+000
      vertex -3.338609e+000 -3.152622e+001  2.500000e+000
    endloop
  endfacet
  facet normal -2.714347e-001 -9.624302e-001 -7.161860e-003
    outer loop
      vertex -2.801344e+000 -3.166844e+001  1.250000e+000
      vertex -3.338609e+000 -3.152622e+001  2.500000e+000
      vertex -3.708204e+000 -3.141268e+001  1.250000e+000
    endloop
  endfacet
  facet normal -3.166576e-001 -9.485104e-001  7.473786e-003
    outer loop
      vertex -3.708204e+000 -3.141268e+001  1.250000e+000
      vertex -3.338609e+000 -3.152622e+001  2.500000e+000
      vertex -4.255259e+000 -3.122020e+001  2.500000e+000
    endloop
  endfacet
  facet normal -3.461090e-001 -9.381682e-001 -7.007987e-003
    outer loop
      vertex -3.708204e+000 -3.141268e+001  1.250000e+000
      vertex -4.255259e+000 -3.122020e+001  2.500000e+000
      vertex -4.592201e+000 -3.108655e+001  1.250000e+000
    endloop
  endfacet
  facet normal -3.919562e-001 -9.199550e-001  7.297590e-003
    outer loop
      vertex -4.592201e+000 -3.108655e+001  1.250000e+000
      vertex -4.255259e+000 -3.122020e+001  2.500000e+000
      vertex -5.144311e+000 -3.084141e+001  2.500000e+000
    endloop
  endfacet
  facet normal -4.186499e-001 -9.081222e-001 -6.813293e-003
    outer loop
      vertex -4.592201e+000 -3.108655e+001  1.250000e+000
      vertex -5.144311e+000 -3.084141e+001  2.500000e+000
      vertex -5.447886e+000 -3.069208e+001  1.250000e+000
    endloop
  endfacet
  facet normal -4.647117e-001 -8.854337e-001  7.083699e-003
    outer loop
      vertex -5.447886e+000 -3.069208e+001  1.250000e+000
      vertex -5.144311e+000 -3.084141e+001  2.500000e+000
      vertex -6.000000e+000 -3.039231e+001  2.500000e+000
    endloop
  endfacet
  facet normal -4.886102e-001 -8.724774e-001 -6.579236e-003
    outer loop
      vertex -5.447886e+000 -3.069208e+001  1.250000e+000
      vertex -6.000000e+000 -3.039231e+001  2.500000e+000
      vertex -6.269983e+000 -3.023168e+001  1.250000e+000
    endloop
  endfacet
  facet normal -5.344535e-001 -8.451703e-001  6.831219e-003
    outer loop
      vertex -6.269983e+000 -3.023168e+001  1.250000e+000
      vertex -6.000000e+000 -3.039231e+001  2.500000e+000
      vertex -6.816777e+000 -2.987581e+001  2.500000e+000
    endloop
  endfacet
  facet normal -5.555589e-001 -8.314532e-001 -6.306232e-003
    outer loop
      vertex -6.269983e+000 -3.023168e+001  1.250000e+000
      vertex -6.816777e+000 -2.987581e+001  2.500000e+000
      vertex -7.053423e+000 -2.970820e+001  1.250000e+000
    endloop
  endfacet
  facet normal -6.007296e-001 -7.994255e-001  6.539701e-003
    outer loop
      vertex -7.053423e+000 -2.970820e+001  1.250000e+000
      vertex -6.816777e+000 -2.987581e+001  2.500000e+000
      vertex -7.589345e+000 -2.929526e+001  2.500000e+000
    endloop
  endfacet
  facet normal -6.190826e-001 -7.853029e-001 -5.994389e-003
    outer loop
      vertex -7.053423e+000 -2.970820e+001  1.250000e+000
      vertex -7.589345e+000 -2.929526e+001  2.500000e+000
      vertex -7.793376e+000 -2.912487e+001  1.250000e+000
    endloop
  endfacet
  facet normal -6.631101e-001 -7.484961e-001  6.209159e-003
    outer loop
      vertex -7.793376e+000 -2.912487e+001  1.250000e+000
      vertex -7.589345e+000 -2.929526e+001  2.500000e+000
      vertex -8.312693e+000 -2.865443e+001  2.500000e+000
    endloop
  endfacet
  facet normal -6.787906e-001 -7.343102e-001 -5.644293e-003
    outer loop
      vertex -7.793376e+000 -2.912487e+001  1.250000e+000
      vertex -8.312693e+000 -2.865443e+001  2.500000e+000
      vertex -8.485281e+000 -2.848528e+001  1.250000e+000
    endloop
  endfacet
  facet normal -7.211899e-001 -6.927128e-001  5.838667e-003
    outer loop
      vertex -8.485281e+000 -2.848528e+001  1.250000e+000
      vertex -8.312693e+000 -2.865443e+001  2.500000e+000
      vertex -8.982129e+000 -2.795747e+001  2.500000e+000
    endloop
  endfacet
  facet normal -7.343119e-001 -6.787918e-001 -5.255208e-003
    outer loop
      vertex -8.485281e+000 -2.848528e+001  1.250000e+000
      vertex -8.982129e+000 -2.795747e+001  2.500000e+000
      vertex -9.124871e+000 -2.779338e+001  1.250000e+000
    endloop
  endfacet
  facet normal -7.745932e-001 -6.324365e-001  5.429985e-003
    outer loop
      vertex -9.124871e+000 -2.779338e+001  1.250000e+000
      vertex -8.982129e+000 -2.795747e+001  2.500000e+000
      vertex -9.593313e+000 -2.720891e+001  2.500000e+000
    endloop
  endfacet
  facet normal -7.853076e-001 -6.190870e-001 -4.827208e-003
    outer loop
      vertex -9.124871e+000 -2.779338e+001  1.250000e+000
      vertex -9.593313e+000 -2.720891e+001  2.500000e+000
      vertex -9.708204e+000 -2.705342e+001  1.250000e+000
    endloop
  endfacet
  facet normal -8.229743e-001 -5.680567e-001  4.982405e-003
    outer loop
      vertex -9.708204e+000 -2.705342e+001  1.250000e+000
      vertex -9.593313e+000 -2.720891e+001  2.500000e+000
      vertex -1.014228e+001 -2.641359e+001  2.500000e+000
    endloop
  endfacet
  facet normal -8.314617e-001 -5.555649e-001 -4.359072e-003
    outer loop
      vertex -9.708204e+000 -2.705342e+001  1.250000e+000
      vertex -1.014228e+001 -2.641359e+001  2.500000e+000
      vertex -1.023168e+001 -2.626998e+001  1.250000e+000
    endloop
  endfacet
  facet normal -8.660166e-001 -4.999950e-001  4.496476e-003
    outer loop
      vertex -1.023168e+001 -2.626998e+001  1.250000e+000
      vertex -1.014228e+001 -2.641359e+001  2.500000e+000
      vertex -1.062547e+001 -2.557668e+001  2.500000e+000
    endloop
  endfacet
  facet normal -8.724896e-001 -4.886175e-001 -3.853151e-003
    outer loop
      vertex -1.023168e+001 -2.626998e+001  1.250000e+000
      vertex -1.062547e+001 -2.557668e+001  2.500000e+000
      vertex -1.069208e+001 -2.544789e+001  1.250000e+000
    endloop
  endfacet
  facet normal -9.034431e-001 -4.286896e-001  3.970793e-003
    outer loop
      vertex -1.069208e+001 -2.544789e+001  1.250000e+000
      vertex -1.062547e+001 -2.557668e+001  2.500000e+000
      vertex -1.103975e+001 -2.470360e+001  2.500000e+000
    endloop
  endfacet
  facet normal -9.081382e-001 -4.186575e-001 -3.308490e-003
    outer loop
      vertex -1.069208e+001 -2.544789e+001  1.250000e+000
      vertex -1.103975e+001 -2.470360e+001  2.500000e+000
      vertex -1.108655e+001 -2.459220e+001  1.250000e+000
    endloop
  endfacet
  facet normal -9.350106e-001 -3.546035e-001  3.406076e-003
    outer loop
      vertex -1.108655e+001 -2.459220e+001  1.250000e+000
      vertex -1.103975e+001 -2.470360e+001  2.500000e+000
      vertex -1.138244e+001 -2.380002e+001  2.500000e+000
    endloop
  endfacet
  facet normal -9.381880e-001 -3.461153e-001 -2.725382e-003
    outer loop
      vertex -1.108655e+001 -2.459220e+001  1.250000e+000
      vertex -1.138244e+001 -2.380002e+001  2.500000e+000
      vertex -1.141268e+001 -2.370820e+001  1.250000e+000
    endloop
  endfacet
  facet normal -9.605147e-001 -2.782155e-001  2.801970e-003
    outer loop
      vertex -1.141268e+001 -2.370820e+001  1.250000e+000
      vertex -1.138244e+001 -2.380002e+001  2.500000e+000
      vertex -1.165130e+001 -2.287179e+001  2.500000e+000
    endloop
  endfacet
  facet normal -9.624531e-001 -2.714399e-001 -2.101821e-003
    outer loop
      vertex -1.141268e+001 -2.370820e+001  1.250000e+000
      vertex -1.165130e+001 -2.287179e+001  2.500000e+000
      vertex -1.166844e+001 -2.280134e+001  1.250000e+000
    endloop
  endfacet
  facet normal -9.797882e-001 -2.000262e-001  2.160383e-003
    outer loop
      vertex -1.166844e+001 -2.280134e+001  1.250000e+000
      vertex -1.165130e+001 -2.287179e+001  2.500000e+000
      vertex -1.184460e+001 -2.192494e+001  2.500000e+000
    endloop
  endfacet
  facet normal -9.807842e-001 -1.950901e-001 -1.440865e-003
    outer loop
      vertex -1.166844e+001 -2.280134e+001  1.250000e+000
      vertex -1.184460e+001 -2.192494e+001  2.500000e+000
      vertex -1.185226e+001 -2.187721e+001  1.250000e+000
    endloop
  endfacet
  facet normal -9.927079e-001 -1.205356e-001  1.478469e-003
    outer loop
      vertex -1.185226e+001 -2.187721e+001  1.250000e+000
      vertex -1.184460e+001 -2.192494e+001  2.500000e+000
      vertex -1.196109e+001 -2.096560e+001  2.500000e+000
    endloop
  endfacet
  facet normal  9.927079e-001 -1.205356e-001 -1.478469e-003
    outer loop
      vertex  1.196109e+001 -2.096560e+001  0.000000e+000
      vertex  1.185226e+001 -2.187721e+001  1.250000e+000
      vertex  1.184460e+001 -2.192494e+001  0.000000e+000
    endloop
  endfacet
  facet normal  9.807842e-001 -1.950901e-001  1.440865e-003
    outer loop
      vertex  1.184460e+001 -2.192494e+001  0.000000e+000
      vertex  1.185226e+001 -2.187721e+001  1.250000e+000
      vertex  1.166844e+001 -2.280134e+001  1.250000e+000
    endloop
  endfacet
  facet normal  9.797882e-001 -2.000262e-001 -2.160383e-003
    outer loop
      vertex  1.184460e+001 -2.192494e+001  0.000000e+000
      vertex  1.166844e+001 -2.280134e+001  1.250000e+000
      vertex  1.165130e+001 -2.287179e+001  0.000000e+000
    endloop
  endfacet
  facet normal  9.624531e-001 -2.714399e-001  2.101821e-003
    outer loop
      vertex  1.165130e+001 -2.287179e+001  0.000000e+000
      vertex  1.166844e+001 -2.280134e+001  1.250000e+000
      vertex  1.141268e+001 -2.370820e+001  1.250000e+000
    endloop
  endfacet
  facet normal  9.605147e-001 -2.782155e-001 -2.801970e-003
    outer loop
      vertex  1.165130e+001 -2.287179e+001  0.000000e+000
      vertex  1.141268e+001 -2.370820e+001  1.250000e+000
      vertex  1.138244e+001 -2.380002e+001  0.000000e+000
    endloop
  endfacet
  facet normal  9.381880e-001 -3.461153e-001  2.725382e-003
    outer loop
      vertex  1.138244e+001 -2.380002e+001  0.000000e+000
      vertex  1.141268e+001 -2.370820e+001  1.250000e+000
      vertex  1.108655e+001 -2.459220e+001  1.250000e+000
    endloop
  endfacet
  facet normal  9.350106e-001 -3.546035e-001 -3.406076e-003
    outer loop
      vertex  1.138244e+001 -2.380002e+001  0.000000e+000
      vertex  1.108655e+001 -2.459220e+001  1.250000e+000
      vertex  1.103975e+001 -2.470360e+001  0.000000e+000
    endloop
  endfacet
  facet normal  9.081382e-001 -4.186575e-001  3.308490e-003
    outer loop
      vertex  1.103975e+001 -2.470360e+001  0.000000e+000
      vertex  1.108655e+001 -2.459220e+001  1.250000e+000
      vertex  1.069208e+001 -2.544789e+001  1.250000e+000
    endloop
  endfacet
  facet normal  9.034431e-001 -4.286896e-001 -3.970793e-003
    outer loop
      vertex  1.103975e+001 -2.470360e+001  0.000000e+000
      vertex  1.069208e+001 -2.544789e+001  1.250000e+000
      vertex  1.062547e+001 -2.557668e+001  0.000000e+000
    endloop
  endfacet
  facet normal  8.724896e-001 -4.886175e-001  3.853151e-003
    outer loop
      vertex  1.062547e+001 -2.557668e+001  0.000000e+000
      vertex  1.069208e+001 -2.544789e+001  1.250000e+000
      vertex  1.023168e+001 -2.626998e+001  1.250000e+000
    endloop
  endfacet
  facet normal  8.660166e-001 -4.999950e-001 -4.496476e-003
    outer loop
      vertex  1.062547e+001 -2.557668e+001  0.000000e+000
      vertex  1.023168e+001 -2.626998e+001  1.250000e+000
      vertex  1.014228e+001 -2.641359e+001  0.000000e+000
    endloop
  endfacet
  facet normal  8.314617e-001 -5.555649e-001  4.359072e-003
    outer loop
      vertex  1.014228e+001 -2.641359e+001  0.000000e+000
      vertex  1.023168e+001 -2.626998e+001  1.250000e+000
      vertex  9.708204e+000 -2.705342e+001  1.250000e+000
    endloop
  endfacet
  facet normal  8.229743e-001 -5.680567e-001 -4.982405e-003
    outer loop
      vertex  1.014228e+001 -2.641359e+001  0.000000e+000
      vertex  9.708204e+000 -2.705342e+001  1.250000e+000
      vertex  9.593313e+000 -2.720891e+001  0.000000e+000
    endloop
  endfacet
  facet normal  7.853076e-001 -6.190870e-001  4.827208e-003
    outer loop
      vertex  9.593313e+000 -2.720891e+001  0.000000e+000
      vertex  9.708204e+000 -2.705342e+001  1.250000e+000
      vertex  9.124871e+000 -2.779338e+001  1.250000e+000
    endloop
  endfacet
  facet normal  7.745932e-001 -6.324365e-001 -5.429985e-003
    outer loop
      vertex  9.593313e+000 -2.720891e+001  0.000000e+000
      vertex  9.124871e+000 -2.779338e+001  1.250000e+000
      vertex  8.982129e+000 -2.795747e+001  0.000000e+000
    endloop
  endfacet
  facet normal  7.343119e-001 -6.787918e-001  5.255208e-003
    outer loop
      vertex  8.982129e+000 -2.795747e+001  0.000000e+000
      vertex  9.124871e+000 -2.779338e+001  1.250000e+000
      vertex  8.485281e+000 -2.848528e+001  1.250000e+000
    endloop
  endfacet
  facet normal  7.211899e-001 -6.927128e-001 -5.838667e-003
    outer loop
      vertex  8.982129e+000 -2.795747e+001  0.000000e+000
      vertex  8.485281e+000 -2.848528e+001  1.250000e+000
      vertex  8.312693e+000 -2.865443e+001  0.000000e+000
    endloop
  endfacet
  facet normal  6.787906e-001 -7.343102e-001  5.644293e-003
    outer loop
      vertex  8.312693e+000 -2.865443e+001  0.000000e+000
      vertex  8.485281e+000 -2.848528e+001  1.250000e+000
      vertex  7.793376e+000 -2.912487e+001  1.250000e+000
    endloop
  endfacet
  facet normal  6.631101e-001 -7.484961e-001 -6.209159e-003
    outer loop
      vertex  8.312693e+000 -2.865443e+001  0.000000e+000
      vertex  7.793376e+000 -2.912487e+001  1.250000e+000
      vertex  7.589345e+000 -2.929526e+001  0.000000e+000
    endloop
  endfacet
  facet normal  6.190826e-001 -7.853029e-001  5.994389e-003
    outer loop
      vertex  7.589345e+000 -2.929526e+001  0.000000e+000
      vertex  7.793376e+000 -2.912487e+001  1.250000e+000
      vertex  7.053423e+000 -2.970820e+001  1.250000e+000
    endloop
  endfacet
  facet normal  6.007296e-001 -7.994255e-001 -6.539701e-003
    outer loop
      vertex  7.589345e+000 -2.929526e+001  0.000000e+000
      vertex  7.053423e+000 -2.970820e+001  1.250000e+000
      vertex  6.816777e+000 -2.987581e+001  0.000000e+000
    endloop
  endfacet
  facet normal  5.555589e-001 -8.314532e-001  6.306232e-003
    outer loop
      vertex  6.816777e+000 -2.987581e+001  0.000000e+000
      vertex  7.053423e+000 -2.970820e+001  1.250000e+000
      vertex  6.269983e+000 -3.023168e+001  1.250000e+000
    endloop
  endfacet
  facet normal  5.344535e-001 -8.451703e-001 -6.831219e-003
    outer loop
      vertex  6.816777e+000 -2.987581e+001  0.000000e+000
      vertex  6.269983e+000 -3.023168e+001  1.250000e+000
      vertex  6.000000e+000 -3.039231e+001  0.000000e+000
    endloop
  endfacet
  facet normal  4.886102e-001 -8.724774e-001  6.579236e-003
    outer loop
      vertex  6.000000e+000 -3.039231e+001  0.000000e+000
      vertex  6.269983e+000 -3.023168e+001  1.250000e+000
      vertex  5.447886e+000 -3.069208e+001  1.250000e+000
    endloop
  endfacet
  facet normal  4.647117e-001 -8.854337e-001 -7.083699e-003
    outer loop
      vertex  6.000000e+000 -3.039231e+001  0.000000e+000
      vertex  5.447886e+000 -3.069208e+001  1.250000e+000
      vertex  5.144311e+000 -3.084141e+001  0.000000e+000
    endloop
  endfacet
  facet normal  4.186499e-001 -9.081222e-001  6.813293e-003
    outer loop
      vertex  5.144311e+000 -3.084141e+001  0.000000e+000
      vertex  5.447886e+000 -3.069208e+001  1.250000e+000
      vertex  4.592201e+000 -3.108655e+001  1.250000e+000
    endloop
  endfacet
  facet normal  3.919562e-001 -9.199550e-001 -7.297590e-003
    outer loop
      vertex  5.144311e+000 -3.084141e+001  0.000000e+000
      vertex  4.592201e+000 -3.108655e+001  1.250000e+000
      vertex  4.255259e+000 -3.122020e+001  0.000000e+000
    endloop
  endfacet
  facet normal  3.461090e-001 -9.381682e-001  7.007987e-003
    outer loop
      vertex  4.255259e+000 -3.122020e+001  0.000000e+000
      vertex  4.592201e+000 -3.108655e+001  1.250000e+000
      vertex  3.708204e+000 -3.141268e+001  1.250000e+000
    endloop
  endfacet
  facet normal  3.166576e-001 -9.485104e-001 -7.473786e-003
    outer loop
      vertex  4.255259e+000 -3.122020e+001  0.000000e+000
      vertex  3.708204e+000 -3.141268e+001  1.250000e+000
      vertex  3.338609e+000 -3.152622e+001  0.000000e+000
    endloop
  endfacet
  facet normal  2.714347e-001 -9.624302e-001  7.161860e-003
    outer loop
      vertex  3.338609e+000 -3.152622e+001  0.000000e+000
      vertex  3.708204e+000 -3.141268e+001  1.250000e+000
      vertex  2.801344e+000 -3.166844e+001  1.250000e+000
    endloop
  endfacet
  facet normal  2.393100e-001 -9.709134e-001 -7.610929e-003
    outer loop
      vertex  3.338609e+000 -3.152622e+001  0.000000e+000
      vertex  2.801344e+000 -3.166844e+001  1.250000e+000
      vertex  2.400308e+000 -3.175749e+001  0.000000e+000
    endloop
  endfacet
  facet normal  1.950848e-001 -9.807594e-001  7.279196e-003
    outer loop
      vertex  2.400308e+000 -3.175749e+001  0.000000e+000
      vertex  2.801344e+000 -3.166844e+001  1.250000e+000
      vertex  1.877214e+000 -3.185226e+001  1.250000e+000
    endloop
  endfacet
  facet normal  1.604057e-001 -9.870211e-001 -7.707931e-003
    outer loop
      vertex  2.400308e+000 -3.175749e+001  0.000000e+000
      vertex  1.877214e+000 -3.185226e+001  1.250000e+000
      vertex  1.446440e+000 -3.191251e+001  0.000000e+000
    endloop
  endfacet
  facet normal  1.175346e-001 -9.930415e-001  7.356416e-003
    outer loop
      vertex  1.446440e+000 -3.191251e+001  0.000000e+000
      vertex  1.877214e+000 -3.185226e+001  1.250000e+000
      vertex  9.415091e-001 -3.196301e+001  1.250000e+000
    endloop
  endfacet
  facet normal -1.175346e-001 -9.930415e-001  7.356416e-003
    outer loop
      vertex -9.415091e-001 -3.196301e+001  1.250000e+000
      vertex -1.877214e+000 -3.185226e+001  1.250000e+000
      vertex -1.446440e+000 -3.191251e+001  0.000000e+000
    endloop
  endfacet
  facet normal -1.604057e-001 -9.870211e-001 -7.707931e-003
    outer loop
      vertex -2.400308e+000 -3.175749e+001  0.000000e+000
      vertex -1.446440e+000 -3.191251e+001  0.000000e+000
      vertex -1.877214e+000 -3.185226e+001  1.250000e+000
    endloop
  endfacet
  facet normal -1.950848e-001 -9.807594e-001  7.279196e-003
    outer loop
      vertex -1.877214e+000 -3.185226e+001  1.250000e+000
      vertex -2.801344e+000 -3.166844e+001  1.250000e+000
      vertex -2.400308e+000 -3.175749e+001  0.000000e+000
    endloop
  endfacet
  facet normal -2.393100e-001 -9.709134e-001 -7.610929e-003
    outer loop
      vertex -3.338609e+000 -3.152622e+001  0.000000e+000
      vertex -2.400308e+000 -3.175749e+001  0.000000e+000
      vertex -2.801344e+000 -3.166844e+001  1.250000e+000
    endloop
  endfacet
  facet normal -2.714347e-001 -9.624302e-001  7.161860e-003
    outer loop
      vertex -2.801344e+000 -3.166844e+001  1.250000e+000
      vertex -3.708204e+000 -3.141268e+001  1.250000e+000
      vertex -3.338609e+000 -3.152622e+001  0.000000e+000
    endloop
  endfacet
  facet normal -3.166576e-001 -9.485104e-001 -7.473786e-003
    outer loop
      vertex -4.255259e+000 -3.122020e+001  0.000000e+000
      vertex -3.338609e+000 -3.152622e+001  0.000000e+000
      vertex -3.708204e+000 -3.141268e+001  1.250000e+000
    endloop
  endfacet
  facet normal -3.461090e-001 -9.381682e-001  7.007987e-003
    outer loop
      vertex -3.708204e+000 -3.141268e+001  1.250000e+000
      vertex -4.592201e+000 -3.108655e+001  1.250000e+000
      vertex -4.255259e+000 -3.122020e+001  0.000000e+000
    endloop
  endfacet
  facet normal -3.919562e-001 -9.199550e-001 -7.297590e-003
    outer loop
      vertex -5.144311e+000 -3.084141e+001  0.000000e+000
      vertex -4.255259e+000 -3.122020e+001  0.000000e+000
      vertex -4.592201e+000 -3.108655e+001  1.250000e+000
    endloop
  endfacet
  facet normal -4.186499e-001 -9.081222e-001  6.813293e-003
    outer loop
      vertex -4.592201e+000 -3.108655e+001  1.250000e+000
      vertex -5.447886e+000 -3.069208e+001  1.250000e+000
      vertex -5.144311e+000 -3.084141e+001  0.000000e+000
    endloop
  endfacet
  facet normal -4.647117e-001 -8.854337e-001 -7.083699e-003
    outer loop
      vertex -6.000000e+000 -3.039231e+001  0.000000e+000
      vertex -5.144311e+000 -3.084141e+001  0.000000e+000
      vertex -5.447886e+000 -3.069208e+001  1.250000e+000
    endloop
  endfacet
  facet normal -4.886102e-001 -8.724774e-001  6.579236e-003
    outer loop
      vertex -5.447886e+000 -3.069208e+001  1.250000e+000
      vertex -6.269983e+000 -3.023168e+001  1.250000e+000
      vertex -6.000000e+000 -3.039231e+001  0.000000e+000
    endloop
  endfacet
  facet normal -5.344535e-001 -8.451703e-001 -6.831219e-003
    outer loop
      vertex -6.816777e+000 -2.987581e+001  0.000000e+000
      vertex -6.000000e+000 -3.039231e+001  0.000000e+000
      vertex -6.269983e+000 -3.023168e+001  1.250000e+000
    endloop
  endfacet
  facet normal -5.555589e-001 -8.314532e-001  6.306232e-003
    outer loop
      vertex -6.269983e+000 -3.023168e+001  1.250000e+000
      vertex -7.053423e+000 -2.970820e+001  1.250000e+000
      vertex -6.816777e+000 -2.987581e+001  0.000000e+000
    endloop
  endfacet
  facet normal -6.007296e-001 -7.994255e-001 -6.539701e-003
    outer loop
      vertex -7.589345e+000 -2.929526e+001  0.000000e+000
      vertex -6.816777e+000 -2.987581e+001  0.000000e+000
      vertex -7.053423e+000 -2.970820e+001  1.250000e+000
    endloop
  endfacet
  facet normal -6.190826e-001 -7.853029e-001  5.994389e-003
    outer loop
      vertex -7.053423e+000 -2.970820e+001  1.250000e+000
      vertex -7.793376e+000 -2.912487e+001  1.250000e+000
      vertex -7.589345e+000 -2.929526e+001  0.000000e+000
    endloop
  endfacet
  facet normal -6.631101e-001 -7.484961e-001 -6.209159e-003
    outer loop
      vertex -8.312693e+000 -2.865443e+001  0.000000e+000
      vertex -7.589345e+000 -2.929526e+001  0.000000e+000
      vertex -7.793376e+000 -2.912487e+001  1.250000e+000
    endloop
  endfacet
  facet normal -6.787906e-001 -7.343102e-001  5.644293e-003
    outer loop
      vertex -7.793376e+000 -2.912487e+001  1.250000e+000
      vertex -8.485281e+000 -2.848528e+001  1.250000e+000
      vertex -8.312693e+000 -2.865443e+001  0.000000e+000
    endloop
  endfacet
  facet normal -7.211899e-001 -6.927128e-001 -5.838667e-003
    outer loop
      vertex -8.982129e+000 -2.795747e+001  0.000000e+000
      vertex -8.312693e+000 -2.865443e+001  0.000000e+000
      vertex -8.485281e+000 -2.848528e+001  1.250000e+000
    endloop
  endfacet
  facet normal -7.343119e-001 -6.787918e-001  5.255208e-003
    outer loop
      vertex -8.485281e+000 -2.848528e+001  1.250000e+000
      vertex -9.124871e+000 -2.779338e+001  1.250000e+000
      vertex -8.982129e+000 -2.795747e+001  0.000000e+000
    endloop
  endfacet
  facet normal -7.745932e-001 -6.324365e-001 -5.429985e-003
    outer loop
      vertex -9.593313e+000 -2.720891e+001  0.000000e+000
      vertex -8.982129e+000 -2.795747e+001  0.000000e+000
      vertex -9.124871e+000 -2.779338e+001  1.250000e+000
    endloop
  endfacet
  facet normal -7.853076e-001 -6.190870e-001  4.827208e-003
    outer loop
      vertex -9.124871e+000 -2.779338e+001  1.250000e+000
      vertex -9.708204e+000 -2.705342e+001  1.250000e+000
      vertex -9.593313e+000 -2.720891e+001  0.000000e+000
    endloop
  endfacet
  facet normal -8.229743e-001 -5.680567e-001 -4.982405e-003
    outer loop
      vertex -1.014228e+001 -2.641359e+001  0.000000e+000
      vertex -9.593313e+000 -2.720891e+001  0.000000e+000
      vertex -9.708204e+000 -2.705342e+001  1.250000e+000
    endloop
  endfacet
  facet normal -8.314617e-001 -5.555649e-001  4.359072e-003
    outer loop
      vertex -9.708204e+000 -2.705342e+001  1.250000e+000
      vertex -1.023168e+001 -2.626998e+001  1.250000e+000
      vertex -1.014228e+001 -2.641359e+001  0.000000e+000
    endloop
  endfacet
  facet normal -8.660166e-001 -4.999950e-001 -4.496476e-003
    outer loop
      vertex -1.062547e+001 -2.557668e+001  0.000000e+000
      vertex -1.014228e+001 -2.641359e+001  0.000000e+000
      vertex -1.023168e+001 -2.626998e+001  1.250000e+000
    endloop
  endfacet
  facet normal -8.724896e-001 -4.886175e-001  3.853151e-003
    outer loop
      vertex -1.023168e+001 -2.626998e+001  1.250000e+000
      vertex -1.069208e+001 -2.544789e+001  1.250000e+000
      vertex -1.062547e+001 -2.557668e+001  0.000000e+000
    endloop
  endfacet
  facet normal -9.034431e-001 -4.286896e-001 -3.970793e-003
    outer loop
      vertex -1.103975e+001 -2.470360e+001  0.000000e+000
      vertex -1.062547e+001 -2.557668e+001  0.000000e+000
      vertex -1.069208e+001 -2.544789e+001  1.250000e+000
    endloop
  endfacet
  facet normal -9.081382e-001 -4.186575e-001  3.308490e-003
    outer loop
      vertex -1.069208e+001 -2.544789e+001  1.250000e+000
      vertex -1.108655e+001 -2.459220e+001  1.250000e+000
      vertex -1.103975e+001 -2.470360e+001  0.000000e+000
    endloop
  endfacet
  facet normal -9.350106e-001 -3.546035e-001 -3.406076e-003
    outer loop
      vertex -1.138244e+001 -2.380002e+001  0.000000e+000
      vertex -1.103975e+001 -2.470360e+001  0.000000e+000
      vertex -1.108655e+001 -2.459220e+001  1.250000e+000
    endloop
  endfacet
  facet normal -9.381880e-001 -3.461153e-001  2.725382e-003
    outer loop
      vertex -1.108655e+001 -2.459220e+001  1.250000e+000
      vertex -1.141268e+001 -2.370820e+001  1.250000e+000
      vertex -1.138244e+001 -2.380002e+001  0.000000e+000
    endloop
  endfacet
  facet normal -9.605147e-001 -2.782155e-001 -2.801970e-003
    outer loop
      vertex -1.165130e+001 -2.287179e+001  0.000000e+000
      vertex -1.138244e+001 -2.380002e+001  0.000000e+000
      vertex -1.141268e+001 -2.370820e+001  1.250000e+000
    endloop
  endfacet
  facet normal -9.624531e-001 -2.714399e-001  2.101821e-003
    outer loop
      vertex -1.141268e+001 -2.370820e+001  1.250000e+000
      vertex -1.166844e+001 -2.280134e+001  1.250000e+000
      vertex -1.165130e+001 -2.287179e+001  0.000000e+000
    endloop
  endfacet
  facet normal -9.797882e-001 -2.000262e-001 -2.160383e-003
    outer loop
      vertex -1.184460e+001 -2.192494e+001  0.000000e+000
      vertex -1.165130e+001 -2.287179e+001  0.000000e+000
      vertex -1.166844e+001 -2.280134e+001  1.250000e+000
    endloop
  endfacet
  facet normal -9.807842e-001 -1.950901e-001  1.440865e-003
    outer loop
      vertex -1.166844e+001 -2.280134e+001  1.250000e+000
      vertex -1.185226e+001 -2.187721e+001  1.250000e+000
      vertex -1.184460e+001 -2.192494e+001  0.000000e+000
    endloop
  endfacet
  facet normal -9.927079e-001 -1.205356e-001 -1.478469e-003
    outer loop
      vertex -1.196109e+001 -2.096560e+001  0.000000e+000
      vertex -1.184460e+001 -2.192494e+001  0.000000e+000
      vertex -1.185226e+001 -2.187721e+001  1.250000e+000
    endloop
  endfacet
  facet normal  9.992291e-001 -3.925990e-002  0.000000e+000
    outer loop
      vertex  1.200000e+001 -2.000000e+001  1.250000e+000
      vertex  1.200000e+001 -2.000000e+001  2.500000e+000
      vertex  1.196301e+001 -2.094151e+001  1.250000e+000
    endloop
  endfacet
  facet normal  9.991887e-001 -4.026641e-002  7.593053e-004
    outer loop
      vertex  1.196301e+001 -2.094151e+001  1.250000e+000
      vertex  1.200000e+001 -2.000000e+001  2.500000e+000
      vertex  1.196109e+001 -2.096560e+001  2.500000e+000
    endloop
  endfacet
  facet normal  9.930682e-001 -1.175377e-001 -7.392594e-004
    outer loop
      vertex  1.196301e+001 -2.094151e+001  1.250000e+000
      vertex  1.196109e+001 -2.096560e+001  2.500000e+000
      vertex  1.185226e+001 -2.187721e+001  1.250000e+000
    endloop
  endfacet
  facet normal  2.013554e-002 -9.997972e-001  0.000000e+000
    outer loop
      vertex -2.204291e-015 -3.200000e+001  2.500000e+000
      vertex -2.204291e-015 -3.200000e+001  1.250000e+000
      vertex  4.831913e-001 -3.199027e+001  2.500000e+000
    endloop
  endfacet
  facet normal  3.925781e-002 -9.992017e-001 -7.396407e-003
    outer loop
      vertex  4.831913e-001 -3.199027e+001  2.500000e+000
      vertex -2.204291e-015 -3.200000e+001  1.250000e+000
      vertex  9.415091e-001 -3.196301e+001  1.250000e+000
    endloop
  endfacet
  facet normal  8.046528e-002 -9.967271e-001  7.766453e-003
    outer loop
      vertex  4.831913e-001 -3.199027e+001  2.500000e+000
      vertex  9.415091e-001 -3.196301e+001  1.250000e+000
      vertex  1.446440e+000 -3.191251e+001  2.500000e+000
    endloop
  endfacet
  facet normal -3.925889e-002 -9.992290e-001  -0.000000e+000
    outer loop
      vertex -2.204291e-015 -3.200000e+001  1.250000e+000
      vertex -2.204291e-015 -3.200000e+001  2.500000e+000
      vertex -9.415091e-001 -3.196301e+001  1.250000e+000
    endloop
  endfacet
  facet normal -2.013345e-002 -9.996933e-001 -1.441916e-002
    outer loop
      vertex -9.415091e-001 -3.196301e+001  1.250000e+000
      vertex -2.204291e-015 -3.200000e+001  2.500000e+000
      vertex -4.831913e-001 -3.199027e+001  2.500000e+000
    endloop
  endfacet
  facet normal -8.046527e-002 -9.967271e-001  7.766451e-003
    outer loop
      vertex -9.415091e-001 -3.196301e+001  1.250000e+000
      vertex -4.831913e-001 -3.199027e+001  2.500000e+000
      vertex -1.446440e+000 -3.191251e+001  2.500000e+000
    endloop
  endfacet
  facet normal -9.991890e-001 -4.026642e-002  0.000000e+000
    outer loop
      vertex -1.200000e+001 -2.000000e+001  2.500000e+000
      vertex -1.200000e+001 -2.000000e+001  1.250000e+000
      vertex -1.196109e+001 -2.096560e+001  2.500000e+000
    endloop
  endfacet
  facet normal -9.992288e-001 -3.925988e-002  7.787644e-004
    outer loop
      vertex -1.196109e+001 -2.096560e+001  2.500000e+000
      vertex -1.200000e+001 -2.000000e+001  1.250000e+000
      vertex -1.196301e+001 -2.094151e+001  1.250000e+000
    endloop
  endfacet
  facet normal -9.930682e-001 -1.175377e-001 -7.392594e-004
    outer loop
      vertex -1.196109e+001 -2.096560e+001  2.500000e+000
      vertex -1.196301e+001 -2.094151e+001  1.250000e+000
      vertex -1.185226e+001 -2.187721e+001  1.250000e+000
    endloop
  endfacet
  facet normal  9.991890e-001 -4.026642e-002  0.000000e+000
    outer loop
      vertex  1.200000e+001 -2.000000e+001  0.000000e+000
      vertex  1.200000e+001 -2.000000e+001  1.250000e+000
      vertex  1.196109e+001 -2.096560e+001  0.000000e+000
    endloop
  endfacet
  facet normal  9.992288e-001 -3.925988e-002 -7.787644e-004
    outer loop
      vertex  1.196109e+001 -2.096560e+001  0.000000e+000
      vertex  1.200000e+001 -2.000000e+001  1.250000e+000
      vertex  1.196301e+001 -2.094151e+001  1.250000e+000
    endloop
  endfacet
  facet normal  9.930682e-001 -1.175377e-001  7.392594e-004
    outer loop
      vertex  1.196109e+001 -2.096560e+001  0.000000e+000
      vertex  1.196301e+001 -2.094151e+001  1.250000e+000
      vertex  1.185226e+001 -2.187721e+001  1.250000e+000
    endloop
  endfacet
  facet normal  3.925889e-002 -9.992290e-001  4.463219e-016
    outer loop
      vertex -2.204291e-015 -3.200000e+001  1.250000e+000
      vertex  1.200656e-014 -3.200000e+001  0.000000e+000
      vertex  9.415091e-001 -3.196301e+001  1.250000e+000
    endloop
  endfacet
  facet normal  2.013345e-002 -9.996933e-001  1.441916e-002
    outer loop
      vertex  9.415091e-001 -3.196301e+001  1.250000e+000
      vertex  1.200656e-014 -3.200000e+001  0.000000e+000
      vertex  4.831913e-001 -3.199027e+001  0.000000e+000
    endloop
  endfacet
  facet normal  8.046527e-002 -9.967271e-001 -7.766451e-003
    outer loop
      vertex  9.415091e-001 -3.196301e+001  1.250000e+000
      vertex  4.831913e-001 -3.199027e+001  0.000000e+000
      vertex  1.446440e+000 -3.191251e+001  0.000000e+000
    endloop
  endfacet
  facet normal -2.013554e-002 -9.997972e-001 -2.289146e-016
    outer loop
      vertex  1.200656e-014 -3.200000e+001  0.000000e+000
      vertex -2.204291e-015 -3.200000e+001  1.250000e+000
      vertex -4.831913e-001 -3.199027e+001  0.000000e+000
    endloop
  endfacet
  facet normal -3.925781e-002 -9.992017e-001  7.396407e-003
    outer loop
      vertex -4.831913e-001 -3.199027e+001  0.000000e+000
      vertex -2.204291e-015 -3.200000e+001  1.250000e+000
      vertex -9.415091e-001 -3.196301e+001  1.250000e+000
    endloop
  endfacet
  facet normal -8.046528e-002 -9.967271e-001 -7.766453e-003
    outer loop
      vertex -4.831913e-001 -3.199027e+001  0.000000e+000
      vertex -9.415091e-001 -3.196301e+001  1.250000e+000
      vertex -1.446440e+000 -3.191251e+001  0.000000e+000
    endloop
  endfacet
  facet normal -9.992291e-001 -3.925990e-002  0.000000e+000
    outer loop
      vertex -1.200000e+001 -2.000000e+001  1.250000e+000
      vertex -1.200000e+001 -2.000000e+001  0.000000e+000
      vertex -1.196301e+001 -2.094151e+001  1.250000e+000
    endloop
  endfacet
  facet normal -9.991887e-001 -4.026641e-002 -7.593053e-004
    outer loop
      vertex -1.196301e+001 -2.094151e+001  1.250000e+000
      vertex -1.200000e+001 -2.000000e+001  0.000000e+000
      vertex -1.196109e+001 -2.096560e+001  0.000000e+000
    endloop
  endfacet
  facet normal -9.930682e-001 -1.175377e-001  7.392594e-004
    outer loop
      vertex -1.196301e+001 -2.094151e+001  1.250000e+000
      vertex -1.196109e+001 -2.096560e+001  0.000000e+000
      vertex -1.185226e+001 -2.187721e+001  1.250000e+000
    endloop
  endfacet
  facet normal  8.715675e-002 -9.961947e-001  0.000000e+000
    outer loop
      vertex -2.000000e+001  2.250000e+001  1.250000e+000
      vertex -2.043412e+001  2.246202e+001  2.500000e+000
      vertex -2.043412e+001  2.246202e+001  1.250000e+000
    endloop
  endfacet
  facet normal  2.588173e-001 -9.659263e-001  0.000000e+000
    outer loop
      vertex -2.043412e+001  2.246202e+001  1.250000e+000
      vertex -2.043412e+001  2.246202e+001  2.500000e+000
      vertex -2.085505e+001  2.234923e+001  2.500000e+000
    endloop
  endfacet
  facet normal  2.588173e-001 -9.659263e-001  0.000000e+000
    outer loop
      vertex -2.043412e+001  2.246202e+001  1.250000e+000
      vertex -2.085505e+001  2.234923e+001  2.500000e+000
      vertex -2.085505e+001  2.234923e+001  1.250000e+000
    endloop
  endfacet
  facet normal  4.226186e-001 -9.063078e-001  0.000000e+000
    outer loop
      vertex -2.085505e+001  2.234923e+001  1.250000e+000
      vertex -2.085505e+001  2.234923e+001  2.500000e+000
      vertex -2.125000e+001  2.216506e+001  2.500000e+000
    endloop
  endfacet
  facet normal  4.226186e-001 -9.063078e-001  0.000000e+000
    outer loop
      vertex -2.085505e+001  2.234923e+001  1.250000e+000
      vertex -2.125000e+001  2.216506e+001  2.500000e+000
      vertex -2.125000e+001  2.216506e+001  1.250000e+000
    endloop
  endfacet
  facet normal  5.735754e-001 -8.191527e-001  0.000000e+000
    outer loop
      vertex -2.125000e+001  2.216506e+001  1.250000e+000
      vertex -2.125000e+001  2.216506e+001  2.500000e+000
      vertex -2.160697e+001  2.191511e+001  2.500000e+000
    endloop
  endfacet
  facet normal  5.735754e-001 -8.191527e-001  0.000000e+000
    outer loop
      vertex -2.125000e+001  2.216506e+001  1.250000e+000
      vertex -2.160697e+001  2.191511e+001  2.500000e+000
      vertex -2.160697e+001  2.191511e+001  1.250000e+000
    endloop
  endfacet
  facet normal  7.071068e-001 -7.071068e-001  0.000000e+000
    outer loop
      vertex -2.160697e+001  2.191511e+001  1.250000e+000
      vertex -2.160697e+001  2.191511e+001  2.500000e+000
      vertex -2.191511e+001  2.160697e+001  2.500000e+000
    endloop
  endfacet
  facet normal  7.071068e-001 -7.071068e-001  0.000000e+000
    outer loop
      vertex -2.160697e+001  2.191511e+001  1.250000e+000
      vertex -2.191511e+001  2.160697e+001  2.500000e+000
      vertex -2.191511e+001  2.160697e+001  1.250000e+000
    endloop
  endfacet
  facet normal  8.191527e-001 -5.735754e-001  0.000000e+000
    outer loop
      vertex -2.191511e+001  2.160697e+001  1.250000e+000
      vertex -2.191511e+001  2.160697e+001  2.500000e+000
      vertex -2.216506e+001  2.125000e+001  2.500000e+000
    endloop
  endfacet
  facet normal  8.191527e-001 -5.735754e-001  0.000000e+000
    outer loop
      vertex -2.191511e+001  2.160697e+001  1.250000e+000
      vertex -2.216506e+001  2.125000e+001  2.500000e+000
      vertex -2.216506e+001  2.125000e+001  1.250000e+000
    endloop
  endfacet
  facet normal  9.063078e-001 -4.226186e-001  0.000000e+000
    outer loop
      vertex -2.216506e+001  2.125000e+001  1.250000e+000
      vertex -2.216506e+001  2.125000e+001  2.500000e+000
      vertex -2.234923e+001  2.085505e+001  2.500000e+000
    endloop
  endfacet
  facet normal  9.063078e-001 -4.226186e-001  0.000000e+000
    outer loop
      vertex -2.216506e+001  2.125000e+001  1.250000e+000
      vertex -2.234923e+001  2.085505e+001  2.500000e+000
      vertex -2.234923e+001  2.085505e+001  1.250000e+000
    endloop
  endfacet
  facet normal  9.659263e-001 -2.588173e-001  0.000000e+000
    outer loop
      vertex -2.234923e+001  2.085505e+001  1.250000e+000
      vertex -2.234923e+001  2.085505e+001  2.500000e+000
      vertex -2.246202e+001  2.043412e+001  2.500000e+000
    endloop
  endfacet
  facet normal  9.659263e-001 -2.588173e-001  0.000000e+000
    outer loop
      vertex -2.234923e+001  2.085505e+001  1.250000e+000
      vertex -2.246202e+001  2.043412e+001  2.500000e+000
      vertex -2.246202e+001  2.043412e+001  1.250000e+000
    endloop
  endfacet
  facet normal  9.961947e-001 -8.715675e-002  0.000000e+000
    outer loop
      vertex -2.246202e+001  2.043412e+001  1.250000e+000
      vertex -2.246202e+001  2.043412e+001  2.500000e+000
      vertex -2.250000e+001  2.000000e+001  2.500000e+000
    endloop
  endfacet
  facet normal  9.961947e-001 -8.715675e-002  0.000000e+000
    outer loop
      vertex -2.246202e+001  2.043412e+001  1.250000e+000
      vertex -2.250000e+001  2.000000e+001  2.500000e+000
      vertex -2.250000e+001  2.000000e+001  1.250000e+000
    endloop
  endfacet
  facet normal  8.715675e-002 -9.961947e-001  0.000000e+000
    outer loop
      vertex -2.043412e+001  2.246202e+001  2.500000e+000
      vertex -2.000000e+001  2.250000e+001  1.250000e+000
      vertex -2.000000e+001  2.250000e+001  2.500000e+000
    endloop
  endfacet
  facet normal -8.715675e-002 -9.961947e-001  -0.000000e+000
    outer loop
      vertex -2.000000e+001  2.250000e+001  2.500000e+000
      vertex -2.000000e+001  2.250000e+001  1.250000e+000
      vertex -1.956588e+001  2.246202e+001  1.250000e+000
    endloop
  endfacet
  facet normal -8.715675e-002 -9.961947e-001  0.000000e+000
    outer loop
      vertex -2.000000e+001  2.250000e+001  2.500000e+000
      vertex -1.956588e+001  2.246202e+001  1.250000e+000
      vertex -1.956588e+001  2.246202e+001  2.500000e+000
    endloop
  endfacet
  facet normal -2.588173e-001 -9.659263e-001  -0.000000e+000
    outer loop
      vertex -1.956588e+001  2.246202e+001  2.500000e+000
      vertex -1.956588e+001  2.246202e+001  1.250000e+000
      vertex -1.914495e+001  2.234923e+001  1.250000e+000
    endloop
  endfacet
  facet normal -2.588173e-001 -9.659263e-001  0.000000e+000
    outer loop
      vertex -1.956588e+001  2.246202e+001  2.500000e+000
      vertex -1.914495e+001  2.234923e+001  1.250000e+000
      vertex -1.914495e+001  2.234923e+001  2.500000e+000
    endloop
  endfacet
  facet normal -4.226186e-001 -9.063078e-001  -0.000000e+000
    outer loop
      vertex -1.914495e+001  2.234923e+001  2.500000e+000
      vertex -1.914495e+001  2.234923e+001  1.250000e+000
      vertex -1.875000e+001  2.216506e+001  1.250000e+000
    endloop
  endfacet
  facet normal -4.226186e-001 -9.063078e-001  0.000000e+000
    outer loop
      vertex -1.914495e+001  2.234923e+001  2.500000e+000
      vertex -1.875000e+001  2.216506e+001  1.250000e+000
      vertex -1.875000e+001  2.216506e+001  2.500000e+000
    endloop
  endfacet
  facet normal -5.735754e-001 -8.191527e-001  -0.000000e+000
    outer loop
      vertex -1.875000e+001  2.216506e+001  2.500000e+000
      vertex -1.875000e+001  2.216506e+001  1.250000e+000
      vertex -1.839303e+001  2.191511e+001  1.250000e+000
    endloop
  endfacet
  facet normal -5.735754e-001 -8.191527e-001  0.000000e+000
    outer loop
      vertex -1.875000e+001  2.216506e+001  2.500000e+000
      vertex -1.839303e+001  2.191511e+001  1.250000e+000
      vertex -1.839303e+001  2.191511e+001  2.500000e+000
    endloop
  endfacet
  facet normal -7.071068e-001 -7.071068e-001  -0.000000e+000
    outer loop
      vertex -1.839303e+001  2.191511e+001  2.500000e+000
      vertex -1.839303e+001  2.191511e+001  1.250000e+000
      vertex -1.808489e+001  2.160697e+001  1.250000e+000
    endloop
  endfacet
  facet normal -7.071068e-001 -7.071068e-001  0.000000e+000
    outer loop
      vertex -1.839303e+001  2.191511e+001  2.500000e+000
      vertex -1.808489e+001  2.160697e+001  1.250000e+000
      vertex -1.808489e+001  2.160697e+001  2.500000e+000
    endloop
  endfacet
  facet normal -8.191527e-001 -5.735754e-001  -0.000000e+000
    outer loop
      vertex -1.808489e+001  2.160697e+001  2.500000e+000
      vertex -1.808489e+001  2.160697e+001  1.250000e+000
      vertex -1.783494e+001  2.125000e+001  1.250000e+000
    endloop
  endfacet
  facet normal -8.191527e-001 -5.735754e-001  0.000000e+000
    outer loop
      vertex -1.808489e+001  2.160697e+001  2.500000e+000
      vertex -1.783494e+001  2.125000e+001  1.250000e+000
      vertex -1.783494e+001  2.125000e+001  2.500000e+000
    endloop
  endfacet
  facet normal -9.063078e-001 -4.226186e-001  -0.000000e+000
    outer loop
      vertex -1.783494e+001  2.125000e+001  2.500000e+000
      vertex -1.783494e+001  2.125000e+001  1.250000e+000
      vertex -1.765077e+001  2.085505e+001  1.250000e+000
    endloop
  endfacet
  facet normal -9.063078e-001 -4.226186e-001  0.000000e+000
    outer loop
      vertex -1.783494e+001  2.125000e+001  2.500000e+000
      vertex -1.765077e+001  2.085505e+001  1.250000e+000
      vertex -1.765077e+001  2.085505e+001  2.500000e+000
    endloop
  endfacet
  facet normal -9.659263e-001 -2.588173e-001  -0.000000e+000
    outer loop
      vertex -1.765077e+001  2.085505e+001  2.500000e+000
      vertex -1.765077e+001  2.085505e+001  1.250000e+000
      vertex -1.753798e+001  2.043412e+001  1.250000e+000
    endloop
  endfacet
  facet normal -9.659263e-001 -2.588173e-001  0.000000e+000
    outer loop
      vertex -1.765077e+001  2.085505e+001  2.500000e+000
      vertex -1.753798e+001  2.043412e+001  1.250000e+000
      vertex -1.753798e+001  2.043412e+001  2.500000e+000
    endloop
  endfacet
  facet normal -9.961947e-001 -8.715675e-002  -0.000000e+000
    outer loop
      vertex -1.753798e+001  2.043412e+001  2.500000e+000
      vertex -1.753798e+001  2.043412e+001  1.250000e+000
      vertex -1.750000e+001  2.000000e+001  1.250000e+000
    endloop
  endfacet
  facet normal -9.961947e-001 -8.715675e-002  0.000000e+000
    outer loop
      vertex -1.753798e+001  2.043412e+001  2.500000e+000
      vertex -1.750000e+001  2.000000e+001  1.250000e+000
      vertex -1.750000e+001  2.000000e+001  2.500000e+000
    endloop
  endfacet
  facet normal  8.715675e-002 -9.961947e-001  0.000000e+000
    outer loop
      vertex -2.000000e+001  2.250000e+001  0.000000e+000
      vertex -2.043412e+001  2.246202e+001  1.250000e+000
      vertex -2.043412e+001  2.246202e+001  0.000000e+000
    endloop
  endfacet
  facet normal  2.588173e-001 -9.659263e-001  0.000000e+000
    outer loop
      vertex -2.043412e+001  2.246202e+001  0.000000e+000
      vertex -2.043412e+001  2.246202e+001  1.250000e+000
      vertex -2.085505e+001  2.234923e+001  1.250000e+000
    endloop
  endfacet
  facet normal  2.588173e-001 -9.659263e-001  0.000000e+000
    outer loop
      vertex -2.043412e+001  2.246202e+001  0.000000e+000
      vertex -2.085505e+001  2.234923e+001  1.250000e+000
      vertex -2.085505e+001  2.234923e+001  0.000000e+000
    endloop
  endfacet
  facet normal  4.226186e-001 -9.063078e-001  0.000000e+000
    outer loop
      vertex -2.085505e+001  2.234923e+001  0.000000e+000
      vertex -2.085505e+001  2.234923e+001  1.250000e+000
      vertex -2.125000e+001  2.216506e+001  1.250000e+000
    endloop
  endfacet
  facet normal  4.226186e-001 -9.063078e-001  0.000000e+000
    outer loop
      vertex -2.085505e+001  2.234923e+001  0.000000e+000
      vertex -2.125000e+001  2.216506e+001  1.250000e+000
      vertex -2.125000e+001  2.216506e+001  0.000000e+000
    endloop
  endfacet
  facet normal  5.735754e-001 -8.191527e-001  0.000000e+000
    outer loop
      vertex -2.125000e+001  2.216506e+001  0.000000e+000
      vertex -2.125000e+001  2.216506e+001  1.250000e+000
      vertex -2.160697e+001  2.191511e+001  1.250000e+000
    endloop
  endfacet
  facet normal  5.735754e-001 -8.191527e-001  0.000000e+000
    outer loop
      vertex -2.125000e+001  2.216506e+001  0.000000e+000
      vertex -2.160697e+001  2.191511e+001  1.250000e+000
      vertex -2.160697e+001  2.191511e+001  0.000000e+000
    endloop
  endfacet
  facet normal  7.071068e-001 -7.071068e-001  0.000000e+000
    outer loop
      vertex -2.160697e+001  2.191511e+001  0.000000e+000
      vertex -2.160697e+001  2.191511e+001  1.250000e+000
      vertex -2.191511e+001  2.160697e+001  1.250000e+000
    endloop
  endfacet
  facet normal  7.071068e-001 -7.071068e-001  0.000000e+000
    outer loop
      vertex -2.160697e+001  2.191511e+001  0.000000e+000
      vertex -2.191511e+001  2.160697e+001  1.250000e+000
      vertex -2.191511e+001  2.160697e+001  0.000000e+000
    endloop
  endfacet
  facet normal  8.191527e-001 -5.735754e-001  0.000000e+000
    outer loop
      vertex -2.191511e+001  2.160697e+001  0.000000e+000
      vertex -2.191511e+001  2.160697e+001  1.250000e+000
      vertex -2.216506e+001  2.125000e+001  1.250000e+000
    endloop
  endfacet
  facet normal  8.191527e-001 -5.735754e-001  0.000000e+000
    outer loop
      vertex -2.191511e+001  2.160697e+001  0.000000e+000
      vertex -2.216506e+001  2.125000e+001  1.250000e+000
      vertex -2.216506e+001  2.125000e+001  0.000000e+000
    endloop
  endfacet
  facet normal  9.063078e-001 -4.226186e-001  0.000000e+000
    outer loop
      vertex -2.216506e+001  2.125000e+001  0.000000e+000
      vertex -2.216506e+001  2.125000e+001  1.250000e+000
      vertex -2.234923e+001  2.085505e+001  1.250000e+000
    endloop
  endfacet
  facet normal  9.063078e-001 -4.226186e-001  0.000000e+000
    outer loop
      vertex -2.216506e+001  2.125000e+001  0.000000e+000
      vertex -2.234923e+001  2.085505e+001  1.250000e+000
      vertex -2.234923e+001  2.085505e+001  0.000000e+000
    endloop
  endfacet
  facet normal  9.659263e-001 -2.588173e-001  0.000000e+000
    outer loop
      vertex -2.234923e+001  2.085505e+001  0.000000e+000
      vertex -2.234923e+001  2.085505e+001  1.250000e+000
      vertex -2.246202e+001  2.043412e+001  1.250000e+000
    endloop
  endfacet
  facet normal  9.659263e-001 -2.588173e-001  0.000000e+000
    outer loop
      vertex -2.234923e+001  2.085505e+001  0.000000e+000
      vertex -2.246202e+001  2.043412e+001  1.250000e+000
      vertex -2.246202e+001  2.043412e+001  0.000000e+000
    endloop
  endfacet
  facet normal  9.961947e-001 -8.715675e-002  0.000000e+000
    outer loop
      vertex -2.246202e+001  2.043412e+001  0.000000e+000
      vertex -2.246202e+001  2.043412e+001  1.250000e+000
      vertex -2.250000e+001  2.000000e+001  1.250000e+000
    endloop
  endfacet
  facet normal  9.961947e-001 -8.715675e-002  0.000000e+000
    outer loop
      vertex -2.246202e+001  2.043412e+001  0.000000e+000
      vertex -2.250000e+001  2.000000e+001  1.250000e+000
      vertex -2.250000e+001  2.000000e+001  0.000000e+000
    endloop
  endfacet
  facet normal  8.715675e-002 -9.961947e-001  0.000000e+000
    outer loop
      vertex -2.043412e+001  2.246202e+001  1.250000e+000
      vertex -2.000000e+001  2.250000e+001  0.000000e+000
      vertex -2.000000e+001  2.250000e+001  1.250000e+000
    endloop
  endfacet
  facet normal -8.715675e-002 -9.961947e-001  -0.000000e+000
    outer loop
      vertex -2.000000e+001  2.250000e+001  1.250000e+000
      vertex -2.000000e+001  2.250000e+001  0.000000e+000
      vertex -1.956588e+001  2.246202e+001  0.000000e+000
    endloop
  endfacet
  facet normal -8.715675e-002 -9.961947e-001  0.000000e+000
    outer loop
      vertex -2.000000e+001  2.250000e+001  1.250000e+000
      vertex -1.956588e+001  2.246202e+001  0.000000e+000
      vertex -1.956588e+001  2.246202e+001  1.250000e+000
    endloop
  endfacet
  facet normal -2.588173e-001 -9.659263e-001  -0.000000e+000
    outer loop
      vertex -1.956588e+001  2.246202e+001  1.250000e+000
      vertex -1.956588e+001  2.246202e+001  0.000000e+000
      vertex -1.914495e+001  2.234923e+001  0.000000e+000
    endloop
  endfacet
  facet normal -2.588173e-001 -9.659263e-001  0.000000e+000
    outer loop
      vertex -1.956588e+001  2.246202e+001  1.250000e+000
      vertex -1.914495e+001  2.234923e+001  0.000000e+000
      vertex -1.914495e+001  2.234923e+001  1.250000e+000
    endloop
  endfacet
  facet normal -4.226186e-001 -9.063078e-001  -0.000000e+000
    outer loop
      vertex -1.914495e+001  2.234923e+001  1.250000e+000
      vertex -1.914495e+001  2.234923e+001  0.000000e+000
      vertex -1.875000e+001  2.216506e+001  0.000000e+000
    endloop
  endfacet
  facet normal -4.226186e-001 -9.063078e-001  0.000000e+000
    outer loop
      vertex -1.914495e+001  2.234923e+001  1.250000e+000
      vertex -1.875000e+001  2.216506e+001  0.000000e+000
      vertex -1.875000e+001  2.216506e+001  1.250000e+000
    endloop
  endfacet
  facet normal -5.735754e-001 -8.191527e-001  -0.000000e+000
    outer loop
      vertex -1.875000e+001  2.216506e+001  1.250000e+000
      vertex -1.875000e+001  2.216506e+001  0.000000e+000
      vertex -1.839303e+001  2.191511e+001  0.000000e+000
    endloop
  endfacet
  facet normal -5.735754e-001 -8.191527e-001  0.000000e+000
    outer loop
      vertex -1.875000e+001  2.216506e+001  1.250000e+000
      vertex -1.839303e+001  2.191511e+001  0.000000e+000
      vertex -1.839303e+001  2.191511e+001  1.250000e+000
    endloop
  endfacet
  facet normal -7.071068e-001 -7.071068e-001  -0.000000e+000
    outer loop
      vertex -1.839303e+001  2.191511e+001  1.250000e+000
      vertex -1.839303e+001  2.191511e+001  0.000000e+000
      vertex -1.808489e+001  2.160697e+001  0.000000e+000
    endloop
  endfacet
  facet normal -7.071068e-001 -7.071068e-001  0.000000e+000
    outer loop
      vertex -1.839303e+001  2.191511e+001  1.250000e+000
      vertex -1.808489e+001  2.160697e+001  0.000000e+000
      vertex -1.808489e+001  2.160697e+001  1.250000e+000
    endloop
  endfacet
  facet normal -8.191527e-001 -5.735754e-001  -0.000000e+000
    outer loop
      vertex -1.808489e+001  2.160697e+001  1.250000e+000
      vertex -1.808489e+001  2.160697e+001  0.000000e+000
      vertex -1.783494e+001  2.125000e+001  0.000000e+000
    endloop
  endfacet
  facet normal -8.191527e-001 -5.735754e-001  0.000000e+000
    outer loop
      vertex -1.808489e+001  2.160697e+001  1.250000e+000
      vertex -1.783494e+001  2.125000e+001  0.000000e+000
      vertex -1.783494e+001  2.125000e+001  1.250000e+000
    endloop
  endfacet
  facet normal -9.063078e-001 -4.226186e-001  -0.000000e+000
    outer loop
      vertex -1.783494e+001  2.125000e+001  1.250000e+000
      vertex -1.783494e+001  2.125000e+001  0.000000e+000
      vertex -1.765077e+001  2.085505e+001  0.000000e+000
    endloop
  endfacet
  facet normal -9.063078e-001 -4.226186e-001  0.000000e+000
    outer loop
      vertex -1.783494e+001  2.125000e+001  1.250000e+000
      vertex -1.765077e+001  2.085505e+001  0.000000e+000
      vertex -1.765077e+001  2.085505e+001  1.250000e+000
    endloop
  endfacet
  facet normal -9.659263e-001 -2.588173e-001  -0.000000e+000
    outer loop
      vertex -1.765077e+001  2.085505e+001  1.250000e+000
      vertex -1.765077e+001  2.085505e+001  0.000000e+000
      vertex -1.753798e+001  2.043412e+001  0.000000e+000
    endloop
  endfacet
  facet normal -9.659263e-001 -2.588173e-001  0.000000e+000
    outer loop
      vertex -1.765077e+001  2.085505e+001  1.250000e+000
      vertex -1.753798e+001  2.043412e+001  0.000000e+000
      vertex -1.753798e+001  2.043412e+001  1.250000e+000
    endloop
  endfacet
  facet normal -9.961947e-001 -8.715675e-002  -0.000000e+000
    outer loop
      vertex -1.753798e+001  2.043412e+001  1.250000e+000
      vertex -1.753798e+001  2.043412e+001  0.000000e+000
      vertex -1.750000e+001  2.000000e+001  0.000000e+000
    endloop
  endfacet
  facet normal -9.961947e-001 -8.715675e-002  0.000000e+000
    outer loop
      vertex -1.753798e+001  2.043412e+001  1.250000e+000
      vertex -1.750000e+001  2.000000e+001  0.000000e+000
      vertex -1.750000e+001  2.000000e+001  1.250000e+000
    endloop
  endfacet
  facet normal -8.715675e-002  9.961947e-001  0.000000e+000
    outer loop
      vertex -2.000000e+001  1.750000e+001  1.250000e+000
      vertex -1.956588e+001  1.753798e+001  2.500000e+000
      vertex -1.956588e+001  1.753798e+001  1.250000e+000
    endloop
  endfacet
  facet normal -2.588173e-001  9.659263e-001  0.000000e+000
    outer loop
      vertex -1.956588e+001  1.753798e+001  1.250000e+000
      vertex -1.956588e+001  1.753798e+001  2.500000e+000
      vertex -1.914495e+001  1.765077e+001  2.500000e+000
    endloop
  endfacet
  facet normal -2.588173e-001  9.659263e-001  0.000000e+000
    outer loop
      vertex -1.956588e+001  1.753798e+001  1.250000e+000
      vertex -1.914495e+001  1.765077e+001  2.500000e+000
      vertex -1.914495e+001  1.765077e+001  1.250000e+000
    endloop
  endfacet
  facet normal -4.226186e-001  9.063078e-001  0.000000e+000
    outer loop
      vertex -1.914495e+001  1.765077e+001  1.250000e+000
      vertex -1.914495e+001  1.765077e+001  2.500000e+000
      vertex -1.875000e+001  1.783494e+001  2.500000e+000
    endloop
  endfacet
  facet normal -4.226186e-001  9.063078e-001  0.000000e+000
    outer loop
      vertex -1.914495e+001  1.765077e+001  1.250000e+000
      vertex -1.875000e+001  1.783494e+001  2.500000e+000
      vertex -1.875000e+001  1.783494e+001  1.250000e+000
    endloop
  endfacet
  facet normal -5.735754e-001  8.191527e-001  0.000000e+000
    outer loop
      vertex -1.875000e+001  1.783494e+001  1.250000e+000
      vertex -1.875000e+001  1.783494e+001  2.500000e+000
      vertex -1.839303e+001  1.808489e+001  2.500000e+000
    endloop
  endfacet
  facet normal -5.735754e-001  8.191527e-001  0.000000e+000
    outer loop
      vertex -1.875000e+001  1.783494e+001  1.250000e+000
      vertex -1.839303e+001  1.808489e+001  2.500000e+000
      vertex -1.839303e+001  1.808489e+001  1.250000e+000
    endloop
  endfacet
  facet normal -7.071068e-001  7.071068e-001  0.000000e+000
    outer loop
      vertex -1.839303e+001  1.808489e+001  1.250000e+000
      vertex -1.839303e+001  1.808489e+001  2.500000e+000
      vertex -1.808489e+001  1.839303e+001  2.500000e+000
    endloop
  endfacet
  facet normal -7.071068e-001  7.071068e-001  0.000000e+000
    outer loop
      vertex -1.839303e+001  1.808489e+001  1.250000e+000
      vertex -1.808489e+001  1.839303e+001  2.500000e+000
      vertex -1.808489e+001  1.839303e+001  1.250000e+000
    endloop
  endfacet
  facet normal -8.191527e-001  5.735754e-001  0.000000e+000
    outer loop
      vertex -1.808489e+001  1.839303e+001  1.250000e+000
      vertex -1.808489e+001  1.839303e+001  2.500000e+000
      vertex -1.783494e+001  1.875000e+001  2.500000e+000
    endloop
  endfacet
  facet normal -8.191527e-001  5.735754e-001  0.000000e+000
    outer loop
      vertex -1.808489e+001  1.839303e+001  1.250000e+000
      vertex -1.783494e+001  1.875000e+001  2.500000e+000
      vertex -1.783494e+001  1.875000e+001  1.250000e+000
    endloop
  endfacet
  facet normal -9.063078e-001  4.226186e-001  0.000000e+000
    outer loop
      vertex -1.783494e+001  1.875000e+001  1.250000e+000
      vertex -1.783494e+001  1.875000e+001  2.500000e+000
      vertex -1.765077e+001  1.914495e+001  2.500000e+000
    endloop
  endfacet
  facet normal -9.063078e-001  4.226186e-001  0.000000e+000
    outer loop
      vertex -1.783494e+001  1.875000e+001  1.250000e+000
      vertex -1.765077e+001  1.914495e+001  2.500000e+000
      vertex -1.765077e+001  1.914495e+001  1.250000e+000
    endloop
  endfacet
  facet normal -9.659263e-001  2.588173e-001  0.000000e+000
    outer loop
      vertex -1.765077e+001  1.914495e+001  1.250000e+000
      vertex -1.765077e+001  1.914495e+001  2.500000e+000
      vertex -1.753798e+001  1.956588e+001  2.500000e+000
    endloop
  endfacet
  facet normal -9.659263e-001  2.588173e-001  0.000000e+000
    outer loop
      vertex -1.765077e+001  1.914495e+001  1.250000e+000
      vertex -1.753798e+001  1.956588e+001  2.500000e+000
      vertex -1.753798e+001  1.956588e+001  1.250000e+000
    endloop
  endfacet
  facet normal -9.961947e-001  8.715675e-002  0.000000e+000
    outer loop
      vertex -1.753798e+001  1.956588e+001  1.250000e+000
      vertex -1.753798e+001  1.956588e+001  2.500000e+000
      vertex -1.750000e+001  2.000000e+001  2.500000e+000
    endloop
  endfacet
  facet normal -9.961947e-001  8.715675e-002  0.000000e+000
    outer loop
      vertex -1.753798e+001  1.956588e+001  1.250000e+000
      vertex -1.750000e+001  2.000000e+001  2.500000e+000
      vertex -1.750000e+001  2.000000e+001  1.250000e+000
    endloop
  endfacet
  facet normal -8.715675e-002  9.961947e-001  0.000000e+000
    outer loop
      vertex -1.956588e+001  1.753798e+001  2.500000e+000
      vertex -2.000000e+001  1.750000e+001  1.250000e+000
      vertex -2.000000e+001  1.750000e+001  2.500000e+000
    endloop
  endfacet
  facet normal  8.715675e-002  9.961947e-001  0.000000e+000
    outer loop
      vertex -2.000000e+001  1.750000e+001  2.500000e+000
      vertex -2.000000e+001  1.750000e+001  1.250000e+000
      vertex -2.043412e+001  1.753798e+001  1.250000e+000
    endloop
  endfacet
  facet normal  8.715675e-002  9.961947e-001  -0.000000e+000
    outer loop
      vertex -2.000000e+001  1.750000e+001  2.500000e+000
      vertex -2.043412e+001  1.753798e+001  1.250000e+000
      vertex -2.043412e+001  1.753798e+001  2.500000e+000
    endloop
  endfacet
  facet normal  2.588173e-001  9.659263e-001  0.000000e+000
    outer loop
      vertex -2.043412e+001  1.753798e+001  2.500000e+000
      vertex -2.043412e+001  1.753798e+001  1.250000e+000
      vertex -2.085505e+001  1.765077e+001  1.250000e+000
    endloop
  endfacet
  facet normal  2.588173e-001  9.659263e-001  -0.000000e+000
    outer loop
      vertex -2.043412e+001  1.753798e+001  2.500000e+000
      vertex -2.085505e+001  1.765077e+001  1.250000e+000
      vertex -2.085505e+001  1.765077e+001  2.500000e+000
    endloop
  endfacet
  facet normal  4.226186e-001  9.063078e-001  0.000000e+000
    outer loop
      vertex -2.085505e+001  1.765077e+001  2.500000e+000
      vertex -2.085505e+001  1.765077e+001  1.250000e+000
      vertex -2.125000e+001  1.783494e+001  1.250000e+000
    endloop
  endfacet
  facet normal  4.226186e-001  9.063078e-001  -0.000000e+000
    outer loop
      vertex -2.085505e+001  1.765077e+001  2.500000e+000
      vertex -2.125000e+001  1.783494e+001  1.250000e+000
      vertex -2.125000e+001  1.783494e+001  2.500000e+000
    endloop
  endfacet
  facet normal  5.735754e-001  8.191527e-001  0.000000e+000
    outer loop
      vertex -2.125000e+001  1.783494e+001  2.500000e+000
      vertex -2.125000e+001  1.783494e+001  1.250000e+000
      vertex -2.160697e+001  1.808489e+001  1.250000e+000
    endloop
  endfacet
  facet normal  5.735754e-001  8.191527e-001  -0.000000e+000
    outer loop
      vertex -2.125000e+001  1.783494e+001  2.500000e+000
      vertex -2.160697e+001  1.808489e+001  1.250000e+000
      vertex -2.160697e+001  1.808489e+001  2.500000e+000
    endloop
  endfacet
  facet normal  7.071068e-001  7.071068e-001  0.000000e+000
    outer loop
      vertex -2.160697e+001  1.808489e+001  2.500000e+000
      vertex -2.160697e+001  1.808489e+001  1.250000e+000
      vertex -2.191511e+001  1.839303e+001  1.250000e+000
    endloop
  endfacet
  facet normal  7.071068e-001  7.071068e-001  -0.000000e+000
    outer loop
      vertex -2.160697e+001  1.808489e+001  2.500000e+000
      vertex -2.191511e+001  1.839303e+001  1.250000e+000
      vertex -2.191511e+001  1.839303e+001  2.500000e+000
    endloop
  endfacet
  facet normal  8.191527e-001  5.735754e-001  0.000000e+000
    outer loop
      vertex -2.191511e+001  1.839303e+001  2.500000e+000
      vertex -2.191511e+001  1.839303e+001  1.250000e+000
      vertex -2.216506e+001  1.875000e+001  1.250000e+000
    endloop
  endfacet
  facet normal  8.191527e-001  5.735754e-001  -0.000000e+000
    outer loop
      vertex -2.191511e+001  1.839303e+001  2.500000e+000
      vertex -2.216506e+001  1.875000e+001  1.250000e+000
      vertex -2.216506e+001  1.875000e+001  2.500000e+000
    endloop
  endfacet
  facet normal  9.063078e-001  4.226186e-001  0.000000e+000
    outer loop
      vertex -2.216506e+001  1.875000e+001  2.500000e+000
      vertex -2.216506e+001  1.875000e+001  1.250000e+000
      vertex -2.234923e+001  1.914495e+001  1.250000e+000
    endloop
  endfacet
  facet normal  9.063078e-001  4.226186e-001  -0.000000e+000
    outer loop
      vertex -2.216506e+001  1.875000e+001  2.500000e+000
      vertex -2.234923e+001  1.914495e+001  1.250000e+000
      vertex -2.234923e+001  1.914495e+001  2.500000e+000
    endloop
  endfacet
  facet normal  9.659263e-001  2.588173e-001  0.000000e+000
    outer loop
      vertex -2.234923e+001  1.914495e+001  2.500000e+000
      vertex -2.234923e+001  1.914495e+001  1.250000e+000
      vertex -2.246202e+001  1.956588e+001  1.250000e+000
    endloop
  endfacet
  facet normal  9.659263e-001  2.588173e-001  -0.000000e+000
    outer loop
      vertex -2.234923e+001  1.914495e+001  2.500000e+000
      vertex -2.246202e+001  1.956588e+001  1.250000e+000
      vertex -2.246202e+001  1.956588e+001  2.500000e+000
    endloop
  endfacet
  facet normal  9.961947e-001  8.715675e-002  0.000000e+000
    outer loop
      vertex -2.246202e+001  1.956588e+001  2.500000e+000
      vertex -2.246202e+001  1.956588e+001  1.250000e+000
      vertex -2.250000e+001  2.000000e+001  1.250000e+000
    endloop
  endfacet
  facet normal  9.961947e-001  8.715675e-002  -0.000000e+000
    outer loop
      vertex -2.246202e+001  1.956588e+001  2.500000e+000
      vertex -2.250000e+001  2.000000e+001  1.250000e+000
      vertex -2.250000e+001  2.000000e+001  2.500000e+000
    endloop
  endfacet
  facet normal -8.715675e-002  9.961947e-001  0.000000e+000
    outer loop
      vertex -2.000000e+001  1.750000e+001  0.000000e+000
      vertex -1.956588e+001  1.753798e+001  1.250000e+000
      vertex -1.956588e+001  1.753798e+001  0.000000e+000
    endloop
  endfacet
  facet normal -2.588173e-001  9.659263e-001  0.000000e+000
    outer loop
      vertex -1.956588e+001  1.753798e+001  0.000000e+000
      vertex -1.956588e+001  1.753798e+001  1.250000e+000
      vertex -1.914495e+001  1.765077e+001  1.250000e+000
    endloop
  endfacet
  facet normal -2.588173e-001  9.659263e-001  0.000000e+000
    outer loop
      vertex -1.956588e+001  1.753798e+001  0.000000e+000
      vertex -1.914495e+001  1.765077e+001  1.250000e+000
      vertex -1.914495e+001  1.765077e+001  0.000000e+000
    endloop
  endfacet
  facet normal -4.226186e-001  9.063078e-001  0.000000e+000
    outer loop
      vertex -1.914495e+001  1.765077e+001  0.000000e+000
      vertex -1.914495e+001  1.765077e+001  1.250000e+000
      vertex -1.875000e+001  1.783494e+001  1.250000e+000
    endloop
  endfacet
  facet normal -4.226186e-001  9.063078e-001  0.000000e+000
    outer loop
      vertex -1.914495e+001  1.765077e+001  0.000000e+000
      vertex -1.875000e+001  1.783494e+001  1.250000e+000
      vertex -1.875000e+001  1.783494e+001  0.000000e+000
    endloop
  endfacet
  facet normal -5.735754e-001  8.191527e-001  0.000000e+000
    outer loop
      vertex -1.875000e+001  1.783494e+001  0.000000e+000
      vertex -1.875000e+001  1.783494e+001  1.250000e+000
      vertex -1.839303e+001  1.808489e+001  1.250000e+000
    endloop
  endfacet
  facet normal -5.735754e-001  8.191527e-001  0.000000e+000
    outer loop
      vertex -1.875000e+001  1.783494e+001  0.000000e+000
      vertex -1.839303e+001  1.808489e+001  1.250000e+000
      vertex -1.839303e+001  1.808489e+001  0.000000e+000
    endloop
  endfacet
  facet normal -7.071068e-001  7.071068e-001  0.000000e+000
    outer loop
      vertex -1.839303e+001  1.808489e+001  0.000000e+000
      vertex -1.839303e+001  1.808489e+001  1.250000e+000
      vertex -1.808489e+001  1.839303e+001  1.250000e+000
    endloop
  endfacet
  facet normal -7.071068e-001  7.071068e-001  0.000000e+000
    outer loop
      vertex -1.839303e+001  1.808489e+001  0.000000e+000
      vertex -1.808489e+001  1.839303e+001  1.250000e+000
      vertex -1.808489e+001  1.839303e+001  0.000000e+000
    endloop
  endfacet
  facet normal -8.191527e-001  5.735754e-001  0.000000e+000
    outer loop
      vertex -1.808489e+001  1.839303e+001  0.000000e+000
      vertex -1.808489e+001  1.839303e+001  1.250000e+000
      vertex -1.783494e+001  1.875000e+001  1.250000e+000
    endloop
  endfacet
  facet normal -8.191527e-001  5.735754e-001  0.000000e+000
    outer loop
      vertex -1.808489e+001  1.839303e+001  0.000000e+000
      vertex -1.783494e+001  1.875000e+001  1.250000e+000
      vertex -1.783494e+001  1.875000e+001  0.000000e+000
    endloop
  endfacet
  facet normal -9.063078e-001  4.226186e-001  0.000000e+000
    outer loop
      vertex -1.783494e+001  1.875000e+001  0.000000e+000
      vertex -1.783494e+001  1.875000e+001  1.250000e+000
      vertex -1.765077e+001  1.914495e+001  1.250000e+000
    endloop
  endfacet
  facet normal -9.063078e-001  4.226186e-001  0.000000e+000
    outer loop
      vertex -1.783494e+001  1.875000e+001  0.000000e+000
      vertex -1.765077e+001  1.914495e+001  1.250000e+000
      vertex -1.765077e+001  1.914495e+001  0.000000e+000
    endloop
  endfacet
  facet normal -9.659263e-001  2.588173e-001  0.000000e+000
    outer loop
      vertex -1.765077e+001  1.914495e+001  0.000000e+000
      vertex -1.765077e+001  1.914495e+001  1.250000e+000
      vertex -1.753798e+001  1.956588e+001  1.250000e+000
    endloop
  endfacet
  facet normal -9.659263e-001  2.588173e-001  0.000000e+000
    outer loop
      vertex -1.765077e+001  1.914495e+001  0.000000e+000
      vertex -1.753798e+001  1.956588e+001  1.250000e+000
      vertex -1.753798e+001  1.956588e+001  0.000000e+000
    endloop
  endfacet
  facet normal -9.961947e-001  8.715675e-002  0.000000e+000
    outer loop
      vertex -1.753798e+001  1.956588e+001  0.000000e+000
      vertex -1.753798e+001  1.956588e+001  1.250000e+000
      vertex -1.750000e+001  2.000000e+001  1.250000e+000
    endloop
  endfacet
  facet normal -9.961947e-001  8.715675e-002  0.000000e+000
    outer loop
      vertex -1.753798e+001  1.956588e+001  0.000000e+000
      vertex -1.750000e+001  2.000000e+001  1.250000e+000
      vertex -1.750000e+001  2.000000e+001  0.000000e+000
    endloop
  endfacet
  facet normal -8.715675e-002  9.961947e-001  0.000000e+000
    outer loop
      vertex -1.956588e+001  1.753798e+001  1.250000e+000
      vertex -2.000000e+001  1.750000e+001  0.000000e+000
      vertex -2.000000e+001  1.750000e+001  1.250000e+000
    endloop
  endfacet
  facet normal  8.715675e-002  9.961947e-001  0.000000e+000
    outer loop
      vertex -2.000000e+001  1.750000e+001  1.250000e+000
      vertex -2.000000e+001  1.750000e+001  0.000000e+000
      vertex -2.043412e+001  1.753798e+001  0.000000e+000
    endloop
  endfacet
  facet normal  8.715675e-002  9.961947e-001  -0.000000e+000
    outer loop
      vertex -2.000000e+001  1.750000e+001  1.250000e+000
      vertex -2.043412e+001  1.753798e+001  0.000000e+000
      vertex -2.043412e+001  1.753798e+001  1.250000e+000
    endloop
  endfacet
  facet normal  2.588173e-001  9.659263e-001  0.000000e+000
    outer loop
      vertex -2.043412e+001  1.753798e+001  1.250000e+000
      vertex -2.043412e+001  1.753798e+001  0.000000e+000
      vertex -2.085505e+001  1.765077e+001  0.000000e+000
    endloop
  endfacet
  facet normal  2.588173e-001  9.659263e-001  -0.000000e+000
    outer loop
      vertex -2.043412e+001  1.753798e+001  1.250000e+000
      vertex -2.085505e+001  1.765077e+001  0.000000e+000
      vertex -2.085505e+001  1.765077e+001  1.250000e+000
    endloop
  endfacet
  facet normal  4.226186e-001  9.063078e-001  0.000000e+000
    outer loop
      vertex -2.085505e+001  1.765077e+001  1.250000e+000
      vertex -2.085505e+001  1.765077e+001  0.000000e+000
      vertex -2.125000e+001  1.783494e+001  0.000000e+000
    endloop
  endfacet
  facet normal  4.226186e-001  9.063078e-001  -0.000000e+000
    outer loop
      vertex -2.085505e+001  1.765077e+001  1.250000e+000
      vertex -2.125000e+001  1.783494e+001  0.000000e+000
      vertex -2.125000e+001  1.783494e+001  1.250000e+000
    endloop
  endfacet
  facet normal  5.735754e-001  8.191527e-001  0.000000e+000
    outer loop
      vertex -2.125000e+001  1.783494e+001  1.250000e+000
      vertex -2.125000e+001  1.783494e+001  0.000000e+000
      vertex -2.160697e+001  1.808489e+001  0.000000e+000
    endloop
  endfacet
  facet normal  5.735754e-001  8.191527e-001  -0.000000e+000
    outer loop
      vertex -2.125000e+001  1.783494e+001  1.250000e+000
      vertex -2.160697e+001  1.808489e+001  0.000000e+000
      vertex -2.160697e+001  1.808489e+001  1.250000e+000
    endloop
  endfacet
  facet normal  7.071068e-001  7.071068e-001  0.000000e+000
    outer loop
      vertex -2.160697e+001  1.808489e+001  1.250000e+000
      vertex -2.160697e+001  1.808489e+001  0.000000e+000
      vertex -2.191511e+001  1.839303e+001  0.000000e+000
    endloop
  endfacet
  facet normal  7.071068e-001  7.071068e-001  -0.000000e+000
    outer loop
      vertex -2.160697e+001  1.808489e+001  1.250000e+000
      vertex -2.191511e+001  1.839303e+001  0.000000e+000
      vertex -2.191511e+001  1.839303e+001  1.250000e+000
    endloop
  endfacet
  facet normal  8.191527e-001  5.735754e-001  0.000000e+000
    outer loop
      vertex -2.191511e+001  1.839303e+001  1.250000e+000
      vertex -2.191511e+001  1.839303e+001  0.000000e+000
      vertex -2.216506e+001  1.875000e+001  0.000000e+000
    endloop
  endfacet
  facet normal  8.191527e-001  5.735754e-001  -0.000000e+000
    outer loop
      vertex -2.191511e+001  1.839303e+001  1.250000e+000
      vertex -2.216506e+001  1.875000e+001  0.000000e+000
      vertex -2.216506e+001  1.875000e+001  1.250000e+000
    endloop
  endfacet
  facet normal  9.063078e-001  4.226186e-001  0.000000e+000
    outer loop
      vertex -2.216506e+001  1.875000e+001  1.250000e+000
      vertex -2.216506e+001  1.875000e+001  0.000000e+000
      vertex -2.234923e+001  1.914495e+001  0.000000e+000
    endloop
  endfacet
  facet normal  9.063078e-001  4.226186e-001  -0.000000e+000
    outer loop
      vertex -2.216506e+001  1.875000e+001  1.250000e+000
      vertex -2.234923e+001  1.914495e+001  0.000000e+000
      vertex -2.234923e+001  1.914495e+001  1.250000e+000
    endloop
  endfacet
  facet normal  9.659263e-001  2.588173e-001  0.000000e+000
    outer loop
      vertex -2.234923e+001  1.914495e+001  1.250000e+000
      vertex -2.234923e+001  1.914495e+001  0.000000e+000
      vertex -2.246202e+001  1.956588e+001  0.000000e+000
    endloop
  endfacet
  facet normal  9.659263e-001  2.588173e-001  -0.000000e+000
    outer loop
      vertex -2.234923e+001  1.914495e+001  1.250000e+000
      vertex -2.246202e+001  1.956588e+001  0.000000e+000
      vertex -2.246202e+001  1.956588e+001  1.250000e+000
    endloop
  endfacet
  facet normal  9.961947e-001  8.715675e-002  0.000000e+000
    outer loop
      vertex -2.246202e+001  1.956588e+001  1.250000e+000
      vertex -2.246202e+001  1.956588e+001  0.000000e+000
      vertex -2.250000e+001  2.000000e+001  0.000000e+000
    endloop
  endfacet
  facet normal  9.961947e-001  8.715675e-002  -0.000000e+000
    outer loop
      vertex -2.246202e+001  1.956588e+001  1.250000e+000
      vertex -2.250000e+001  2.000000e+001  0.000000e+000
      vertex -2.250000e+001  2.000000e+001  1.250000e+000
    endloop
  endfacet
  facet normal  8.715675e-002 -9.961947e-001  0.000000e+000
    outer loop
      vertex  2.000000e+001  2.250000e+001  1.250000e+000
      vertex  1.956588e+001  2.246202e+001  2.500000e+000
      vertex  1.956588e+001  2.246202e+001  1.250000e+000
    endloop
  endfacet
  facet normal  2.588173e-001 -9.659263e-001  0.000000e+000
    outer loop
      vertex  1.956588e+001  2.246202e+001  1.250000e+000
      vertex  1.956588e+001  2.246202e+001  2.500000e+000
      vertex  1.914495e+001  2.234923e+001  2.500000e+000
    endloop
  endfacet
  facet normal  2.588173e-001 -9.659263e-001  0.000000e+000
    outer loop
      vertex  1.956588e+001  2.246202e+001  1.250000e+000
      vertex  1.914495e+001  2.234923e+001  2.500000e+000
      vertex  1.914495e+001  2.234923e+001  1.250000e+000
    endloop
  endfacet
  facet normal  4.226186e-001 -9.063078e-001  0.000000e+000
    outer loop
      vertex  1.914495e+001  2.234923e+001  1.250000e+000
      vertex  1.914495e+001  2.234923e+001  2.500000e+000
      vertex  1.875000e+001  2.216506e+001  2.500000e+000
    endloop
  endfacet
  facet normal  4.226186e-001 -9.063078e-001  0.000000e+000
    outer loop
      vertex  1.914495e+001  2.234923e+001  1.250000e+000
      vertex  1.875000e+001  2.216506e+001  2.500000e+000
      vertex  1.875000e+001  2.216506e+001  1.250000e+000
    endloop
  endfacet
  facet normal  5.735754e-001 -8.191527e-001  0.000000e+000
    outer loop
      vertex  1.875000e+001  2.216506e+001  1.250000e+000
      vertex  1.875000e+001  2.216506e+001  2.500000e+000
      vertex  1.839303e+001  2.191511e+001  2.500000e+000
    endloop
  endfacet
  facet normal  5.735754e-001 -8.191527e-001  0.000000e+000
    outer loop
      vertex  1.875000e+001  2.216506e+001  1.250000e+000
      vertex  1.839303e+001  2.191511e+001  2.500000e+000
      vertex  1.839303e+001  2.191511e+001  1.250000e+000
    endloop
  endfacet
  facet normal  7.071068e-001 -7.071068e-001  0.000000e+000
    outer loop
      vertex  1.839303e+001  2.191511e+001  1.250000e+000
      vertex  1.839303e+001  2.191511e+001  2.500000e+000
      vertex  1.808489e+001  2.160697e+001  2.500000e+000
    endloop
  endfacet
  facet normal  7.071068e-001 -7.071068e-001  0.000000e+000
    outer loop
      vertex  1.839303e+001  2.191511e+001  1.250000e+000
      vertex  1.808489e+001  2.160697e+001  2.500000e+000
      vertex  1.808489e+001  2.160697e+001  1.250000e+000
    endloop
  endfacet
  facet normal  8.191527e-001 -5.735754e-001  0.000000e+000
    outer loop
      vertex  1.808489e+001  2.160697e+001  1.250000e+000
      vertex  1.808489e+001  2.160697e+001  2.500000e+000
      vertex  1.783494e+001  2.125000e+001  2.500000e+000
    endloop
  endfacet
  facet normal  8.191527e-001 -5.735754e-001  0.000000e+000
    outer loop
      vertex  1.808489e+001  2.160697e+001  1.250000e+000
      vertex  1.783494e+001  2.125000e+001  2.500000e+000
      vertex  1.783494e+001  2.125000e+001  1.250000e+000
    endloop
  endfacet
  facet normal  9.063078e-001 -4.226186e-001  0.000000e+000
    outer loop
      vertex  1.783494e+001  2.125000e+001  1.250000e+000
      vertex  1.783494e+001  2.125000e+001  2.500000e+000
      vertex  1.765077e+001  2.085505e+001  2.500000e+000
    endloop
  endfacet
  facet normal  9.063078e-001 -4.226186e-001  0.000000e+000
    outer loop
      vertex  1.783494e+001  2.125000e+001  1.250000e+000
      vertex  1.765077e+001  2.085505e+001  2.500000e+000
      vertex  1.765077e+001  2.085505e+001  1.250000e+000
    endloop
  endfacet
  facet normal  9.659263e-001 -2.588173e-001  0.000000e+000
    outer loop
      vertex  1.765077e+001  2.085505e+001  1.250000e+000
      vertex  1.765077e+001  2.085505e+001  2.500000e+000
      vertex  1.753798e+001  2.043412e+001  2.500000e+000
    endloop
  endfacet
  facet normal  9.659263e-001 -2.588173e-001  0.000000e+000
    outer loop
      vertex  1.765077e+001  2.085505e+001  1.250000e+000
      vertex  1.753798e+001  2.043412e+001  2.500000e+000
      vertex  1.753798e+001  2.043412e+001  1.250000e+000
    endloop
  endfacet
  facet normal  9.961947e-001 -8.715675e-002  0.000000e+000
    outer loop
      vertex  1.753798e+001  2.043412e+001  1.250000e+000
      vertex  1.753798e+001  2.043412e+001  2.500000e+000
      vertex  1.750000e+001  2.000000e+001  2.500000e+000
    endloop
  endfacet
  facet normal  9.961947e-001 -8.715675e-002  0.000000e+000
    outer loop
      vertex  1.753798e+001  2.043412e+001  1.250000e+000
      vertex  1.750000e+001  2.000000e+001  2.500000e+000
      vertex  1.750000e+001  2.000000e+001  1.250000e+000
    endloop
  endfacet
  facet normal  8.715675e-002 -9.961947e-001  0.000000e+000
    outer loop
      vertex  1.956588e+001  2.246202e+001  2.500000e+000
      vertex  2.000000e+001  2.250000e+001  1.250000e+000
      vertex  2.000000e+001  2.250000e+001  2.500000e+000
    endloop
  endfacet
  facet normal -8.715675e-002 -9.961947e-001  -0.000000e+000
    outer loop
      vertex  2.000000e+001  2.250000e+001  2.500000e+000
      vertex  2.000000e+001  2.250000e+001  1.250000e+000
      vertex  2.043412e+001  2.246202e+001  1.250000e+000
    endloop
  endfacet
  facet normal -8.715675e-002 -9.961947e-001  0.000000e+000
    outer loop
      vertex  2.000000e+001  2.250000e+001  2.500000e+000
      vertex  2.043412e+001  2.246202e+001  1.250000e+000
      vertex  2.043412e+001  2.246202e+001  2.500000e+000
    endloop
  endfacet
  facet normal -2.588173e-001 -9.659263e-001  -0.000000e+000
    outer loop
      vertex  2.043412e+001  2.246202e+001  2.500000e+000
      vertex  2.043412e+001  2.246202e+001  1.250000e+000
      vertex  2.085505e+001  2.234923e+001  1.250000e+000
    endloop
  endfacet
  facet normal -2.588173e-001 -9.659263e-001  0.000000e+000
    outer loop
      vertex  2.043412e+001  2.246202e+001  2.500000e+000
      vertex  2.085505e+001  2.234923e+001  1.250000e+000
      vertex  2.085505e+001  2.234923e+001  2.500000e+000
    endloop
  endfacet
  facet normal -4.226186e-001 -9.063078e-001  -0.000000e+000
    outer loop
      vertex  2.085505e+001  2.234923e+001  2.500000e+000
      vertex  2.085505e+001  2.234923e+001  1.250000e+000
      vertex  2.125000e+001  2.216506e+001  1.250000e+000
    endloop
  endfacet
  facet normal -4.226186e-001 -9.063078e-001  0.000000e+000
    outer loop
      vertex  2.085505e+001  2.234923e+001  2.500000e+000
      vertex  2.125000e+001  2.216506e+001  1.250000e+000
      vertex  2.125000e+001  2.216506e+001  2.500000e+000
    endloop
  endfacet
  facet normal -5.735754e-001 -8.191527e-001  -0.000000e+000
    outer loop
      vertex  2.125000e+001  2.216506e+001  2.500000e+000
      vertex  2.125000e+001  2.216506e+001  1.250000e+000
      vertex  2.160697e+001  2.191511e+001  1.250000e+000
    endloop
  endfacet
  facet normal -5.735754e-001 -8.191527e-001  0.000000e+000
    outer loop
      vertex  2.125000e+001  2.216506e+001  2.500000e+000
      vertex  2.160697e+001  2.191511e+001  1.250000e+000
      vertex  2.160697e+001  2.191511e+001  2.500000e+000
    endloop
  endfacet
  facet normal -7.071068e-001 -7.071068e-001  -0.000000e+000
    outer loop
      vertex  2.160697e+001  2.191511e+001  2.500000e+000
      vertex  2.160697e+001  2.191511e+001  1.250000e+000
      vertex  2.191511e+001  2.160697e+001  1.250000e+000
    endloop
  endfacet
  facet normal -7.071068e-001 -7.071068e-001  0.000000e+000
    outer loop
      vertex  2.160697e+001  2.191511e+001  2.500000e+000
      vertex  2.191511e+001  2.160697e+001  1.250000e+000
      vertex  2.191511e+001  2.160697e+001  2.500000e+000
    endloop
  endfacet
  facet normal -8.191527e-001 -5.735754e-001  -0.000000e+000
    outer loop
      vertex  2.191511e+001  2.160697e+001  2.500000e+000
      vertex  2.191511e+001  2.160697e+001  1.250000e+000
      vertex  2.216506e+001  2.125000e+001  1.250000e+000
    endloop
  endfacet
  facet normal -8.191527e-001 -5.735754e-001  0.000000e+000
    outer loop
      vertex  2.191511e+001  2.160697e+001  2.500000e+000
      vertex  2.216506e+001  2.125000e+001  1.250000e+000
      vertex  2.216506e+001  2.125000e+001  2.500000e+000
    endloop
  endfacet
  facet normal -9.063078e-001 -4.226186e-001  -0.000000e+000
    outer loop
      vertex  2.216506e+001  2.125000e+001  2.500000e+000
      vertex  2.216506e+001  2.125000e+001  1.250000e+000
      vertex  2.234923e+001  2.085505e+001  1.250000e+000
    endloop
  endfacet
  facet normal -9.063078e-001 -4.226186e-001  0.000000e+000
    outer loop
      vertex  2.216506e+001  2.125000e+001  2.500000e+000
      vertex  2.234923e+001  2.085505e+001  1.250000e+000
      vertex  2.234923e+001  2.085505e+001  2.500000e+000
    endloop
  endfacet
  facet normal -9.659263e-001 -2.588173e-001  -0.000000e+000
    outer loop
      vertex  2.234923e+001  2.085505e+001  2.500000e+000
      vertex  2.234923e+001  2.085505e+001  1.250000e+000
      vertex  2.246202e+001  2.043412e+001  1.250000e+000
    endloop
  endfacet
  facet normal -9.659263e-001 -2.588173e-001  0.000000e+000
    outer loop
      vertex  2.234923e+001  2.085505e+001  2.500000e+000
      vertex  2.246202e+001  2.043412e+001  1.250000e+000
      vertex  2.246202e+001  2.043412e+001  2.500000e+000
    endloop
  endfacet
  facet normal -9.961947e-001 -8.715675e-002  -0.000000e+000
    outer loop
      vertex  2.246202e+001  2.043412e+001  2.500000e+000
      vertex  2.246202e+001  2.043412e+001  1.250000e+000
      vertex  2.250000e+001  2.000000e+001  1.250000e+000
    endloop
  endfacet
  facet normal -9.961947e-001 -8.715675e-002  0.000000e+000
    outer loop
      vertex  2.246202e+001  2.043412e+001  2.500000e+000
      vertex  2.250000e+001  2.000000e+001  1.250000e+000
      vertex  2.250000e+001  2.000000e+001  2.500000e+000
    endloop
  endfacet
  facet normal  8.715675e-002 -9.961947e-001  0.000000e+000
    outer loop
      vertex  2.000000e+001  2.250000e+001  0.000000e+000
      vertex  1.956588e+001  2.246202e+001  1.250000e+000
      vertex  1.956588e+001  2.246202e+001  0.000000e+000
    endloop
  endfacet
  facet normal  2.588173e-001 -9.659263e-001  0.000000e+000
    outer loop
      vertex  1.956588e+001  2.246202e+001  0.000000e+000
      vertex  1.956588e+001  2.246202e+001  1.250000e+000
      vertex  1.914495e+001  2.234923e+001  1.250000e+000
    endloop
  endfacet
  facet normal  2.588173e-001 -9.659263e-001  0.000000e+000
    outer loop
      vertex  1.956588e+001  2.246202e+001  0.000000e+000
      vertex  1.914495e+001  2.234923e+001  1.250000e+000
      vertex  1.914495e+001  2.234923e+001  0.000000e+000
    endloop
  endfacet
  facet normal  4.226186e-001 -9.063078e-001  0.000000e+000
    outer loop
      vertex  1.914495e+001  2.234923e+001  0.000000e+000
      vertex  1.914495e+001  2.234923e+001  1.250000e+000
      vertex  1.875000e+001  2.216506e+001  1.250000e+000
    endloop
  endfacet
  facet normal  4.226186e-001 -9.063078e-001  0.000000e+000
    outer loop
      vertex  1.914495e+001  2.234923e+001  0.000000e+000
      vertex  1.875000e+001  2.216506e+001  1.250000e+000
      vertex  1.875000e+001  2.216506e+001  0.000000e+000
    endloop
  endfacet
  facet normal  5.735754e-001 -8.191527e-001  0.000000e+000
    outer loop
      vertex  1.875000e+001  2.216506e+001  0.000000e+000
      vertex  1.875000e+001  2.216506e+001  1.250000e+000
      vertex  1.839303e+001  2.191511e+001  1.250000e+000
    endloop
  endfacet
  facet normal  5.735754e-001 -8.191527e-001  0.000000e+000
    outer loop
      vertex  1.875000e+001  2.216506e+001  0.000000e+000
      vertex  1.839303e+001  2.191511e+001  1.250000e+000
      vertex  1.839303e+001  2.191511e+001  0.000000e+000
    endloop
  endfacet
  facet normal  7.071068e-001 -7.071068e-001  0.000000e+000
    outer loop
      vertex  1.839303e+001  2.191511e+001  0.000000e+000
      vertex  1.839303e+001  2.191511e+001  1.250000e+000
      vertex  1.808489e+001  2.160697e+001  1.250000e+000
    endloop
  endfacet
  facet normal  7.071068e-001 -7.071068e-001  0.000000e+000
    outer loop
      vertex  1.839303e+001  2.191511e+001  0.000000e+000
      vertex  1.808489e+001  2.160697e+001  1.250000e+000
      vertex  1.808489e+001  2.160697e+001  0.000000e+000
    endloop
  endfacet
  facet normal  8.191527e-001 -5.735754e-001  0.000000e+000
    outer loop
      vertex  1.808489e+001  2.160697e+001  0.000000e+000
      vertex  1.808489e+001  2.160697e+001  1.250000e+000
      vertex  1.783494e+001  2.125000e+001  1.250000e+000
    endloop
  endfacet
  facet normal  8.191527e-001 -5.735754e-001  0.000000e+000
    outer loop
      vertex  1.808489e+001  2.160697e+001  0.000000e+000
      vertex  1.783494e+001  2.125000e+001  1.250000e+000
      vertex  1.783494e+001  2.125000e+001  0.000000e+000
    endloop
  endfacet
  facet normal  9.063078e-001 -4.226186e-001  0.000000e+000
    outer loop
      vertex  1.783494e+001  2.125000e+001  0.000000e+000
      vertex  1.783494e+001  2.125000e+001  1.250000e+000
      vertex  1.765077e+001  2.085505e+001  1.250000e+000
    endloop
  endfacet
  facet normal  9.063078e-001 -4.226186e-001  0.000000e+000
    outer loop
      vertex  1.783494e+001  2.125000e+001  0.000000e+000
      vertex  1.765077e+001  2.085505e+001  1.250000e+000
      vertex  1.765077e+001  2.085505e+001  0.000000e+000
    endloop
  endfacet
  facet normal  9.659263e-001 -2.588173e-001  0.000000e+000
    outer loop
      vertex  1.765077e+001  2.085505e+001  0.000000e+000
      vertex  1.765077e+001  2.085505e+001  1.250000e+000
      vertex  1.753798e+001  2.043412e+001  1.250000e+000
    endloop
  endfacet
  facet normal  9.659263e-001 -2.588173e-001  0.000000e+000
    outer loop
      vertex  1.765077e+001  2.085505e+001  0.000000e+000
      vertex  1.753798e+001  2.043412e+001  1.250000e+000
      vertex  1.753798e+001  2.043412e+001  0.000000e+000
    endloop
  endfacet
  facet normal  9.961947e-001 -8.715675e-002  0.000000e+000
    outer loop
      vertex  1.753798e+001  2.043412e+001  0.000000e+000
      vertex  1.753798e+001  2.043412e+001  1.250000e+000
      vertex  1.750000e+001  2.000000e+001  1.250000e+000
    endloop
  endfacet
  facet normal  9.961947e-001 -8.715675e-002  0.000000e+000
    outer loop
      vertex  1.753798e+001  2.043412e+001  0.000000e+000
      vertex  1.750000e+001  2.000000e+001  1.250000e+000
      vertex  1.750000e+001  2.000000e+001  0.000000e+000
    endloop
  endfacet
  facet normal  8.715675e-002 -9.961947e-001  0.000000e+000
    outer loop
      vertex  1.956588e+001  2.246202e+001  1.250000e+000
      vertex  2.000000e+001  2.250000e+001  0.000000e+000
      vertex  2.000000e+001  2.250000e+001  1.250000e+000
    endloop
  endfacet
  facet normal -8.715675e-002 -9.961947e-001  -0.000000e+000
    outer loop
      vertex  2.000000e+001  2.250000e+001  1.250000e+000
      vertex  2.000000e+001  2.250000e+001  0.000000e+000
      vertex  2.043412e+001  2.246202e+001  0.000000e+000
    endloop
  endfacet
  facet normal -8.715675e-002 -9.961947e-001  0.000000e+000
    outer loop
      vertex  2.000000e+001  2.250000e+001  1.250000e+000
      vertex  2.043412e+001  2.246202e+001  0.000000e+000
      vertex  2.043412e+001  2.246202e+001  1.250000e+000
    endloop
  endfacet
  facet normal -2.588173e-001 -9.659263e-001  -0.000000e+000
    outer loop
      vertex  2.043412e+001  2.246202e+001  1.250000e+000
      vertex  2.043412e+001  2.246202e+001  0.000000e+000
      vertex  2.085505e+001  2.234923e+001  0.000000e+000
    endloop
  endfacet
  facet normal -2.588173e-001 -9.659263e-001  0.000000e+000
    outer loop
      vertex  2.043412e+001  2.246202e+001  1.250000e+000
      vertex  2.085505e+001  2.234923e+001  0.000000e+000
      vertex  2.085505e+001  2.234923e+001  1.250000e+000
    endloop
  endfacet
  facet normal -4.226186e-001 -9.063078e-001  -0.000000e+000
    outer loop
      vertex  2.085505e+001  2.234923e+001  1.250000e+000
      vertex  2.085505e+001  2.234923e+001  0.000000e+000
      vertex  2.125000e+001  2.216506e+001  0.000000e+000
    endloop
  endfacet
  facet normal -4.226186e-001 -9.063078e-001  0.000000e+000
    outer loop
      vertex  2.085505e+001  2.234923e+001  1.250000e+000
      vertex  2.125000e+001  2.216506e+001  0.000000e+000
      vertex  2.125000e+001  2.216506e+001  1.250000e+000
    endloop
  endfacet
  facet normal -5.735754e-001 -8.191527e-001  -0.000000e+000
    outer loop
      vertex  2.125000e+001  2.216506e+001  1.250000e+000
      vertex  2.125000e+001  2.216506e+001  0.000000e+000
      vertex  2.160697e+001  2.191511e+001  0.000000e+000
    endloop
  endfacet
  facet normal -5.735754e-001 -8.191527e-001  0.000000e+000
    outer loop
      vertex  2.125000e+001  2.216506e+001  1.250000e+000
      vertex  2.160697e+001  2.191511e+001  0.000000e+000
      vertex  2.160697e+001  2.191511e+001  1.250000e+000
    endloop
  endfacet
  facet normal -7.071068e-001 -7.071068e-001  -0.000000e+000
    outer loop
      vertex  2.160697e+001  2.191511e+001  1.250000e+000
      vertex  2.160697e+001  2.191511e+001  0.000000e+000
      vertex  2.191511e+001  2.160697e+001  0.000000e+000
    endloop
  endfacet
  facet normal -7.071068e-001 -7.071068e-001  0.000000e+000
    outer loop
      vertex  2.160697e+001  2.191511e+001  1.250000e+000
      vertex  2.191511e+001  2.160697e+001  0.000000e+000
      vertex  2.191511e+001  2.160697e+001  1.250000e+000
    endloop
  endfacet
  facet normal -8.191527e-001 -5.735754e-001  -0.000000e+000
    outer loop
      vertex  2.191511e+001  2.160697e+001  1.250000e+000
      vertex  2.191511e+001  2.160697e+001  0.000000e+000
      vertex  2.216506e+001  2.125000e+001  0.000000e+000
    endloop
  endfacet
  facet normal -8.191527e-001 -5.735754e-001  0.000000e+000
    outer loop
      vertex  2.191511e+001  2.160697e+001  1.250000e+000
      vertex  2.216506e+001  2.125000e+001  0.000000e+000
      vertex  2.216506e+001  2.125000e+001  1.250000e+000
    endloop
  endfacet
  facet normal -9.063078e-001 -4.226186e-001  -0.000000e+000
    outer loop
      vertex  2.216506e+001  2.125000e+001  1.250000e+000
      vertex  2.216506e+001  2.125000e+001  0.000000e+000
      vertex  2.234923e+001  2.085505e+001  0.000000e+000
    endloop
  endfacet
  facet normal -9.063078e-001 -4.226186e-001  0.000000e+000
    outer loop
      vertex  2.216506e+001  2.125000e+001  1.250000e+000
      vertex  2.234923e+001  2.085505e+001  0.000000e+000
      vertex  2.234923e+001  2.085505e+001  1.250000e+000
    endloop
  endfacet
  facet normal -9.659263e-001 -2.588173e-001  -0.000000e+000
    outer loop
      vertex  2.234923e+001  2.085505e+001  1.250000e+000
      vertex  2.234923e+001  2.085505e+001  0.000000e+000
      vertex  2.246202e+001  2.043412e+001  0.000000e+000
    endloop
  endfacet
  facet normal -9.659263e-001 -2.588173e-001  0.000000e+000
    outer loop
      vertex  2.234923e+001  2.085505e+001  1.250000e+000
      vertex  2.246202e+001  2.043412e+001  0.000000e+000
      vertex  2.246202e+001  2.043412e+001  1.250000e+000
    endloop
  endfacet
  facet normal -9.961947e-001 -8.715675e-002  -0.000000e+000
    outer loop
      vertex  2.246202e+001  2.043412e+001  1.250000e+000
      vertex  2.246202e+001  2.043412e+001  0.000000e+000
      vertex  2.250000e+001  2.000000e+001  0.000000e+000
    endloop
  endfacet
  facet normal -9.961947e-001 -8.715675e-002  0.000000e+000
    outer loop
      vertex  2.246202e+001  2.043412e+001  1.250000e+000
      vertex  2.250000e+001  2.000000e+001  0.000000e+000
      vertex  2.250000e+001  2.000000e+001  1.250000e+000
    endloop
  endfacet
  facet normal -8.715675e-002  9.961947e-001  0.000000e+000
    outer loop
      vertex  2.000000e+001  1.750000e+001  1.250000e+000
      vertex  2.043412e+001  1.753798e+001  2.500000e+000
      vertex  2.043412e+001  1.753798e+001  1.250000e+000
    endloop
  endfacet
  facet normal -2.588173e-001  9.659263e-001  0.000000e+000
    outer loop
      vertex  2.043412e+001  1.753798e+001  1.250000e+000
      vertex  2.043412e+001  1.753798e+001  2.500000e+000
      vertex  2.085505e+001  1.765077e+001  2.500000e+000
    endloop
  endfacet
  facet normal -2.588173e-001  9.659263e-001  0.000000e+000
    outer loop
      vertex  2.043412e+001  1.753798e+001  1.250000e+000
      vertex  2.085505e+001  1.765077e+001  2.500000e+000
      vertex  2.085505e+001  1.765077e+001  1.250000e+000
    endloop
  endfacet
  facet normal -4.226186e-001  9.063078e-001  0.000000e+000
    outer loop
      vertex  2.085505e+001  1.765077e+001  1.250000e+000
      vertex  2.085505e+001  1.765077e+001  2.500000e+000
      vertex  2.125000e+001  1.783494e+001  2.500000e+000
    endloop
  endfacet
  facet normal -4.226186e-001  9.063078e-001  0.000000e+000
    outer loop
      vertex  2.085505e+001  1.765077e+001  1.250000e+000
      vertex  2.125000e+001  1.783494e+001  2.500000e+000
      vertex  2.125000e+001  1.783494e+001  1.250000e+000
    endloop
  endfacet
  facet normal -5.735754e-001  8.191527e-001  0.000000e+000
    outer loop
      vertex  2.125000e+001  1.783494e+001  1.250000e+000
      vertex  2.125000e+001  1.783494e+001  2.500000e+000
      vertex  2.160697e+001  1.808489e+001  2.500000e+000
    endloop
  endfacet
  facet normal -5.735754e-001  8.191527e-001  0.000000e+000
    outer loop
      vertex  2.125000e+001  1.783494e+001  1.250000e+000
      vertex  2.160697e+001  1.808489e+001  2.500000e+000
      vertex  2.160697e+001  1.808489e+001  1.250000e+000
    endloop
  endfacet
  facet normal -7.071068e-001  7.071068e-001  0.000000e+000
    outer loop
      vertex  2.160697e+001  1.808489e+001  1.250000e+000
      vertex  2.160697e+001  1.808489e+001  2.500000e+000
      vertex  2.191511e+001  1.839303e+001  2.500000e+000
    endloop
  endfacet
  facet normal -7.071068e-001  7.071068e-001  0.000000e+000
    outer loop
      vertex  2.160697e+001  1.808489e+001  1.250000e+000
      vertex  2.191511e+001  1.839303e+001  2.500000e+000
      vertex  2.191511e+001  1.839303e+001  1.250000e+000
    endloop
  endfacet
  facet normal -8.191527e-001  5.735754e-001  0.000000e+000
    outer loop
      vertex  2.191511e+001  1.839303e+001  1.250000e+000
      vertex  2.191511e+001  1.839303e+001  2.500000e+000
      vertex  2.216506e+001  1.875000e+001  2.500000e+000
    endloop
  endfacet
  facet normal -8.191527e-001  5.735754e-001  0.000000e+000
    outer loop
      vertex  2.191511e+001  1.839303e+001  1.250000e+000
      vertex  2.216506e+001  1.875000e+001  2.500000e+000
      vertex  2.216506e+001  1.875000e+001  1.250000e+000
    endloop
  endfacet
  facet normal -9.063078e-001  4.226186e-001  0.000000e+000
    outer loop
      vertex  2.216506e+001  1.875000e+001  1.250000e+000
      vertex  2.216506e+001  1.875000e+001  2.500000e+000
      vertex  2.234923e+001  1.914495e+001  2.500000e+000
    endloop
  endfacet
  facet normal -9.063078e-001  4.226186e-001  0.000000e+000
    outer loop
      vertex  2.216506e+001  1.875000e+001  1.250000e+000
      vertex  2.234923e+001  1.914495e+001  2.500000e+000
      vertex  2.234923e+001  1.914495e+001  1.250000e+000
    endloop
  endfacet
  facet normal -9.659263e-001  2.588173e-001  0.000000e+000
    outer loop
      vertex  2.234923e+001  1.914495e+001  1.250000e+000
      vertex  2.234923e+001  1.914495e+001  2.500000e+000
      vertex  2.246202e+001  1.956588e+001  2.500000e+000
    endloop
  endfacet
  facet normal -9.659263e-001  2.588173e-001  0.000000e+000
    outer loop
      vertex  2.234923e+001  1.914495e+001  1.250000e+000
      vertex  2.246202e+001  1.956588e+001  2.500000e+000
      vertex  2.246202e+001  1.956588e+001  1.250000e+000
    endloop
  endfacet
  facet normal -9.961947e-001  8.715675e-002  0.000000e+000
    outer loop
      vertex  2.246202e+001  1.956588e+001  1.250000e+000
      vertex  2.246202e+001  1.956588e+001  2.500000e+000
      vertex  2.250000e+001  2.000000e+001  2.500000e+000
    endloop
  endfacet
  facet normal -9.961947e-001  8.715675e-002  0.000000e+000
    outer loop
      vertex  2.246202e+001  1.956588e+001  1.250000e+000
      vertex  2.250000e+001  2.000000e+001  2.500000e+000
      vertex  2.250000e+001  2.000000e+001  1.250000e+000
    endloop
  endfacet
  facet normal -8.715675e-002  9.961947e-001  0.000000e+000
    outer loop
      vertex  2.043412e+001  1.753798e+001  2.500000e+000
      vertex  2.000000e+001  1.750000e+001  1.250000e+000
      vertex  2.000000e+001  1.750000e+001  2.500000e+000
    endloop
  endfacet
  facet normal  8.715675e-002  9.961947e-001  0.000000e+000
    outer loop
      vertex  2.000000e+001  1.750000e+001  2.500000e+000
      vertex  2.000000e+001  1.750000e+001  1.250000e+000
      vertex  1.956588e+001  1.753798e+001  1.250000e+000
    endloop
  endfacet
  facet normal  8.715675e-002  9.961947e-001  -0.000000e+000
    outer loop
      vertex  2.000000e+001  1.750000e+001  2.500000e+000
      vertex  1.956588e+001  1.753798e+001  1.250000e+000
      vertex  1.956588e+001  1.753798e+001  2.500000e+000
    endloop
  endfacet
  facet normal  2.588173e-001  9.659263e-001  0.000000e+000
    outer loop
      vertex  1.956588e+001  1.753798e+001  2.500000e+000
      vertex  1.956588e+001  1.753798e+001  1.250000e+000
      vertex  1.914495e+001  1.765077e+001  1.250000e+000
    endloop
  endfacet
  facet normal  2.588173e-001  9.659263e-001  -0.000000e+000
    outer loop
      vertex  1.956588e+001  1.753798e+001  2.500000e+000
      vertex  1.914495e+001  1.765077e+001  1.250000e+000
      vertex  1.914495e+001  1.765077e+001  2.500000e+000
    endloop
  endfacet
  facet normal  4.226186e-001  9.063078e-001  0.000000e+000
    outer loop
      vertex  1.914495e+001  1.765077e+001  2.500000e+000
      vertex  1.914495e+001  1.765077e+001  1.250000e+000
      vertex  1.875000e+001  1.783494e+001  1.250000e+000
    endloop
  endfacet
  facet normal  4.226186e-001  9.063078e-001  -0.000000e+000
    outer loop
      vertex  1.914495e+001  1.765077e+001  2.500000e+000
      vertex  1.875000e+001  1.783494e+001  1.250000e+000
      vertex  1.875000e+001  1.783494e+001  2.500000e+000
    endloop
  endfacet
  facet normal  5.735754e-001  8.191527e-001  0.000000e+000
    outer loop
      vertex  1.875000e+001  1.783494e+001  2.500000e+000
      vertex  1.875000e+001  1.783494e+001  1.250000e+000
      vertex  1.839303e+001  1.808489e+001  1.250000e+000
    endloop
  endfacet
  facet normal  5.735754e-001  8.191527e-001  -0.000000e+000
    outer loop
      vertex  1.875000e+001  1.783494e+001  2.500000e+000
      vertex  1.839303e+001  1.808489e+001  1.250000e+000
      vertex  1.839303e+001  1.808489e+001  2.500000e+000
    endloop
  endfacet
  facet normal  7.071068e-001  7.071068e-001  0.000000e+000
    outer loop
      vertex  1.839303e+001  1.808489e+001  2.500000e+000
      vertex  1.839303e+001  1.808489e+001  1.250000e+000
      vertex  1.808489e+001  1.839303e+001  1.250000e+000
    endloop
  endfacet
  facet normal  7.071068e-001  7.071068e-001  -0.000000e+000
    outer loop
      vertex  1.839303e+001  1.808489e+001  2.500000e+000
      vertex  1.808489e+001  1.839303e+001  1.250000e+000
      vertex  1.808489e+001  1.839303e+001  2.500000e+000
    endloop
  endfacet
  facet normal  8.191527e-001  5.735754e-001  0.000000e+000
    outer loop
      vertex  1.808489e+001  1.839303e+001  2.500000e+000
      vertex  1.808489e+001  1.839303e+001  1.250000e+000
      vertex  1.783494e+001  1.875000e+001  1.250000e+000
    endloop
  endfacet
  facet normal  8.191527e-001  5.735754e-001  -0.000000e+000
    outer loop
      vertex  1.808489e+001  1.839303e+001  2.500000e+000
      vertex  1.783494e+001  1.875000e+001  1.250000e+000
      vertex  1.783494e+001  1.875000e+001  2.500000e+000
    endloop
  endfacet
  facet normal  9.063078e-001  4.226186e-001  0.000000e+000
    outer loop
      vertex  1.783494e+001  1.875000e+001  2.500000e+000
      vertex  1.783494e+001  1.875000e+001  1.250000e+000
      vertex  1.765077e+001  1.914495e+001  1.250000e+000
    endloop
  endfacet
  facet normal  9.063078e-001  4.226186e-001  -0.000000e+000
    outer loop
      vertex  1.783494e+001  1.875000e+001  2.500000e+000
      vertex  1.765077e+001  1.914495e+001  1.250000e+000
      vertex  1.765077e+001  1.914495e+001  2.500000e+000
    endloop
  endfacet
  facet normal  9.659263e-001  2.588173e-001  0.000000e+000
    outer loop
      vertex  1.765077e+001  1.914495e+001  2.500000e+000
      vertex  1.765077e+001  1.914495e+001  1.250000e+000
      vertex  1.753798e+001  1.956588e+001  1.250000e+000
    endloop
  endfacet
  facet normal  9.659263e-001  2.588173e-001  -0.000000e+000
    outer loop
      vertex  1.765077e+001  1.914495e+001  2.500000e+000
      vertex  1.753798e+001  1.956588e+001  1.250000e+000
      vertex  1.753798e+001  1.956588e+001  2.500000e+000
    endloop
  endfacet
  facet normal  9.961947e-001  8.715675e-002  0.000000e+000
    outer loop
      vertex  1.753798e+001  1.956588e+001  2.500000e+000
      vertex  1.753798e+001  1.956588e+001  1.250000e+000
      vertex  1.750000e+001  2.000000e+001  1.250000e+000
    endloop
  endfacet
  facet normal  9.961947e-001  8.715675e-002  -0.000000e+000
    outer loop
      vertex  1.753798e+001  1.956588e+001  2.500000e+000
      vertex  1.750000e+001  2.000000e+001  1.250000e+000
      vertex  1.750000e+001  2.000000e+001  2.500000e+000
    endloop
  endfacet
  facet normal -8.715675e-002  9.961947e-001  0.000000e+000
    outer loop
      vertex  2.000000e+001  1.750000e+001  0.000000e+000
      vertex  2.043412e+001  1.753798e+001  1.250000e+000
      vertex  2.043412e+001  1.753798e+001  0.000000e+000
    endloop
  endfacet
  facet normal -2.588173e-001  9.659263e-001  0.000000e+000
    outer loop
      vertex  2.043412e+001  1.753798e+001  0.000000e+000
      vertex  2.043412e+001  1.753798e+001  1.250000e+000
      vertex  2.085505e+001  1.765077e+001  1.250000e+000
    endloop
  endfacet
  facet normal -2.588173e-001  9.659263e-001  0.000000e+000
    outer loop
      vertex  2.043412e+001  1.753798e+001  0.000000e+000
      vertex  2.085505e+001  1.765077e+001  1.250000e+000
      vertex  2.085505e+001  1.765077e+001  0.000000e+000
    endloop
  endfacet
  facet normal -4.226186e-001  9.063078e-001  0.000000e+000
    outer loop
      vertex  2.085505e+001  1.765077e+001  0.000000e+000
      vertex  2.085505e+001  1.765077e+001  1.250000e+000
      vertex  2.125000e+001  1.783494e+001  1.250000e+000
    endloop
  endfacet
  facet normal -4.226186e-001  9.063078e-001  0.000000e+000
    outer loop
      vertex  2.085505e+001  1.765077e+001  0.000000e+000
      vertex  2.125000e+001  1.783494e+001  1.250000e+000
      vertex  2.125000e+001  1.783494e+001  0.000000e+000
    endloop
  endfacet
  facet normal -5.735754e-001  8.191527e-001  0.000000e+000
    outer loop
      vertex  2.125000e+001  1.783494e+001  0.000000e+000
      vertex  2.125000e+001  1.783494e+001  1.250000e+000
      vertex  2.160697e+001  1.808489e+001  1.250000e+000
    endloop
  endfacet
  facet normal -5.735754e-001  8.191527e-001  0.000000e+000
    outer loop
      vertex  2.125000e+001  1.783494e+001  0.000000e+000
      vertex  2.160697e+001  1.808489e+001  1.250000e+000
      vertex  2.160697e+001  1.808489e+001  0.000000e+000
    endloop
  endfacet
  facet normal -7.071068e-001  7.071068e-001  0.000000e+000
    outer loop
      vertex  2.160697e+001  1.808489e+001  0.000000e+000
      vertex  2.160697e+001  1.808489e+001  1.250000e+000
      vertex  2.191511e+001  1.839303e+001  1.250000e+000
    endloop
  endfacet
  facet normal -7.071068e-001  7.071068e-001  0.000000e+000
    outer loop
      vertex  2.160697e+001  1.808489e+001  0.000000e+000
      vertex  2.191511e+001  1.839303e+001  1.250000e+000
      vertex  2.191511e+001  1.839303e+001  0.000000e+000
    endloop
  endfacet
  facet normal -8.191527e-001  5.735754e-001  0.000000e+000
    outer loop
      vertex  2.191511e+001  1.839303e+001  0.000000e+000
      vertex  2.191511e+001  1.839303e+001  1.250000e+000
      vertex  2.216506e+001  1.875000e+001  1.250000e+000
    endloop
  endfacet
  facet normal -8.191527e-001  5.735754e-001  0.000000e+000
    outer loop
      vertex  2.191511e+001  1.839303e+001  0.000000e+000
      vertex  2.216506e+001  1.875000e+001  1.250000e+000
      vertex  2.216506e+001  1.875000e+001  0.000000e+000
    endloop
  endfacet
  facet normal -9.063078e-001  4.226186e-001  0.000000e+000
    outer loop
      vertex  2.216506e+001  1.875000e+001  0.000000e+000
      vertex  2.216506e+001  1.875000e+001  1.250000e+000
      vertex  2.234923e+001  1.914495e+001  1.250000e+000
    endloop
  endfacet
  facet normal -9.063078e-001  4.226186e-001  0.000000e+000
    outer loop
      vertex  2.216506e+001  1.875000e+001  0.000000e+000
      vertex  2.234923e+001  1.914495e+001  1.250000e+000
      vertex  2.234923e+001  1.914495e+001  0.000000e+000
    endloop
  endfacet
  facet normal -9.659263e-001  2.588173e-001  0.000000e+000
    outer loop
      vertex  2.234923e+001  1.914495e+001  0.000000e+000
      vertex  2.234923e+001  1.914495e+001  1.250000e+000
      vertex  2.246202e+001  1.956588e+001  1.250000e+000
    endloop
  endfacet
  facet normal -9.659263e-001  2.588173e-001  0.000000e+000
    outer loop
      vertex  2.234923e+001  1.914495e+001  0.000000e+000
      vertex  2.246202e+001  1.956588e+001  1.250000e+000
      vertex  2.246202e+001  1.956588e+001  0.000000e+000
    endloop
  endfacet
  facet normal -9.961947e-001  8.715675e-002  0.000000e+000
    outer loop
      vertex  2.246202e+001  1.956588e+001  0.000000e+000
      vertex  2.246202e+001  1.956588e+001  1.250000e+000
      vertex  2.250000e+001  2.000000e+001  1.250000e+000
    endloop
  endfacet
  facet normal -9.961947e-001  8.715675e-002  0.000000e+000
    outer loop
      vertex  2.246202e+001  1.956588e+001  0.000000e+000
      vertex  2.250000e+001  2.000000e+001  1.250000e+000
      vertex  2.250000e+001  2.000000e+001  0.000000e+000
    endloop
  endfacet
  facet normal -8.715675e-002  9.961947e-001  0.000000e+000
    outer loop
      vertex  2.043412e+001  1.753798e+001  1.250000e+000
      vertex  2.000000e+001  1.750000e+001  0.000000e+000
      vertex  2.000000e+001  1.750000e+001  1.250000e+000
    endloop
  endfacet
  facet normal  8.715675e-002  9.961947e-001  0.000000e+000
    outer loop
      vertex  2.000000e+001  1.750000e+001  1.250000e+000
      vertex  2.000000e+001  1.750000e+001  0.000000e+000
      vertex  1.956588e+001  1.753798e+001  0.000000e+000
    endloop
  endfacet
  facet normal  8.715675e-002  9.961947e-001  -0.000000e+000
    outer loop
      vertex  2.000000e+001  1.750000e+001  1.250000e+000
      vertex  1.956588e+001  1.753798e+001  0.000000e+000
      vertex  1.956588e+001  1.753798e+001  1.250000e+000
    endloop
  endfacet
  facet normal  2.588173e-001  9.659263e-001  0.000000e+000
    outer loop
      vertex  1.956588e+001  1.753798e+001  1.250000e+000
      vertex  1.956588e+001  1.753798e+001  0.000000e+000
      vertex  1.914495e+001  1.765077e+001  0.000000e+000
    endloop
  endfacet
  facet normal  2.588173e-001  9.659263e-001  -0.000000e+000
    outer loop
      vertex  1.956588e+001  1.753798e+001  1.250000e+000
      vertex  1.914495e+001  1.765077e+001  0.000000e+000
      vertex  1.914495e+001  1.765077e+001  1.250000e+000
    endloop
  endfacet
  facet normal  4.226186e-001  9.063078e-001  0.000000e+000
    outer loop
      vertex  1.914495e+001  1.765077e+001  1.250000e+000
      vertex  1.914495e+001  1.765077e+001  0.000000e+000
      vertex  1.875000e+001  1.783494e+001  0.000000e+000
    endloop
  endfacet
  facet normal  4.226186e-001  9.063078e-001  -0.000000e+000
    outer loop
      vertex  1.914495e+001  1.765077e+001  1.250000e+000
      vertex  1.875000e+001  1.783494e+001  0.000000e+000
      vertex  1.875000e+001  1.783494e+001  1.250000e+000
    endloop
  endfacet
  facet normal  5.735754e-001  8.191527e-001  0.000000e+000
    outer loop
      vertex  1.875000e+001  1.783494e+001  1.250000e+000
      vertex  1.875000e+001  1.783494e+001  0.000000e+000
      vertex  1.839303e+001  1.808489e+001  0.000000e+000
    endloop
  endfacet
  facet normal  5.735754e-001  8.191527e-001  -0.000000e+000
    outer loop
      vertex  1.875000e+001  1.783494e+001  1.250000e+000
      vertex  1.839303e+001  1.808489e+001  0.000000e+000
      vertex  1.839303e+001  1.808489e+001  1.250000e+000
    endloop
  endfacet
  facet normal  7.071068e-001  7.071068e-001  0.000000e+000
    outer loop
      vertex  1.839303e+001  1.808489e+001  1.250000e+000
      vertex  1.839303e+001  1.808489e+001  0.000000e+000
      vertex  1.808489e+001  1.839303e+001  0.000000e+000
    endloop
  endfacet
  facet normal  7.071068e-001  7.071068e-001  -0.000000e+000
    outer loop
      vertex  1.839303e+001  1.808489e+001  1.250000e+000
      vertex  1.808489e+001  1.839303e+001  0.000000e+000
      vertex  1.808489e+001  1.839303e+001  1.250000e+000
    endloop
  endfacet
  facet normal  8.191527e-001  5.735754e-001  0.000000e+000
    outer loop
      vertex  1.808489e+001  1.839303e+001  1.250000e+000
      vertex  1.808489e+001  1.839303e+001  0.000000e+000
      vertex  1.783494e+001  1.875000e+001  0.000000e+000
    endloop
  endfacet
  facet normal  8.191527e-001  5.735754e-001  -0.000000e+000
    outer loop
      vertex  1.808489e+001  1.839303e+001  1.250000e+000
      vertex  1.783494e+001  1.875000e+001  0.000000e+000
      vertex  1.783494e+001  1.875000e+001  1.250000e+000
    endloop
  endfacet
  facet normal  9.063078e-001  4.226186e-001  0.000000e+000
    outer loop
      vertex  1.783494e+001  1.875000e+001  1.250000e+000
      vertex  1.783494e+001  1.875000e+001  0.000000e+000
      vertex  1.765077e+001  1.914495e+001  0.000000e+000
    endloop
  endfacet
  facet normal  9.063078e-001  4.226186e-001  -0.000000e+000
    outer loop
      vertex  1.783494e+001  1.875000e+001  1.250000e+000
      vertex  1.765077e+001  1.914495e+001  0.000000e+000
      vertex  1.765077e+001  1.914495e+001  1.250000e+000
    endloop
  endfacet
  facet normal  9.659263e-001  2.588173e-001  0.000000e+000
    outer loop
      vertex  1.765077e+001  1.914495e+001  1.250000e+000
      vertex  1.765077e+001  1.914495e+001  0.000000e+000
      vertex  1.753798e+001  1.956588e+001  0.000000e+000
    endloop
  endfacet
  facet normal  9.659263e-001  2.588173e-001  -0.000000e+000
    outer loop
      vertex  1.765077e+001  1.914495e+001  1.250000e+000
      vertex  1.753798e+001  1.956588e+001  0.000000e+000
      vertex  1.753798e+001  1.956588e+001  1.250000e+000
    endloop
  endfacet
  facet normal  9.961947e-001  8.715675e-002  0.000000e+000
    outer loop
      vertex  1.753798e+001  1.956588e+001  1.250000e+000
      vertex  1.753798e+001  1.956588e+001  0.000000e+000
      vertex  1.750000e+001  2.000000e+001  0.000000e+000
    endloop
  endfacet
  facet normal  9.961947e-001  8.715675e-002  -0.000000e+000
    outer loop
      vertex  1.753798e+001  1.956588e+001  1.250000e+000
      vertex  1.750000e+001  2.000000e+001  0.000000e+000
      vertex  1.750000e+001  2.000000e+001  1.250000e+000
    endloop
  endfacet
  facet normal  7.134146e-002 -9.974520e-001  0.000000e+000
    outer loop
      vertex  3.469083e-015 -1.640000e+001  1.250000e+000
      vertex -5.123334e-001 -1.643664e+001  2.500000e+000
      vertex -5.123334e-001 -1.643664e+001  1.250000e+000
    endloop
  endfacet
  facet normal  2.125650e-001 -9.771469e-001  0.000000e+000
    outer loop
      vertex -5.123334e-001 -1.643664e+001  1.250000e+000
      vertex -5.123334e-001 -1.643664e+001  2.500000e+000
      vertex -1.014237e+000 -1.654583e+001  2.500000e+000
    endloop
  endfacet
  facet normal  2.125650e-001 -9.771469e-001  0.000000e+000
    outer loop
      vertex -5.123334e-001 -1.643664e+001  1.250000e+000
      vertex -1.014237e+000 -1.654583e+001  2.500000e+000
      vertex -1.014237e+000 -1.654583e+001  1.250000e+000
    endloop
  endfacet
  facet normal  3.494627e-001 -9.369503e-001  0.000000e+000
    outer loop
      vertex -1.014237e+000 -1.654583e+001  1.250000e+000
      vertex -1.014237e+000 -1.654583e+001  2.500000e+000
      vertex -1.495494e+000 -1.672532e+001  2.500000e+000
    endloop
  endfacet
  facet normal  3.494627e-001 -9.369503e-001  0.000000e+000
    outer loop
      vertex -1.014237e+000 -1.654583e+001  1.250000e+000
      vertex -1.495494e+000 -1.672532e+001  2.500000e+000
      vertex -1.495494e+000 -1.672532e+001  1.250000e+000
    endloop
  endfacet
  facet normal  4.792489e-001 -8.776790e-001  0.000000e+000
    outer loop
      vertex -1.495494e+000 -1.672532e+001  1.250000e+000
      vertex -1.495494e+000 -1.672532e+001  2.500000e+000
      vertex -1.946307e+000 -1.697149e+001  2.500000e+000
    endloop
  endfacet
  facet normal  4.792489e-001 -8.776790e-001  0.000000e+000
    outer loop
      vertex -1.495494e+000 -1.672532e+001  1.250000e+000
      vertex -1.946307e+000 -1.697149e+001  2.500000e+000
      vertex -1.946307e+000 -1.697149e+001  1.250000e+000
    endloop
  endfacet
  facet normal  5.992770e-001 -8.005419e-001  0.000000e+000
    outer loop
      vertex -1.946307e+000 -1.697149e+001  1.250000e+000
      vertex -1.946307e+000 -1.697149e+001  2.500000e+000
      vertex -2.357499e+000 -1.727930e+001  2.500000e+000
    endloop
  endfacet
  facet normal  5.992770e-001 -8.005419e-001  0.000000e+000
    outer loop
      vertex -1.946307e+000 -1.697149e+001  1.250000e+000
      vertex -2.357499e+000 -1.727930e+001  2.500000e+000
      vertex -2.357499e+000 -1.727930e+001  1.250000e+000
    endloop
  endfacet
  facet normal  7.071081e-001 -7.071053e-001  0.000000e+000
    outer loop
      vertex -2.357499e+000 -1.727930e+001  1.250000e+000
      vertex -2.357499e+000 -1.727930e+001  2.500000e+000
      vertex -2.720698e+000 -1.764250e+001  2.500000e+000
    endloop
  endfacet
  facet normal  7.071081e-001 -7.071053e-001  0.000000e+000
    outer loop
      vertex -2.357499e+000 -1.727930e+001  1.250000e+000
      vertex -2.720698e+000 -1.764250e+001  2.500000e+000
      vertex -2.720698e+000 -1.764250e+001  1.250000e+000
    endloop
  endfacet
  facet normal  8.005413e-001 -5.992776e-001  0.000000e+000
    outer loop
      vertex -2.720698e+000 -1.764250e+001  1.250000e+000
      vertex -2.720698e+000 -1.764250e+001  2.500000e+000
      vertex -3.028513e+000 -1.805369e+001  2.500000e+000
    endloop
  endfacet
  facet normal  8.005413e-001 -5.992776e-001  0.000000e+000
    outer loop
      vertex -2.720698e+000 -1.764250e+001  1.250000e+000
      vertex -3.028513e+000 -1.805369e+001  2.500000e+000
      vertex -3.028513e+000 -1.805369e+001  1.250000e+000
    endloop
  endfacet
  facet normal  8.776783e-001 -4.792501e-001  0.000000e+000
    outer loop
      vertex -3.028513e+000 -1.805369e+001  1.250000e+000
      vertex -3.028513e+000 -1.805369e+001  2.500000e+000
      vertex -3.274675e+000 -1.850451e+001  2.500000e+000
    endloop
  endfacet
  facet normal  8.776783e-001 -4.792501e-001  0.000000e+000
    outer loop
      vertex -3.028513e+000 -1.805369e+001  1.250000e+000
      vertex -3.274675e+000 -1.850451e+001  2.500000e+000
      vertex -3.274675e+000 -1.850451e+001  1.250000e+000
    endloop
  endfacet
  facet normal  9.369501e-001 -3.494634e-001  0.000000e+000
    outer loop
      vertex -3.274675e+000 -1.850451e+001  1.250000e+000
      vertex -3.274675e+000 -1.850451e+001  2.500000e+000
      vertex -3.454175e+000 -1.898576e+001  2.500000e+000
    endloop
  endfacet
  facet normal  9.369501e-001 -3.494634e-001  0.000000e+000
    outer loop
      vertex -3.274675e+000 -1.850451e+001  1.250000e+000
      vertex -3.454175e+000 -1.898576e+001  2.500000e+000
      vertex -3.454175e+000 -1.898576e+001  1.250000e+000
    endloop
  endfacet
  facet normal  9.771469e-001 -2.125652e-001  0.000000e+000
    outer loop
      vertex -3.454175e+000 -1.898576e+001  1.250000e+000
      vertex -3.454175e+000 -1.898576e+001  2.500000e+000
      vertex -3.563357e+000 -1.948767e+001  2.500000e+000
    endloop
  endfacet
  facet normal  9.771469e-001 -2.125652e-001  0.000000e+000
    outer loop
      vertex -3.454175e+000 -1.898576e+001  1.250000e+000
      vertex -3.563357e+000 -1.948767e+001  2.500000e+000
      vertex -3.563357e+000 -1.948767e+001  1.250000e+000
    endloop
  endfacet
  facet normal  9.974521e-001 -7.133921e-002  0.000000e+000
    outer loop
      vertex -3.563357e+000 -1.948767e+001  1.250000e+000
      vertex -3.563357e+000 -1.948767e+001  2.500000e+000
      vertex -3.600000e+000 -2.000000e+001  2.500000e+000
    endloop
  endfacet
  facet normal  9.974521e-001 -7.133921e-002  0.000000e+000
    outer loop
      vertex -3.563357e+000 -1.948767e+001  1.250000e+000
      vertex -3.600000e+000 -2.000000e+001  2.500000e+000
      vertex -3.600000e+000 -2.000000e+001  1.250000e+000
    endloop
  endfacet
  facet normal  7.134146e-002 -9.974520e-001  4.562205e-017
    outer loop
      vertex -5.123334e-001 -1.643664e+001  2.500000e+000
      vertex  3.469083e-015 -1.640000e+001  1.250000e+000
      vertex  2.669723e-015 -1.640000e+001  2.500000e+000
    endloop
  endfacet
  facet normal -7.134146e-002 -9.974520e-001 -4.562205e-017
    outer loop
      vertex  2.669723e-015 -1.640000e+001  2.500000e+000
      vertex  3.469083e-015 -1.640000e+001  1.250000e+000
      vertex  5.123334e-001 -1.643664e+001  1.250000e+000
    endloop
  endfacet
  facet normal -7.134146e-002 -9.974520e-001  0.000000e+000
    outer loop
      vertex  2.669723e-015 -1.640000e+001  2.500000e+000
      vertex  5.123334e-001 -1.643664e+001  1.250000e+000
      vertex  5.123334e-001 -1.643664e+001  2.500000e+000
    endloop
  endfacet
  facet normal -2.125650e-001 -9.771469e-001  -0.000000e+000
    outer loop
      vertex  5.123334e-001 -1.643664e+001  2.500000e+000
      vertex  5.123334e-001 -1.643664e+001  1.250000e+000
      vertex  1.014237e+000 -1.654583e+001  1.250000e+000
    endloop
  endfacet
  facet normal -2.125650e-001 -9.771469e-001  0.000000e+000
    outer loop
      vertex  5.123334e-001 -1.643664e+001  2.500000e+000
      vertex  1.014237e+000 -1.654583e+001  1.250000e+000
      vertex  1.014237e+000 -1.654583e+001  2.500000e+000
    endloop
  endfacet
  facet normal -3.494627e-001 -9.369503e-001  -0.000000e+000
    outer loop
      vertex  1.014237e+000 -1.654583e+001  2.500000e+000
      vertex  1.014237e+000 -1.654583e+001  1.250000e+000
      vertex  1.495494e+000 -1.672532e+001  1.250000e+000
    endloop
  endfacet
  facet normal -3.494627e-001 -9.369503e-001  0.000000e+000
    outer loop
      vertex  1.014237e+000 -1.654583e+001  2.500000e+000
      vertex  1.495494e+000 -1.672532e+001  1.250000e+000
      vertex  1.495494e+000 -1.672532e+001  2.500000e+000
    endloop
  endfacet
  facet normal -4.792489e-001 -8.776790e-001  -0.000000e+000
    outer loop
      vertex  1.495494e+000 -1.672532e+001  2.500000e+000
      vertex  1.495494e+000 -1.672532e+001  1.250000e+000
      vertex  1.946307e+000 -1.697149e+001  1.250000e+000
    endloop
  endfacet
  facet normal -4.792489e-001 -8.776790e-001  0.000000e+000
    outer loop
      vertex  1.495494e+000 -1.672532e+001  2.500000e+000
      vertex  1.946307e+000 -1.697149e+001  1.250000e+000
      vertex  1.946307e+000 -1.697149e+001  2.500000e+000
    endloop
  endfacet
  facet normal -5.992770e-001 -8.005419e-001  -0.000000e+000
    outer loop
      vertex  1.946307e+000 -1.697149e+001  2.500000e+000
      vertex  1.946307e+000 -1.697149e+001  1.250000e+000
      vertex  2.357499e+000 -1.727930e+001  1.250000e+000
    endloop
  endfacet
  facet normal -5.992770e-001 -8.005419e-001  0.000000e+000
    outer loop
      vertex  1.946307e+000 -1.697149e+001  2.500000e+000
      vertex  2.357499e+000 -1.727930e+001  1.250000e+000
      vertex  2.357499e+000 -1.727930e+001  2.500000e+000
    endloop
  endfacet
  facet normal -7.071081e-001 -7.071053e-001  -0.000000e+000
    outer loop
      vertex  2.357499e+000 -1.727930e+001  2.500000e+000
      vertex  2.357499e+000 -1.727930e+001  1.250000e+000
      vertex  2.720698e+000 -1.764250e+001  1.250000e+000
    endloop
  endfacet
  facet normal -7.071081e-001 -7.071053e-001  0.000000e+000
    outer loop
      vertex  2.357499e+000 -1.727930e+001  2.500000e+000
      vertex  2.720698e+000 -1.764250e+001  1.250000e+000
      vertex  2.720698e+000 -1.764250e+001  2.500000e+000
    endloop
  endfacet
  facet normal -8.005413e-001 -5.992776e-001  -0.000000e+000
    outer loop
      vertex  2.720698e+000 -1.764250e+001  2.500000e+000
      vertex  2.720698e+000 -1.764250e+001  1.250000e+000
      vertex  3.028513e+000 -1.805369e+001  1.250000e+000
    endloop
  endfacet
  facet normal -8.005413e-001 -5.992776e-001  0.000000e+000
    outer loop
      vertex  2.720698e+000 -1.764250e+001  2.500000e+000
      vertex  3.028513e+000 -1.805369e+001  1.250000e+000
      vertex  3.028513e+000 -1.805369e+001  2.500000e+000
    endloop
  endfacet
  facet normal -8.776783e-001 -4.792501e-001  -0.000000e+000
    outer loop
      vertex  3.028513e+000 -1.805369e+001  2.500000e+000
      vertex  3.028513e+000 -1.805369e+001  1.250000e+000
      vertex  3.274675e+000 -1.850451e+001  1.250000e+000
    endloop
  endfacet
  facet normal -8.776783e-001 -4.792501e-001  0.000000e+000
    outer loop
      vertex  3.028513e+000 -1.805369e+001  2.500000e+000
      vertex  3.274675e+000 -1.850451e+001  1.250000e+000
      vertex  3.274675e+000 -1.850451e+001  2.500000e+000
    endloop
  endfacet
  facet normal -9.369501e-001 -3.494634e-001  -0.000000e+000
    outer loop
      vertex  3.274675e+000 -1.850451e+001  2.500000e+000
      vertex  3.274675e+000 -1.850451e+001  1.250000e+000
      vertex  3.454175e+000 -1.898576e+001  1.250000e+000
    endloop
  endfacet
  facet normal -9.369501e-001 -3.494634e-001  0.000000e+000
    outer loop
      vertex  3.274675e+000 -1.850451e+001  2.500000e+000
      vertex  3.454175e+000 -1.898576e+001  1.250000e+000
      vertex  3.454175e+000 -1.898576e+001  2.500000e+000
    endloop
  endfacet
  facet normal -9.771469e-001 -2.125652e-001  -0.000000e+000
    outer loop
      vertex  3.454175e+000 -1.898576e+001  2.500000e+000
      vertex  3.454175e+000 -1.898576e+001  1.250000e+000
      vertex  3.563357e+000 -1.948767e+001  1.250000e+000
    endloop
  endfacet
  facet normal -9.771469e-001 -2.125652e-001  0.000000e+000
    outer loop
      vertex  3.454175e+000 -1.898576e+001  2.500000e+000
      vertex  3.563357e+000 -1.948767e+001  1.250000e+000
      vertex  3.563357e+000 -1.948767e+001  2.500000e+000
    endloop
  endfacet
  facet normal -9.974521e-001 -7.133921e-002  -0.000000e+000
    outer loop
      vertex  3.563357e+000 -1.948767e+001  2.500000e+000
      vertex  3.563357e+000 -1.948767e+001  1.250000e+000
      vertex  3.600000e+000 -2.000000e+001  1.250000e+000
    endloop
  endfacet
  facet normal -9.974521e-001 -7.133921e-002  0.000000e+000
    outer loop
      vertex  3.563357e+000 -1.948767e+001  2.500000e+000
      vertex  3.600000e+000 -2.000000e+001  1.250000e+000
      vertex  3.600000e+000 -2.000000e+001  2.500000e+000
    endloop
  endfacet
  facet normal  7.134146e-002 -9.974520e-001  0.000000e+000
    outer loop
      vertex  1.197425e-015 -1.640000e+001  0.000000e+000
      vertex -5.123334e-001 -1.643664e+001  1.250000e+000
      vertex -5.123334e-001 -1.643664e+001  0.000000e+000
    endloop
  endfacet
  facet normal  2.125650e-001 -9.771469e-001  0.000000e+000
    outer loop
      vertex -5.123334e-001 -1.643664e+001  0.000000e+000
      vertex -5.123334e-001 -1.643664e+001  1.250000e+000
      vertex -1.014237e+000 -1.654583e+001  1.250000e+000
    endloop
  endfacet
  facet normal  2.125650e-001 -9.771469e-001  0.000000e+000
    outer loop
      vertex -5.123334e-001 -1.643664e+001  0.000000e+000
      vertex -1.014237e+000 -1.654583e+001  1.250000e+000
      vertex -1.014237e+000 -1.654583e+001  0.000000e+000
    endloop
  endfacet
  facet normal  3.494627e-001 -9.369503e-001  0.000000e+000
    outer loop
      vertex -1.014237e+000 -1.654583e+001  0.000000e+000
      vertex -1.014237e+000 -1.654583e+001  1.250000e+000
      vertex -1.495494e+000 -1.672532e+001  1.250000e+000
    endloop
  endfacet
  facet normal  3.494627e-001 -9.369503e-001  0.000000e+000
    outer loop
      vertex -1.014237e+000 -1.654583e+001  0.000000e+000
      vertex -1.495494e+000 -1.672532e+001  1.250000e+000
      vertex -1.495494e+000 -1.672532e+001  0.000000e+000
    endloop
  endfacet
  facet normal  4.792489e-001 -8.776790e-001  0.000000e+000
    outer loop
      vertex -1.495494e+000 -1.672532e+001  0.000000e+000
      vertex -1.495494e+000 -1.672532e+001  1.250000e+000
      vertex -1.946307e+000 -1.697149e+001  1.250000e+000
    endloop
  endfacet
  facet normal  4.792489e-001 -8.776790e-001  0.000000e+000
    outer loop
      vertex -1.495494e+000 -1.672532e+001  0.000000e+000
      vertex -1.946307e+000 -1.697149e+001  1.250000e+000
      vertex -1.946307e+000 -1.697149e+001  0.000000e+000
    endloop
  endfacet
  facet normal  5.992770e-001 -8.005419e-001  0.000000e+000
    outer loop
      vertex -1.946307e+000 -1.697149e+001  0.000000e+000
      vertex -1.946307e+000 -1.697149e+001  1.250000e+000
      vertex -2.357499e+000 -1.727930e+001  1.250000e+000
    endloop
  endfacet
  facet normal  5.992770e-001 -8.005419e-001  0.000000e+000
    outer loop
      vertex -1.946307e+000 -1.697149e+001  0.000000e+000
      vertex -2.357499e+000 -1.727930e+001  1.250000e+000
      vertex -2.357499e+000 -1.727930e+001  0.000000e+000
    endloop
  endfacet
  facet normal  7.071081e-001 -7.071053e-001  0.000000e+000
    outer loop
      vertex -2.357499e+000 -1.727930e+001  0.000000e+000
      vertex -2.357499e+000 -1.727930e+001  1.250000e+000
      vertex -2.720698e+000 -1.764250e+001  1.250000e+000
    endloop
  endfacet
  facet normal  7.071081e-001 -7.071053e-001  0.000000e+000
    outer loop
      vertex -2.357499e+000 -1.727930e+001  0.000000e+000
      vertex -2.720698e+000 -1.764250e+001  1.250000e+000
      vertex -2.720698e+000 -1.764250e+001  0.000000e+000
    endloop
  endfacet
  facet normal  8.005413e-001 -5.992776e-001  0.000000e+000
    outer loop
      vertex -2.720698e+000 -1.764250e+001  0.000000e+000
      vertex -2.720698e+000 -1.764250e+001  1.250000e+000
      vertex -3.028513e+000 -1.805369e+001  1.250000e+000
    endloop
  endfacet
  facet normal  8.005413e-001 -5.992776e-001  0.000000e+000
    outer loop
      vertex -2.720698e+000 -1.764250e+001  0.000000e+000
      vertex -3.028513e+000 -1.805369e+001  1.250000e+000
      vertex -3.028513e+000 -1.805369e+001  0.000000e+000
    endloop
  endfacet
  facet normal  8.776783e-001 -4.792501e-001  0.000000e+000
    outer loop
      vertex -3.028513e+000 -1.805369e+001  0.000000e+000
      vertex -3.028513e+000 -1.805369e+001  1.250000e+000
      vertex -3.274675e+000 -1.850451e+001  1.250000e+000
    endloop
  endfacet
  facet normal  8.776783e-001 -4.792501e-001  0.000000e+000
    outer loop
      vertex -3.028513e+000 -1.805369e+001  0.000000e+000
      vertex -3.274675e+000 -1.850451e+001  1.250000e+000
      vertex -3.274675e+000 -1.850451e+001  0.000000e+000
    endloop
  endfacet
  facet normal  9.369501e-001 -3.494634e-001  0.000000e+000
    outer loop
      vertex -3.274675e+000 -1.850451e+001  0.000000e+000
      vertex -3.274675e+000 -1.850451e+001  1.250000e+000
      vertex -3.454175e+000 -1.898576e+001  1.250000e+000
    endloop
  endfacet
  facet normal  9.369501e-001 -3.494634e-001  0.000000e+000
    outer loop
      vertex -3.274675e+000 -1.850451e+001  0.000000e+000
      vertex -3.454175e+000 -1.898576e+001  1.250000e+000
      vertex -3.454175e+000 -1.898576e+001  0.000000e+000
    endloop
  endfacet
  facet normal  9.771469e-001 -2.125652e-001  0.000000e+000
    outer loop
      vertex -3.454175e+000 -1.898576e+001  0.000000e+000
      vertex -3.454175e+000 -1.898576e+001  1.250000e+000
      vertex -3.563357e+000 -1.948767e+001  1.250000e+000
    endloop
  endfacet
  facet normal  9.771469e-001 -2.125652e-001  0.000000e+000
    outer loop
      vertex -3.454175e+000 -1.898576e+001  0.000000e+000
      vertex -3.563357e+000 -1.948767e+001  1.250000e+000
      vertex -3.563357e+000 -1.948767e+001  0.000000e+000
    endloop
  endfacet
  facet normal  9.974521e-001 -7.133921e-002  0.000000e+000
    outer loop
      vertex -3.563357e+000 -1.948767e+001  0.000000e+000
      vertex -3.563357e+000 -1.948767e+001  1.250000e+000
      vertex -3.600000e+000 -2.000000e+001  1.250000e+000
    endloop
  endfacet
  facet normal  9.974521e-001 -7.133921e-002  0.000000e+000
    outer loop
      vertex -3.563357e+000 -1.948767e+001  0.000000e+000
      vertex -3.600000e+000 -2.000000e+001  1.250000e+000
      vertex -3.600000e+000 -2.000000e+001  0.000000e+000
    endloop
  endfacet
  facet normal  7.134146e-002 -9.974520e-001 -1.296507e-016
    outer loop
      vertex -5.123334e-001 -1.643664e+001  1.250000e+000
      vertex  1.197425e-015 -1.640000e+001  0.000000e+000
      vertex  3.469083e-015 -1.640000e+001  1.250000e+000
    endloop
  endfacet
  facet normal -7.134146e-002 -9.974520e-001  1.296507e-016
    outer loop
      vertex  3.469083e-015 -1.640000e+001  1.250000e+000
      vertex  1.197425e-015 -1.640000e+001  0.000000e+000
      vertex  5.123334e-001 -1.643664e+001  0.000000e+000
    endloop
  endfacet
  facet normal -7.134146e-002 -9.974520e-001  0.000000e+000
    outer loop
      vertex  3.469083e-015 -1.640000e+001  1.250000e+000
      vertex  5.123334e-001 -1.643664e+001  0.000000e+000
      vertex  5.123334e-001 -1.643664e+001  1.250000e+000
    endloop
  endfacet
  facet normal -2.125650e-001 -9.771469e-001  -0.000000e+000
    outer loop
      vertex  5.123334e-001 -1.643664e+001  1.250000e+000
      vertex  5.123334e-001 -1.643664e+001  0.000000e+000
      vertex  1.014237e+000 -1.654583e+001  0.000000e+000
    endloop
  endfacet
  facet normal -2.125650e-001 -9.771469e-001  0.000000e+000
    outer loop
      vertex  5.123334e-001 -1.643664e+001  1.250000e+000
      vertex  1.014237e+000 -1.654583e+001  0.000000e+000
      vertex  1.014237e+000 -1.654583e+001  1.250000e+000
    endloop
  endfacet
  facet normal -3.494627e-001 -9.369503e-001  -0.000000e+000
    outer loop
      vertex  1.014237e+000 -1.654583e+001  1.250000e+000
      vertex  1.014237e+000 -1.654583e+001  0.000000e+000
      vertex  1.495494e+000 -1.672532e+001  0.000000e+000
    endloop
  endfacet
  facet normal -3.494627e-001 -9.369503e-001  0.000000e+000
    outer loop
      vertex  1.014237e+000 -1.654583e+001  1.250000e+000
      vertex  1.495494e+000 -1.672532e+001  0.000000e+000
      vertex  1.495494e+000 -1.672532e+001  1.250000e+000
    endloop
  endfacet
  facet normal -4.792489e-001 -8.776790e-001  -0.000000e+000
    outer loop
      vertex  1.495494e+000 -1.672532e+001  1.250000e+000
      vertex  1.495494e+000 -1.672532e+001  0.000000e+000
      vertex  1.946307e+000 -1.697149e+001  0.000000e+000
    endloop
  endfacet
  facet normal -4.792489e-001 -8.776790e-001  0.000000e+000
    outer loop
      vertex  1.495494e+000 -1.672532e+001  1.250000e+000
      vertex  1.946307e+000 -1.697149e+001  0.000000e+000
      vertex  1.946307e+000 -1.697149e+001  1.250000e+000
    endloop
  endfacet
  facet normal -5.992770e-001 -8.005419e-001  -0.000000e+000
    outer loop
      vertex  1.946307e+000 -1.697149e+001  1.250000e+000
      vertex  1.946307e+000 -1.697149e+001  0.000000e+000
      vertex  2.357499e+000 -1.727930e+001  0.000000e+000
    endloop
  endfacet
  facet normal -5.992770e-001 -8.005419e-001  0.000000e+000
    outer loop
      vertex  1.946307e+000 -1.697149e+001  1.250000e+000
      vertex  2.357499e+000 -1.727930e+001  0.000000e+000
      vertex  2.357499e+000 -1.727930e+001  1.250000e+000
    endloop
  endfacet
  facet normal -7.071081e-001 -7.071053e-001  -0.000000e+000
    outer loop
      vertex  2.357499e+000 -1.727930e+001  1.250000e+000
      vertex  2.357499e+000 -1.727930e+001  0.000000e+000
      vertex  2.720698e+000 -1.764250e+001  0.000000e+000
    endloop
  endfacet
  facet normal -7.071081e-001 -7.071053e-001  0.000000e+000
    outer loop
      vertex  2.357499e+000 -1.727930e+001  1.250000e+000
      vertex  2.720698e+000 -1.764250e+001  0.000000e+000
      vertex  2.720698e+000 -1.764250e+001  1.250000e+000
    endloop
  endfacet
  facet normal -8.005413e-001 -5.992776e-001  -0.000000e+000
    outer loop
      vertex  2.720698e+000 -1.764250e+001  1.250000e+000
      vertex  2.720698e+000 -1.764250e+001  0.000000e+000
      vertex  3.028513e+000 -1.805369e+001  0.000000e+000
    endloop
  endfacet
  facet normal -8.005413e-001 -5.992776e-001  0.000000e+000
    outer loop
      vertex  2.720698e+000 -1.764250e+001  1.250000e+000
      vertex  3.028513e+000 -1.805369e+001  0.000000e+000
      vertex  3.028513e+000 -1.805369e+001  1.250000e+000
    endloop
  endfacet
  facet normal -8.776783e-001 -4.792501e-001  -0.000000e+000
    outer loop
      vertex  3.028513e+000 -1.805369e+001  1.250000e+000
      vertex  3.028513e+000 -1.805369e+001  0.000000e+000
      vertex  3.274675e+000 -1.850451e+001  0.000000e+000
    endloop
  endfacet
  facet normal -8.776783e-001 -4.792501e-001  0.000000e+000
    outer loop
      vertex  3.028513e+000 -1.805369e+001  1.250000e+000
      vertex  3.274675e+000 -1.850451e+001  0.000000e+000
      vertex  3.274675e+000 -1.850451e+001  1.250000e+000
    endloop
  endfacet
  facet normal -9.369501e-001 -3.494634e-001  -0.000000e+000
    outer loop
      vertex  3.274675e+000 -1.850451e+001  1.250000e+000
      vertex  3.274675e+000 -1.850451e+001  0.000000e+000
      vertex  3.454175e+000 -1.898576e+001  0.000000e+000
    endloop
  endfacet
  facet normal -9.369501e-001 -3.494634e-001  0.000000e+000
    outer loop
      vertex  3.274675e+000 -1.850451e+001  1.250000e+000
      vertex  3.454175e+000 -1.898576e+001  0.000000e+000
      vertex  3.454175e+000 -1.898576e+001  1.250000e+000
    endloop
  endfacet
  facet normal -9.771469e-001 -2.125652e-001  -0.000000e+000
    outer loop
      vertex  3.454175e+000 -1.898576e+001  1.250000e+000
      vertex  3.454175e+000 -1.898576e+001  0.000000e+000
      vertex  3.563357e+000 -1.948767e+001  0.000000e+000
    endloop
  endfacet
  facet normal -9.771469e-001 -2.125652e-001  0.000000e+000
    outer loop
      vertex  3.454175e+000 -1.898576e+001  1.250000e+000
      vertex  3.563357e+000 -1.948767e+001  0.000000e+000
      vertex  3.563357e+000 -1.948767e+001  1.250000e+000
    endloop
  endfacet
  facet normal -9.974521e-001 -7.133921e-002  -0.000000e+000
    outer loop
      vertex  3.563357e+000 -1.948767e+001  1.250000e+000
      vertex  3.563357e+000 -1.948767e+001  0.000000e+000
      vertex  3.600000e+000 -2.000000e+001  0.000000e+000
    endloop
  endfacet
  facet normal -9.974521e-001 -7.133921e-002  0.000000e+000
    outer loop
      vertex  3.563357e+000 -1.948767e+001  1.250000e+000
      vertex  3.600000e+000 -2.000000e+001  0.000000e+000
      vertex  3.600000e+000 -2.000000e+001  1.250000e+000
    endloop
  endfacet
  facet normal -7.134146e-002  9.974520e-001  0.000000e+000
    outer loop
      vertex -1.409436e-015 -2.360000e+001  1.250000e+000
      vertex  5.123334e-001 -2.356336e+001  2.500000e+000
      vertex  5.123334e-001 -2.356336e+001  1.250000e+000
    endloop
  endfacet
  facet normal -2.125650e-001  9.771469e-001  0.000000e+000
    outer loop
      vertex  5.123334e-001 -2.356336e+001  1.250000e+000
      vertex  5.123334e-001 -2.356336e+001  2.500000e+000
      vertex  1.014237e+000 -2.345417e+001  2.500000e+000
    endloop
  endfacet
  facet normal -2.125650e-001  9.771469e-001  0.000000e+000
    outer loop
      vertex  5.123334e-001 -2.356336e+001  1.250000e+000
      vertex  1.014237e+000 -2.345417e+001  2.500000e+000
      vertex  1.014237e+000 -2.345417e+001  1.250000e+000
    endloop
  endfacet
  facet normal -3.494627e-001  9.369503e-001  0.000000e+000
    outer loop
      vertex  1.014237e+000 -2.345417e+001  1.250000e+000
      vertex  1.014237e+000 -2.345417e+001  2.500000e+000
      vertex  1.495494e+000 -2.327468e+001  2.500000e+000
    endloop
  endfacet
  facet normal -3.494627e-001  9.369503e-001  0.000000e+000
    outer loop
      vertex  1.014237e+000 -2.345417e+001  1.250000e+000
      vertex  1.495494e+000 -2.327468e+001  2.500000e+000
      vertex  1.495494e+000 -2.327468e+001  1.250000e+000
    endloop
  endfacet
  facet normal -4.792489e-001  8.776790e-001  0.000000e+000
    outer loop
      vertex  1.495494e+000 -2.327468e+001  1.250000e+000
      vertex  1.495494e+000 -2.327468e+001  2.500000e+000
      vertex  1.946307e+000 -2.302851e+001  2.500000e+000
    endloop
  endfacet
  facet normal -4.792489e-001  8.776790e-001  0.000000e+000
    outer loop
      vertex  1.495494e+000 -2.327468e+001  1.250000e+000
      vertex  1.946307e+000 -2.302851e+001  2.500000e+000
      vertex  1.946307e+000 -2.302851e+001  1.250000e+000
    endloop
  endfacet
  facet normal -5.992770e-001  8.005419e-001  0.000000e+000
    outer loop
      vertex  1.946307e+000 -2.302851e+001  1.250000e+000
      vertex  1.946307e+000 -2.302851e+001  2.500000e+000
      vertex  2.357499e+000 -2.272070e+001  2.500000e+000
    endloop
  endfacet
  facet normal -5.992770e-001  8.005419e-001  0.000000e+000
    outer loop
      vertex  1.946307e+000 -2.302851e+001  1.250000e+000
      vertex  2.357499e+000 -2.272070e+001  2.500000e+000
      vertex  2.357499e+000 -2.272070e+001  1.250000e+000
    endloop
  endfacet
  facet normal -7.071081e-001  7.071053e-001  0.000000e+000
    outer loop
      vertex  2.357499e+000 -2.272070e+001  1.250000e+000
      vertex  2.357499e+000 -2.272070e+001  2.500000e+000
      vertex  2.720698e+000 -2.235750e+001  2.500000e+000
    endloop
  endfacet
  facet normal -7.071081e-001  7.071053e-001  0.000000e+000
    outer loop
      vertex  2.357499e+000 -2.272070e+001  1.250000e+000
      vertex  2.720698e+000 -2.235750e+001  2.500000e+000
      vertex  2.720698e+000 -2.235750e+001  1.250000e+000
    endloop
  endfacet
  facet normal -8.005413e-001  5.992776e-001  0.000000e+000
    outer loop
      vertex  2.720698e+000 -2.235750e+001  1.250000e+000
      vertex  2.720698e+000 -2.235750e+001  2.500000e+000
      vertex  3.028513e+000 -2.194631e+001  2.500000e+000
    endloop
  endfacet
  facet normal -8.005413e-001  5.992776e-001  0.000000e+000
    outer loop
      vertex  2.720698e+000 -2.235750e+001  1.250000e+000
      vertex  3.028513e+000 -2.194631e+001  2.500000e+000
      vertex  3.028513e+000 -2.194631e+001  1.250000e+000
    endloop
  endfacet
  facet normal -8.776783e-001  4.792501e-001  0.000000e+000
    outer loop
      vertex  3.028513e+000 -2.194631e+001  1.250000e+000
      vertex  3.028513e+000 -2.194631e+001  2.500000e+000
      vertex  3.274675e+000 -2.149549e+001  2.500000e+000
    endloop
  endfacet
  facet normal -8.776783e-001  4.792501e-001  0.000000e+000
    outer loop
      vertex  3.028513e+000 -2.194631e+001  1.250000e+000
      vertex  3.274675e+000 -2.149549e+001  2.500000e+000
      vertex  3.274675e+000 -2.149549e+001  1.250000e+000
    endloop
  endfacet
  facet normal -9.369501e-001  3.494634e-001  0.000000e+000
    outer loop
      vertex  3.274675e+000 -2.149549e+001  1.250000e+000
      vertex  3.274675e+000 -2.149549e+001  2.500000e+000
      vertex  3.454175e+000 -2.101424e+001  2.500000e+000
    endloop
  endfacet
  facet normal -9.369501e-001  3.494634e-001  0.000000e+000
    outer loop
      vertex  3.274675e+000 -2.149549e+001  1.250000e+000
      vertex  3.454175e+000 -2.101424e+001  2.500000e+000
      vertex  3.454175e+000 -2.101424e+001  1.250000e+000
    endloop
  endfacet
  facet normal -9.771469e-001  2.125652e-001  0.000000e+000
    outer loop
      vertex  3.454175e+000 -2.101424e+001  1.250000e+000
      vertex  3.454175e+000 -2.101424e+001  2.500000e+000
      vertex  3.563357e+000 -2.051233e+001  2.500000e+000
    endloop
  endfacet
  facet normal -9.771469e-001  2.125652e-001  0.000000e+000
    outer loop
      vertex  3.454175e+000 -2.101424e+001  1.250000e+000
      vertex  3.563357e+000 -2.051233e+001  2.500000e+000
      vertex  3.563357e+000 -2.051233e+001  1.250000e+000
    endloop
  endfacet
  facet normal -9.974521e-001  7.133921e-002  0.000000e+000
    outer loop
      vertex  3.563357e+000 -2.051233e+001  1.250000e+000
      vertex  3.563357e+000 -2.051233e+001  2.500000e+000
      vertex  3.600000e+000 -2.000000e+001  2.500000e+000
    endloop
  endfacet
  facet normal -9.974521e-001  7.133921e-002  0.000000e+000
    outer loop
      vertex  3.563357e+000 -2.051233e+001  1.250000e+000
      vertex  3.600000e+000 -2.000000e+001  2.500000e+000
      vertex  3.600000e+000 -2.000000e+001  1.250000e+000
    endloop
  endfacet
  facet normal -7.134146e-002  9.974520e-001  0.000000e+000
    outer loop
      vertex  5.123334e-001 -2.356336e+001  2.500000e+000
      vertex -1.409436e-015 -2.360000e+001  1.250000e+000
      vertex -1.409436e-015 -2.360000e+001  2.500000e+000
    endloop
  endfacet
  facet normal  7.134146e-002  9.974520e-001  0.000000e+000
    outer loop
      vertex -1.409436e-015 -2.360000e+001  2.500000e+000
      vertex -1.409436e-015 -2.360000e+001  1.250000e+000
      vertex -5.123334e-001 -2.356336e+001  1.250000e+000
    endloop
  endfacet
  facet normal  7.134146e-002  9.974520e-001  -0.000000e+000
    outer loop
      vertex -1.409436e-015 -2.360000e+001  2.500000e+000
      vertex -5.123334e-001 -2.356336e+001  1.250000e+000
      vertex -5.123334e-001 -2.356336e+001  2.500000e+000
    endloop
  endfacet
  facet normal  2.125650e-001  9.771469e-001  0.000000e+000
    outer loop
      vertex -5.123334e-001 -2.356336e+001  2.500000e+000
      vertex -5.123334e-001 -2.356336e+001  1.250000e+000
      vertex -1.014237e+000 -2.345417e+001  1.250000e+000
    endloop
  endfacet
  facet normal  2.125650e-001  9.771469e-001  -0.000000e+000
    outer loop
      vertex -5.123334e-001 -2.356336e+001  2.500000e+000
      vertex -1.014237e+000 -2.345417e+001  1.250000e+000
      vertex -1.014237e+000 -2.345417e+001  2.500000e+000
    endloop
  endfacet
  facet normal  3.494627e-001  9.369503e-001  0.000000e+000
    outer loop
      vertex -1.014237e+000 -2.345417e+001  2.500000e+000
      vertex -1.014237e+000 -2.345417e+001  1.250000e+000
      vertex -1.495494e+000 -2.327468e+001  1.250000e+000
    endloop
  endfacet
  facet normal  3.494627e-001  9.369503e-001  -0.000000e+000
    outer loop
      vertex -1.014237e+000 -2.345417e+001  2.500000e+000
      vertex -1.495494e+000 -2.327468e+001  1.250000e+000
      vertex -1.495494e+000 -2.327468e+001  2.500000e+000
    endloop
  endfacet
  facet normal  4.792489e-001  8.776790e-001  0.000000e+000
    outer loop
      vertex -1.495494e+000 -2.327468e+001  2.500000e+000
      vertex -1.495494e+000 -2.327468e+001  1.250000e+000
      vertex -1.946307e+000 -2.302851e+001  1.250000e+000
    endloop
  endfacet
  facet normal  4.792489e-001  8.776790e-001  -0.000000e+000
    outer loop
      vertex -1.495494e+000 -2.327468e+001  2.500000e+000
      vertex -1.946307e+000 -2.302851e+001  1.250000e+000
      vertex -1.946307e+000 -2.302851e+001  2.500000e+000
    endloop
  endfacet
  facet normal  5.992770e-001  8.005419e-001  0.000000e+000
    outer loop
      vertex -1.946307e+000 -2.302851e+001  2.500000e+000
      vertex -1.946307e+000 -2.302851e+001  1.250000e+000
      vertex -2.357499e+000 -2.272070e+001  1.250000e+000
    endloop
  endfacet
  facet normal  5.992770e-001  8.005419e-001  -0.000000e+000
    outer loop
      vertex -1.946307e+000 -2.302851e+001  2.500000e+000
      vertex -2.357499e+000 -2.272070e+001  1.250000e+000
      vertex -2.357499e+000 -2.272070e+001  2.500000e+000
    endloop
  endfacet
  facet normal  7.071081e-001  7.071053e-001  0.000000e+000
    outer loop
      vertex -2.357499e+000 -2.272070e+001  2.500000e+000
      vertex -2.357499e+000 -2.272070e+001  1.250000e+000
      vertex -2.720698e+000 -2.235750e+001  1.250000e+000
    endloop
  endfacet
  facet normal  7.071081e-001  7.071053e-001  -0.000000e+000
    outer loop
      vertex -2.357499e+000 -2.272070e+001  2.500000e+000
      vertex -2.720698e+000 -2.235750e+001  1.250000e+000
      vertex -2.720698e+000 -2.235750e+001  2.500000e+000
    endloop
  endfacet
  facet normal  8.005413e-001  5.992776e-001  0.000000e+000
    outer loop
      vertex -2.720698e+000 -2.235750e+001  2.500000e+000
      vertex -2.720698e+000 -2.235750e+001  1.250000e+000
      vertex -3.028513e+000 -2.194631e+001  1.250000e+000
    endloop
  endfacet
  facet normal  8.005413e-001  5.992776e-001  -0.000000e+000
    outer loop
      vertex -2.720698e+000 -2.235750e+001  2.500000e+000
      vertex -3.028513e+000 -2.194631e+001  1.250000e+000
      vertex -3.028513e+000 -2.194631e+001  2.500000e+000
    endloop
  endfacet
  facet normal  8.776783e-001  4.792501e-001  0.000000e+000
    outer loop
      vertex -3.028513e+000 -2.194631e+001  2.500000e+000
      vertex -3.028513e+000 -2.194631e+001  1.250000e+000
      vertex -3.274675e+000 -2.149549e+001  1.250000e+000
    endloop
  endfacet
  facet normal  8.776783e-001  4.792501e-001  -0.000000e+000
    outer loop
      vertex -3.028513e+000 -2.194631e+001  2.500000e+000
      vertex -3.274675e+000 -2.149549e+001  1.250000e+000
      vertex -3.274675e+000 -2.149549e+001  2.500000e+000
    endloop
  endfacet
  facet normal  9.369501e-001  3.494634e-001  0.000000e+000
    outer loop
      vertex -3.274675e+000 -2.149549e+001  2.500000e+000
      vertex -3.274675e+000 -2.149549e+001  1.250000e+000
      vertex -3.454175e+000 -2.101424e+001  1.250000e+000
    endloop
  endfacet
  facet normal  9.369501e-001  3.494634e-001  -0.000000e+000
    outer loop
      vertex -3.274675e+000 -2.149549e+001  2.500000e+000
      vertex -3.454175e+000 -2.101424e+001  1.250000e+000
      vertex -3.454175e+000 -2.101424e+001  2.500000e+000
    endloop
  endfacet
  facet normal  9.771469e-001  2.125652e-001  0.000000e+000
    outer loop
      vertex -3.454175e+000 -2.101424e+001  2.500000e+000
      vertex -3.454175e+000 -2.101424e+001  1.250000e+000
      vertex -3.563357e+000 -2.051233e+001  1.250000e+000
    endloop
  endfacet
  facet normal  9.771469e-001  2.125652e-001  -0.000000e+000
    outer loop
      vertex -3.454175e+000 -2.101424e+001  2.500000e+000
      vertex -3.563357e+000 -2.051233e+001  1.250000e+000
      vertex -3.563357e+000 -2.051233e+001  2.500000e+000
    endloop
  endfacet
  facet normal  9.974521e-001  7.133921e-002  0.000000e+000
    outer loop
      vertex -3.563357e+000 -2.051233e+001  2.500000e+000
      vertex -3.563357e+000 -2.051233e+001  1.250000e+000
      vertex -3.600000e+000 -2.000000e+001  1.250000e+000
    endloop
  endfacet
  facet normal  9.974521e-001  7.133921e-002  -0.000000e+000
    outer loop
      vertex -3.563357e+000 -2.051233e+001  2.500000e+000
      vertex -3.600000e+000 -2.000000e+001  1.250000e+000
      vertex -3.600000e+000 -2.000000e+001  2.500000e+000
    endloop
  endfacet
  facet normal -7.134146e-002  9.974520e-001  0.000000e+000
    outer loop
      vertex -3.503458e-015 -2.360000e+001  0.000000e+000
      vertex  5.123334e-001 -2.356336e+001  1.250000e+000
      vertex  5.123334e-001 -2.356336e+001  0.000000e+000
    endloop
  endfacet
  facet normal -2.125650e-001  9.771469e-001  0.000000e+000
    outer loop
      vertex  5.123334e-001 -2.356336e+001  0.000000e+000
      vertex  5.123334e-001 -2.356336e+001  1.250000e+000
      vertex  1.014237e+000 -2.345417e+001  1.250000e+000
    endloop
  endfacet
  facet normal -2.125650e-001  9.771469e-001  0.000000e+000
    outer loop
      vertex  5.123334e-001 -2.356336e+001  0.000000e+000
      vertex  1.014237e+000 -2.345417e+001  1.250000e+000
      vertex  1.014237e+000 -2.345417e+001  0.000000e+000
    endloop
  endfacet
  facet normal -3.494627e-001  9.369503e-001  0.000000e+000
    outer loop
      vertex  1.014237e+000 -2.345417e+001  0.000000e+000
      vertex  1.014237e+000 -2.345417e+001  1.250000e+000
      vertex  1.495494e+000 -2.327468e+001  1.250000e+000
    endloop
  endfacet
  facet normal -3.494627e-001  9.369503e-001  0.000000e+000
    outer loop
      vertex  1.014237e+000 -2.345417e+001  0.000000e+000
      vertex  1.495494e+000 -2.327468e+001  1.250000e+000
      vertex  1.495494e+000 -2.327468e+001  0.000000e+000
    endloop
  endfacet
  facet normal -4.792489e-001  8.776790e-001  0.000000e+000
    outer loop
      vertex  1.495494e+000 -2.327468e+001  0.000000e+000
      vertex  1.495494e+000 -2.327468e+001  1.250000e+000
      vertex  1.946307e+000 -2.302851e+001  1.250000e+000
    endloop
  endfacet
  facet normal -4.792489e-001  8.776790e-001  0.000000e+000
    outer loop
      vertex  1.495494e+000 -2.327468e+001  0.000000e+000
      vertex  1.946307e+000 -2.302851e+001  1.250000e+000
      vertex  1.946307e+000 -2.302851e+001  0.000000e+000
    endloop
  endfacet
  facet normal -5.992770e-001  8.005419e-001  0.000000e+000
    outer loop
      vertex  1.946307e+000 -2.302851e+001  0.000000e+000
      vertex  1.946307e+000 -2.302851e+001  1.250000e+000
      vertex  2.357499e+000 -2.272070e+001  1.250000e+000
    endloop
  endfacet
  facet normal -5.992770e-001  8.005419e-001  0.000000e+000
    outer loop
      vertex  1.946307e+000 -2.302851e+001  0.000000e+000
      vertex  2.357499e+000 -2.272070e+001  1.250000e+000
      vertex  2.357499e+000 -2.272070e+001  0.000000e+000
    endloop
  endfacet
  facet normal -7.071081e-001  7.071053e-001  0.000000e+000
    outer loop
      vertex  2.357499e+000 -2.272070e+001  0.000000e+000
      vertex  2.357499e+000 -2.272070e+001  1.250000e+000
      vertex  2.720698e+000 -2.235750e+001  1.250000e+000
    endloop
  endfacet
  facet normal -7.071081e-001  7.071053e-001  0.000000e+000
    outer loop
      vertex  2.357499e+000 -2.272070e+001  0.000000e+000
      vertex  2.720698e+000 -2.235750e+001  1.250000e+000
      vertex  2.720698e+000 -2.235750e+001  0.000000e+000
    endloop
  endfacet
  facet normal -8.005413e-001  5.992776e-001  0.000000e+000
    outer loop
      vertex  2.720698e+000 -2.235750e+001  0.000000e+000
      vertex  2.720698e+000 -2.235750e+001  1.250000e+000
      vertex  3.028513e+000 -2.194631e+001  1.250000e+000
    endloop
  endfacet
  facet normal -8.005413e-001  5.992776e-001  0.000000e+000
    outer loop
      vertex  2.720698e+000 -2.235750e+001  0.000000e+000
      vertex  3.028513e+000 -2.194631e+001  1.250000e+000
      vertex  3.028513e+000 -2.194631e+001  0.000000e+000
    endloop
  endfacet
  facet normal -8.776783e-001  4.792501e-001  0.000000e+000
    outer loop
      vertex  3.028513e+000 -2.194631e+001  0.000000e+000
      vertex  3.028513e+000 -2.194631e+001  1.250000e+000
      vertex  3.274675e+000 -2.149549e+001  1.250000e+000
    endloop
  endfacet
  facet normal -8.776783e-001  4.792501e-001  0.000000e+000
    outer loop
      vertex  3.028513e+000 -2.194631e+001  0.000000e+000
      vertex  3.274675e+000 -2.149549e+001  1.250000e+000
      vertex  3.274675e+000 -2.149549e+001  0.000000e+000
    endloop
  endfacet
  facet normal -9.369501e-001  3.494634e-001  0.000000e+000
    outer loop
      vertex  3.274675e+000 -2.149549e+001  0.000000e+000
      vertex  3.274675e+000 -2.149549e+001  1.250000e+000
      vertex  3.454175e+000 -2.101424e+001  1.250000e+000
    endloop
  endfacet
  facet normal -9.369501e-001  3.494634e-001  0.000000e+000
    outer loop
      vertex  3.274675e+000 -2.149549e+001  0.000000e+000
      vertex  3.454175e+000 -2.101424e+001  1.250000e+000
      vertex  3.454175e+000 -2.101424e+001  0.000000e+000
    endloop
  endfacet
  facet normal -9.771469e-001  2.125652e-001  0.000000e+000
    outer loop
      vertex  3.454175e+000 -2.101424e+001  0.000000e+000
      vertex  3.454175e+000 -2.101424e+001  1.250000e+000
      vertex  3.563357e+000 -2.051233e+001  1.250000e+000
    endloop
  endfacet
  facet normal -9.771469e-001  2.125652e-001  0.000000e+000
    outer loop
      vertex  3.454175e+000 -2.101424e+001  0.000000e+000
      vertex  3.563357e+000 -2.051233e+001  1.250000e+000
      vertex  3.563357e+000 -2.051233e+001  0.000000e+000
    endloop
  endfacet
  facet normal -9.974521e-001  7.133921e-002  0.000000e+000
    outer loop
      vertex  3.563357e+000 -2.051233e+001  0.000000e+000
      vertex  3.563357e+000 -2.051233e+001  1.250000e+000
      vertex  3.600000e+000 -2.000000e+001  1.250000e+000
    endloop
  endfacet
  facet normal -9.974521e-001  7.133921e-002  0.000000e+000
    outer loop
      vertex  3.563357e+000 -2.051233e+001  0.000000e+000
      vertex  3.600000e+000 -2.000000e+001  1.250000e+000
      vertex  3.600000e+000 -2.000000e+001  0.000000e+000
    endloop
  endfacet
  facet normal -7.134146e-002  9.974520e-001  1.195125e-016
    outer loop
      vertex  5.123334e-001 -2.356336e+001  1.250000e+000
      vertex -3.503458e-015 -2.360000e+001  0.000000e+000
      vertex -1.409436e-015 -2.360000e+001  1.250000e+000
    endloop
  endfacet
  facet normal  7.134146e-002  9.974520e-001 -1.195125e-016
    outer loop
      vertex -1.409436e-015 -2.360000e+001  1.250000e+000
      vertex -3.503458e-015 -2.360000e+001  0.000000e+000
      vertex -5.123334e-001 -2.356336e+001  0.000000e+000
    endloop
  endfacet
  facet normal  7.134146e-002  9.974520e-001  -0.000000e+000
    outer loop
      vertex -1.409436e-015 -2.360000e+001  1.250000e+000
      vertex -5.123334e-001 -2.356336e+001  0.000000e+000
      vertex -5.123334e-001 -2.356336e+001  1.250000e+000
    endloop
  endfacet
  facet normal  2.125650e-001  9.771469e-001  0.000000e+000
    outer loop
      vertex -5.123334e-001 -2.356336e+001  1.250000e+000
      vertex -5.123334e-001 -2.356336e+001  0.000000e+000
      vertex -1.014237e+000 -2.345417e+001  0.000000e+000
    endloop
  endfacet
  facet normal  2.125650e-001  9.771469e-001  -0.000000e+000
    outer loop
      vertex -5.123334e-001 -2.356336e+001  1.250000e+000
      vertex -1.014237e+000 -2.345417e+001  0.000000e+000
      vertex -1.014237e+000 -2.345417e+001  1.250000e+000
    endloop
  endfacet
  facet normal  3.494627e-001  9.369503e-001  0.000000e+000
    outer loop
      vertex -1.014237e+000 -2.345417e+001  1.250000e+000
      vertex -1.014237e+000 -2.345417e+001  0.000000e+000
      vertex -1.495494e+000 -2.327468e+001  0.000000e+000
    endloop
  endfacet
  facet normal  3.494627e-001  9.369503e-001  -0.000000e+000
    outer loop
      vertex -1.014237e+000 -2.345417e+001  1.250000e+000
      vertex -1.495494e+000 -2.327468e+001  0.000000e+000
      vertex -1.495494e+000 -2.327468e+001  1.250000e+000
    endloop
  endfacet
  facet normal  4.792489e-001  8.776790e-001  0.000000e+000
    outer loop
      vertex -1.495494e+000 -2.327468e+001  1.250000e+000
      vertex -1.495494e+000 -2.327468e+001  0.000000e+000
      vertex -1.946307e+000 -2.302851e+001  0.000000e+000
    endloop
  endfacet
  facet normal  4.792489e-001  8.776790e-001  -0.000000e+000
    outer loop
      vertex -1.495494e+000 -2.327468e+001  1.250000e+000
      vertex -1.946307e+000 -2.302851e+001  0.000000e+000
      vertex -1.946307e+000 -2.302851e+001  1.250000e+000
    endloop
  endfacet
  facet normal  5.992770e-001  8.005419e-001  0.000000e+000
    outer loop
      vertex -1.946307e+000 -2.302851e+001  1.250000e+000
      vertex -1.946307e+000 -2.302851e+001  0.000000e+000
      vertex -2.357499e+000 -2.272070e+001  0.000000e+000
    endloop
  endfacet
  facet normal  5.992770e-001  8.005419e-001  -0.000000e+000
    outer loop
      vertex -1.946307e+000 -2.302851e+001  1.250000e+000
      vertex -2.357499e+000 -2.272070e+001  0.000000e+000
      vertex -2.357499e+000 -2.272070e+001  1.250000e+000
    endloop
  endfacet
  facet normal  7.071081e-001  7.071053e-001  0.000000e+000
    outer loop
      vertex -2.357499e+000 -2.272070e+001  1.250000e+000
      vertex -2.357499e+000 -2.272070e+001  0.000000e+000
      vertex -2.720698e+000 -2.235750e+001  0.000000e+000
    endloop
  endfacet
  facet normal  7.071081e-001  7.071053e-001  -0.000000e+000
    outer loop
      vertex -2.357499e+000 -2.272070e+001  1.250000e+000
      vertex -2.720698e+000 -2.235750e+001  0.000000e+000
      vertex -2.720698e+000 -2.235750e+001  1.250000e+000
    endloop
  endfacet
  facet normal  8.005413e-001  5.992776e-001  0.000000e+000
    outer loop
      vertex -2.720698e+000 -2.235750e+001  1.250000e+000
      vertex -2.720698e+000 -2.235750e+001  0.000000e+000
      vertex -3.028513e+000 -2.194631e+001  0.000000e+000
    endloop
  endfacet
  facet normal  8.005413e-001  5.992776e-001  -0.000000e+000
    outer loop
      vertex -2.720698e+000 -2.235750e+001  1.250000e+000
      vertex -3.028513e+000 -2.194631e+001  0.000000e+000
      vertex -3.028513e+000 -2.194631e+001  1.250000e+000
    endloop
  endfacet
  facet normal  8.776783e-001  4.792501e-001  0.000000e+000
    outer loop
      vertex -3.028513e+000 -2.194631e+001  1.250000e+000
      vertex -3.028513e+000 -2.194631e+001  0.000000e+000
      vertex -3.274675e+000 -2.149549e+001  0.000000e+000
    endloop
  endfacet
  facet normal  8.776783e-001  4.792501e-001  -0.000000e+000
    outer loop
      vertex -3.028513e+000 -2.194631e+001  1.250000e+000
      vertex -3.274675e+000 -2.149549e+001  0.000000e+000
      vertex -3.274675e+000 -2.149549e+001  1.250000e+000
    endloop
  endfacet
  facet normal  9.369501e-001  3.494634e-001  0.000000e+000
    outer loop
      vertex -3.274675e+000 -2.149549e+001  1.250000e+000
      vertex -3.274675e+000 -2.149549e+001  0.000000e+000
      vertex -3.454175e+000 -2.101424e+001  0.000000e+000
    endloop
  endfacet
  facet normal  9.369501e-001  3.494634e-001  -0.000000e+000
    outer loop
      vertex -3.274675e+000 -2.149549e+001  1.250000e+000
      vertex -3.454175e+000 -2.101424e+001  0.000000e+000
      vertex -3.454175e+000 -2.101424e+001  1.250000e+000
    endloop
  endfacet
  facet normal  9.771469e-001  2.125652e-001  0.000000e+000
    outer loop
      vertex -3.454175e+000 -2.101424e+001  1.250000e+000
      vertex -3.454175e+000 -2.101424e+001  0.000000e+000
      vertex -3.563357e+000 -2.051233e+001  0.000000e+000
    endloop
  endfacet
  facet normal  9.771469e-001  2.125652e-001  -0.000000e+000
    outer loop
      vertex -3.454175e+000 -2.101424e+001  1.250000e+000
      vertex -3.563357e+000 -2.051233e+001  0.000000e+000
      vertex -3.563357e+000 -2.051233e+001  1.250000e+000
    endloop
  endfacet
  facet normal  9.974521e-001  7.133921e-002  0.000000e+000
    outer loop
      vertex -3.563357e+000 -2.051233e+001  1.250000e+000
      vertex -3.563357e+000 -2.051233e+001  0.000000e+000
      vertex -3.600000e+000 -2.000000e+001  0.000000e+000
    endloop
  endfacet
  facet normal  9.974521e-001  7.133921e-002  -0.000000e+000
    outer loop
      vertex -3.563357e+000 -2.051233e+001  1.250000e+000
      vertex -3.600000e+000 -2.000000e+001  0.000000e+000
      vertex -3.600000e+000 -2.000000e+001  1.250000e+000
    endloop
  endfacet
endsolid CATIA STL
