ISO-10303-21;
HEADER;
/* Generated by software containing ST-Developer
 * from STEP Tools, Inc. (www.steptools.com) 
 */
/* OPTION: using custom renumber hook */

FILE_DESCRIPTION(
/* description */ ('STEP AP242 Edition 2',
'CAx-IF Rec.Pracs.---Representation and Presentation of Product Manufa
cturing Information (PMI)---4.0---2014-10-13',
'CAx-IF Rec.Pracs.---3D Tessellated Geometry---0.4---2014-09-14','2;1',
'CAx-IF Rec.Pracs.---User Defined Attributes---1.5---2016-08-15'),
/* implementation_level */ '2;1');

FILE_NAME(
/* name */ 'Assembly',
/* time_stamp */ '2026-09-17T16:20:23Z',
/* author */ (''),
/* organization */ (''),
/* preprocessor_version */ 'ST-DEVELOPER v20',
/* originating_system */ 'ONSHAPE BY PTC INC, 1.220',
/* authorisation */ '  ');

FILE_SCHEMA (('AP242_MANAGED_MODEL_BASED_3D_ENGINEERING_MIM_LF { 1 0 10303 442 3 1 4 }'));
ENDSEC;

DATA;
#10=(
BOUNDED_SURFACE()
B_SPLINE_SURFACE(3,2,((#4531,#4532,#4533),(#4534,#4535,#4536),(#4537,#4538,
#4539),(#4540,#4541,#4542),(#4543,#4544,#4545),(#4546,#4547,#4548),(#4549,
#4550,#4551)),.UNSPECIFIED.,.F.,.F.,.F.)
B_SPLINE_SURFACE_WITH_KNOTS((4,1,1,1,4),(3,3),(1.5707963267949,1.96349540849362,
2.35619449019234,2.74889357189107,3.14159265358979),(0.,1.),
 .UNSPECIFIED.)
GEOMETRIC_REPRESENTATION_ITEM()
RATIONAL_B_SPLINE_SURFACE(((1.,1.,1.),(1.,0.999999999999897,1.),(1.,0.973464424251641,
1.),(1.,0.869029034406349,1.),(1.,0.746571860829598,1.),(1.,0.707106781187783,
1.),(1.,0.707106781186548,1.)))
REPRESENTATION_ITEM('')
SURFACE()
);
#11=(
BOUNDED_SURFACE()
B_SPLINE_SURFACE(3,2,((#4560,#4561,#4562),(#4563,#4564,#4565),(#4566,#4567,
#4568),(#4569,#4570,#4571),(#4572,#4573,#4574),(#4575,#4576,#4577),(#4578,
#4579,#4580)),.UNSPECIFIED.,.F.,.F.,.F.)
B_SPLINE_SURFACE_WITH_KNOTS((4,1,1,1,4),(3,3),(1.5707963267949,1.96349540849362,
2.35619449019234,2.74889357189107,3.14159265358979),(0.,1.),
 .UNSPECIFIED.)
GEOMETRIC_REPRESENTATION_ITEM()
RATIONAL_B_SPLINE_SURFACE(((1.,1.,1.),(1.,0.999999999999897,1.),(1.,0.973464424251641,
1.),(1.,0.869029034406349,1.),(1.,0.746571860829598,1.),(1.,0.707106781187783,
1.),(1.,0.707106781186548,1.)))
REPRESENTATION_ITEM('')
SURFACE()
);
#12=TOROIDAL_SURFACE('',#3018,0.004,0.001);
#13=TOROIDAL_SURFACE('',#3026,0.004,0.001);
#14=TOROIDAL_SURFACE('',#3034,0.009,0.006);
#15=TOROIDAL_SURFACE('',#3042,0.009,0.006);
#16=TOROIDAL_SURFACE('',#3155,0.005,0.001);
#17=TOROIDAL_SURFACE('',#3158,0.005,0.001);
#18=B_SPLINE_CURVE_WITH_KNOTS('',3,(#4321,#4322,#4323,#4324,#4325,#4326,
#4327,#4328,#4329,#4330,#4331,#4332,#4333,#4334,#4335,#4336,#4337,#4338),
 .UNSPECIFIED.,.T.,.F.,(1,1,1,1,1,1,1,1,1,1,1,1,1,1,1,1,1,1,1,1,1,1),(-0.00385197420980953,
-0.00256798280653969,-0.00128399140326984,0.,0.00128399140326984,0.00256798280653969,
0.00385197420980953,0.00513596561307938,0.00770394841961906,0.00898793982288891,
0.0102719312261588,0.0115559226294286,0.0128399140326984,0.0141239054359683,
0.0154078968392381,0.016691888242508,0.0179758796457778,0.0192598710490477,
0.0205438624523175,0.0218278538555873,0.0231118452588572,0.024395836662127),
 .UNSPECIFIED.);
#19=B_SPLINE_CURVE_WITH_KNOTS('',3,(#4340,#4341,#4342,#4343,#4344,#4345,
#4346,#4347,#4348,#4349,#4350,#4351,#4352,#4353,#4354,#4355,#4356),
 .UNSPECIFIED.,.T.,.F.,(1,1,1,1,1,1,1,1,1,1,1,1,1,1,1,1,1,1,1,1,1),(-0.00513980587718972,
-0.00256990293859486,-0.00128495146929743,0.,0.00128495146929743,0.00256990293859486,
0.00513980587718972,0.00642475734648715,0.00770970881578458,0.00899466028508201,
0.0102796117543794,0.0115645632236769,0.0128495146929743,0.0141344661622717,
0.0154194176315692,0.017989320570164,0.0192742720394614,0.0205592235087589,
0.0218441749780563,0.0231291264473537,0.0256990293859486),.UNSPECIFIED.);
#20=B_SPLINE_CURVE_WITH_KNOTS('',3,(#4358,#4359,#4360,#4361,#4362,#4363,
#4364,#4365,#4366,#4367,#4368,#4369,#4370,#4371,#4372,#4373,#4374,#4375),
 .UNSPECIFIED.,.T.,.F.,(1,1,1,1,1,1,1,1,1,1,1,1,1,1,1,1,1,1,1,1,1,1),(-0.00385197420980954,
-0.00256798280653969,-0.00128399140326985,0.,0.00128399140326985,0.00256798280653969,
0.00385197420980954,0.00513596561307938,0.00770394841961908,0.00898793982288892,
0.0102719312261588,0.0115559226294286,0.0128399140326985,0.0141239054359683,
0.0154078968392382,0.016691888242508,0.0179758796457778,0.0192598710490477,
0.0205438624523175,0.0218278538555874,0.0231118452588572,0.0243958366621271),
 .UNSPECIFIED.);
#21=B_SPLINE_CURVE_WITH_KNOTS('',3,(#4377,#4378,#4379,#4380,#4381,#4382,
#4383,#4384,#4385,#4386,#4387,#4388,#4389,#4390,#4391,#4392,#4393),
 .UNSPECIFIED.,.T.,.F.,(1,1,1,1,1,1,1,1,1,1,1,1,1,1,1,1,1,1,1,1,1),(-0.0051398058771897,
-0.00256990293859485,-0.00128495146929742,0.,0.00128495146929742,0.00256990293859485,
0.0051398058771897,0.00642475734648712,0.00770970881578455,0.00899466028508197,
0.0102796117543794,0.0115645632236768,0.0128495146929742,0.0141344661622717,
0.0154194176315691,0.0179893205701639,0.0192742720394614,0.0205592235087588,
0.0218441749780562,0.0231291264473536,0.0256990293859485),.UNSPECIFIED.);
#22=ELLIPSE('',#2922,0.00269378582851225,0.001);
#23=ELLIPSE('',#2926,0.00269378582851225,0.001);
#24=ELLIPSE('',#3007,0.0061101458976251,0.006);
#25=ELLIPSE('',#3009,0.0061101458976251,0.006);
#26=ELLIPSE('',#3021,0.00141421356237309,0.001);
#27=ELLIPSE('',#3029,0.00141421356237309,0.001);
#28=ELLIPSE('',#3037,0.00781024967590665,0.006);
#29=ELLIPSE('',#3038,0.00781024967590665,0.006);
#30=ELLIPSE('',#3045,0.00781024967590665,0.006);
#31=ELLIPSE('',#3046,0.00781024967590665,0.006);
#32=ELLIPSE('',#3142,0.00141421356237309,0.001);
#33=ELLIPSE('',#3148,0.00141421356237309,0.001);
#34=SHAPE_REPRESENTATION_RELATIONSHIP('','',#2823,#37);
#35=SHAPE_REPRESENTATION_RELATIONSHIP('','',#2824,#38);
#36=SHAPE_REPRESENTATION_RELATIONSHIP('','',#2825,#39);
#37=ADVANCED_BREP_SHAPE_REPRESENTATION('',(#2817),#4925);
#38=ADVANCED_BREP_SHAPE_REPRESENTATION('',(#2818),#4926);
#39=ADVANCED_BREP_SHAPE_REPRESENTATION('',(#2819),#4927);
#40=CONICAL_SURFACE('',#2881,0.00175,0.785398163397449);
#41=CONICAL_SURFACE('',#2882,0.00175,0.785398163397448);
#42=CONICAL_SURFACE('',#2883,0.00175,0.785398163397449);
#43=CONICAL_SURFACE('',#2884,0.00175,0.785398163397448);
#44=CONICAL_SURFACE('',#2885,0.00185,0.38624025922728);
#45=CONICAL_SURFACE('',#2886,0.002155,0.38624025922728);
#46=CONICAL_SURFACE('',#2887,0.002155,0.38624025922728);
#47=CONICAL_SURFACE('',#2888,0.00185,0.38624025922728);
#48=CONICAL_SURFACE('',#2962,0.0035,0.785398163397449);
#49=CONICAL_SURFACE('',#2963,0.002,0.785398163397449);
#50=CONICAL_SURFACE('',#2998,0.00279,0.235544980720864);
#51=CONICAL_SURFACE('',#2999,0.00279,0.235544980720864);
#52=CONICAL_SURFACE('',#3000,0.00279,0.235544980720864);
#53=CONICAL_SURFACE('',#3001,0.00279,0.235544980720864);
#54=CONICAL_SURFACE('',#3002,0.00279,0.235544980720863);
#55=CONICAL_SURFACE('',#3003,0.00279,0.235544980720863);
#56=CONICAL_SURFACE('',#3004,0.00279,0.235544980720863);
#57=CONICAL_SURFACE('',#3005,0.00279,0.235544980720863);
#58=CONICAL_SURFACE('',#3117,0.0035,0.785398163397449);
#59=CONICAL_SURFACE('',#3118,0.002,0.785398163397449);
#60=CYLINDRICAL_SURFACE('',#2855,0.00175);
#61=CYLINDRICAL_SURFACE('',#2857,0.00175);
#62=CYLINDRICAL_SURFACE('',#2859,0.00175);
#63=CYLINDRICAL_SURFACE('',#2861,0.00175);
#64=CYLINDRICAL_SURFACE('',#2863,0.0029);
#65=CYLINDRICAL_SURFACE('',#2864,0.0029);
#66=CYLINDRICAL_SURFACE('',#2865,0.00185);
#67=CYLINDRICAL_SURFACE('',#2869,0.00185);
#68=CYLINDRICAL_SURFACE('',#2873,0.00185);
#69=CYLINDRICAL_SURFACE('',#2877,0.00185);
#70=CYLINDRICAL_SURFACE('',#2889,0.006);
#71=CYLINDRICAL_SURFACE('',#2890,0.006);
#72=CYLINDRICAL_SURFACE('',#2934,0.002);
#73=CYLINDRICAL_SURFACE('',#2937,0.00895);
#74=CYLINDRICAL_SURFACE('',#2939,0.002);
#75=CYLINDRICAL_SURFACE('',#2941,0.022);
#76=CYLINDRICAL_SURFACE('',#2942,0.003);
#77=CYLINDRICAL_SURFACE('',#2946,0.003);
#78=CYLINDRICAL_SURFACE('',#2950,0.003);
#79=CYLINDRICAL_SURFACE('',#2954,0.003);
#80=CYLINDRICAL_SURFACE('',#2958,0.00185);
#81=CYLINDRICAL_SURFACE('',#2959,0.00185);
#82=CYLINDRICAL_SURFACE('',#2960,0.00185);
#83=CYLINDRICAL_SURFACE('',#2961,0.00185);
#84=CYLINDRICAL_SURFACE('',#2966,0.00279);
#85=CYLINDRICAL_SURFACE('',#2970,0.00279);
#86=CYLINDRICAL_SURFACE('',#2974,0.00279);
#87=CYLINDRICAL_SURFACE('',#2978,0.00279);
#88=CYLINDRICAL_SURFACE('',#2982,0.00279);
#89=CYLINDRICAL_SURFACE('',#2986,0.00279);
#90=CYLINDRICAL_SURFACE('',#2990,0.00279);
#91=CYLINDRICAL_SURFACE('',#2994,0.00279);
#92=CYLINDRICAL_SURFACE('',#3006,0.006);
#93=CYLINDRICAL_SURFACE('',#3008,0.006);
#94=CYLINDRICAL_SURFACE('',#3010,0.003);
#95=CYLINDRICAL_SURFACE('',#3013,0.003);
#96=CYLINDRICAL_SURFACE('',#3016,0.001);
#97=CYLINDRICAL_SURFACE('',#3020,0.001);
#98=CYLINDRICAL_SURFACE('',#3022,0.001);
#99=CYLINDRICAL_SURFACE('',#3024,0.001);
#100=CYLINDRICAL_SURFACE('',#3028,0.001);
#101=CYLINDRICAL_SURFACE('',#3030,0.001);
#102=CYLINDRICAL_SURFACE('',#3032,0.006);
#103=CYLINDRICAL_SURFACE('',#3036,0.006);
#104=CYLINDRICAL_SURFACE('',#3039,0.006);
#105=CYLINDRICAL_SURFACE('',#3040,0.006);
#106=CYLINDRICAL_SURFACE('',#3044,0.006);
#107=CYLINDRICAL_SURFACE('',#3047,0.006);
#108=CYLINDRICAL_SURFACE('',#3067,0.00225);
#109=CYLINDRICAL_SURFACE('',#3068,0.00225);
#110=CYLINDRICAL_SURFACE('',#3069,0.00225);
#111=CYLINDRICAL_SURFACE('',#3070,0.00225);
#112=CYLINDRICAL_SURFACE('',#3071,0.00225);
#113=CYLINDRICAL_SURFACE('',#3073,0.00225);
#114=CYLINDRICAL_SURFACE('',#3075,0.00225);
#115=CYLINDRICAL_SURFACE('',#3077,0.00225);
#116=CYLINDRICAL_SURFACE('',#3084,0.002);
#117=CYLINDRICAL_SURFACE('',#3087,0.00895);
#118=CYLINDRICAL_SURFACE('',#3090,0.002);
#119=CYLINDRICAL_SURFACE('',#3110,0.022);
#120=CYLINDRICAL_SURFACE('',#3119,0.006);
#121=CYLINDRICAL_SURFACE('',#3120,0.006);
#122=CYLINDRICAL_SURFACE('',#3121,0.006);
#123=CYLINDRICAL_SURFACE('',#3122,0.006);
#124=CYLINDRICAL_SURFACE('',#3141,0.001);
#125=CYLINDRICAL_SURFACE('',#3143,0.001);
#126=CYLINDRICAL_SURFACE('',#3145,0.001);
#127=CYLINDRICAL_SURFACE('',#3147,0.001);
#128=CYLINDRICAL_SURFACE('',#3149,0.001);
#129=CYLINDRICAL_SURFACE('',#3151,0.001);
#130=CYLINDRICAL_SURFACE('',#3153,0.006);
#131=CYLINDRICAL_SURFACE('',#3156,0.006);
#132=CIRCLE('',#2829,0.006);
#133=CIRCLE('',#2830,0.006);
#134=CIRCLE('',#2831,0.00175);
#135=CIRCLE('',#2832,0.00175);
#136=CIRCLE('',#2833,0.0029);
#137=CIRCLE('',#2834,0.0029);
#138=CIRCLE('',#2837,0.006);
#139=CIRCLE('',#2838,0.006);
#140=CIRCLE('',#2839,0.002155);
#141=CIRCLE('',#2840,0.002155);
#142=CIRCLE('',#2841,0.002155);
#143=CIRCLE('',#2842,0.002155);
#144=CIRCLE('',#2843,0.00325);
#145=CIRCLE('',#2844,0.00325);
#146=CIRCLE('',#2845,0.00325);
#147=CIRCLE('',#2846,0.00325);
#148=CIRCLE('',#2849,0.00175);
#149=CIRCLE('',#2850,0.0029);
#150=CIRCLE('',#2852,0.00175);
#151=CIRCLE('',#2853,0.0029);
#152=CIRCLE('',#2856,0.00175);
#153=CIRCLE('',#2858,0.00175);
#154=CIRCLE('',#2860,0.00175);
#155=CIRCLE('',#2862,0.00175);
#156=CIRCLE('',#2866,0.00185);
#157=CIRCLE('',#2867,0.00185);
#158=CIRCLE('',#2870,0.00185);
#159=CIRCLE('',#2871,0.00185);
#160=CIRCLE('',#2874,0.00185);
#161=CIRCLE('',#2875,0.00185);
#162=CIRCLE('',#2878,0.00185);
#163=CIRCLE('',#2879,0.00185);
#164=CIRCLE('',#2893,0.00315);
#165=CIRCLE('',#2894,0.00315);
#166=CIRCLE('',#2895,0.00315);
#167=CIRCLE('',#2896,0.00315);
#168=CIRCLE('',#2897,0.006);
#169=CIRCLE('',#2900,0.022);
#170=CIRCLE('',#2901,0.009);
#171=CIRCLE('',#2902,0.009);
#172=CIRCLE('',#2904,0.004);
#173=CIRCLE('',#2905,0.0035);
#174=CIRCLE('',#2906,0.00895);
#175=CIRCLE('',#2907,0.0035);
#176=CIRCLE('',#2908,0.004);
#177=CIRCLE('',#2910,0.00315);
#178=CIRCLE('',#2911,0.00315);
#179=CIRCLE('',#2912,0.00315);
#180=CIRCLE('',#2913,0.00315);
#181=CIRCLE('',#2914,0.006);
#182=CIRCLE('',#2917,0.022);
#183=CIRCLE('',#2918,0.002);
#184=CIRCLE('',#2919,0.00895);
#185=CIRCLE('',#2920,0.002);
#186=CIRCLE('',#2928,0.006);
#187=CIRCLE('',#2929,0.006);
#188=CIRCLE('',#2930,0.00185);
#189=CIRCLE('',#2931,0.00185);
#190=CIRCLE('',#2932,0.00185);
#191=CIRCLE('',#2933,0.00185);
#192=CIRCLE('',#2935,0.002);
#193=CIRCLE('',#2940,0.002);
#194=CIRCLE('',#2943,0.003);
#195=CIRCLE('',#2945,0.00185);
#196=CIRCLE('',#2947,0.003);
#197=CIRCLE('',#2949,0.00185);
#198=CIRCLE('',#2951,0.003);
#199=CIRCLE('',#2953,0.00185);
#200=CIRCLE('',#2955,0.003);
#201=CIRCLE('',#2957,0.00185);
#202=CIRCLE('',#2967,0.00279);
#203=CIRCLE('',#2968,0.00279);
#204=CIRCLE('',#2971,0.00279);
#205=CIRCLE('',#2972,0.00279);
#206=CIRCLE('',#2975,0.00279);
#207=CIRCLE('',#2976,0.00279);
#208=CIRCLE('',#2979,0.00279);
#209=CIRCLE('',#2980,0.00279);
#210=CIRCLE('',#2983,0.00279);
#211=CIRCLE('',#2984,0.00279);
#212=CIRCLE('',#2987,0.00279);
#213=CIRCLE('',#2988,0.00279);
#214=CIRCLE('',#2991,0.00279);
#215=CIRCLE('',#2992,0.00279);
#216=CIRCLE('',#2995,0.00279);
#217=CIRCLE('',#2996,0.00279);
#218=CIRCLE('',#3011,0.003);
#219=CIRCLE('',#3012,0.003);
#220=CIRCLE('',#3014,0.003);
#221=CIRCLE('',#3015,0.003);
#222=CIRCLE('',#3017,0.001);
#223=CIRCLE('',#3019,0.001);
#224=CIRCLE('',#3023,0.001);
#225=CIRCLE('',#3025,0.001);
#226=CIRCLE('',#3027,0.001);
#227=CIRCLE('',#3031,0.001);
#228=CIRCLE('',#3033,0.006);
#229=CIRCLE('',#3035,0.006);
#230=CIRCLE('',#3041,0.006);
#231=CIRCLE('',#3043,0.006);
#232=CIRCLE('',#3050,0.00225);
#233=CIRCLE('',#3051,0.00225);
#234=CIRCLE('',#3052,0.00225);
#235=CIRCLE('',#3053,0.00225);
#236=CIRCLE('',#3054,0.005);
#237=CIRCLE('',#3056,0.00225);
#238=CIRCLE('',#3057,0.00225);
#239=CIRCLE('',#3058,0.00225);
#240=CIRCLE('',#3059,0.00225);
#241=CIRCLE('',#3060,0.005);
#242=CIRCLE('',#3062,0.00225);
#243=CIRCLE('',#3063,0.00225);
#244=CIRCLE('',#3064,0.006);
#245=CIRCLE('',#3065,0.00225);
#246=CIRCLE('',#3066,0.00225);
#247=CIRCLE('',#3072,0.00225);
#248=CIRCLE('',#3074,0.00225);
#249=CIRCLE('',#3076,0.00225);
#250=CIRCLE('',#3078,0.00225);
#251=CIRCLE('',#3080,0.022);
#252=CIRCLE('',#3081,0.002);
#253=CIRCLE('',#3082,0.00895);
#254=CIRCLE('',#3083,0.002);
#255=CIRCLE('',#3085,0.002);
#256=CIRCLE('',#3088,0.00895);
#257=CIRCLE('',#3091,0.002);
#258=CIRCLE('',#3093,0.006);
#259=CIRCLE('',#3095,0.001);
#260=CIRCLE('',#3096,0.001);
#261=CIRCLE('',#3101,0.001);
#262=CIRCLE('',#3102,0.001);
#263=CIRCLE('',#3104,0.006);
#264=CIRCLE('',#3105,0.006);
#265=CIRCLE('',#3106,0.006);
#266=CIRCLE('',#3107,0.006);
#267=CIRCLE('',#3108,0.0035);
#268=CIRCLE('',#3109,0.0035);
#269=CIRCLE('',#3111,0.022);
#270=CIRCLE('',#3113,0.006);
#271=CIRCLE('',#3114,0.006);
#272=CIRCLE('',#3115,0.006);
#273=CIRCLE('',#3116,0.006);
#274=CIRCLE('',#3144,0.001);
#275=CIRCLE('',#3146,0.001);
#276=CIRCLE('',#3150,0.001);
#277=CIRCLE('',#3152,0.001);
#278=CIRCLE('',#3154,0.006);
#279=CIRCLE('',#3157,0.006);
#280=ORIENTED_EDGE('',*,*,#1004,.T.);
#281=ORIENTED_EDGE('',*,*,#1005,.T.);
#282=ORIENTED_EDGE('',*,*,#1006,.F.);
#283=ORIENTED_EDGE('',*,*,#1007,.F.);
#284=ORIENTED_EDGE('',*,*,#1006,.T.);
#285=ORIENTED_EDGE('',*,*,#1008,.T.);
#286=ORIENTED_EDGE('',*,*,#1009,.T.);
#287=ORIENTED_EDGE('',*,*,#1010,.T.);
#288=ORIENTED_EDGE('',*,*,#1011,.F.);
#289=ORIENTED_EDGE('',*,*,#1012,.F.);
#290=ORIENTED_EDGE('',*,*,#1013,.T.);
#291=ORIENTED_EDGE('',*,*,#1014,.T.);
#292=ORIENTED_EDGE('',*,*,#1015,.T.);
#293=ORIENTED_EDGE('',*,*,#1016,.T.);
#294=ORIENTED_EDGE('',*,*,#1011,.T.);
#295=ORIENTED_EDGE('',*,*,#1017,.T.);
#296=ORIENTED_EDGE('',*,*,#1018,.F.);
#297=ORIENTED_EDGE('',*,*,#1019,.T.);
#298=ORIENTED_EDGE('',*,*,#1018,.T.);
#299=ORIENTED_EDGE('',*,*,#1020,.T.);
#300=ORIENTED_EDGE('',*,*,#1021,.F.);
#301=ORIENTED_EDGE('',*,*,#1022,.T.);
#302=ORIENTED_EDGE('',*,*,#1004,.F.);
#303=ORIENTED_EDGE('',*,*,#1023,.T.);
#304=ORIENTED_EDGE('',*,*,#1024,.T.);
#305=ORIENTED_EDGE('',*,*,#1025,.T.);
#306=ORIENTED_EDGE('',*,*,#1026,.T.);
#307=ORIENTED_EDGE('',*,*,#1027,.T.);
#308=ORIENTED_EDGE('',*,*,#1028,.T.);
#309=ORIENTED_EDGE('',*,*,#1029,.T.);
#310=ORIENTED_EDGE('',*,*,#1030,.T.);
#311=ORIENTED_EDGE('',*,*,#1031,.T.);
#312=ORIENTED_EDGE('',*,*,#1007,.T.);
#313=ORIENTED_EDGE('',*,*,#1012,.T.);
#314=ORIENTED_EDGE('',*,*,#1019,.F.);
#315=ORIENTED_EDGE('',*,*,#1023,.F.);
#316=ORIENTED_EDGE('',*,*,#1032,.T.);
#317=ORIENTED_EDGE('',*,*,#1033,.F.);
#318=ORIENTED_EDGE('',*,*,#1034,.T.);
#319=ORIENTED_EDGE('',*,*,#1035,.F.);
#320=ORIENTED_EDGE('',*,*,#1009,.F.);
#321=ORIENTED_EDGE('',*,*,#1036,.T.);
#322=ORIENTED_EDGE('',*,*,#1021,.T.);
#323=ORIENTED_EDGE('',*,*,#1037,.T.);
#324=ORIENTED_EDGE('',*,*,#1038,.T.);
#325=ORIENTED_EDGE('',*,*,#1034,.F.);
#326=ORIENTED_EDGE('',*,*,#1039,.T.);
#327=ORIENTED_EDGE('',*,*,#1014,.F.);
#328=ORIENTED_EDGE('',*,*,#1040,.T.);
#329=ORIENTED_EDGE('',*,*,#1013,.F.);
#330=ORIENTED_EDGE('',*,*,#1041,.T.);
#331=ORIENTED_EDGE('',*,*,#1032,.F.);
#332=ORIENTED_EDGE('',*,*,#1035,.T.);
#333=ORIENTED_EDGE('',*,*,#1016,.F.);
#334=ORIENTED_EDGE('',*,*,#1033,.T.);
#335=ORIENTED_EDGE('',*,*,#1015,.F.);
#336=ORIENTED_EDGE('',*,*,#1042,.T.);
#337=ORIENTED_EDGE('',*,*,#1043,.F.);
#338=ORIENTED_EDGE('',*,*,#1043,.T.);
#339=ORIENTED_EDGE('',*,*,#1044,.T.);
#340=ORIENTED_EDGE('',*,*,#1045,.F.);
#341=ORIENTED_EDGE('',*,*,#1045,.T.);
#342=ORIENTED_EDGE('',*,*,#1046,.T.);
#343=ORIENTED_EDGE('',*,*,#1047,.T.);
#344=ORIENTED_EDGE('',*,*,#1047,.F.);
#345=ORIENTED_EDGE('',*,*,#1048,.T.);
#346=ORIENTED_EDGE('',*,*,#1049,.T.);
#347=ORIENTED_EDGE('',*,*,#1049,.F.);
#348=ORIENTED_EDGE('',*,*,#1028,.F.);
#349=ORIENTED_EDGE('',*,*,#1038,.F.);
#350=ORIENTED_EDGE('',*,*,#1029,.F.);
#351=ORIENTED_EDGE('',*,*,#1041,.F.);
#352=ORIENTED_EDGE('',*,*,#1030,.F.);
#353=ORIENTED_EDGE('',*,*,#1039,.F.);
#354=ORIENTED_EDGE('',*,*,#1031,.F.);
#355=ORIENTED_EDGE('',*,*,#1040,.F.);
#356=ORIENTED_EDGE('',*,*,#1024,.F.);
#357=ORIENTED_EDGE('',*,*,#1044,.F.);
#358=ORIENTED_EDGE('',*,*,#1046,.F.);
#359=ORIENTED_EDGE('',*,*,#1025,.F.);
#360=ORIENTED_EDGE('',*,*,#1048,.F.);
#361=ORIENTED_EDGE('',*,*,#1026,.F.);
#362=ORIENTED_EDGE('',*,*,#1027,.F.);
#363=ORIENTED_EDGE('',*,*,#1042,.F.);
#364=ORIENTED_EDGE('',*,*,#1022,.F.);
#365=ORIENTED_EDGE('',*,*,#1036,.F.);
#366=ORIENTED_EDGE('',*,*,#1008,.F.);
#367=ORIENTED_EDGE('',*,*,#1005,.F.);
#368=ORIENTED_EDGE('',*,*,#1020,.F.);
#369=ORIENTED_EDGE('',*,*,#1017,.F.);
#370=ORIENTED_EDGE('',*,*,#1010,.F.);
#371=ORIENTED_EDGE('',*,*,#1037,.F.);
#372=ORIENTED_EDGE('',*,*,#1050,.T.);
#373=ORIENTED_EDGE('',*,*,#1051,.T.);
#374=ORIENTED_EDGE('',*,*,#1052,.T.);
#375=ORIENTED_EDGE('',*,*,#1053,.T.);
#376=ORIENTED_EDGE('',*,*,#1054,.F.);
#377=ORIENTED_EDGE('',*,*,#1055,.T.);
#378=ORIENTED_EDGE('',*,*,#1056,.F.);
#379=ORIENTED_EDGE('',*,*,#1057,.T.);
#380=ORIENTED_EDGE('',*,*,#1058,.T.);
#381=ORIENTED_EDGE('',*,*,#1059,.F.);
#382=ORIENTED_EDGE('',*,*,#1060,.T.);
#383=ORIENTED_EDGE('',*,*,#1061,.T.);
#384=ORIENTED_EDGE('',*,*,#1062,.T.);
#385=ORIENTED_EDGE('',*,*,#1063,.T.);
#386=ORIENTED_EDGE('',*,*,#1054,.T.);
#387=ORIENTED_EDGE('',*,*,#1064,.F.);
#388=ORIENTED_EDGE('',*,*,#1065,.T.);
#389=ORIENTED_EDGE('',*,*,#1066,.T.);
#390=ORIENTED_EDGE('',*,*,#1067,.T.);
#391=ORIENTED_EDGE('',*,*,#1068,.T.);
#392=ORIENTED_EDGE('',*,*,#1056,.T.);
#393=ORIENTED_EDGE('',*,*,#1069,.T.);
#394=ORIENTED_EDGE('',*,*,#1070,.T.);
#395=ORIENTED_EDGE('',*,*,#1071,.T.);
#396=ORIENTED_EDGE('',*,*,#1072,.T.);
#397=ORIENTED_EDGE('',*,*,#1073,.T.);
#398=ORIENTED_EDGE('',*,*,#1074,.F.);
#399=ORIENTED_EDGE('',*,*,#1075,.T.);
#400=ORIENTED_EDGE('',*,*,#1076,.T.);
#401=ORIENTED_EDGE('',*,*,#1077,.T.);
#402=ORIENTED_EDGE('',*,*,#1078,.T.);
#403=ORIENTED_EDGE('',*,*,#1079,.T.);
#404=ORIENTED_EDGE('',*,*,#1080,.T.);
#405=ORIENTED_EDGE('',*,*,#1081,.T.);
#406=ORIENTED_EDGE('',*,*,#1064,.T.);
#407=ORIENTED_EDGE('',*,*,#1061,.F.);
#408=ORIENTED_EDGE('',*,*,#1082,.T.);
#409=ORIENTED_EDGE('',*,*,#1083,.F.);
#410=ORIENTED_EDGE('',*,*,#1084,.F.);
#411=ORIENTED_EDGE('',*,*,#1085,.F.);
#412=ORIENTED_EDGE('',*,*,#1086,.T.);
#413=ORIENTED_EDGE('',*,*,#1087,.F.);
#414=ORIENTED_EDGE('',*,*,#1088,.F.);
#415=ORIENTED_EDGE('',*,*,#1089,.T.);
#416=ORIENTED_EDGE('',*,*,#1090,.T.);
#417=ORIENTED_EDGE('',*,*,#1091,.T.);
#418=ORIENTED_EDGE('',*,*,#1092,.F.);
#419=ORIENTED_EDGE('',*,*,#1093,.T.);
#420=ORIENTED_EDGE('',*,*,#1094,.T.);
#421=ORIENTED_EDGE('',*,*,#1095,.T.);
#422=ORIENTED_EDGE('',*,*,#1096,.T.);
#423=ORIENTED_EDGE('',*,*,#1097,.T.);
#424=ORIENTED_EDGE('',*,*,#1067,.F.);
#425=ORIENTED_EDGE('',*,*,#1098,.T.);
#426=ORIENTED_EDGE('',*,*,#1099,.T.);
#427=ORIENTED_EDGE('',*,*,#1087,.T.);
#428=ORIENTED_EDGE('',*,*,#1100,.T.);
#429=ORIENTED_EDGE('',*,*,#1101,.T.);
#430=ORIENTED_EDGE('',*,*,#1102,.F.);
#431=ORIENTED_EDGE('',*,*,#1103,.F.);
#432=ORIENTED_EDGE('',*,*,#1099,.F.);
#433=ORIENTED_EDGE('',*,*,#1104,.T.);
#434=ORIENTED_EDGE('',*,*,#1105,.T.);
#435=ORIENTED_EDGE('',*,*,#1088,.T.);
#436=ORIENTED_EDGE('',*,*,#1106,.F.);
#437=ORIENTED_EDGE('',*,*,#1102,.T.);
#438=ORIENTED_EDGE('',*,*,#1107,.F.);
#439=ORIENTED_EDGE('',*,*,#1108,.T.);
#440=ORIENTED_EDGE('',*,*,#1109,.T.);
#441=ORIENTED_EDGE('',*,*,#1110,.T.);
#442=ORIENTED_EDGE('',*,*,#1111,.T.);
#443=ORIENTED_EDGE('',*,*,#1058,.F.);
#444=ORIENTED_EDGE('',*,*,#1112,.F.);
#445=ORIENTED_EDGE('',*,*,#1113,.T.);
#446=ORIENTED_EDGE('',*,*,#1078,.F.);
#447=ORIENTED_EDGE('',*,*,#1114,.T.);
#448=ORIENTED_EDGE('',*,*,#1115,.T.);
#449=ORIENTED_EDGE('',*,*,#1112,.T.);
#450=ORIENTED_EDGE('',*,*,#1116,.T.);
#451=ORIENTED_EDGE('',*,*,#1117,.T.);
#452=ORIENTED_EDGE('',*,*,#1118,.T.);
#453=ORIENTED_EDGE('',*,*,#1119,.T.);
#454=ORIENTED_EDGE('',*,*,#1120,.T.);
#455=ORIENTED_EDGE('',*,*,#1121,.F.);
#456=ORIENTED_EDGE('',*,*,#1122,.T.);
#457=ORIENTED_EDGE('',*,*,#1092,.T.);
#458=ORIENTED_EDGE('',*,*,#1123,.T.);
#459=ORIENTED_EDGE('',*,*,#1121,.T.);
#460=ORIENTED_EDGE('',*,*,#1124,.T.);
#461=ORIENTED_EDGE('',*,*,#1125,.F.);
#462=ORIENTED_EDGE('',*,*,#1074,.T.);
#463=ORIENTED_EDGE('',*,*,#1126,.T.);
#464=ORIENTED_EDGE('',*,*,#1114,.F.);
#465=ORIENTED_EDGE('',*,*,#1093,.F.);
#466=ORIENTED_EDGE('',*,*,#1125,.T.);
#467=ORIENTED_EDGE('',*,*,#1127,.T.);
#468=ORIENTED_EDGE('',*,*,#1128,.T.);
#469=ORIENTED_EDGE('',*,*,#1129,.F.);
#470=ORIENTED_EDGE('',*,*,#1130,.F.);
#471=ORIENTED_EDGE('',*,*,#1131,.T.);
#472=ORIENTED_EDGE('',*,*,#1132,.F.);
#473=ORIENTED_EDGE('',*,*,#1133,.T.);
#474=ORIENTED_EDGE('',*,*,#1059,.T.);
#475=ORIENTED_EDGE('',*,*,#1111,.F.);
#476=ORIENTED_EDGE('',*,*,#1083,.T.);
#477=ORIENTED_EDGE('',*,*,#1134,.T.);
#478=ORIENTED_EDGE('',*,*,#1132,.T.);
#479=ORIENTED_EDGE('',*,*,#1110,.F.);
#480=ORIENTED_EDGE('',*,*,#1135,.F.);
#481=ORIENTED_EDGE('',*,*,#1109,.F.);
#482=ORIENTED_EDGE('',*,*,#1136,.F.);
#483=ORIENTED_EDGE('',*,*,#1084,.T.);
#484=ORIENTED_EDGE('',*,*,#1135,.T.);
#485=ORIENTED_EDGE('',*,*,#1137,.F.);
#486=ORIENTED_EDGE('',*,*,#1138,.T.);
#487=ORIENTED_EDGE('',*,*,#1085,.T.);
#488=ORIENTED_EDGE('',*,*,#1136,.T.);
#489=ORIENTED_EDGE('',*,*,#1108,.F.);
#490=ORIENTED_EDGE('',*,*,#1101,.F.);
#491=ORIENTED_EDGE('',*,*,#1139,.T.);
#492=ORIENTED_EDGE('',*,*,#1137,.T.);
#493=ORIENTED_EDGE('',*,*,#1107,.T.);
#494=ORIENTED_EDGE('',*,*,#1140,.T.);
#495=ORIENTED_EDGE('',*,*,#1141,.T.);
#496=ORIENTED_EDGE('',*,*,#1142,.T.);
#497=ORIENTED_EDGE('',*,*,#1143,.T.);
#498=ORIENTED_EDGE('',*,*,#1106,.T.);
#499=ORIENTED_EDGE('',*,*,#1057,.F.);
#500=ORIENTED_EDGE('',*,*,#1068,.F.);
#501=ORIENTED_EDGE('',*,*,#1103,.T.);
#502=ORIENTED_EDGE('',*,*,#1144,.F.);
#503=ORIENTED_EDGE('',*,*,#1143,.F.);
#504=ORIENTED_EDGE('',*,*,#1145,.F.);
#505=ORIENTED_EDGE('',*,*,#1144,.T.);
#506=ORIENTED_EDGE('',*,*,#1146,.F.);
#507=ORIENTED_EDGE('',*,*,#1142,.F.);
#508=ORIENTED_EDGE('',*,*,#1147,.F.);
#509=ORIENTED_EDGE('',*,*,#1146,.T.);
#510=ORIENTED_EDGE('',*,*,#1148,.F.);
#511=ORIENTED_EDGE('',*,*,#1141,.F.);
#512=ORIENTED_EDGE('',*,*,#1149,.T.);
#513=ORIENTED_EDGE('',*,*,#1148,.T.);
#514=ORIENTED_EDGE('',*,*,#1150,.F.);
#515=ORIENTED_EDGE('',*,*,#1140,.F.);
#516=ORIENTED_EDGE('',*,*,#1151,.T.);
#517=ORIENTED_EDGE('',*,*,#1150,.T.);
#518=ORIENTED_EDGE('',*,*,#1131,.F.);
#519=ORIENTED_EDGE('',*,*,#1151,.F.);
#520=ORIENTED_EDGE('',*,*,#1128,.F.);
#521=ORIENTED_EDGE('',*,*,#1149,.F.);
#522=ORIENTED_EDGE('',*,*,#1129,.T.);
#523=ORIENTED_EDGE('',*,*,#1147,.T.);
#524=ORIENTED_EDGE('',*,*,#1130,.T.);
#525=ORIENTED_EDGE('',*,*,#1145,.T.);
#526=ORIENTED_EDGE('',*,*,#1138,.F.);
#527=ORIENTED_EDGE('',*,*,#1139,.F.);
#528=ORIENTED_EDGE('',*,*,#1100,.F.);
#529=ORIENTED_EDGE('',*,*,#1086,.F.);
#530=ORIENTED_EDGE('',*,*,#1134,.F.);
#531=ORIENTED_EDGE('',*,*,#1082,.F.);
#532=ORIENTED_EDGE('',*,*,#1060,.F.);
#533=ORIENTED_EDGE('',*,*,#1133,.F.);
#534=ORIENTED_EDGE('',*,*,#1152,.T.);
#535=ORIENTED_EDGE('',*,*,#1153,.T.);
#536=ORIENTED_EDGE('',*,*,#1154,.T.);
#537=ORIENTED_EDGE('',*,*,#1155,.T.);
#538=ORIENTED_EDGE('',*,*,#1156,.T.);
#539=ORIENTED_EDGE('',*,*,#1157,.T.);
#540=ORIENTED_EDGE('',*,*,#1158,.T.);
#541=ORIENTED_EDGE('',*,*,#1159,.T.);
#542=ORIENTED_EDGE('',*,*,#1160,.T.);
#543=ORIENTED_EDGE('',*,*,#1161,.F.);
#544=ORIENTED_EDGE('',*,*,#1161,.T.);
#545=ORIENTED_EDGE('',*,*,#1162,.T.);
#546=ORIENTED_EDGE('',*,*,#1163,.F.);
#547=ORIENTED_EDGE('',*,*,#1163,.T.);
#548=ORIENTED_EDGE('',*,*,#1164,.T.);
#549=ORIENTED_EDGE('',*,*,#1165,.F.);
#550=ORIENTED_EDGE('',*,*,#1165,.T.);
#551=ORIENTED_EDGE('',*,*,#1166,.T.);
#552=ORIENTED_EDGE('',*,*,#1167,.F.);
#553=ORIENTED_EDGE('',*,*,#1167,.T.);
#554=ORIENTED_EDGE('',*,*,#1168,.T.);
#555=ORIENTED_EDGE('',*,*,#1169,.F.);
#556=ORIENTED_EDGE('',*,*,#1169,.T.);
#557=ORIENTED_EDGE('',*,*,#1170,.T.);
#558=ORIENTED_EDGE('',*,*,#1171,.F.);
#559=ORIENTED_EDGE('',*,*,#1171,.T.);
#560=ORIENTED_EDGE('',*,*,#1172,.T.);
#561=ORIENTED_EDGE('',*,*,#1173,.F.);
#562=ORIENTED_EDGE('',*,*,#1173,.T.);
#563=ORIENTED_EDGE('',*,*,#1174,.T.);
#564=ORIENTED_EDGE('',*,*,#1175,.F.);
#565=ORIENTED_EDGE('',*,*,#1175,.T.);
#566=ORIENTED_EDGE('',*,*,#1050,.F.);
#567=ORIENTED_EDGE('',*,*,#1174,.F.);
#568=ORIENTED_EDGE('',*,*,#1051,.F.);
#569=ORIENTED_EDGE('',*,*,#1172,.F.);
#570=ORIENTED_EDGE('',*,*,#1052,.F.);
#571=ORIENTED_EDGE('',*,*,#1170,.F.);
#572=ORIENTED_EDGE('',*,*,#1053,.F.);
#573=ORIENTED_EDGE('',*,*,#1168,.F.);
#574=ORIENTED_EDGE('',*,*,#1094,.F.);
#575=ORIENTED_EDGE('',*,*,#1160,.F.);
#576=ORIENTED_EDGE('',*,*,#1095,.F.);
#577=ORIENTED_EDGE('',*,*,#1162,.F.);
#578=ORIENTED_EDGE('',*,*,#1096,.F.);
#579=ORIENTED_EDGE('',*,*,#1164,.F.);
#580=ORIENTED_EDGE('',*,*,#1097,.F.);
#581=ORIENTED_EDGE('',*,*,#1166,.F.);
#582=ORIENTED_EDGE('',*,*,#1073,.F.);
#583=ORIENTED_EDGE('',*,*,#1176,.T.);
#584=ORIENTED_EDGE('',*,*,#1115,.F.);
#585=ORIENTED_EDGE('',*,*,#1126,.F.);
#586=ORIENTED_EDGE('',*,*,#1124,.F.);
#587=ORIENTED_EDGE('',*,*,#1177,.T.);
#588=ORIENTED_EDGE('',*,*,#1075,.F.);
#589=ORIENTED_EDGE('',*,*,#1127,.F.);
#590=ORIENTED_EDGE('',*,*,#1117,.F.);
#591=ORIENTED_EDGE('',*,*,#1178,.T.);
#592=ORIENTED_EDGE('',*,*,#1156,.F.);
#593=ORIENTED_EDGE('',*,*,#1179,.T.);
#594=ORIENTED_EDGE('',*,*,#1154,.F.);
#595=ORIENTED_EDGE('',*,*,#1180,.T.);
#596=ORIENTED_EDGE('',*,*,#1119,.F.);
#597=ORIENTED_EDGE('',*,*,#1181,.T.);
#598=ORIENTED_EDGE('',*,*,#1113,.F.);
#599=ORIENTED_EDGE('',*,*,#1118,.F.);
#600=ORIENTED_EDGE('',*,*,#1182,.F.);
#601=ORIENTED_EDGE('',*,*,#1079,.F.);
#602=ORIENTED_EDGE('',*,*,#1182,.T.);
#603=ORIENTED_EDGE('',*,*,#1179,.F.);
#604=ORIENTED_EDGE('',*,*,#1183,.F.);
#605=ORIENTED_EDGE('',*,*,#1080,.F.);
#606=ORIENTED_EDGE('',*,*,#1183,.T.);
#607=ORIENTED_EDGE('',*,*,#1159,.F.);
#608=ORIENTED_EDGE('',*,*,#1184,.F.);
#609=ORIENTED_EDGE('',*,*,#1081,.F.);
#610=ORIENTED_EDGE('',*,*,#1158,.F.);
#611=ORIENTED_EDGE('',*,*,#1185,.T.);
#612=ORIENTED_EDGE('',*,*,#1062,.F.);
#613=ORIENTED_EDGE('',*,*,#1184,.T.);
#614=ORIENTED_EDGE('',*,*,#1123,.F.);
#615=ORIENTED_EDGE('',*,*,#1091,.F.);
#616=ORIENTED_EDGE('',*,*,#1186,.F.);
#617=ORIENTED_EDGE('',*,*,#1122,.F.);
#618=ORIENTED_EDGE('',*,*,#1186,.T.);
#619=ORIENTED_EDGE('',*,*,#1090,.F.);
#620=ORIENTED_EDGE('',*,*,#1187,.F.);
#621=ORIENTED_EDGE('',*,*,#1181,.F.);
#622=ORIENTED_EDGE('',*,*,#1187,.T.);
#623=ORIENTED_EDGE('',*,*,#1089,.F.);
#624=ORIENTED_EDGE('',*,*,#1188,.F.);
#625=ORIENTED_EDGE('',*,*,#1155,.F.);
#626=ORIENTED_EDGE('',*,*,#1105,.F.);
#627=ORIENTED_EDGE('',*,*,#1189,.T.);
#628=ORIENTED_EDGE('',*,*,#1152,.F.);
#629=ORIENTED_EDGE('',*,*,#1188,.T.);
#630=ORIENTED_EDGE('',*,*,#1177,.F.);
#631=ORIENTED_EDGE('',*,*,#1120,.F.);
#632=ORIENTED_EDGE('',*,*,#1190,.F.);
#633=ORIENTED_EDGE('',*,*,#1076,.F.);
#634=ORIENTED_EDGE('',*,*,#1190,.T.);
#635=ORIENTED_EDGE('',*,*,#1180,.F.);
#636=ORIENTED_EDGE('',*,*,#1191,.F.);
#637=ORIENTED_EDGE('',*,*,#1077,.F.);
#638=ORIENTED_EDGE('',*,*,#1191,.T.);
#639=ORIENTED_EDGE('',*,*,#1153,.F.);
#640=ORIENTED_EDGE('',*,*,#1192,.F.);
#641=ORIENTED_EDGE('',*,*,#1065,.F.);
#642=ORIENTED_EDGE('',*,*,#1192,.T.);
#643=ORIENTED_EDGE('',*,*,#1189,.F.);
#644=ORIENTED_EDGE('',*,*,#1193,.F.);
#645=ORIENTED_EDGE('',*,*,#1193,.T.);
#646=ORIENTED_EDGE('',*,*,#1104,.F.);
#647=ORIENTED_EDGE('',*,*,#1098,.F.);
#648=ORIENTED_EDGE('',*,*,#1066,.F.);
#649=ORIENTED_EDGE('',*,*,#1176,.F.);
#650=ORIENTED_EDGE('',*,*,#1072,.F.);
#651=ORIENTED_EDGE('',*,*,#1194,.F.);
#652=ORIENTED_EDGE('',*,*,#1116,.F.);
#653=ORIENTED_EDGE('',*,*,#1194,.T.);
#654=ORIENTED_EDGE('',*,*,#1071,.F.);
#655=ORIENTED_EDGE('',*,*,#1195,.F.);
#656=ORIENTED_EDGE('',*,*,#1178,.F.);
#657=ORIENTED_EDGE('',*,*,#1195,.T.);
#658=ORIENTED_EDGE('',*,*,#1070,.F.);
#659=ORIENTED_EDGE('',*,*,#1196,.F.);
#660=ORIENTED_EDGE('',*,*,#1157,.F.);
#661=ORIENTED_EDGE('',*,*,#1185,.F.);
#662=ORIENTED_EDGE('',*,*,#1196,.T.);
#663=ORIENTED_EDGE('',*,*,#1197,.F.);
#664=ORIENTED_EDGE('',*,*,#1197,.T.);
#665=ORIENTED_EDGE('',*,*,#1069,.F.);
#666=ORIENTED_EDGE('',*,*,#1055,.F.);
#667=ORIENTED_EDGE('',*,*,#1063,.F.);
#668=ORIENTED_EDGE('',*,*,#1198,.F.);
#669=ORIENTED_EDGE('',*,*,#1199,.F.);
#670=ORIENTED_EDGE('',*,*,#1200,.T.);
#671=ORIENTED_EDGE('',*,*,#1201,.F.);
#672=ORIENTED_EDGE('',*,*,#1202,.F.);
#673=ORIENTED_EDGE('',*,*,#1203,.T.);
#674=ORIENTED_EDGE('',*,*,#1204,.F.);
#675=ORIENTED_EDGE('',*,*,#1205,.F.);
#676=ORIENTED_EDGE('',*,*,#1206,.T.);
#677=ORIENTED_EDGE('',*,*,#1207,.F.);
#678=ORIENTED_EDGE('',*,*,#1208,.F.);
#679=ORIENTED_EDGE('',*,*,#1209,.T.);
#680=ORIENTED_EDGE('',*,*,#1210,.F.);
#681=ORIENTED_EDGE('',*,*,#1211,.T.);
#682=ORIENTED_EDGE('',*,*,#1212,.T.);
#683=ORIENTED_EDGE('',*,*,#1213,.T.);
#684=ORIENTED_EDGE('',*,*,#1214,.T.);
#685=ORIENTED_EDGE('',*,*,#1215,.F.);
#686=ORIENTED_EDGE('',*,*,#1216,.F.);
#687=ORIENTED_EDGE('',*,*,#1217,.T.);
#688=ORIENTED_EDGE('',*,*,#1218,.F.);
#689=ORIENTED_EDGE('',*,*,#1219,.F.);
#690=ORIENTED_EDGE('',*,*,#1220,.T.);
#691=ORIENTED_EDGE('',*,*,#1221,.F.);
#692=ORIENTED_EDGE('',*,*,#1222,.F.);
#693=ORIENTED_EDGE('',*,*,#1223,.T.);
#694=ORIENTED_EDGE('',*,*,#1224,.F.);
#695=ORIENTED_EDGE('',*,*,#1225,.F.);
#696=ORIENTED_EDGE('',*,*,#1226,.T.);
#697=ORIENTED_EDGE('',*,*,#1227,.F.);
#698=ORIENTED_EDGE('',*,*,#1228,.T.);
#699=ORIENTED_EDGE('',*,*,#1229,.F.);
#700=ORIENTED_EDGE('',*,*,#1230,.T.);
#701=ORIENTED_EDGE('',*,*,#1231,.T.);
#702=ORIENTED_EDGE('',*,*,#1232,.F.);
#703=ORIENTED_EDGE('',*,*,#1233,.T.);
#704=ORIENTED_EDGE('',*,*,#1234,.T.);
#705=ORIENTED_EDGE('',*,*,#1235,.F.);
#706=ORIENTED_EDGE('',*,*,#1236,.T.);
#707=ORIENTED_EDGE('',*,*,#1237,.T.);
#708=ORIENTED_EDGE('',*,*,#1238,.F.);
#709=ORIENTED_EDGE('',*,*,#1239,.T.);
#710=ORIENTED_EDGE('',*,*,#1240,.T.);
#711=ORIENTED_EDGE('',*,*,#1241,.T.);
#712=ORIENTED_EDGE('',*,*,#1242,.T.);
#713=ORIENTED_EDGE('',*,*,#1243,.F.);
#714=ORIENTED_EDGE('',*,*,#1244,.T.);
#715=ORIENTED_EDGE('',*,*,#1245,.F.);
#716=ORIENTED_EDGE('',*,*,#1246,.F.);
#717=ORIENTED_EDGE('',*,*,#1247,.T.);
#718=ORIENTED_EDGE('',*,*,#1248,.T.);
#719=ORIENTED_EDGE('',*,*,#1249,.F.);
#720=ORIENTED_EDGE('',*,*,#1250,.T.);
#721=ORIENTED_EDGE('',*,*,#1251,.T.);
#722=ORIENTED_EDGE('',*,*,#1252,.F.);
#723=ORIENTED_EDGE('',*,*,#1236,.F.);
#724=ORIENTED_EDGE('',*,*,#1253,.F.);
#725=ORIENTED_EDGE('',*,*,#1199,.T.);
#726=ORIENTED_EDGE('',*,*,#1254,.F.);
#727=ORIENTED_EDGE('',*,*,#1250,.F.);
#728=ORIENTED_EDGE('',*,*,#1255,.F.);
#729=ORIENTED_EDGE('',*,*,#1208,.T.);
#730=ORIENTED_EDGE('',*,*,#1256,.F.);
#731=ORIENTED_EDGE('',*,*,#1233,.F.);
#732=ORIENTED_EDGE('',*,*,#1257,.F.);
#733=ORIENTED_EDGE('',*,*,#1205,.T.);
#734=ORIENTED_EDGE('',*,*,#1258,.F.);
#735=ORIENTED_EDGE('',*,*,#1247,.F.);
#736=ORIENTED_EDGE('',*,*,#1259,.F.);
#737=ORIENTED_EDGE('',*,*,#1202,.T.);
#738=ORIENTED_EDGE('',*,*,#1260,.F.);
#739=ORIENTED_EDGE('',*,*,#1261,.T.);
#740=ORIENTED_EDGE('',*,*,#1262,.F.);
#741=ORIENTED_EDGE('',*,*,#1222,.T.);
#742=ORIENTED_EDGE('',*,*,#1263,.F.);
#743=ORIENTED_EDGE('',*,*,#1264,.T.);
#744=ORIENTED_EDGE('',*,*,#1265,.F.);
#745=ORIENTED_EDGE('',*,*,#1219,.T.);
#746=ORIENTED_EDGE('',*,*,#1266,.F.);
#747=ORIENTED_EDGE('',*,*,#1267,.T.);
#748=ORIENTED_EDGE('',*,*,#1268,.F.);
#749=ORIENTED_EDGE('',*,*,#1225,.T.);
#750=ORIENTED_EDGE('',*,*,#1269,.F.);
#751=ORIENTED_EDGE('',*,*,#1270,.T.);
#752=ORIENTED_EDGE('',*,*,#1271,.F.);
#753=ORIENTED_EDGE('',*,*,#1216,.T.);
#754=ORIENTED_EDGE('',*,*,#1242,.F.);
#755=ORIENTED_EDGE('',*,*,#1272,.T.);
#756=ORIENTED_EDGE('',*,*,#1273,.T.);
#757=ORIENTED_EDGE('',*,*,#1274,.T.);
#758=ORIENTED_EDGE('',*,*,#1275,.F.);
#759=ORIENTED_EDGE('',*,*,#1276,.T.);
#760=ORIENTED_EDGE('',*,*,#1277,.F.);
#761=ORIENTED_EDGE('',*,*,#1278,.F.);
#762=ORIENTED_EDGE('',*,*,#1279,.F.);
#763=ORIENTED_EDGE('',*,*,#1280,.T.);
#764=ORIENTED_EDGE('',*,*,#1243,.T.);
#765=ORIENTED_EDGE('',*,*,#1278,.T.);
#766=ORIENTED_EDGE('',*,*,#1281,.F.);
#767=ORIENTED_EDGE('',*,*,#1282,.T.);
#768=ORIENTED_EDGE('',*,*,#1279,.T.);
#769=ORIENTED_EDGE('',*,*,#1277,.T.);
#770=ORIENTED_EDGE('',*,*,#1283,.F.);
#771=ORIENTED_EDGE('',*,*,#1276,.F.);
#772=ORIENTED_EDGE('',*,*,#1284,.F.);
#773=ORIENTED_EDGE('',*,*,#1285,.T.);
#774=ORIENTED_EDGE('',*,*,#1283,.T.);
#775=ORIENTED_EDGE('',*,*,#1286,.F.);
#776=ORIENTED_EDGE('',*,*,#1287,.T.);
#777=ORIENTED_EDGE('',*,*,#1288,.F.);
#778=ORIENTED_EDGE('',*,*,#1284,.T.);
#779=ORIENTED_EDGE('',*,*,#1275,.T.);
#780=ORIENTED_EDGE('',*,*,#1289,.F.);
#781=ORIENTED_EDGE('',*,*,#1290,.T.);
#782=ORIENTED_EDGE('',*,*,#1286,.T.);
#783=ORIENTED_EDGE('',*,*,#1274,.F.);
#784=ORIENTED_EDGE('',*,*,#1291,.F.);
#785=ORIENTED_EDGE('',*,*,#1270,.F.);
#786=ORIENTED_EDGE('',*,*,#1292,.T.);
#787=ORIENTED_EDGE('',*,*,#1293,.F.);
#788=ORIENTED_EDGE('',*,*,#1267,.F.);
#789=ORIENTED_EDGE('',*,*,#1294,.T.);
#790=ORIENTED_EDGE('',*,*,#1295,.F.);
#791=ORIENTED_EDGE('',*,*,#1264,.F.);
#792=ORIENTED_EDGE('',*,*,#1296,.T.);
#793=ORIENTED_EDGE('',*,*,#1297,.F.);
#794=ORIENTED_EDGE('',*,*,#1261,.F.);
#795=ORIENTED_EDGE('',*,*,#1298,.T.);
#796=ORIENTED_EDGE('',*,*,#1299,.F.);
#797=ORIENTED_EDGE('',*,*,#1300,.T.);
#798=ORIENTED_EDGE('',*,*,#1301,.T.);
#799=ORIENTED_EDGE('',*,*,#1302,.T.);
#800=ORIENTED_EDGE('',*,*,#1303,.T.);
#801=ORIENTED_EDGE('',*,*,#1289,.T.);
#802=ORIENTED_EDGE('',*,*,#1273,.F.);
#803=ORIENTED_EDGE('',*,*,#1304,.F.);
#804=ORIENTED_EDGE('',*,*,#1305,.F.);
#805=ORIENTED_EDGE('',*,*,#1306,.T.);
#806=ORIENTED_EDGE('',*,*,#1307,.T.);
#807=ORIENTED_EDGE('',*,*,#1308,.T.);
#808=ORIENTED_EDGE('',*,*,#1229,.T.);
#809=ORIENTED_EDGE('',*,*,#1309,.T.);
#810=ORIENTED_EDGE('',*,*,#1310,.F.);
#811=ORIENTED_EDGE('',*,*,#1311,.T.);
#812=ORIENTED_EDGE('',*,*,#1312,.T.);
#813=ORIENTED_EDGE('',*,*,#1313,.T.);
#814=ORIENTED_EDGE('',*,*,#1314,.T.);
#815=ORIENTED_EDGE('',*,*,#1315,.T.);
#816=ORIENTED_EDGE('',*,*,#1316,.F.);
#817=ORIENTED_EDGE('',*,*,#1317,.T.);
#818=ORIENTED_EDGE('',*,*,#1318,.T.);
#819=ORIENTED_EDGE('',*,*,#1319,.T.);
#820=ORIENTED_EDGE('',*,*,#1320,.F.);
#821=ORIENTED_EDGE('',*,*,#1321,.T.);
#822=ORIENTED_EDGE('',*,*,#1322,.F.);
#823=ORIENTED_EDGE('',*,*,#1323,.T.);
#824=ORIENTED_EDGE('',*,*,#1324,.T.);
#825=ORIENTED_EDGE('',*,*,#1325,.T.);
#826=ORIENTED_EDGE('',*,*,#1213,.F.);
#827=ORIENTED_EDGE('',*,*,#1326,.T.);
#828=ORIENTED_EDGE('',*,*,#1327,.T.);
#829=ORIENTED_EDGE('',*,*,#1328,.T.);
#830=ORIENTED_EDGE('',*,*,#1307,.F.);
#831=ORIENTED_EDGE('',*,*,#1329,.T.);
#832=ORIENTED_EDGE('',*,*,#1310,.T.);
#833=ORIENTED_EDGE('',*,*,#1330,.T.);
#834=ORIENTED_EDGE('',*,*,#1316,.T.);
#835=ORIENTED_EDGE('',*,*,#1331,.T.);
#836=ORIENTED_EDGE('',*,*,#1320,.T.);
#837=ORIENTED_EDGE('',*,*,#1332,.T.);
#838=ORIENTED_EDGE('',*,*,#1322,.T.);
#839=ORIENTED_EDGE('',*,*,#1333,.T.);
#840=ORIENTED_EDGE('',*,*,#1334,.F.);
#841=ORIENTED_EDGE('',*,*,#1245,.T.);
#842=ORIENTED_EDGE('',*,*,#1335,.T.);
#843=ORIENTED_EDGE('',*,*,#1281,.T.);
#844=ORIENTED_EDGE('',*,*,#1285,.F.);
#845=ORIENTED_EDGE('',*,*,#1288,.T.);
#846=ORIENTED_EDGE('',*,*,#1336,.T.);
#847=ORIENTED_EDGE('',*,*,#1302,.F.);
#848=ORIENTED_EDGE('',*,*,#1272,.F.);
#849=ORIENTED_EDGE('',*,*,#1241,.F.);
#850=ORIENTED_EDGE('',*,*,#1337,.T.);
#851=ORIENTED_EDGE('',*,*,#1304,.T.);
#852=ORIENTED_EDGE('',*,*,#1240,.F.);
#853=ORIENTED_EDGE('',*,*,#1338,.T.);
#854=ORIENTED_EDGE('',*,*,#1339,.T.);
#855=ORIENTED_EDGE('',*,*,#1324,.F.);
#856=ORIENTED_EDGE('',*,*,#1340,.T.);
#857=ORIENTED_EDGE('',*,*,#1318,.F.);
#858=ORIENTED_EDGE('',*,*,#1341,.T.);
#859=ORIENTED_EDGE('',*,*,#1314,.F.);
#860=ORIENTED_EDGE('',*,*,#1342,.T.);
#861=ORIENTED_EDGE('',*,*,#1312,.F.);
#862=ORIENTED_EDGE('',*,*,#1343,.T.);
#863=ORIENTED_EDGE('',*,*,#1305,.T.);
#864=ORIENTED_EDGE('',*,*,#1344,.T.);
#865=ORIENTED_EDGE('',*,*,#1345,.T.);
#866=ORIENTED_EDGE('',*,*,#1299,.T.);
#867=ORIENTED_EDGE('',*,*,#1337,.F.);
#868=ORIENTED_EDGE('',*,*,#1244,.F.);
#869=ORIENTED_EDGE('',*,*,#1280,.F.);
#870=ORIENTED_EDGE('',*,*,#1282,.F.);
#871=ORIENTED_EDGE('',*,*,#1335,.F.);
#872=ORIENTED_EDGE('',*,*,#1303,.F.);
#873=ORIENTED_EDGE('',*,*,#1336,.F.);
#874=ORIENTED_EDGE('',*,*,#1287,.F.);
#875=ORIENTED_EDGE('',*,*,#1290,.F.);
#876=ORIENTED_EDGE('',*,*,#1329,.F.);
#877=ORIENTED_EDGE('',*,*,#1306,.F.);
#878=ORIENTED_EDGE('',*,*,#1343,.F.);
#879=ORIENTED_EDGE('',*,*,#1311,.F.);
#880=ORIENTED_EDGE('',*,*,#1332,.F.);
#881=ORIENTED_EDGE('',*,*,#1319,.F.);
#882=ORIENTED_EDGE('',*,*,#1340,.F.);
#883=ORIENTED_EDGE('',*,*,#1323,.F.);
#884=ORIENTED_EDGE('',*,*,#1331,.F.);
#885=ORIENTED_EDGE('',*,*,#1315,.F.);
#886=ORIENTED_EDGE('',*,*,#1341,.F.);
#887=ORIENTED_EDGE('',*,*,#1321,.F.);
#888=ORIENTED_EDGE('',*,*,#1330,.F.);
#889=ORIENTED_EDGE('',*,*,#1313,.F.);
#890=ORIENTED_EDGE('',*,*,#1342,.F.);
#891=ORIENTED_EDGE('',*,*,#1317,.F.);
#892=ORIENTED_EDGE('',*,*,#1346,.T.);
#893=ORIENTED_EDGE('',*,*,#1347,.T.);
#894=ORIENTED_EDGE('',*,*,#1238,.T.);
#895=ORIENTED_EDGE('',*,*,#1334,.T.);
#896=ORIENTED_EDGE('',*,*,#1301,.F.);
#897=ORIENTED_EDGE('',*,*,#1348,.T.);
#898=ORIENTED_EDGE('',*,*,#1349,.T.);
#899=ORIENTED_EDGE('',*,*,#1327,.F.);
#900=ORIENTED_EDGE('',*,*,#1235,.T.);
#901=ORIENTED_EDGE('',*,*,#1350,.T.);
#902=ORIENTED_EDGE('',*,*,#1200,.F.);
#903=ORIENTED_EDGE('',*,*,#1253,.T.);
#904=ORIENTED_EDGE('',*,*,#1350,.F.);
#905=ORIENTED_EDGE('',*,*,#1237,.F.);
#906=ORIENTED_EDGE('',*,*,#1252,.T.);
#907=ORIENTED_EDGE('',*,*,#1198,.T.);
#908=ORIENTED_EDGE('',*,*,#1246,.T.);
#909=ORIENTED_EDGE('',*,*,#1351,.T.);
#910=ORIENTED_EDGE('',*,*,#1203,.F.);
#911=ORIENTED_EDGE('',*,*,#1259,.T.);
#912=ORIENTED_EDGE('',*,*,#1351,.F.);
#913=ORIENTED_EDGE('',*,*,#1248,.F.);
#914=ORIENTED_EDGE('',*,*,#1258,.T.);
#915=ORIENTED_EDGE('',*,*,#1201,.T.);
#916=ORIENTED_EDGE('',*,*,#1232,.T.);
#917=ORIENTED_EDGE('',*,*,#1352,.T.);
#918=ORIENTED_EDGE('',*,*,#1206,.F.);
#919=ORIENTED_EDGE('',*,*,#1257,.T.);
#920=ORIENTED_EDGE('',*,*,#1352,.F.);
#921=ORIENTED_EDGE('',*,*,#1234,.F.);
#922=ORIENTED_EDGE('',*,*,#1256,.T.);
#923=ORIENTED_EDGE('',*,*,#1204,.T.);
#924=ORIENTED_EDGE('',*,*,#1249,.T.);
#925=ORIENTED_EDGE('',*,*,#1353,.T.);
#926=ORIENTED_EDGE('',*,*,#1209,.F.);
#927=ORIENTED_EDGE('',*,*,#1255,.T.);
#928=ORIENTED_EDGE('',*,*,#1353,.F.);
#929=ORIENTED_EDGE('',*,*,#1251,.F.);
#930=ORIENTED_EDGE('',*,*,#1254,.T.);
#931=ORIENTED_EDGE('',*,*,#1207,.T.);
#932=ORIENTED_EDGE('',*,*,#1297,.T.);
#933=ORIENTED_EDGE('',*,*,#1354,.T.);
#934=ORIENTED_EDGE('',*,*,#1223,.F.);
#935=ORIENTED_EDGE('',*,*,#1262,.T.);
#936=ORIENTED_EDGE('',*,*,#1354,.F.);
#937=ORIENTED_EDGE('',*,*,#1298,.F.);
#938=ORIENTED_EDGE('',*,*,#1260,.T.);
#939=ORIENTED_EDGE('',*,*,#1221,.T.);
#940=ORIENTED_EDGE('',*,*,#1295,.T.);
#941=ORIENTED_EDGE('',*,*,#1355,.T.);
#942=ORIENTED_EDGE('',*,*,#1220,.F.);
#943=ORIENTED_EDGE('',*,*,#1265,.T.);
#944=ORIENTED_EDGE('',*,*,#1355,.F.);
#945=ORIENTED_EDGE('',*,*,#1296,.F.);
#946=ORIENTED_EDGE('',*,*,#1263,.T.);
#947=ORIENTED_EDGE('',*,*,#1218,.T.);
#948=ORIENTED_EDGE('',*,*,#1293,.T.);
#949=ORIENTED_EDGE('',*,*,#1356,.T.);
#950=ORIENTED_EDGE('',*,*,#1226,.F.);
#951=ORIENTED_EDGE('',*,*,#1268,.T.);
#952=ORIENTED_EDGE('',*,*,#1356,.F.);
#953=ORIENTED_EDGE('',*,*,#1294,.F.);
#954=ORIENTED_EDGE('',*,*,#1266,.T.);
#955=ORIENTED_EDGE('',*,*,#1224,.T.);
#956=ORIENTED_EDGE('',*,*,#1291,.T.);
#957=ORIENTED_EDGE('',*,*,#1357,.T.);
#958=ORIENTED_EDGE('',*,*,#1217,.F.);
#959=ORIENTED_EDGE('',*,*,#1271,.T.);
#960=ORIENTED_EDGE('',*,*,#1357,.F.);
#961=ORIENTED_EDGE('',*,*,#1292,.F.);
#962=ORIENTED_EDGE('',*,*,#1269,.T.);
#963=ORIENTED_EDGE('',*,*,#1215,.T.);
#964=ORIENTED_EDGE('',*,*,#1308,.F.);
#965=ORIENTED_EDGE('',*,*,#1328,.F.);
#966=ORIENTED_EDGE('',*,*,#1358,.F.);
#967=ORIENTED_EDGE('',*,*,#1230,.F.);
#968=ORIENTED_EDGE('',*,*,#1349,.F.);
#969=ORIENTED_EDGE('',*,*,#1359,.T.);
#970=ORIENTED_EDGE('',*,*,#1231,.F.);
#971=ORIENTED_EDGE('',*,*,#1358,.T.);
#972=ORIENTED_EDGE('',*,*,#1228,.F.);
#973=ORIENTED_EDGE('',*,*,#1360,.T.);
#974=ORIENTED_EDGE('',*,*,#1344,.F.);
#975=ORIENTED_EDGE('',*,*,#1309,.F.);
#976=ORIENTED_EDGE('',*,*,#1326,.F.);
#977=ORIENTED_EDGE('',*,*,#1212,.F.);
#978=ORIENTED_EDGE('',*,*,#1361,.F.);
#979=ORIENTED_EDGE('',*,*,#1333,.F.);
#980=ORIENTED_EDGE('',*,*,#1211,.F.);
#981=ORIENTED_EDGE('',*,*,#1362,.T.);
#982=ORIENTED_EDGE('',*,*,#1346,.F.);
#983=ORIENTED_EDGE('',*,*,#1361,.T.);
#984=ORIENTED_EDGE('',*,*,#1339,.F.);
#985=ORIENTED_EDGE('',*,*,#1363,.T.);
#986=ORIENTED_EDGE('',*,*,#1214,.F.);
#987=ORIENTED_EDGE('',*,*,#1325,.F.);
#988=ORIENTED_EDGE('',*,*,#1300,.F.);
#989=ORIENTED_EDGE('',*,*,#1345,.F.);
#990=ORIENTED_EDGE('',*,*,#1364,.F.);
#991=ORIENTED_EDGE('',*,*,#1348,.F.);
#992=ORIENTED_EDGE('',*,*,#1359,.F.);
#993=ORIENTED_EDGE('',*,*,#1364,.T.);
#994=ORIENTED_EDGE('',*,*,#1360,.F.);
#995=ORIENTED_EDGE('',*,*,#1227,.T.);
#996=ORIENTED_EDGE('',*,*,#1239,.F.);
#997=ORIENTED_EDGE('',*,*,#1347,.F.);
#998=ORIENTED_EDGE('',*,*,#1365,.F.);
#999=ORIENTED_EDGE('',*,*,#1338,.F.);
#1000=ORIENTED_EDGE('',*,*,#1362,.F.);
#1001=ORIENTED_EDGE('',*,*,#1210,.T.);
#1002=ORIENTED_EDGE('',*,*,#1363,.F.);
#1003=ORIENTED_EDGE('',*,*,#1365,.T.);
#1004=EDGE_CURVE('',#1366,#1367,#1622,.T.);
#1005=EDGE_CURVE('',#1367,#1368,#1623,.T.);
#1006=EDGE_CURVE('',#1369,#1368,#1624,.T.);
#1007=EDGE_CURVE('',#1366,#1369,#1625,.T.);
#1008=EDGE_CURVE('',#1368,#1370,#132,.F.);
#1009=EDGE_CURVE('',#1370,#1371,#1626,.T.);
#1010=EDGE_CURVE('',#1371,#1372,#133,.F.);
#1011=EDGE_CURVE('',#1373,#1372,#1627,.T.);
#1012=EDGE_CURVE('',#1369,#1373,#1628,.T.);
#1013=EDGE_CURVE('',#1374,#1374,#134,.T.);
#1014=EDGE_CURVE('',#1375,#1375,#135,.T.);
#1015=EDGE_CURVE('',#1376,#1376,#136,.T.);
#1016=EDGE_CURVE('',#1377,#1377,#137,.T.);
#1017=EDGE_CURVE('',#1372,#1378,#1629,.F.);
#1018=EDGE_CURVE('',#1379,#1378,#1630,.T.);
#1019=EDGE_CURVE('',#1379,#1373,#1631,.T.);
#1020=EDGE_CURVE('',#1378,#1380,#138,.T.);
#1021=EDGE_CURVE('',#1381,#1380,#1632,.T.);
#1022=EDGE_CURVE('',#1381,#1367,#139,.T.);
#1023=EDGE_CURVE('',#1366,#1379,#1633,.T.);
#1024=EDGE_CURVE('',#1382,#1382,#140,.F.);
#1025=EDGE_CURVE('',#1383,#1383,#141,.F.);
#1026=EDGE_CURVE('',#1384,#1384,#142,.F.);
#1027=EDGE_CURVE('',#1385,#1385,#143,.F.);
#1028=EDGE_CURVE('',#1386,#1386,#144,.F.);
#1029=EDGE_CURVE('',#1387,#1387,#145,.F.);
#1030=EDGE_CURVE('',#1388,#1388,#146,.F.);
#1031=EDGE_CURVE('',#1389,#1389,#147,.F.);
#1032=EDGE_CURVE('',#1390,#1390,#148,.T.);
#1033=EDGE_CURVE('',#1391,#1391,#149,.T.);
#1034=EDGE_CURVE('',#1392,#1392,#150,.T.);
#1035=EDGE_CURVE('',#1393,#1393,#151,.T.);
#1036=EDGE_CURVE('',#1370,#1381,#1634,.F.);
#1037=EDGE_CURVE('',#1380,#1371,#1635,.T.);
#1038=EDGE_CURVE('',#1394,#1394,#152,.T.);
#1039=EDGE_CURVE('',#1395,#1395,#153,.T.);
#1040=EDGE_CURVE('',#1396,#1396,#154,.T.);
#1041=EDGE_CURVE('',#1397,#1397,#155,.T.);
#1042=EDGE_CURVE('',#1398,#1398,#156,.T.);
#1043=EDGE_CURVE('',#1399,#1399,#157,.T.);
#1044=EDGE_CURVE('',#1400,#1400,#158,.T.);
#1045=EDGE_CURVE('',#1401,#1401,#159,.T.);
#1046=EDGE_CURVE('',#1402,#1402,#160,.T.);
#1047=EDGE_CURVE('',#1403,#1403,#161,.T.);
#1048=EDGE_CURVE('',#1404,#1404,#162,.T.);
#1049=EDGE_CURVE('',#1405,#1405,#163,.T.);
#1050=EDGE_CURVE('',#1406,#1406,#164,.T.);
#1051=EDGE_CURVE('',#1407,#1407,#165,.T.);
#1052=EDGE_CURVE('',#1408,#1408,#166,.T.);
#1053=EDGE_CURVE('',#1409,#1409,#167,.T.);
#1054=EDGE_CURVE('',#1410,#1411,#1636,.T.);
#1055=EDGE_CURVE('',#1410,#1412,#168,.F.);
#1056=EDGE_CURVE('',#1413,#1412,#1637,.T.);
#1057=EDGE_CURVE('',#1413,#1414,#1638,.T.);
#1058=EDGE_CURVE('',#1414,#1415,#1639,.T.);
#1059=EDGE_CURVE('',#1416,#1415,#1640,.T.);
#1060=EDGE_CURVE('',#1416,#1417,#1641,.T.);
#1061=EDGE_CURVE('',#1417,#1411,#1642,.T.);
#1062=EDGE_CURVE('',#1418,#1419,#1643,.F.);
#1063=EDGE_CURVE('',#1419,#1410,#1644,.T.);
#1064=EDGE_CURVE('',#1418,#1411,#1645,.T.);
#1065=EDGE_CURVE('',#1420,#1421,#1646,.F.);
#1066=EDGE_CURVE('',#1421,#1422,#1647,.T.);
#1067=EDGE_CURVE('',#1422,#1423,#1648,.T.);
#1068=EDGE_CURVE('',#1423,#1413,#169,.T.);
#1069=EDGE_CURVE('',#1412,#1424,#1649,.F.);
#1070=EDGE_CURVE('',#1424,#1425,#1650,.T.);
#1071=EDGE_CURVE('',#1425,#1426,#170,.T.);
#1072=EDGE_CURVE('',#1426,#1427,#1651,.T.);
#1073=EDGE_CURVE('',#1427,#1428,#1652,.F.);
#1074=EDGE_CURVE('',#1429,#1428,#1653,.T.);
#1075=EDGE_CURVE('',#1429,#1430,#1654,.T.);
#1076=EDGE_CURVE('',#1430,#1431,#1655,.F.);
#1077=EDGE_CURVE('',#1431,#1420,#171,.T.);
#1078=EDGE_CURVE('',#1432,#1433,#1656,.T.);
#1079=EDGE_CURVE('',#1433,#1434,#1657,.T.);
#1080=EDGE_CURVE('',#1434,#1435,#172,.F.);
#1081=EDGE_CURVE('',#1435,#1418,#1658,.F.);
#1082=EDGE_CURVE('',#1417,#1436,#173,.F.);
#1083=EDGE_CURVE('',#1437,#1436,#1659,.T.);
#1084=EDGE_CURVE('',#1438,#1437,#174,.T.);
#1085=EDGE_CURVE('',#1439,#1438,#1660,.T.);
#1086=EDGE_CURVE('',#1439,#1440,#175,.F.);
#1087=EDGE_CURVE('',#1441,#1440,#1661,.T.);
#1088=EDGE_CURVE('',#1442,#1441,#1662,.T.);
#1089=EDGE_CURVE('',#1442,#1443,#1663,.T.);
#1090=EDGE_CURVE('',#1443,#1444,#176,.F.);
#1091=EDGE_CURVE('',#1444,#1445,#1664,.F.);
#1092=EDGE_CURVE('',#1446,#1445,#1665,.T.);
#1093=EDGE_CURVE('',#1446,#1432,#1666,.T.);
#1094=EDGE_CURVE('',#1447,#1447,#177,.T.);
#1095=EDGE_CURVE('',#1448,#1448,#178,.T.);
#1096=EDGE_CURVE('',#1449,#1449,#179,.T.);
#1097=EDGE_CURVE('',#1450,#1450,#180,.T.);
#1098=EDGE_CURVE('',#1422,#1451,#181,.F.);
#1099=EDGE_CURVE('',#1451,#1441,#1667,.T.);
#1100=EDGE_CURVE('',#1440,#1452,#1668,.F.);
#1101=EDGE_CURVE('',#1452,#1453,#1669,.T.);
#1102=EDGE_CURVE('',#1454,#1453,#1670,.T.);
#1103=EDGE_CURVE('',#1423,#1454,#1671,.T.);
#1104=EDGE_CURVE('',#1451,#1455,#1672,.F.);
#1105=EDGE_CURVE('',#1455,#1442,#1673,.T.);
#1106=EDGE_CURVE('',#1454,#1414,#182,.T.);
#1107=EDGE_CURVE('',#1456,#1453,#183,.T.);
#1108=EDGE_CURVE('',#1456,#1457,#1674,.T.);
#1109=EDGE_CURVE('',#1457,#1458,#184,.T.);
#1110=EDGE_CURVE('',#1458,#1459,#1675,.T.);
#1111=EDGE_CURVE('',#1459,#1415,#185,.T.);
#1112=EDGE_CURVE('',#1460,#1461,#1676,.T.);
#1113=EDGE_CURVE('',#1460,#1433,#22,.F.);
#1114=EDGE_CURVE('',#1432,#1462,#1677,.T.);
#1115=EDGE_CURVE('',#1462,#1461,#1678,.T.);
#1116=EDGE_CURVE('',#1461,#1463,#1679,.F.);
#1117=EDGE_CURVE('',#1463,#1464,#1680,.T.);
#1118=EDGE_CURVE('',#1464,#1460,#1681,.F.);
#1119=EDGE_CURVE('',#1465,#1466,#1682,.F.);
#1120=EDGE_CURVE('',#1466,#1467,#1683,.T.);
#1121=EDGE_CURVE('',#1468,#1467,#1684,.T.);
#1122=EDGE_CURVE('',#1468,#1465,#1685,.T.);
#1123=EDGE_CURVE('',#1445,#1468,#23,.T.);
#1124=EDGE_CURVE('',#1467,#1469,#1686,.F.);
#1125=EDGE_CURVE('',#1446,#1469,#1687,.T.);
#1126=EDGE_CURVE('',#1428,#1462,#186,.F.);
#1127=EDGE_CURVE('',#1469,#1429,#187,.F.);
#1128=EDGE_CURVE('',#1470,#1470,#188,.F.);
#1129=EDGE_CURVE('',#1471,#1471,#189,.T.);
#1130=EDGE_CURVE('',#1472,#1472,#190,.T.);
#1131=EDGE_CURVE('',#1473,#1473,#191,.F.);
#1132=EDGE_CURVE('',#1474,#1459,#1688,.T.);
#1133=EDGE_CURVE('',#1474,#1416,#192,.T.);
#1134=EDGE_CURVE('',#1436,#1474,#1689,.F.);
#1135=EDGE_CURVE('',#1437,#1458,#1690,.T.);
#1136=EDGE_CURVE('',#1438,#1457,#1691,.T.);
#1137=EDGE_CURVE('',#1475,#1456,#1692,.T.);
#1138=EDGE_CURVE('',#1475,#1439,#1693,.F.);
#1139=EDGE_CURVE('',#1452,#1475,#193,.T.);
#1140=EDGE_CURVE('',#1476,#1476,#18,.T.);
#1141=EDGE_CURVE('',#1477,#1477,#19,.T.);
#1142=EDGE_CURVE('',#1478,#1478,#20,.T.);
#1143=EDGE_CURVE('',#1479,#1479,#21,.T.);
#1144=EDGE_CURVE('',#1480,#1480,#194,.T.);
#1145=EDGE_CURVE('',#1481,#1481,#195,.T.);
#1146=EDGE_CURVE('',#1482,#1482,#196,.T.);
#1147=EDGE_CURVE('',#1483,#1483,#197,.T.);
#1148=EDGE_CURVE('',#1484,#1484,#198,.T.);
#1149=EDGE_CURVE('',#1485,#1485,#199,.F.);
#1150=EDGE_CURVE('',#1486,#1486,#200,.T.);
#1151=EDGE_CURVE('',#1487,#1487,#201,.F.);
#1152=EDGE_CURVE('',#1488,#1489,#1694,.F.);
#1153=EDGE_CURVE('',#1489,#1490,#1695,.T.);
#1154=EDGE_CURVE('',#1490,#1491,#1696,.T.);
#1155=EDGE_CURVE('',#1491,#1488,#1697,.F.);
#1156=EDGE_CURVE('',#1492,#1493,#1698,.F.);
#1157=EDGE_CURVE('',#1493,#1494,#1699,.F.);
#1158=EDGE_CURVE('',#1494,#1495,#1700,.T.);
#1159=EDGE_CURVE('',#1495,#1492,#1701,.T.);
#1160=EDGE_CURVE('',#1496,#1496,#202,.F.);
#1161=EDGE_CURVE('',#1497,#1497,#203,.T.);
#1162=EDGE_CURVE('',#1498,#1498,#204,.F.);
#1163=EDGE_CURVE('',#1499,#1499,#205,.T.);
#1164=EDGE_CURVE('',#1500,#1500,#206,.F.);
#1165=EDGE_CURVE('',#1501,#1501,#207,.T.);
#1166=EDGE_CURVE('',#1502,#1502,#208,.F.);
#1167=EDGE_CURVE('',#1503,#1503,#209,.T.);
#1168=EDGE_CURVE('',#1504,#1504,#210,.F.);
#1169=EDGE_CURVE('',#1505,#1505,#211,.T.);
#1170=EDGE_CURVE('',#1506,#1506,#212,.F.);
#1171=EDGE_CURVE('',#1507,#1507,#213,.T.);
#1172=EDGE_CURVE('',#1508,#1508,#214,.F.);
#1173=EDGE_CURVE('',#1509,#1509,#215,.T.);
#1174=EDGE_CURVE('',#1510,#1510,#216,.F.);
#1175=EDGE_CURVE('',#1511,#1511,#217,.T.);
#1176=EDGE_CURVE('',#1427,#1461,#24,.F.);
#1177=EDGE_CURVE('',#1467,#1430,#25,.T.);
#1178=EDGE_CURVE('',#1463,#1493,#218,.F.);
#1179=EDGE_CURVE('',#1492,#1464,#219,.T.);
#1180=EDGE_CURVE('',#1490,#1466,#220,.F.);
#1181=EDGE_CURVE('',#1465,#1491,#221,.T.);
#1182=EDGE_CURVE('',#1434,#1464,#222,.T.);
#1183=EDGE_CURVE('',#1435,#1492,#223,.T.);
#1184=EDGE_CURVE('',#1418,#1495,#26,.T.);
#1185=EDGE_CURVE('',#1494,#1419,#224,.T.);
#1186=EDGE_CURVE('',#1465,#1444,#225,.T.);
#1187=EDGE_CURVE('',#1491,#1443,#226,.T.);
#1188=EDGE_CURVE('',#1488,#1442,#27,.F.);
#1189=EDGE_CURVE('',#1455,#1489,#227,.T.);
#1190=EDGE_CURVE('',#1431,#1466,#228,.T.);
#1191=EDGE_CURVE('',#1420,#1490,#229,.T.);
#1192=EDGE_CURVE('',#1421,#1489,#28,.F.);
#1193=EDGE_CURVE('',#1421,#1455,#29,.F.);
#1194=EDGE_CURVE('',#1463,#1426,#230,.T.);
#1195=EDGE_CURVE('',#1493,#1425,#231,.T.);
#1196=EDGE_CURVE('',#1494,#1424,#30,.T.);
#1197=EDGE_CURVE('',#1419,#1424,#31,.T.);
#1198=EDGE_CURVE('',#1512,#1513,#1702,.T.);
#1199=EDGE_CURVE('',#1514,#1512,#232,.T.);
#1200=EDGE_CURVE('',#1514,#1513,#1703,.T.);
#1201=EDGE_CURVE('',#1515,#1516,#1704,.T.);
#1202=EDGE_CURVE('',#1517,#1515,#233,.T.);
#1203=EDGE_CURVE('',#1517,#1516,#1705,.T.);
#1204=EDGE_CURVE('',#1518,#1519,#1706,.T.);
#1205=EDGE_CURVE('',#1520,#1518,#234,.T.);
#1206=EDGE_CURVE('',#1520,#1519,#1707,.T.);
#1207=EDGE_CURVE('',#1521,#1522,#1708,.T.);
#1208=EDGE_CURVE('',#1523,#1521,#235,.T.);
#1209=EDGE_CURVE('',#1523,#1522,#1709,.T.);
#1210=EDGE_CURVE('',#1524,#1525,#236,.F.);
#1211=EDGE_CURVE('',#1524,#1526,#1710,.T.);
#1212=EDGE_CURVE('',#1526,#1527,#1711,.T.);
#1213=EDGE_CURVE('',#1527,#1528,#1712,.T.);
#1214=EDGE_CURVE('',#1528,#1525,#1713,.F.);
#1215=EDGE_CURVE('',#1529,#1530,#1714,.T.);
#1216=EDGE_CURVE('',#1531,#1529,#237,.T.);
#1217=EDGE_CURVE('',#1531,#1530,#1715,.T.);
#1218=EDGE_CURVE('',#1532,#1533,#1716,.T.);
#1219=EDGE_CURVE('',#1534,#1532,#238,.T.);
#1220=EDGE_CURVE('',#1534,#1533,#1717,.T.);
#1221=EDGE_CURVE('',#1535,#1536,#1718,.T.);
#1222=EDGE_CURVE('',#1537,#1535,#239,.T.);
#1223=EDGE_CURVE('',#1537,#1536,#1719,.T.);
#1224=EDGE_CURVE('',#1538,#1539,#1720,.T.);
#1225=EDGE_CURVE('',#1540,#1538,#240,.T.);
#1226=EDGE_CURVE('',#1540,#1539,#1721,.T.);
#1227=EDGE_CURVE('',#1541,#1542,#241,.T.);
#1228=EDGE_CURVE('',#1541,#1543,#1722,.T.);
#1229=EDGE_CURVE('',#1544,#1543,#1723,.T.);
#1230=EDGE_CURVE('',#1544,#1545,#1724,.F.);
#1231=EDGE_CURVE('',#1545,#1542,#1725,.F.);
#1232=EDGE_CURVE('',#1546,#1547,#1726,.T.);
#1233=EDGE_CURVE('',#1546,#1548,#242,.T.);
#1234=EDGE_CURVE('',#1548,#1547,#1727,.T.);
#1235=EDGE_CURVE('',#1549,#1550,#1728,.T.);
#1236=EDGE_CURVE('',#1549,#1551,#243,.T.);
#1237=EDGE_CURVE('',#1551,#1550,#1729,.T.);
#1238=EDGE_CURVE('',#1552,#1553,#1730,.T.);
#1239=EDGE_CURVE('',#1552,#1554,#244,.F.);
#1240=EDGE_CURVE('',#1554,#1555,#1731,.T.);
#1241=EDGE_CURVE('',#1555,#1556,#1732,.T.);
#1242=EDGE_CURVE('',#1556,#1557,#1733,.T.);
#1243=EDGE_CURVE('',#1558,#1557,#1734,.T.);
#1244=EDGE_CURVE('',#1558,#1559,#1735,.T.);
#1245=EDGE_CURVE('',#1553,#1559,#1736,.T.);
#1246=EDGE_CURVE('',#1560,#1561,#1737,.T.);
#1247=EDGE_CURVE('',#1560,#1562,#245,.T.);
#1248=EDGE_CURVE('',#1562,#1561,#1738,.T.);
#1249=EDGE_CURVE('',#1563,#1564,#1739,.T.);
#1250=EDGE_CURVE('',#1563,#1565,#246,.T.);
#1251=EDGE_CURVE('',#1565,#1564,#1740,.T.);
#1252=EDGE_CURVE('',#1551,#1512,#1741,.T.);
#1253=EDGE_CURVE('',#1514,#1549,#1742,.T.);
#1254=EDGE_CURVE('',#1565,#1521,#1743,.T.);
#1255=EDGE_CURVE('',#1523,#1563,#1744,.T.);
#1256=EDGE_CURVE('',#1548,#1518,#1745,.T.);
#1257=EDGE_CURVE('',#1520,#1546,#1746,.T.);
#1258=EDGE_CURVE('',#1562,#1515,#1747,.T.);
#1259=EDGE_CURVE('',#1517,#1560,#1748,.T.);
#1260=EDGE_CURVE('',#1566,#1535,#1749,.T.);
#1261=EDGE_CURVE('',#1566,#1567,#247,.T.);
#1262=EDGE_CURVE('',#1537,#1567,#1750,.T.);
#1263=EDGE_CURVE('',#1568,#1532,#1751,.T.);
#1264=EDGE_CURVE('',#1568,#1569,#248,.T.);
#1265=EDGE_CURVE('',#1534,#1569,#1752,.T.);
#1266=EDGE_CURVE('',#1570,#1538,#1753,.T.);
#1267=EDGE_CURVE('',#1570,#1571,#249,.T.);
#1268=EDGE_CURVE('',#1540,#1571,#1754,.T.);
#1269=EDGE_CURVE('',#1572,#1529,#1755,.T.);
#1270=EDGE_CURVE('',#1572,#1573,#250,.T.);
#1271=EDGE_CURVE('',#1531,#1573,#1756,.T.);
#1272=EDGE_CURVE('',#1556,#1574,#251,.T.);
#1273=EDGE_CURVE('',#1574,#1575,#1757,.T.);
#1274=EDGE_CURVE('',#1575,#1576,#252,.T.);
#1275=EDGE_CURVE('',#1577,#1576,#1758,.T.);
#1276=EDGE_CURVE('',#1577,#1578,#253,.T.);
#1277=EDGE_CURVE('',#1579,#1578,#1759,.T.);
#1278=EDGE_CURVE('',#1557,#1579,#254,.T.);
#1279=EDGE_CURVE('',#1580,#1579,#1760,.T.);
#1280=EDGE_CURVE('',#1580,#1558,#255,.T.);
#1281=EDGE_CURVE('',#1581,#1582,#1761,.T.);
#1282=EDGE_CURVE('',#1581,#1580,#1762,.T.);
#1283=EDGE_CURVE('',#1582,#1578,#1763,.T.);
#1284=EDGE_CURVE('',#1583,#1577,#1764,.T.);
#1285=EDGE_CURVE('',#1583,#1582,#256,.T.);
#1286=EDGE_CURVE('',#1584,#1576,#1765,.T.);
#1287=EDGE_CURVE('',#1584,#1585,#1766,.T.);
#1288=EDGE_CURVE('',#1583,#1585,#1767,.T.);
#1289=EDGE_CURVE('',#1586,#1575,#1768,.T.);
#1290=EDGE_CURVE('',#1586,#1584,#257,.T.);
#1291=EDGE_CURVE('',#1573,#1587,#1769,.T.);
#1292=EDGE_CURVE('',#1572,#1587,#1770,.T.);
#1293=EDGE_CURVE('',#1571,#1588,#1771,.T.);
#1294=EDGE_CURVE('',#1570,#1588,#1772,.T.);
#1295=EDGE_CURVE('',#1569,#1589,#1773,.T.);
#1296=EDGE_CURVE('',#1568,#1589,#1774,.T.);
#1297=EDGE_CURVE('',#1567,#1590,#1775,.T.);
#1298=EDGE_CURVE('',#1566,#1590,#1776,.T.);
#1299=EDGE_CURVE('',#1591,#1592,#1777,.T.);
#1300=EDGE_CURVE('',#1591,#1593,#258,.T.);
#1301=EDGE_CURVE('',#1593,#1594,#1778,.T.);
#1302=EDGE_CURVE('',#1594,#1595,#1779,.T.);
#1303=EDGE_CURVE('',#1595,#1586,#1780,.F.);
#1304=EDGE_CURVE('',#1592,#1574,#1781,.T.);
#1305=EDGE_CURVE('',#1596,#1597,#1782,.T.);
#1306=EDGE_CURVE('',#1596,#1598,#1783,.F.);
#1307=EDGE_CURVE('',#1598,#1599,#1784,.T.);
#1308=EDGE_CURVE('',#1599,#1544,#259,.F.);
#1309=EDGE_CURVE('',#1543,#1597,#260,.F.);
#1310=EDGE_CURVE('',#1600,#1601,#1785,.T.);
#1311=EDGE_CURVE('',#1600,#1602,#1786,.T.);
#1312=EDGE_CURVE('',#1602,#1603,#1787,.T.);
#1313=EDGE_CURVE('',#1603,#1601,#1788,.F.);
#1314=EDGE_CURVE('',#1604,#1605,#1789,.T.);
#1315=EDGE_CURVE('',#1605,#1606,#1790,.F.);
#1316=EDGE_CURVE('',#1607,#1606,#1791,.T.);
#1317=EDGE_CURVE('',#1607,#1604,#1792,.T.);
#1318=EDGE_CURVE('',#1608,#1609,#1793,.T.);
#1319=EDGE_CURVE('',#1609,#1610,#1794,.F.);
#1320=EDGE_CURVE('',#1611,#1610,#1795,.T.);
#1321=EDGE_CURVE('',#1611,#1608,#1796,.T.);
#1322=EDGE_CURVE('',#1612,#1613,#1797,.T.);
#1323=EDGE_CURVE('',#1612,#1614,#1798,.T.);
#1324=EDGE_CURVE('',#1614,#1615,#1799,.T.);
#1325=EDGE_CURVE('',#1615,#1528,#261,.T.);
#1326=EDGE_CURVE('',#1527,#1613,#262,.T.);
#1327=EDGE_CURVE('',#1594,#1616,#1800,.T.);
#1328=EDGE_CURVE('',#1616,#1599,#1801,.T.);
#1329=EDGE_CURVE('',#1598,#1600,#263,.T.);
#1330=EDGE_CURVE('',#1601,#1607,#264,.T.);
#1331=EDGE_CURVE('',#1606,#1611,#265,.T.);
#1332=EDGE_CURVE('',#1610,#1612,#266,.T.);
#1333=EDGE_CURVE('',#1613,#1617,#1802,.F.);
#1334=EDGE_CURVE('',#1553,#1617,#1803,.T.);
#1335=EDGE_CURVE('',#1559,#1581,#267,.F.);
#1336=EDGE_CURVE('',#1585,#1595,#268,.F.);
#1337=EDGE_CURVE('',#1555,#1592,#269,.T.);
#1338=EDGE_CURVE('',#1554,#1618,#1804,.T.);
#1339=EDGE_CURVE('',#1618,#1615,#1805,.T.);
#1340=EDGE_CURVE('',#1614,#1609,#270,.F.);
#1341=EDGE_CURVE('',#1608,#1605,#271,.F.);
#1342=EDGE_CURVE('',#1604,#1603,#272,.F.);
#1343=EDGE_CURVE('',#1602,#1596,#273,.F.);
#1344=EDGE_CURVE('',#1597,#1619,#1806,.F.);
#1345=EDGE_CURVE('',#1619,#1591,#1807,.F.);
#1346=EDGE_CURVE('',#1617,#1620,#1808,.F.);
#1347=EDGE_CURVE('',#1620,#1552,#1809,.F.);
#1348=EDGE_CURVE('',#1593,#1621,#1810,.T.);
#1349=EDGE_CURVE('',#1621,#1616,#1811,.T.);
#1350=EDGE_CURVE('',#1550,#1513,#1812,.T.);
#1351=EDGE_CURVE('',#1561,#1516,#1813,.T.);
#1352=EDGE_CURVE('',#1547,#1519,#1814,.T.);
#1353=EDGE_CURVE('',#1564,#1522,#1815,.T.);
#1354=EDGE_CURVE('',#1590,#1536,#1816,.T.);
#1355=EDGE_CURVE('',#1589,#1533,#1817,.T.);
#1356=EDGE_CURVE('',#1588,#1539,#1818,.T.);
#1357=EDGE_CURVE('',#1587,#1530,#1819,.T.);
#1358=EDGE_CURVE('',#1545,#1616,#32,.T.);
#1359=EDGE_CURVE('',#1621,#1542,#274,.T.);
#1360=EDGE_CURVE('',#1541,#1619,#275,.T.);
#1361=EDGE_CURVE('',#1617,#1526,#33,.T.);
#1362=EDGE_CURVE('',#1524,#1620,#276,.T.);
#1363=EDGE_CURVE('',#1618,#1525,#277,.T.);
#1364=EDGE_CURVE('',#1621,#1619,#278,.F.);
#1365=EDGE_CURVE('',#1618,#1620,#279,.T.);
#1366=VERTEX_POINT('',#4026);
#1367=VERTEX_POINT('',#4027);
#1368=VERTEX_POINT('',#4029);
#1369=VERTEX_POINT('',#4031);
#1370=VERTEX_POINT('',#4035);
#1371=VERTEX_POINT('',#4037);
#1372=VERTEX_POINT('',#4039);
#1373=VERTEX_POINT('',#4041);
#1374=VERTEX_POINT('',#4044);
#1375=VERTEX_POINT('',#4046);
#1376=VERTEX_POINT('',#4048);
#1377=VERTEX_POINT('',#4050);
#1378=VERTEX_POINT('',#4053);
#1379=VERTEX_POINT('',#4055);
#1380=VERTEX_POINT('',#4059);
#1381=VERTEX_POINT('',#4061);
#1382=VERTEX_POINT('',#4065);
#1383=VERTEX_POINT('',#4067);
#1384=VERTEX_POINT('',#4069);
#1385=VERTEX_POINT('',#4071);
#1386=VERTEX_POINT('',#4073);
#1387=VERTEX_POINT('',#4075);
#1388=VERTEX_POINT('',#4077);
#1389=VERTEX_POINT('',#4079);
#1390=VERTEX_POINT('',#4083);
#1391=VERTEX_POINT('',#4085);
#1392=VERTEX_POINT('',#4088);
#1393=VERTEX_POINT('',#4090);
#1394=VERTEX_POINT('',#4096);
#1395=VERTEX_POINT('',#4099);
#1396=VERTEX_POINT('',#4102);
#1397=VERTEX_POINT('',#4105);
#1398=VERTEX_POINT('',#4110);
#1399=VERTEX_POINT('',#4112);
#1400=VERTEX_POINT('',#4116);
#1401=VERTEX_POINT('',#4118);
#1402=VERTEX_POINT('',#4122);
#1403=VERTEX_POINT('',#4124);
#1404=VERTEX_POINT('',#4128);
#1405=VERTEX_POINT('',#4130);
#1406=VERTEX_POINT('',#4145);
#1407=VERTEX_POINT('',#4147);
#1408=VERTEX_POINT('',#4149);
#1409=VERTEX_POINT('',#4151);
#1410=VERTEX_POINT('',#4153);
#1411=VERTEX_POINT('',#4154);
#1412=VERTEX_POINT('',#4156);
#1413=VERTEX_POINT('',#4158);
#1414=VERTEX_POINT('',#4160);
#1415=VERTEX_POINT('',#4162);
#1416=VERTEX_POINT('',#4164);
#1417=VERTEX_POINT('',#4166);
#1418=VERTEX_POINT('',#4170);
#1419=VERTEX_POINT('',#4171);
#1420=VERTEX_POINT('',#4176);
#1421=VERTEX_POINT('',#4177);
#1422=VERTEX_POINT('',#4179);
#1423=VERTEX_POINT('',#4181);
#1424=VERTEX_POINT('',#4184);
#1425=VERTEX_POINT('',#4186);
#1426=VERTEX_POINT('',#4188);
#1427=VERTEX_POINT('',#4190);
#1428=VERTEX_POINT('',#4192);
#1429=VERTEX_POINT('',#4194);
#1430=VERTEX_POINT('',#4196);
#1431=VERTEX_POINT('',#4198);
#1432=VERTEX_POINT('',#4202);
#1433=VERTEX_POINT('',#4203);
#1434=VERTEX_POINT('',#4205);
#1435=VERTEX_POINT('',#4207);
#1436=VERTEX_POINT('',#4210);
#1437=VERTEX_POINT('',#4212);
#1438=VERTEX_POINT('',#4214);
#1439=VERTEX_POINT('',#4216);
#1440=VERTEX_POINT('',#4218);
#1441=VERTEX_POINT('',#4220);
#1442=VERTEX_POINT('',#4222);
#1443=VERTEX_POINT('',#4224);
#1444=VERTEX_POINT('',#4226);
#1445=VERTEX_POINT('',#4228);
#1446=VERTEX_POINT('',#4230);
#1447=VERTEX_POINT('',#4234);
#1448=VERTEX_POINT('',#4236);
#1449=VERTEX_POINT('',#4238);
#1450=VERTEX_POINT('',#4240);
#1451=VERTEX_POINT('',#4242);
#1452=VERTEX_POINT('',#4245);
#1453=VERTEX_POINT('',#4247);
#1454=VERTEX_POINT('',#4249);
#1455=VERTEX_POINT('',#4253);
#1456=VERTEX_POINT('',#4258);
#1457=VERTEX_POINT('',#4260);
#1458=VERTEX_POINT('',#4262);
#1459=VERTEX_POINT('',#4264);
#1460=VERTEX_POINT('',#4268);
#1461=VERTEX_POINT('',#4269);
#1462=VERTEX_POINT('',#4272);
#1463=VERTEX_POINT('',#4276);
#1464=VERTEX_POINT('',#4278);
#1465=VERTEX_POINT('',#4282);
#1466=VERTEX_POINT('',#4283);
#1467=VERTEX_POINT('',#4285);
#1468=VERTEX_POINT('',#4287);
#1469=VERTEX_POINT('',#4292);
#1470=VERTEX_POINT('',#4298);
#1471=VERTEX_POINT('',#4300);
#1472=VERTEX_POINT('',#4302);
#1473=VERTEX_POINT('',#4304);
#1474=VERTEX_POINT('',#4307);
#1475=VERTEX_POINT('',#4316);
#1476=VERTEX_POINT('',#4339);
#1477=VERTEX_POINT('',#4357);
#1478=VERTEX_POINT('',#4376);
#1479=VERTEX_POINT('',#4394);
#1480=VERTEX_POINT('',#4397);
#1481=VERTEX_POINT('',#4400);
#1482=VERTEX_POINT('',#4403);
#1483=VERTEX_POINT('',#4406);
#1484=VERTEX_POINT('',#4409);
#1485=VERTEX_POINT('',#4412);
#1486=VERTEX_POINT('',#4415);
#1487=VERTEX_POINT('',#4418);
#1488=VERTEX_POINT('',#4427);
#1489=VERTEX_POINT('',#4428);
#1490=VERTEX_POINT('',#4430);
#1491=VERTEX_POINT('',#4432);
#1492=VERTEX_POINT('',#4436);
#1493=VERTEX_POINT('',#4437);
#1494=VERTEX_POINT('',#4439);
#1495=VERTEX_POINT('',#4441);
#1496=VERTEX_POINT('',#4445);
#1497=VERTEX_POINT('',#4447);
#1498=VERTEX_POINT('',#4451);
#1499=VERTEX_POINT('',#4453);
#1500=VERTEX_POINT('',#4457);
#1501=VERTEX_POINT('',#4459);
#1502=VERTEX_POINT('',#4463);
#1503=VERTEX_POINT('',#4465);
#1504=VERTEX_POINT('',#4469);
#1505=VERTEX_POINT('',#4471);
#1506=VERTEX_POINT('',#4475);
#1507=VERTEX_POINT('',#4477);
#1508=VERTEX_POINT('',#4481);
#1509=VERTEX_POINT('',#4483);
#1510=VERTEX_POINT('',#4487);
#1511=VERTEX_POINT('',#4489);
#1512=VERTEX_POINT('',#4586);
#1513=VERTEX_POINT('',#4587);
#1514=VERTEX_POINT('',#4589);
#1515=VERTEX_POINT('',#4592);
#1516=VERTEX_POINT('',#4593);
#1517=VERTEX_POINT('',#4595);
#1518=VERTEX_POINT('',#4598);
#1519=VERTEX_POINT('',#4599);
#1520=VERTEX_POINT('',#4601);
#1521=VERTEX_POINT('',#4604);
#1522=VERTEX_POINT('',#4605);
#1523=VERTEX_POINT('',#4607);
#1524=VERTEX_POINT('',#4610);
#1525=VERTEX_POINT('',#4611);
#1526=VERTEX_POINT('',#4613);
#1527=VERTEX_POINT('',#4615);
#1528=VERTEX_POINT('',#4617);
#1529=VERTEX_POINT('',#4621);
#1530=VERTEX_POINT('',#4622);
#1531=VERTEX_POINT('',#4624);
#1532=VERTEX_POINT('',#4627);
#1533=VERTEX_POINT('',#4628);
#1534=VERTEX_POINT('',#4630);
#1535=VERTEX_POINT('',#4633);
#1536=VERTEX_POINT('',#4634);
#1537=VERTEX_POINT('',#4636);
#1538=VERTEX_POINT('',#4639);
#1539=VERTEX_POINT('',#4640);
#1540=VERTEX_POINT('',#4642);
#1541=VERTEX_POINT('',#4645);
#1542=VERTEX_POINT('',#4646);
#1543=VERTEX_POINT('',#4648);
#1544=VERTEX_POINT('',#4650);
#1545=VERTEX_POINT('',#4652);
#1546=VERTEX_POINT('',#4656);
#1547=VERTEX_POINT('',#4657);
#1548=VERTEX_POINT('',#4659);
#1549=VERTEX_POINT('',#4662);
#1550=VERTEX_POINT('',#4663);
#1551=VERTEX_POINT('',#4665);
#1552=VERTEX_POINT('',#4668);
#1553=VERTEX_POINT('',#4669);
#1554=VERTEX_POINT('',#4671);
#1555=VERTEX_POINT('',#4673);
#1556=VERTEX_POINT('',#4675);
#1557=VERTEX_POINT('',#4677);
#1558=VERTEX_POINT('',#4679);
#1559=VERTEX_POINT('',#4681);
#1560=VERTEX_POINT('',#4684);
#1561=VERTEX_POINT('',#4685);
#1562=VERTEX_POINT('',#4687);
#1563=VERTEX_POINT('',#4690);
#1564=VERTEX_POINT('',#4691);
#1565=VERTEX_POINT('',#4693);
#1566=VERTEX_POINT('',#4709);
#1567=VERTEX_POINT('',#4711);
#1568=VERTEX_POINT('',#4715);
#1569=VERTEX_POINT('',#4717);
#1570=VERTEX_POINT('',#4721);
#1571=VERTEX_POINT('',#4723);
#1572=VERTEX_POINT('',#4727);
#1573=VERTEX_POINT('',#4729);
#1574=VERTEX_POINT('',#4733);
#1575=VERTEX_POINT('',#4735);
#1576=VERTEX_POINT('',#4737);
#1577=VERTEX_POINT('',#4739);
#1578=VERTEX_POINT('',#4741);
#1579=VERTEX_POINT('',#4743);
#1580=VERTEX_POINT('',#4747);
#1581=VERTEX_POINT('',#4751);
#1582=VERTEX_POINT('',#4752);
#1583=VERTEX_POINT('',#4757);
#1584=VERTEX_POINT('',#4761);
#1585=VERTEX_POINT('',#4763);
#1586=VERTEX_POINT('',#4767);
#1587=VERTEX_POINT('',#4771);
#1588=VERTEX_POINT('',#4774);
#1589=VERTEX_POINT('',#4777);
#1590=VERTEX_POINT('',#4780);
#1591=VERTEX_POINT('',#4783);
#1592=VERTEX_POINT('',#4784);
#1593=VERTEX_POINT('',#4786);
#1594=VERTEX_POINT('',#4788);
#1595=VERTEX_POINT('',#4790);
#1596=VERTEX_POINT('',#4795);
#1597=VERTEX_POINT('',#4796);
#1598=VERTEX_POINT('',#4798);
#1599=VERTEX_POINT('',#4800);
#1600=VERTEX_POINT('',#4805);
#1601=VERTEX_POINT('',#4806);
#1602=VERTEX_POINT('',#4808);
#1603=VERTEX_POINT('',#4810);
#1604=VERTEX_POINT('',#4814);
#1605=VERTEX_POINT('',#4815);
#1606=VERTEX_POINT('',#4817);
#1607=VERTEX_POINT('',#4819);
#1608=VERTEX_POINT('',#4823);
#1609=VERTEX_POINT('',#4824);
#1610=VERTEX_POINT('',#4826);
#1611=VERTEX_POINT('',#4828);
#1612=VERTEX_POINT('',#4832);
#1613=VERTEX_POINT('',#4833);
#1614=VERTEX_POINT('',#4835);
#1615=VERTEX_POINT('',#4837);
#1616=VERTEX_POINT('',#4842);
#1617=VERTEX_POINT('',#4849);
#1618=VERTEX_POINT('',#4857);
#1619=VERTEX_POINT('',#4864);
#1620=VERTEX_POINT('',#4874);
#1621=VERTEX_POINT('',#4878);
#1622=LINE('',#4025,#1820);
#1623=LINE('',#4028,#1821);
#1624=LINE('',#4030,#1822);
#1625=LINE('',#4032,#1823);
#1626=LINE('',#4036,#1824);
#1627=LINE('',#4040,#1825);
#1628=LINE('',#4042,#1826);
#1629=LINE('',#4052,#1827);
#1630=LINE('',#4054,#1828);
#1631=LINE('',#4056,#1829);
#1632=LINE('',#4060,#1830);
#1633=LINE('',#4063,#1831);
#1634=LINE('',#4092,#1832);
#1635=LINE('',#4093,#1833);
#1636=LINE('',#4152,#1834);
#1637=LINE('',#4157,#1835);
#1638=LINE('',#4159,#1836);
#1639=LINE('',#4161,#1837);
#1640=LINE('',#4163,#1838);
#1641=LINE('',#4165,#1839);
#1642=LINE('',#4167,#1840);
#1643=LINE('',#4169,#1841);
#1644=LINE('',#4172,#1842);
#1645=LINE('',#4173,#1843);
#1646=LINE('',#4175,#1844);
#1647=LINE('',#4178,#1845);
#1648=LINE('',#4180,#1846);
#1649=LINE('',#4183,#1847);
#1650=LINE('',#4185,#1848);
#1651=LINE('',#4189,#1849);
#1652=LINE('',#4191,#1850);
#1653=LINE('',#4193,#1851);
#1654=LINE('',#4195,#1852);
#1655=LINE('',#4197,#1853);
#1656=LINE('',#4201,#1854);
#1657=LINE('',#4204,#1855);
#1658=LINE('',#4208,#1856);
#1659=LINE('',#4211,#1857);
#1660=LINE('',#4215,#1858);
#1661=LINE('',#4219,#1859);
#1662=LINE('',#4221,#1860);
#1663=LINE('',#4223,#1861);
#1664=LINE('',#4227,#1862);
#1665=LINE('',#4229,#1863);
#1666=LINE('',#4231,#1864);
#1667=LINE('',#4243,#1865);
#1668=LINE('',#4244,#1866);
#1669=LINE('',#4246,#1867);
#1670=LINE('',#4248,#1868);
#1671=LINE('',#4250,#1869);
#1672=LINE('',#4252,#1870);
#1673=LINE('',#4254,#1871);
#1674=LINE('',#4259,#1872);
#1675=LINE('',#4263,#1873);
#1676=LINE('',#4267,#1874);
#1677=LINE('',#4271,#1875);
#1678=LINE('',#4273,#1876);
#1679=LINE('',#4275,#1877);
#1680=LINE('',#4277,#1878);
#1681=LINE('',#4279,#1879);
#1682=LINE('',#4281,#1880);
#1683=LINE('',#4284,#1881);
#1684=LINE('',#4286,#1882);
#1685=LINE('',#4288,#1883);
#1686=LINE('',#4291,#1884);
#1687=LINE('',#4293,#1885);
#1688=LINE('',#4306,#1886);
#1689=LINE('',#4310,#1887);
#1690=LINE('',#4311,#1888);
#1691=LINE('',#4313,#1889);
#1692=LINE('',#4315,#1890);
#1693=LINE('',#4317,#1891);
#1694=LINE('',#4426,#1892);
#1695=LINE('',#4429,#1893);
#1696=LINE('',#4431,#1894);
#1697=LINE('',#4433,#1895);
#1698=LINE('',#4435,#1896);
#1699=LINE('',#4438,#1897);
#1700=LINE('',#4440,#1898);
#1701=LINE('',#4442,#1899);
#1702=LINE('',#4585,#1900);
#1703=LINE('',#4590,#1901);
#1704=LINE('',#4591,#1902);
#1705=LINE('',#4596,#1903);
#1706=LINE('',#4597,#1904);
#1707=LINE('',#4602,#1905);
#1708=LINE('',#4603,#1906);
#1709=LINE('',#4608,#1907);
#1710=LINE('',#4612,#1908);
#1711=LINE('',#4614,#1909);
#1712=LINE('',#4616,#1910);
#1713=LINE('',#4618,#1911);
#1714=LINE('',#4620,#1912);
#1715=LINE('',#4625,#1913);
#1716=LINE('',#4626,#1914);
#1717=LINE('',#4631,#1915);
#1718=LINE('',#4632,#1916);
#1719=LINE('',#4637,#1917);
#1720=LINE('',#4638,#1918);
#1721=LINE('',#4643,#1919);
#1722=LINE('',#4647,#1920);
#1723=LINE('',#4649,#1921);
#1724=LINE('',#4651,#1922);
#1725=LINE('',#4653,#1923);
#1726=LINE('',#4655,#1924);
#1727=LINE('',#4660,#1925);
#1728=LINE('',#4661,#1926);
#1729=LINE('',#4666,#1927);
#1730=LINE('',#4667,#1928);
#1731=LINE('',#4672,#1929);
#1732=LINE('',#4674,#1930);
#1733=LINE('',#4676,#1931);
#1734=LINE('',#4678,#1932);
#1735=LINE('',#4680,#1933);
#1736=LINE('',#4682,#1934);
#1737=LINE('',#4683,#1935);
#1738=LINE('',#4688,#1936);
#1739=LINE('',#4689,#1937);
#1740=LINE('',#4694,#1938);
#1741=LINE('',#4696,#1939);
#1742=LINE('',#4697,#1940);
#1743=LINE('',#4699,#1941);
#1744=LINE('',#4700,#1942);
#1745=LINE('',#4702,#1943);
#1746=LINE('',#4703,#1944);
#1747=LINE('',#4705,#1945);
#1748=LINE('',#4706,#1946);
#1749=LINE('',#4708,#1947);
#1750=LINE('',#4712,#1948);
#1751=LINE('',#4714,#1949);
#1752=LINE('',#4718,#1950);
#1753=LINE('',#4720,#1951);
#1754=LINE('',#4724,#1952);
#1755=LINE('',#4726,#1953);
#1756=LINE('',#4730,#1954);
#1757=LINE('',#4734,#1955);
#1758=LINE('',#4738,#1956);
#1759=LINE('',#4742,#1957);
#1760=LINE('',#4746,#1958);
#1761=LINE('',#4750,#1959);
#1762=LINE('',#4753,#1960);
#1763=LINE('',#4754,#1961);
#1764=LINE('',#4756,#1962);
#1765=LINE('',#4760,#1963);
#1766=LINE('',#4762,#1964);
#1767=LINE('',#4764,#1965);
#1768=LINE('',#4766,#1966);
#1769=LINE('',#4770,#1967);
#1770=LINE('',#4772,#1968);
#1771=LINE('',#4773,#1969);
#1772=LINE('',#4775,#1970);
#1773=LINE('',#4776,#1971);
#1774=LINE('',#4778,#1972);
#1775=LINE('',#4779,#1973);
#1776=LINE('',#4781,#1974);
#1777=LINE('',#4782,#1975);
#1778=LINE('',#4787,#1976);
#1779=LINE('',#4789,#1977);
#1780=LINE('',#4791,#1978);
#1781=LINE('',#4792,#1979);
#1782=LINE('',#4794,#1980);
#1783=LINE('',#4797,#1981);
#1784=LINE('',#4799,#1982);
#1785=LINE('',#4804,#1983);
#1786=LINE('',#4807,#1984);
#1787=LINE('',#4809,#1985);
#1788=LINE('',#4811,#1986);
#1789=LINE('',#4813,#1987);
#1790=LINE('',#4816,#1988);
#1791=LINE('',#4818,#1989);
#1792=LINE('',#4820,#1990);
#1793=LINE('',#4822,#1991);
#1794=LINE('',#4825,#1992);
#1795=LINE('',#4827,#1993);
#1796=LINE('',#4829,#1994);
#1797=LINE('',#4831,#1995);
#1798=LINE('',#4834,#1996);
#1799=LINE('',#4836,#1997);
#1800=LINE('',#4841,#1998);
#1801=LINE('',#4843,#1999);
#1802=LINE('',#4848,#2000);
#1803=LINE('',#4850,#2001);
#1804=LINE('',#4856,#2002);
#1805=LINE('',#4858,#2003);
#1806=LINE('',#4863,#2004);
#1807=LINE('',#4865,#2005);
#1808=LINE('',#4873,#2006);
#1809=LINE('',#4875,#2007);
#1810=LINE('',#4877,#2008);
#1811=LINE('',#4879,#2009);
#1812=LINE('',#4881,#2010);
#1813=LINE('',#4884,#2011);
#1814=LINE('',#4887,#2012);
#1815=LINE('',#4890,#2013);
#1816=LINE('',#4893,#2014);
#1817=LINE('',#4896,#2015);
#1818=LINE('',#4899,#2016);
#1819=LINE('',#4902,#2017);
#1820=VECTOR('',#3163,1.);
#1821=VECTOR('',#3164,1.);
#1822=VECTOR('',#3165,1.);
#1823=VECTOR('',#3166,1.);
#1824=VECTOR('',#3171,1.);
#1825=VECTOR('',#3174,1.);
#1826=VECTOR('',#3175,1.);
#1827=VECTOR('',#3186,1.);
#1828=VECTOR('',#3187,1.);
#1829=VECTOR('',#3188,1.);
#1830=VECTOR('',#3193,1.);
#1831=VECTOR('',#3196,1.);
#1832=VECTOR('',#3229,1.);
#1833=VECTOR('',#3230,1.);
#1834=VECTOR('',#3315,1.);
#1835=VECTOR('',#3318,1.);
#1836=VECTOR('',#3319,1.);
#1837=VECTOR('',#3320,1.);
#1838=VECTOR('',#3321,1.);
#1839=VECTOR('',#3322,1.);
#1840=VECTOR('',#3323,1.);
#1841=VECTOR('',#3326,1.);
#1842=VECTOR('',#3327,1.);
#1843=VECTOR('',#3328,1.);
#1844=VECTOR('',#3331,1.);
#1845=VECTOR('',#3332,1.);
#1846=VECTOR('',#3333,1.);
#1847=VECTOR('',#3336,1.);
#1848=VECTOR('',#3337,1.);
#1849=VECTOR('',#3340,1.);
#1850=VECTOR('',#3341,1.);
#1851=VECTOR('',#3342,1.);
#1852=VECTOR('',#3343,1.);
#1853=VECTOR('',#3344,1.);
#1854=VECTOR('',#3349,1.);
#1855=VECTOR('',#3350,1.);
#1856=VECTOR('',#3353,1.);
#1857=VECTOR('',#3356,1.);
#1858=VECTOR('',#3359,1.);
#1859=VECTOR('',#3362,1.);
#1860=VECTOR('',#3363,1.);
#1861=VECTOR('',#3364,1.);
#1862=VECTOR('',#3367,1.);
#1863=VECTOR('',#3368,1.);
#1864=VECTOR('',#3369,1.);
#1865=VECTOR('',#3382,1.);
#1866=VECTOR('',#3383,1.);
#1867=VECTOR('',#3384,1.);
#1868=VECTOR('',#3385,1.);
#1869=VECTOR('',#3386,1.);
#1870=VECTOR('',#3389,1.);
#1871=VECTOR('',#3390,1.);
#1872=VECTOR('',#3397,1.);
#1873=VECTOR('',#3400,1.);
#1874=VECTOR('',#3405,1.);
#1875=VECTOR('',#3408,1.);
#1876=VECTOR('',#3409,1.);
#1877=VECTOR('',#3412,1.);
#1878=VECTOR('',#3413,1.);
#1879=VECTOR('',#3414,1.);
#1880=VECTOR('',#3417,1.);
#1881=VECTOR('',#3418,1.);
#1882=VECTOR('',#3419,1.);
#1883=VECTOR('',#3420,1.);
#1884=VECTOR('',#3425,1.);
#1885=VECTOR('',#3426,1.);
#1886=VECTOR('',#3443,1.);
#1887=VECTOR('',#3448,1.);
#1888=VECTOR('',#3449,1.);
#1889=VECTOR('',#3452,1.);
#1890=VECTOR('',#3455,1.);
#1891=VECTOR('',#3456,1.);
#1892=VECTOR('',#3509,1.);
#1893=VECTOR('',#3510,1.);
#1894=VECTOR('',#3511,1.);
#1895=VECTOR('',#3512,1.);
#1896=VECTOR('',#3515,1.);
#1897=VECTOR('',#3516,1.);
#1898=VECTOR('',#3517,1.);
#1899=VECTOR('',#3518,1.);
#1900=VECTOR('',#3687,1.);
#1901=VECTOR('',#3690,1.);
#1902=VECTOR('',#3691,1.);
#1903=VECTOR('',#3694,1.);
#1904=VECTOR('',#3695,1.);
#1905=VECTOR('',#3698,1.);
#1906=VECTOR('',#3699,1.);
#1907=VECTOR('',#3702,1.);
#1908=VECTOR('',#3705,1.);
#1909=VECTOR('',#3706,1.);
#1910=VECTOR('',#3707,1.);
#1911=VECTOR('',#3708,1.);
#1912=VECTOR('',#3711,1.);
#1913=VECTOR('',#3714,1.);
#1914=VECTOR('',#3715,1.);
#1915=VECTOR('',#3718,1.);
#1916=VECTOR('',#3719,1.);
#1917=VECTOR('',#3722,1.);
#1918=VECTOR('',#3723,1.);
#1919=VECTOR('',#3726,1.);
#1920=VECTOR('',#3729,1.);
#1921=VECTOR('',#3730,1.);
#1922=VECTOR('',#3731,1.);
#1923=VECTOR('',#3732,1.);
#1924=VECTOR('',#3735,1.);
#1925=VECTOR('',#3738,1.);
#1926=VECTOR('',#3739,1.);
#1927=VECTOR('',#3742,1.);
#1928=VECTOR('',#3743,1.);
#1929=VECTOR('',#3746,1.);
#1930=VECTOR('',#3747,1.);
#1931=VECTOR('',#3748,1.);
#1932=VECTOR('',#3749,1.);
#1933=VECTOR('',#3750,1.);
#1934=VECTOR('',#3751,1.);
#1935=VECTOR('',#3752,1.);
#1936=VECTOR('',#3755,1.);
#1937=VECTOR('',#3756,1.);
#1938=VECTOR('',#3759,1.);
#1939=VECTOR('',#3762,1.);
#1940=VECTOR('',#3763,1.);
#1941=VECTOR('',#3766,1.);
#1942=VECTOR('',#3767,1.);
#1943=VECTOR('',#3770,1.);
#1944=VECTOR('',#3771,1.);
#1945=VECTOR('',#3774,1.);
#1946=VECTOR('',#3775,1.);
#1947=VECTOR('',#3778,1.);
#1948=VECTOR('',#3781,1.);
#1949=VECTOR('',#3784,1.);
#1950=VECTOR('',#3787,1.);
#1951=VECTOR('',#3790,1.);
#1952=VECTOR('',#3793,1.);
#1953=VECTOR('',#3796,1.);
#1954=VECTOR('',#3799,1.);
#1955=VECTOR('',#3804,1.);
#1956=VECTOR('',#3807,1.);
#1957=VECTOR('',#3810,1.);
#1958=VECTOR('',#3815,1.);
#1959=VECTOR('',#3820,1.);
#1960=VECTOR('',#3821,1.);
#1961=VECTOR('',#3822,1.);
#1962=VECTOR('',#3825,1.);
#1963=VECTOR('',#3830,1.);
#1964=VECTOR('',#3831,1.);
#1965=VECTOR('',#3832,1.);
#1966=VECTOR('',#3835,1.);
#1967=VECTOR('',#3840,1.);
#1968=VECTOR('',#3841,1.);
#1969=VECTOR('',#3842,1.);
#1970=VECTOR('',#3843,1.);
#1971=VECTOR('',#3844,1.);
#1972=VECTOR('',#3845,1.);
#1973=VECTOR('',#3846,1.);
#1974=VECTOR('',#3847,1.);
#1975=VECTOR('',#3848,1.);
#1976=VECTOR('',#3851,1.);
#1977=VECTOR('',#3852,1.);
#1978=VECTOR('',#3853,1.);
#1979=VECTOR('',#3854,1.);
#1980=VECTOR('',#3857,1.);
#1981=VECTOR('',#3858,1.);
#1982=VECTOR('',#3859,1.);
#1983=VECTOR('',#3866,1.);
#1984=VECTOR('',#3867,1.);
#1985=VECTOR('',#3868,1.);
#1986=VECTOR('',#3869,1.);
#1987=VECTOR('',#3872,1.);
#1988=VECTOR('',#3873,1.);
#1989=VECTOR('',#3874,1.);
#1990=VECTOR('',#3875,1.);
#1991=VECTOR('',#3878,1.);
#1992=VECTOR('',#3879,1.);
#1993=VECTOR('',#3880,1.);
#1994=VECTOR('',#3881,1.);
#1995=VECTOR('',#3884,1.);
#1996=VECTOR('',#3885,1.);
#1997=VECTOR('',#3886,1.);
#1998=VECTOR('',#3893,1.);
#1999=VECTOR('',#3894,1.);
#2000=VECTOR('',#3903,1.);
#2001=VECTOR('',#3904,1.);
#2002=VECTOR('',#3915,1.);
#2003=VECTOR('',#3916,1.);
#2004=VECTOR('',#3925,1.);
#2005=VECTOR('',#3926,1.);
#2006=VECTOR('',#3941,1.);
#2007=VECTOR('',#3942,1.);
#2008=VECTOR('',#3945,1.);
#2009=VECTOR('',#3946,1.);
#2010=VECTOR('',#3949,1.);
#2011=VECTOR('',#3954,1.);
#2012=VECTOR('',#3959,1.);
#2013=VECTOR('',#3964,1.);
#2014=VECTOR('',#3969,1.);
#2015=VECTOR('',#3974,1.);
#2016=VECTOR('',#3979,1.);
#2017=VECTOR('',#3984,1.);
#2018=EDGE_LOOP('',(#280,#281,#282,#283));
#2019=EDGE_LOOP('',(#284,#285,#286,#287,#288,#289));
#2020=EDGE_LOOP('',(#290));
#2021=EDGE_LOOP('',(#291));
#2022=EDGE_LOOP('',(#292));
#2023=EDGE_LOOP('',(#293));
#2024=EDGE_LOOP('',(#294,#295,#296,#297));
#2025=EDGE_LOOP('',(#298,#299,#300,#301,#302,#303));
#2026=EDGE_LOOP('',(#304));
#2027=EDGE_LOOP('',(#305));
#2028=EDGE_LOOP('',(#306));
#2029=EDGE_LOOP('',(#307));
#2030=EDGE_LOOP('',(#308));
#2031=EDGE_LOOP('',(#309));
#2032=EDGE_LOOP('',(#310));
#2033=EDGE_LOOP('',(#311));
#2034=EDGE_LOOP('',(#312,#313,#314,#315));
#2035=EDGE_LOOP('',(#316));
#2036=EDGE_LOOP('',(#317));
#2037=EDGE_LOOP('',(#318));
#2038=EDGE_LOOP('',(#319));
#2039=EDGE_LOOP('',(#320,#321,#322,#323));
#2040=EDGE_LOOP('',(#324));
#2041=EDGE_LOOP('',(#325));
#2042=EDGE_LOOP('',(#326));
#2043=EDGE_LOOP('',(#327));
#2044=EDGE_LOOP('',(#328));
#2045=EDGE_LOOP('',(#329));
#2046=EDGE_LOOP('',(#330));
#2047=EDGE_LOOP('',(#331));
#2048=EDGE_LOOP('',(#332));
#2049=EDGE_LOOP('',(#333));
#2050=EDGE_LOOP('',(#334));
#2051=EDGE_LOOP('',(#335));
#2052=EDGE_LOOP('',(#336));
#2053=EDGE_LOOP('',(#337));
#2054=EDGE_LOOP('',(#338));
#2055=EDGE_LOOP('',(#339));
#2056=EDGE_LOOP('',(#340));
#2057=EDGE_LOOP('',(#341));
#2058=EDGE_LOOP('',(#342));
#2059=EDGE_LOOP('',(#343));
#2060=EDGE_LOOP('',(#344));
#2061=EDGE_LOOP('',(#345));
#2062=EDGE_LOOP('',(#346));
#2063=EDGE_LOOP('',(#347));
#2064=EDGE_LOOP('',(#348));
#2065=EDGE_LOOP('',(#349));
#2066=EDGE_LOOP('',(#350));
#2067=EDGE_LOOP('',(#351));
#2068=EDGE_LOOP('',(#352));
#2069=EDGE_LOOP('',(#353));
#2070=EDGE_LOOP('',(#354));
#2071=EDGE_LOOP('',(#355));
#2072=EDGE_LOOP('',(#356));
#2073=EDGE_LOOP('',(#357));
#2074=EDGE_LOOP('',(#358));
#2075=EDGE_LOOP('',(#359));
#2076=EDGE_LOOP('',(#360));
#2077=EDGE_LOOP('',(#361));
#2078=EDGE_LOOP('',(#362));
#2079=EDGE_LOOP('',(#363));
#2080=EDGE_LOOP('',(#364,#365,#366,#367));
#2081=EDGE_LOOP('',(#368,#369,#370,#371));
#2082=EDGE_LOOP('',(#372));
#2083=EDGE_LOOP('',(#373));
#2084=EDGE_LOOP('',(#374));
#2085=EDGE_LOOP('',(#375));
#2086=EDGE_LOOP('',(#376,#377,#378,#379,#380,#381,#382,#383));
#2087=EDGE_LOOP('',(#384,#385,#386,#387));
#2088=EDGE_LOOP('',(#388,#389,#390,#391,#392,#393,#394,#395,#396,#397,#398,
#399,#400,#401));
#2089=EDGE_LOOP('',(#402,#403,#404,#405,#406,#407,#408,#409,#410,#411,#412,
#413,#414,#415,#416,#417,#418,#419));
#2090=EDGE_LOOP('',(#420));
#2091=EDGE_LOOP('',(#421));
#2092=EDGE_LOOP('',(#422));
#2093=EDGE_LOOP('',(#423));
#2094=EDGE_LOOP('',(#424,#425,#426,#427,#428,#429,#430,#431));
#2095=EDGE_LOOP('',(#432,#433,#434,#435));
#2096=EDGE_LOOP('',(#436,#437,#438,#439,#440,#441,#442,#443));
#2097=EDGE_LOOP('',(#444,#445,#446,#447,#448));
#2098=EDGE_LOOP('',(#449,#450,#451,#452));
#2099=EDGE_LOOP('',(#453,#454,#455,#456));
#2100=EDGE_LOOP('',(#457,#458,#459,#460,#461));
#2101=EDGE_LOOP('',(#462,#463,#464,#465,#466,#467));
#2102=EDGE_LOOP('',(#468));
#2103=EDGE_LOOP('',(#469));
#2104=EDGE_LOOP('',(#470));
#2105=EDGE_LOOP('',(#471));
#2106=EDGE_LOOP('',(#472,#473,#474,#475));
#2107=EDGE_LOOP('',(#476,#477,#478,#479,#480));
#2108=EDGE_LOOP('',(#481,#482,#483,#484));
#2109=EDGE_LOOP('',(#485,#486,#487,#488,#489));
#2110=EDGE_LOOP('',(#490,#491,#492,#493));
#2111=EDGE_LOOP('',(#494));
#2112=EDGE_LOOP('',(#495));
#2113=EDGE_LOOP('',(#496));
#2114=EDGE_LOOP('',(#497));
#2115=EDGE_LOOP('',(#498,#499,#500,#501));
#2116=EDGE_LOOP('',(#502));
#2117=EDGE_LOOP('',(#503));
#2118=EDGE_LOOP('',(#504));
#2119=EDGE_LOOP('',(#505));
#2120=EDGE_LOOP('',(#506));
#2121=EDGE_LOOP('',(#507));
#2122=EDGE_LOOP('',(#508));
#2123=EDGE_LOOP('',(#509));
#2124=EDGE_LOOP('',(#510));
#2125=EDGE_LOOP('',(#511));
#2126=EDGE_LOOP('',(#512));
#2127=EDGE_LOOP('',(#513));
#2128=EDGE_LOOP('',(#514));
#2129=EDGE_LOOP('',(#515));
#2130=EDGE_LOOP('',(#516));
#2131=EDGE_LOOP('',(#517));
#2132=EDGE_LOOP('',(#518));
#2133=EDGE_LOOP('',(#519));
#2134=EDGE_LOOP('',(#520));
#2135=EDGE_LOOP('',(#521));
#2136=EDGE_LOOP('',(#522));
#2137=EDGE_LOOP('',(#523));
#2138=EDGE_LOOP('',(#524));
#2139=EDGE_LOOP('',(#525));
#2140=EDGE_LOOP('',(#526,#527,#528,#529));
#2141=EDGE_LOOP('',(#530,#531,#532,#533));
#2142=EDGE_LOOP('',(#534,#535,#536,#537));
#2143=EDGE_LOOP('',(#538,#539,#540,#541));
#2144=EDGE_LOOP('',(#542));
#2145=EDGE_LOOP('',(#543));
#2146=EDGE_LOOP('',(#544));
#2147=EDGE_LOOP('',(#545));
#2148=EDGE_LOOP('',(#546));
#2149=EDGE_LOOP('',(#547));
#2150=EDGE_LOOP('',(#548));
#2151=EDGE_LOOP('',(#549));
#2152=EDGE_LOOP('',(#550));
#2153=EDGE_LOOP('',(#551));
#2154=EDGE_LOOP('',(#552));
#2155=EDGE_LOOP('',(#553));
#2156=EDGE_LOOP('',(#554));
#2157=EDGE_LOOP('',(#555));
#2158=EDGE_LOOP('',(#556));
#2159=EDGE_LOOP('',(#557));
#2160=EDGE_LOOP('',(#558));
#2161=EDGE_LOOP('',(#559));
#2162=EDGE_LOOP('',(#560));
#2163=EDGE_LOOP('',(#561));
#2164=EDGE_LOOP('',(#562));
#2165=EDGE_LOOP('',(#563));
#2166=EDGE_LOOP('',(#564));
#2167=EDGE_LOOP('',(#565));
#2168=EDGE_LOOP('',(#566));
#2169=EDGE_LOOP('',(#567));
#2170=EDGE_LOOP('',(#568));
#2171=EDGE_LOOP('',(#569));
#2172=EDGE_LOOP('',(#570));
#2173=EDGE_LOOP('',(#571));
#2174=EDGE_LOOP('',(#572));
#2175=EDGE_LOOP('',(#573));
#2176=EDGE_LOOP('',(#574));
#2177=EDGE_LOOP('',(#575));
#2178=EDGE_LOOP('',(#576));
#2179=EDGE_LOOP('',(#577));
#2180=EDGE_LOOP('',(#578));
#2181=EDGE_LOOP('',(#579));
#2182=EDGE_LOOP('',(#580));
#2183=EDGE_LOOP('',(#581));
#2184=EDGE_LOOP('',(#582,#583,#584,#585));
#2185=EDGE_LOOP('',(#586,#587,#588,#589));
#2186=EDGE_LOOP('',(#590,#591,#592,#593));
#2187=EDGE_LOOP('',(#594,#595,#596,#597));
#2188=EDGE_LOOP('',(#598,#599,#600,#601));
#2189=EDGE_LOOP('',(#602,#603,#604,#605));
#2190=EDGE_LOOP('',(#606,#607,#608,#609));
#2191=EDGE_LOOP('',(#610,#611,#612,#613));
#2192=EDGE_LOOP('',(#614,#615,#616,#617));
#2193=EDGE_LOOP('',(#618,#619,#620,#621));
#2194=EDGE_LOOP('',(#622,#623,#624,#625));
#2195=EDGE_LOOP('',(#626,#627,#628,#629));
#2196=EDGE_LOOP('',(#630,#631,#632,#633));
#2197=EDGE_LOOP('',(#634,#635,#636,#637));
#2198=EDGE_LOOP('',(#638,#639,#640,#641));
#2199=EDGE_LOOP('',(#642,#643,#644));
#2200=EDGE_LOOP('',(#645,#646,#647,#648));
#2201=EDGE_LOOP('',(#649,#650,#651,#652));
#2202=EDGE_LOOP('',(#653,#654,#655,#656));
#2203=EDGE_LOOP('',(#657,#658,#659,#660));
#2204=EDGE_LOOP('',(#661,#662,#663));
#2205=EDGE_LOOP('',(#664,#665,#666,#667));
#2206=EDGE_LOOP('',(#668,#669,#670));
#2207=EDGE_LOOP('',(#671,#672,#673));
#2208=EDGE_LOOP('',(#674,#675,#676));
#2209=EDGE_LOOP('',(#677,#678,#679));
#2210=EDGE_LOOP('',(#680,#681,#682,#683,#684));
#2211=EDGE_LOOP('',(#685,#686,#687));
#2212=EDGE_LOOP('',(#688,#689,#690));
#2213=EDGE_LOOP('',(#691,#692,#693));
#2214=EDGE_LOOP('',(#694,#695,#696));
#2215=EDGE_LOOP('',(#697,#698,#699,#700,#701));
#2216=EDGE_LOOP('',(#702,#703,#704));
#2217=EDGE_LOOP('',(#705,#706,#707));
#2218=EDGE_LOOP('',(#708,#709,#710,#711,#712,#713,#714,#715));
#2219=EDGE_LOOP('',(#716,#717,#718));
#2220=EDGE_LOOP('',(#719,#720,#721));
#2221=EDGE_LOOP('',(#722,#723,#724,#725));
#2222=EDGE_LOOP('',(#726,#727,#728,#729));
#2223=EDGE_LOOP('',(#730,#731,#732,#733));
#2224=EDGE_LOOP('',(#734,#735,#736,#737));
#2225=EDGE_LOOP('',(#738,#739,#740,#741));
#2226=EDGE_LOOP('',(#742,#743,#744,#745));
#2227=EDGE_LOOP('',(#746,#747,#748,#749));
#2228=EDGE_LOOP('',(#750,#751,#752,#753));
#2229=EDGE_LOOP('',(#754,#755,#756,#757,#758,#759,#760,#761));
#2230=EDGE_LOOP('',(#762,#763,#764,#765));
#2231=EDGE_LOOP('',(#766,#767,#768,#769,#770));
#2232=EDGE_LOOP('',(#771,#772,#773,#774));
#2233=EDGE_LOOP('',(#775,#776,#777,#778,#779));
#2234=EDGE_LOOP('',(#780,#781,#782,#783));
#2235=EDGE_LOOP('',(#784,#785,#786));
#2236=EDGE_LOOP('',(#787,#788,#789));
#2237=EDGE_LOOP('',(#790,#791,#792));
#2238=EDGE_LOOP('',(#793,#794,#795));
#2239=EDGE_LOOP('',(#796,#797,#798,#799,#800,#801,#802,#803));
#2240=EDGE_LOOP('',(#804,#805,#806,#807,#808,#809));
#2241=EDGE_LOOP('',(#810,#811,#812,#813));
#2242=EDGE_LOOP('',(#814,#815,#816,#817));
#2243=EDGE_LOOP('',(#818,#819,#820,#821));
#2244=EDGE_LOOP('',(#822,#823,#824,#825,#826,#827));
#2245=EDGE_LOOP('',(#828,#829,#830,#831,#832,#833,#834,#835,#836,#837,#838,
#839,#840,#841,#842,#843,#844,#845,#846,#847));
#2246=EDGE_LOOP('',(#848,#849,#850,#851));
#2247=EDGE_LOOP('',(#852,#853,#854,#855,#856,#857,#858,#859,#860,#861,#862,
#863,#864,#865,#866,#867));
#2248=EDGE_LOOP('',(#868,#869,#870,#871));
#2249=EDGE_LOOP('',(#872,#873,#874,#875));
#2250=EDGE_LOOP('',(#876,#877,#878,#879));
#2251=EDGE_LOOP('',(#880,#881,#882,#883));
#2252=EDGE_LOOP('',(#884,#885,#886,#887));
#2253=EDGE_LOOP('',(#888,#889,#890,#891));
#2254=EDGE_LOOP('',(#892,#893,#894,#895));
#2255=EDGE_LOOP('',(#896,#897,#898,#899));
#2256=EDGE_LOOP('',(#900,#901,#902,#903));
#2257=EDGE_LOOP('',(#904,#905,#906,#907));
#2258=EDGE_LOOP('',(#908,#909,#910,#911));
#2259=EDGE_LOOP('',(#912,#913,#914,#915));
#2260=EDGE_LOOP('',(#916,#917,#918,#919));
#2261=EDGE_LOOP('',(#920,#921,#922,#923));
#2262=EDGE_LOOP('',(#924,#925,#926,#927));
#2263=EDGE_LOOP('',(#928,#929,#930,#931));
#2264=EDGE_LOOP('',(#932,#933,#934,#935));
#2265=EDGE_LOOP('',(#936,#937,#938,#939));
#2266=EDGE_LOOP('',(#940,#941,#942,#943));
#2267=EDGE_LOOP('',(#944,#945,#946,#947));
#2268=EDGE_LOOP('',(#948,#949,#950,#951));
#2269=EDGE_LOOP('',(#952,#953,#954,#955));
#2270=EDGE_LOOP('',(#956,#957,#958,#959));
#2271=EDGE_LOOP('',(#960,#961,#962,#963));
#2272=EDGE_LOOP('',(#964,#965,#966,#967));
#2273=EDGE_LOOP('',(#968,#969,#970,#971));
#2274=EDGE_LOOP('',(#972,#973,#974,#975));
#2275=EDGE_LOOP('',(#976,#977,#978,#979));
#2276=EDGE_LOOP('',(#980,#981,#982,#983));
#2277=EDGE_LOOP('',(#984,#985,#986,#987));
#2278=EDGE_LOOP('',(#988,#989,#990,#991));
#2279=EDGE_LOOP('',(#992,#993,#994,#995));
#2280=EDGE_LOOP('',(#996,#997,#998,#999));
#2281=EDGE_LOOP('',(#1000,#1001,#1002,#1003));
#2282=FACE_BOUND('',#2018,.T.);
#2283=FACE_BOUND('',#2019,.T.);
#2284=FACE_BOUND('',#2020,.T.);
#2285=FACE_BOUND('',#2021,.T.);
#2286=FACE_BOUND('',#2022,.T.);
#2287=FACE_BOUND('',#2023,.T.);
#2288=FACE_BOUND('',#2024,.T.);
#2289=FACE_BOUND('',#2025,.T.);
#2290=FACE_BOUND('',#2026,.T.);
#2291=FACE_BOUND('',#2027,.T.);
#2292=FACE_BOUND('',#2028,.T.);
#2293=FACE_BOUND('',#2029,.T.);
#2294=FACE_BOUND('',#2030,.T.);
#2295=FACE_BOUND('',#2031,.T.);
#2296=FACE_BOUND('',#2032,.T.);
#2297=FACE_BOUND('',#2033,.T.);
#2298=FACE_BOUND('',#2034,.T.);
#2299=FACE_BOUND('',#2035,.T.);
#2300=FACE_BOUND('',#2036,.T.);
#2301=FACE_BOUND('',#2037,.T.);
#2302=FACE_BOUND('',#2038,.T.);
#2303=FACE_BOUND('',#2039,.T.);
#2304=FACE_BOUND('',#2040,.T.);
#2305=FACE_BOUND('',#2041,.T.);
#2306=FACE_BOUND('',#2042,.T.);
#2307=FACE_BOUND('',#2043,.T.);
#2308=FACE_BOUND('',#2044,.T.);
#2309=FACE_BOUND('',#2045,.T.);
#2310=FACE_BOUND('',#2046,.T.);
#2311=FACE_BOUND('',#2047,.T.);
#2312=FACE_BOUND('',#2048,.T.);
#2313=FACE_BOUND('',#2049,.T.);
#2314=FACE_BOUND('',#2050,.T.);
#2315=FACE_BOUND('',#2051,.T.);
#2316=FACE_BOUND('',#2052,.T.);
#2317=FACE_BOUND('',#2053,.T.);
#2318=FACE_BOUND('',#2054,.T.);
#2319=FACE_BOUND('',#2055,.T.);
#2320=FACE_BOUND('',#2056,.T.);
#2321=FACE_BOUND('',#2057,.T.);
#2322=FACE_BOUND('',#2058,.T.);
#2323=FACE_BOUND('',#2059,.T.);
#2324=FACE_BOUND('',#2060,.T.);
#2325=FACE_BOUND('',#2061,.T.);
#2326=FACE_BOUND('',#2062,.T.);
#2327=FACE_BOUND('',#2063,.T.);
#2328=FACE_BOUND('',#2064,.T.);
#2329=FACE_BOUND('',#2065,.T.);
#2330=FACE_BOUND('',#2066,.T.);
#2331=FACE_BOUND('',#2067,.T.);
#2332=FACE_BOUND('',#2068,.T.);
#2333=FACE_BOUND('',#2069,.T.);
#2334=FACE_BOUND('',#2070,.T.);
#2335=FACE_BOUND('',#2071,.T.);
#2336=FACE_BOUND('',#2072,.T.);
#2337=FACE_BOUND('',#2073,.T.);
#2338=FACE_BOUND('',#2074,.T.);
#2339=FACE_BOUND('',#2075,.T.);
#2340=FACE_BOUND('',#2076,.T.);
#2341=FACE_BOUND('',#2077,.T.);
#2342=FACE_BOUND('',#2078,.T.);
#2343=FACE_BOUND('',#2079,.T.);
#2344=FACE_BOUND('',#2080,.T.);
#2345=FACE_BOUND('',#2081,.T.);
#2346=FACE_BOUND('',#2082,.T.);
#2347=FACE_BOUND('',#2083,.T.);
#2348=FACE_BOUND('',#2084,.T.);
#2349=FACE_BOUND('',#2085,.T.);
#2350=FACE_BOUND('',#2086,.T.);
#2351=FACE_BOUND('',#2087,.T.);
#2352=FACE_BOUND('',#2088,.T.);
#2353=FACE_BOUND('',#2089,.T.);
#2354=FACE_BOUND('',#2090,.T.);
#2355=FACE_BOUND('',#2091,.T.);
#2356=FACE_BOUND('',#2092,.T.);
#2357=FACE_BOUND('',#2093,.T.);
#2358=FACE_BOUND('',#2094,.T.);
#2359=FACE_BOUND('',#2095,.T.);
#2360=FACE_BOUND('',#2096,.T.);
#2361=FACE_BOUND('',#2097,.T.);
#2362=FACE_BOUND('',#2098,.T.);
#2363=FACE_BOUND('',#2099,.T.);
#2364=FACE_BOUND('',#2100,.T.);
#2365=FACE_BOUND('',#2101,.T.);
#2366=FACE_BOUND('',#2102,.T.);
#2367=FACE_BOUND('',#2103,.T.);
#2368=FACE_BOUND('',#2104,.T.);
#2369=FACE_BOUND('',#2105,.T.);
#2370=FACE_BOUND('',#2106,.T.);
#2371=FACE_BOUND('',#2107,.T.);
#2372=FACE_BOUND('',#2108,.T.);
#2373=FACE_BOUND('',#2109,.T.);
#2374=FACE_BOUND('',#2110,.T.);
#2375=FACE_BOUND('',#2111,.T.);
#2376=FACE_BOUND('',#2112,.T.);
#2377=FACE_BOUND('',#2113,.T.);
#2378=FACE_BOUND('',#2114,.T.);
#2379=FACE_BOUND('',#2115,.T.);
#2380=FACE_BOUND('',#2116,.T.);
#2381=FACE_BOUND('',#2117,.T.);
#2382=FACE_BOUND('',#2118,.T.);
#2383=FACE_BOUND('',#2119,.T.);
#2384=FACE_BOUND('',#2120,.T.);
#2385=FACE_BOUND('',#2121,.T.);
#2386=FACE_BOUND('',#2122,.T.);
#2387=FACE_BOUND('',#2123,.T.);
#2388=FACE_BOUND('',#2124,.T.);
#2389=FACE_BOUND('',#2125,.T.);
#2390=FACE_BOUND('',#2126,.T.);
#2391=FACE_BOUND('',#2127,.T.);
#2392=FACE_BOUND('',#2128,.T.);
#2393=FACE_BOUND('',#2129,.T.);
#2394=FACE_BOUND('',#2130,.T.);
#2395=FACE_BOUND('',#2131,.T.);
#2396=FACE_BOUND('',#2132,.T.);
#2397=FACE_BOUND('',#2133,.T.);
#2398=FACE_BOUND('',#2134,.T.);
#2399=FACE_BOUND('',#2135,.T.);
#2400=FACE_BOUND('',#2136,.T.);
#2401=FACE_BOUND('',#2137,.T.);
#2402=FACE_BOUND('',#2138,.T.);
#2403=FACE_BOUND('',#2139,.T.);
#2404=FACE_BOUND('',#2140,.T.);
#2405=FACE_BOUND('',#2141,.T.);
#2406=FACE_BOUND('',#2142,.T.);
#2407=FACE_BOUND('',#2143,.T.);
#2408=FACE_BOUND('',#2144,.T.);
#2409=FACE_BOUND('',#2145,.T.);
#2410=FACE_BOUND('',#2146,.T.);
#2411=FACE_BOUND('',#2147,.T.);
#2412=FACE_BOUND('',#2148,.T.);
#2413=FACE_BOUND('',#2149,.T.);
#2414=FACE_BOUND('',#2150,.T.);
#2415=FACE_BOUND('',#2151,.T.);
#2416=FACE_BOUND('',#2152,.T.);
#2417=FACE_BOUND('',#2153,.T.);
#2418=FACE_BOUND('',#2154,.T.);
#2419=FACE_BOUND('',#2155,.T.);
#2420=FACE_BOUND('',#2156,.T.);
#2421=FACE_BOUND('',#2157,.T.);
#2422=FACE_BOUND('',#2158,.T.);
#2423=FACE_BOUND('',#2159,.T.);
#2424=FACE_BOUND('',#2160,.T.);
#2425=FACE_BOUND('',#2161,.T.);
#2426=FACE_BOUND('',#2162,.T.);
#2427=FACE_BOUND('',#2163,.T.);
#2428=FACE_BOUND('',#2164,.T.);
#2429=FACE_BOUND('',#2165,.T.);
#2430=FACE_BOUND('',#2166,.T.);
#2431=FACE_BOUND('',#2167,.T.);
#2432=FACE_BOUND('',#2168,.T.);
#2433=FACE_BOUND('',#2169,.T.);
#2434=FACE_BOUND('',#2170,.T.);
#2435=FACE_BOUND('',#2171,.T.);
#2436=FACE_BOUND('',#2172,.T.);
#2437=FACE_BOUND('',#2173,.T.);
#2438=FACE_BOUND('',#2174,.T.);
#2439=FACE_BOUND('',#2175,.T.);
#2440=FACE_BOUND('',#2176,.T.);
#2441=FACE_BOUND('',#2177,.T.);
#2442=FACE_BOUND('',#2178,.T.);
#2443=FACE_BOUND('',#2179,.T.);
#2444=FACE_BOUND('',#2180,.T.);
#2445=FACE_BOUND('',#2181,.T.);
#2446=FACE_BOUND('',#2182,.T.);
#2447=FACE_BOUND('',#2183,.T.);
#2448=FACE_BOUND('',#2184,.T.);
#2449=FACE_BOUND('',#2185,.T.);
#2450=FACE_BOUND('',#2186,.T.);
#2451=FACE_BOUND('',#2187,.T.);
#2452=FACE_BOUND('',#2188,.T.);
#2453=FACE_BOUND('',#2189,.T.);
#2454=FACE_BOUND('',#2190,.T.);
#2455=FACE_BOUND('',#2191,.T.);
#2456=FACE_BOUND('',#2192,.T.);
#2457=FACE_BOUND('',#2193,.T.);
#2458=FACE_BOUND('',#2194,.T.);
#2459=FACE_BOUND('',#2195,.T.);
#2460=FACE_BOUND('',#2196,.T.);
#2461=FACE_BOUND('',#2197,.T.);
#2462=FACE_BOUND('',#2198,.T.);
#2463=FACE_BOUND('',#2199,.T.);
#2464=FACE_BOUND('',#2200,.T.);
#2465=FACE_BOUND('',#2201,.T.);
#2466=FACE_BOUND('',#2202,.T.);
#2467=FACE_BOUND('',#2203,.T.);
#2468=FACE_BOUND('',#2204,.T.);
#2469=FACE_BOUND('',#2205,.T.);
#2470=FACE_BOUND('',#2206,.T.);
#2471=FACE_BOUND('',#2207,.T.);
#2472=FACE_BOUND('',#2208,.T.);
#2473=FACE_BOUND('',#2209,.T.);
#2474=FACE_BOUND('',#2210,.T.);
#2475=FACE_BOUND('',#2211,.T.);
#2476=FACE_BOUND('',#2212,.T.);
#2477=FACE_BOUND('',#2213,.T.);
#2478=FACE_BOUND('',#2214,.T.);
#2479=FACE_BOUND('',#2215,.T.);
#2480=FACE_BOUND('',#2216,.T.);
#2481=FACE_BOUND('',#2217,.T.);
#2482=FACE_BOUND('',#2218,.T.);
#2483=FACE_BOUND('',#2219,.T.);
#2484=FACE_BOUND('',#2220,.T.);
#2485=FACE_BOUND('',#2221,.T.);
#2486=FACE_BOUND('',#2222,.T.);
#2487=FACE_BOUND('',#2223,.T.);
#2488=FACE_BOUND('',#2224,.T.);
#2489=FACE_BOUND('',#2225,.T.);
#2490=FACE_BOUND('',#2226,.T.);
#2491=FACE_BOUND('',#2227,.T.);
#2492=FACE_BOUND('',#2228,.T.);
#2493=FACE_BOUND('',#2229,.T.);
#2494=FACE_BOUND('',#2230,.T.);
#2495=FACE_BOUND('',#2231,.T.);
#2496=FACE_BOUND('',#2232,.T.);
#2497=FACE_BOUND('',#2233,.T.);
#2498=FACE_BOUND('',#2234,.T.);
#2499=FACE_BOUND('',#2235,.T.);
#2500=FACE_BOUND('',#2236,.T.);
#2501=FACE_BOUND('',#2237,.T.);
#2502=FACE_BOUND('',#2238,.T.);
#2503=FACE_BOUND('',#2239,.T.);
#2504=FACE_BOUND('',#2240,.T.);
#2505=FACE_BOUND('',#2241,.T.);
#2506=FACE_BOUND('',#2242,.T.);
#2507=FACE_BOUND('',#2243,.T.);
#2508=FACE_BOUND('',#2244,.T.);
#2509=FACE_BOUND('',#2245,.T.);
#2510=FACE_BOUND('',#2246,.T.);
#2511=FACE_BOUND('',#2247,.T.);
#2512=FACE_BOUND('',#2248,.T.);
#2513=FACE_BOUND('',#2249,.T.);
#2514=FACE_BOUND('',#2250,.T.);
#2515=FACE_BOUND('',#2251,.T.);
#2516=FACE_BOUND('',#2252,.T.);
#2517=FACE_BOUND('',#2253,.T.);
#2518=FACE_BOUND('',#2254,.T.);
#2519=FACE_BOUND('',#2255,.T.);
#2520=FACE_BOUND('',#2256,.T.);
#2521=FACE_BOUND('',#2257,.T.);
#2522=FACE_BOUND('',#2258,.T.);
#2523=FACE_BOUND('',#2259,.T.);
#2524=FACE_BOUND('',#2260,.T.);
#2525=FACE_BOUND('',#2261,.T.);
#2526=FACE_BOUND('',#2262,.T.);
#2527=FACE_BOUND('',#2263,.T.);
#2528=FACE_BOUND('',#2264,.T.);
#2529=FACE_BOUND('',#2265,.T.);
#2530=FACE_BOUND('',#2266,.T.);
#2531=FACE_BOUND('',#2267,.T.);
#2532=FACE_BOUND('',#2268,.T.);
#2533=FACE_BOUND('',#2269,.T.);
#2534=FACE_BOUND('',#2270,.T.);
#2535=FACE_BOUND('',#2271,.T.);
#2536=FACE_BOUND('',#2272,.T.);
#2537=FACE_BOUND('',#2273,.T.);
#2538=FACE_BOUND('',#2274,.T.);
#2539=FACE_BOUND('',#2275,.T.);
#2540=FACE_BOUND('',#2276,.T.);
#2541=FACE_BOUND('',#2277,.T.);
#2542=FACE_BOUND('',#2278,.T.);
#2543=FACE_BOUND('',#2279,.T.);
#2544=FACE_BOUND('',#2280,.T.);
#2545=FACE_BOUND('',#2281,.T.);
#2546=PLANE('',#2827);
#2547=PLANE('',#2828);
#2548=PLANE('',#2835);
#2549=PLANE('',#2836);
#2550=PLANE('',#2847);
#2551=PLANE('',#2848);
#2552=PLANE('',#2851);
#2553=PLANE('',#2854);
#2554=PLANE('',#2868);
#2555=PLANE('',#2872);
#2556=PLANE('',#2876);
#2557=PLANE('',#2880);
#2558=PLANE('',#2892);
#2559=PLANE('',#2898);
#2560=PLANE('',#2899);
#2561=PLANE('',#2903);
#2562=PLANE('',#2909);
#2563=PLANE('',#2915);
#2564=PLANE('',#2916);
#2565=PLANE('',#2921);
#2566=PLANE('',#2923);
#2567=PLANE('',#2924);
#2568=PLANE('',#2925);
#2569=PLANE('',#2927);
#2570=PLANE('',#2936);
#2571=PLANE('',#2938);
#2572=PLANE('',#2944);
#2573=PLANE('',#2948);
#2574=PLANE('',#2952);
#2575=PLANE('',#2956);
#2576=PLANE('',#2964);
#2577=PLANE('',#2965);
#2578=PLANE('',#2969);
#2579=PLANE('',#2973);
#2580=PLANE('',#2977);
#2581=PLANE('',#2981);
#2582=PLANE('',#2985);
#2583=PLANE('',#2989);
#2584=PLANE('',#2993);
#2585=PLANE('',#2997);
#2586=PLANE('',#3049);
#2587=PLANE('',#3055);
#2588=PLANE('',#3061);
#2589=PLANE('',#3079);
#2590=PLANE('',#3086);
#2591=PLANE('',#3089);
#2592=PLANE('',#3092);
#2593=PLANE('',#3094);
#2594=PLANE('',#3097);
#2595=PLANE('',#3098);
#2596=PLANE('',#3099);
#2597=PLANE('',#3100);
#2598=PLANE('',#3103);
#2599=PLANE('',#3112);
#2600=PLANE('',#3123);
#2601=PLANE('',#3124);
#2602=PLANE('',#3125);
#2603=PLANE('',#3126);
#2604=PLANE('',#3127);
#2605=PLANE('',#3128);
#2606=PLANE('',#3129);
#2607=PLANE('',#3130);
#2608=PLANE('',#3131);
#2609=PLANE('',#3132);
#2610=PLANE('',#3133);
#2611=PLANE('',#3134);
#2612=PLANE('',#3135);
#2613=PLANE('',#3136);
#2614=PLANE('',#3137);
#2615=PLANE('',#3138);
#2616=PLANE('',#3139);
#2617=PLANE('',#3140);
#2618=ADVANCED_FACE('',(#2282),#2546,.F.);
#2619=ADVANCED_FACE('',(#2283,#2284,#2285,#2286,#2287),#2547,.F.);
#2620=ADVANCED_FACE('',(#2288),#2548,.T.);
#2621=ADVANCED_FACE('',(#2289,#2290,#2291,#2292,#2293,#2294,#2295,#2296,
#2297),#2549,.T.);
#2622=ADVANCED_FACE('',(#2298),#2550,.F.);
#2623=ADVANCED_FACE('',(#2299,#2300),#2551,.F.);
#2624=ADVANCED_FACE('',(#2301,#2302),#2552,.F.);
#2625=ADVANCED_FACE('',(#2303),#2553,.T.);
#2626=ADVANCED_FACE('',(#2304,#2305),#60,.F.);
#2627=ADVANCED_FACE('',(#2306,#2307),#61,.F.);
#2628=ADVANCED_FACE('',(#2308,#2309),#62,.F.);
#2629=ADVANCED_FACE('',(#2310,#2311),#63,.F.);
#2630=ADVANCED_FACE('',(#2312,#2313),#64,.F.);
#2631=ADVANCED_FACE('',(#2314,#2315),#65,.F.);
#2632=ADVANCED_FACE('',(#2316,#2317),#66,.F.);
#2633=ADVANCED_FACE('',(#2318),#2554,.T.);
#2634=ADVANCED_FACE('',(#2319,#2320),#67,.F.);
#2635=ADVANCED_FACE('',(#2321),#2555,.T.);
#2636=ADVANCED_FACE('',(#2322,#2323),#68,.F.);
#2637=ADVANCED_FACE('',(#2324),#2556,.T.);
#2638=ADVANCED_FACE('',(#2325,#2326),#69,.F.);
#2639=ADVANCED_FACE('',(#2327),#2557,.T.);
#2640=ADVANCED_FACE('',(#2328,#2329),#40,.F.);
#2641=ADVANCED_FACE('',(#2330,#2331),#41,.F.);
#2642=ADVANCED_FACE('',(#2332,#2333),#42,.F.);
#2643=ADVANCED_FACE('',(#2334,#2335),#43,.F.);
#2644=ADVANCED_FACE('',(#2336,#2337),#44,.F.);
#2645=ADVANCED_FACE('',(#2338,#2339),#45,.F.);
#2646=ADVANCED_FACE('',(#2340,#2341),#46,.F.);
#2647=ADVANCED_FACE('',(#2342,#2343),#47,.F.);
#2648=ADVANCED_FACE('',(#2344),#70,.T.);
#2649=ADVANCED_FACE('',(#2345),#71,.T.);
#2650=ADVANCED_FACE('',(#2346,#2347,#2348,#2349,#2350),#2558,.F.);
#2651=ADVANCED_FACE('',(#2351),#2559,.T.);
#2652=ADVANCED_FACE('',(#2352),#2560,.F.);
#2653=ADVANCED_FACE('',(#2353),#2561,.T.);
#2654=ADVANCED_FACE('',(#2354,#2355,#2356,#2357,#2358),#2562,.F.);
#2655=ADVANCED_FACE('',(#2359),#2563,.F.);
#2656=ADVANCED_FACE('',(#2360),#2564,.F.);
#2657=ADVANCED_FACE('',(#2361),#2565,.F.);
#2658=ADVANCED_FACE('',(#2362),#2566,.F.);
#2659=ADVANCED_FACE('',(#2363),#2567,.T.);
#2660=ADVANCED_FACE('',(#2364),#2568,.T.);
#2661=ADVANCED_FACE('',(#2365,#2366,#2367,#2368,#2369),#2569,.F.);
#2662=ADVANCED_FACE('',(#2370),#72,.F.);
#2663=ADVANCED_FACE('',(#2371),#2570,.T.);
#2664=ADVANCED_FACE('',(#2372),#73,.F.);
#2665=ADVANCED_FACE('',(#2373),#2571,.T.);
#2666=ADVANCED_FACE('',(#2374),#74,.F.);
#2667=ADVANCED_FACE('',(#2375,#2376,#2377,#2378,#2379),#75,.F.);
#2668=ADVANCED_FACE('',(#2380,#2381),#76,.F.);
#2669=ADVANCED_FACE('',(#2382,#2383),#2572,.T.);
#2670=ADVANCED_FACE('',(#2384,#2385),#77,.F.);
#2671=ADVANCED_FACE('',(#2386,#2387),#2573,.T.);
#2672=ADVANCED_FACE('',(#2388,#2389),#78,.F.);
#2673=ADVANCED_FACE('',(#2390,#2391),#2574,.T.);
#2674=ADVANCED_FACE('',(#2392,#2393),#79,.F.);
#2675=ADVANCED_FACE('',(#2394,#2395),#2575,.T.);
#2676=ADVANCED_FACE('',(#2396,#2397),#80,.F.);
#2677=ADVANCED_FACE('',(#2398,#2399),#81,.F.);
#2678=ADVANCED_FACE('',(#2400,#2401),#82,.F.);
#2679=ADVANCED_FACE('',(#2402,#2403),#83,.F.);
#2680=ADVANCED_FACE('',(#2404),#48,.F.);
#2681=ADVANCED_FACE('',(#2405),#49,.F.);
#2682=ADVANCED_FACE('',(#2406),#2576,.T.);
#2683=ADVANCED_FACE('',(#2407),#2577,.F.);
#2684=ADVANCED_FACE('',(#2408,#2409),#84,.F.);
#2685=ADVANCED_FACE('',(#2410),#2578,.T.);
#2686=ADVANCED_FACE('',(#2411,#2412),#85,.F.);
#2687=ADVANCED_FACE('',(#2413),#2579,.T.);
#2688=ADVANCED_FACE('',(#2414,#2415),#86,.F.);
#2689=ADVANCED_FACE('',(#2416),#2580,.T.);
#2690=ADVANCED_FACE('',(#2417,#2418),#87,.F.);
#2691=ADVANCED_FACE('',(#2419),#2581,.T.);
#2692=ADVANCED_FACE('',(#2420,#2421),#88,.F.);
#2693=ADVANCED_FACE('',(#2422),#2582,.T.);
#2694=ADVANCED_FACE('',(#2423,#2424),#89,.F.);
#2695=ADVANCED_FACE('',(#2425),#2583,.T.);
#2696=ADVANCED_FACE('',(#2426,#2427),#90,.F.);
#2697=ADVANCED_FACE('',(#2428),#2584,.T.);
#2698=ADVANCED_FACE('',(#2429,#2430),#91,.F.);
#2699=ADVANCED_FACE('',(#2431),#2585,.T.);
#2700=ADVANCED_FACE('',(#2432,#2433),#50,.F.);
#2701=ADVANCED_FACE('',(#2434,#2435),#51,.F.);
#2702=ADVANCED_FACE('',(#2436,#2437),#52,.F.);
#2703=ADVANCED_FACE('',(#2438,#2439),#53,.F.);
#2704=ADVANCED_FACE('',(#2440,#2441),#54,.F.);
#2705=ADVANCED_FACE('',(#2442,#2443),#55,.F.);
#2706=ADVANCED_FACE('',(#2444,#2445),#56,.F.);
#2707=ADVANCED_FACE('',(#2446,#2447),#57,.F.);
#2708=ADVANCED_FACE('',(#2448),#92,.T.);
#2709=ADVANCED_FACE('',(#2449),#93,.T.);
#2710=ADVANCED_FACE('',(#2450),#94,.F.);
#2711=ADVANCED_FACE('',(#2451),#95,.F.);
#2712=ADVANCED_FACE('',(#2452),#96,.T.);
#2713=ADVANCED_FACE('',(#2453),#12,.T.);
#2714=ADVANCED_FACE('',(#2454),#97,.T.);
#2715=ADVANCED_FACE('',(#2455),#98,.T.);
#2716=ADVANCED_FACE('',(#2456),#99,.T.);
#2717=ADVANCED_FACE('',(#2457),#13,.T.);
#2718=ADVANCED_FACE('',(#2458),#100,.T.);
#2719=ADVANCED_FACE('',(#2459),#101,.T.);
#2720=ADVANCED_FACE('',(#2460),#102,.T.);
#2721=ADVANCED_FACE('',(#2461),#14,.T.);
#2722=ADVANCED_FACE('',(#2462),#103,.T.);
#2723=ADVANCED_FACE('',(#2463),#10,.T.);
#2724=ADVANCED_FACE('',(#2464),#104,.T.);
#2725=ADVANCED_FACE('',(#2465),#105,.T.);
#2726=ADVANCED_FACE('',(#2466),#15,.T.);
#2727=ADVANCED_FACE('',(#2467),#106,.T.);
#2728=ADVANCED_FACE('',(#2468),#11,.T.);
#2729=ADVANCED_FACE('',(#2469),#107,.T.);
#2730=ADVANCED_FACE('',(#2470,#2471,#2472,#2473,#2474),#2586,.T.);
#2731=ADVANCED_FACE('',(#2475,#2476,#2477,#2478,#2479),#2587,.F.);
#2732=ADVANCED_FACE('',(#2480,#2481,#2482,#2483,#2484),#2588,.F.);
#2733=ADVANCED_FACE('',(#2485),#108,.F.);
#2734=ADVANCED_FACE('',(#2486),#109,.F.);
#2735=ADVANCED_FACE('',(#2487),#110,.F.);
#2736=ADVANCED_FACE('',(#2488),#111,.F.);
#2737=ADVANCED_FACE('',(#2489),#112,.F.);
#2738=ADVANCED_FACE('',(#2490),#113,.F.);
#2739=ADVANCED_FACE('',(#2491),#114,.F.);
#2740=ADVANCED_FACE('',(#2492),#115,.F.);
#2741=ADVANCED_FACE('',(#2493),#2589,.F.);
#2742=ADVANCED_FACE('',(#2494),#116,.F.);
#2743=ADVANCED_FACE('',(#2495),#2590,.F.);
#2744=ADVANCED_FACE('',(#2496),#117,.F.);
#2745=ADVANCED_FACE('',(#2497),#2591,.F.);
#2746=ADVANCED_FACE('',(#2498),#118,.F.);
#2747=ADVANCED_FACE('',(#2499,#2500,#2501,#2502,#2503),#2592,.T.);
#2748=ADVANCED_FACE('',(#2504),#2593,.T.);
#2749=ADVANCED_FACE('',(#2505),#2594,.F.);
#2750=ADVANCED_FACE('',(#2506),#2595,.F.);
#2751=ADVANCED_FACE('',(#2507),#2596,.F.);
#2752=ADVANCED_FACE('',(#2508),#2597,.F.);
#2753=ADVANCED_FACE('',(#2509),#2598,.T.);
#2754=ADVANCED_FACE('',(#2510),#119,.F.);
#2755=ADVANCED_FACE('',(#2511),#2599,.F.);
#2756=ADVANCED_FACE('',(#2512),#58,.F.);
#2757=ADVANCED_FACE('',(#2513),#59,.F.);
#2758=ADVANCED_FACE('',(#2514),#120,.T.);
#2759=ADVANCED_FACE('',(#2515),#121,.T.);
#2760=ADVANCED_FACE('',(#2516),#122,.T.);
#2761=ADVANCED_FACE('',(#2517),#123,.T.);
#2762=ADVANCED_FACE('',(#2518),#2600,.F.);
#2763=ADVANCED_FACE('',(#2519),#2601,.T.);
#2764=ADVANCED_FACE('',(#2520),#2602,.T.);
#2765=ADVANCED_FACE('',(#2521),#2603,.T.);
#2766=ADVANCED_FACE('',(#2522),#2604,.T.);
#2767=ADVANCED_FACE('',(#2523),#2605,.T.);
#2768=ADVANCED_FACE('',(#2524),#2606,.T.);
#2769=ADVANCED_FACE('',(#2525),#2607,.T.);
#2770=ADVANCED_FACE('',(#2526),#2608,.T.);
#2771=ADVANCED_FACE('',(#2527),#2609,.T.);
#2772=ADVANCED_FACE('',(#2528),#2610,.T.);
#2773=ADVANCED_FACE('',(#2529),#2611,.T.);
#2774=ADVANCED_FACE('',(#2530),#2612,.T.);
#2775=ADVANCED_FACE('',(#2531),#2613,.T.);
#2776=ADVANCED_FACE('',(#2532),#2614,.T.);
#2777=ADVANCED_FACE('',(#2533),#2615,.T.);
#2778=ADVANCED_FACE('',(#2534),#2616,.T.);
#2779=ADVANCED_FACE('',(#2535),#2617,.T.);
#2780=ADVANCED_FACE('',(#2536),#124,.T.);
#2781=ADVANCED_FACE('',(#2537),#125,.T.);
#2782=ADVANCED_FACE('',(#2538),#126,.T.);
#2783=ADVANCED_FACE('',(#2539),#127,.T.);
#2784=ADVANCED_FACE('',(#2540),#128,.T.);
#2785=ADVANCED_FACE('',(#2541),#129,.T.);
#2786=ADVANCED_FACE('',(#2542),#130,.T.);
#2787=ADVANCED_FACE('',(#2543),#16,.T.);
#2788=ADVANCED_FACE('',(#2544),#131,.T.);
#2789=ADVANCED_FACE('',(#2545),#17,.T.);
#2790=CLOSED_SHELL('',(#2618,#2619,#2620,#2621,#2622,#2623,#2624,#2625,
#2626,#2627,#2628,#2629,#2630,#2631,#2632,#2633,#2634,#2635,#2636,#2637,
#2638,#2639,#2640,#2641,#2642,#2643,#2644,#2645,#2646,#2647,#2648,#2649));
#2791=CLOSED_SHELL('',(#2650,#2651,#2652,#2653,#2654,#2655,#2656,#2657,
#2658,#2659,#2660,#2661,#2662,#2663,#2664,#2665,#2666,#2667,#2668,#2669,
#2670,#2671,#2672,#2673,#2674,#2675,#2676,#2677,#2678,#2679,#2680,#2681,
#2682,#2683,#2684,#2685,#2686,#2687,#2688,#2689,#2690,#2691,#2692,#2693,
#2694,#2695,#2696,#2697,#2698,#2699,#2700,#2701,#2702,#2703,#2704,#2705,
#2706,#2707,#2708,#2709,#2710,#2711,#2712,#2713,#2714,#2715,#2716,#2717,
#2718,#2719,#2720,#2721,#2722,#2723,#2724,#2725,#2726,#2727,#2728,#2729));
#2792=CLOSED_SHELL('',(#2730,#2731,#2732,#2733,#2734,#2735,#2736,#2737,
#2738,#2739,#2740,#2741,#2742,#2743,#2744,#2745,#2746,#2747,#2748,#2749,
#2750,#2751,#2752,#2753,#2754,#2755,#2756,#2757,#2758,#2759,#2760,#2761,
#2762,#2763,#2764,#2765,#2766,#2767,#2768,#2769,#2770,#2771,#2772,#2773,
#2774,#2775,#2776,#2777,#2778,#2779,#2780,#2781,#2782,#2783,#2784,#2785,
#2786,#2787,#2788,#2789));
#2793=STYLED_ITEM('',(#2796),#2817);
#2794=STYLED_ITEM('',(#2797),#2818);
#2795=STYLED_ITEM('',(#2798),#2819);
#2796=PRESENTATION_STYLE_ASSIGNMENT((#2799));
#2797=PRESENTATION_STYLE_ASSIGNMENT((#2800));
#2798=PRESENTATION_STYLE_ASSIGNMENT((#2801));
#2799=SURFACE_STYLE_USAGE(.BOTH.,#2802);
#2800=SURFACE_STYLE_USAGE(.BOTH.,#2803);
#2801=SURFACE_STYLE_USAGE(.BOTH.,#2804);
#2802=SURFACE_SIDE_STYLE('',(#2805));
#2803=SURFACE_SIDE_STYLE('',(#2806));
#2804=SURFACE_SIDE_STYLE('',(#2807));
#2805=SURFACE_STYLE_FILL_AREA(#2808);
#2806=SURFACE_STYLE_FILL_AREA(#2809);
#2807=SURFACE_STYLE_FILL_AREA(#2810);
#2808=FILL_AREA_STYLE('',(#2811));
#2809=FILL_AREA_STYLE('',(#2812));
#2810=FILL_AREA_STYLE('',(#2813));
#2811=FILL_AREA_STYLE_COLOUR('',#2814);
#2812=FILL_AREA_STYLE_COLOUR('',#2815);
#2813=FILL_AREA_STYLE_COLOUR('',#2816);
#2814=COLOUR_RGB('',0.498039215686275,0.498039215686275,0.498039215686275);
#2815=COLOUR_RGB('',0.615686274509804,0.811764705882353,0.929411764705882);
#2816=COLOUR_RGB('',0.980392156862745,0.713725490196078,0.00392156862745098);
#2817=MANIFOLD_SOLID_BREP('interface-x-carriage-btm',#2790);
#2818=MANIFOLD_SOLID_BREP('btm-motor-holder',#2791);
#2819=MANIFOLD_SOLID_BREP('top-motor-holder',#2792);
#2820=SHAPE_DEFINITION_REPRESENTATION(#4940,#2823);
#2821=SHAPE_DEFINITION_REPRESENTATION(#4941,#2824);
#2822=SHAPE_DEFINITION_REPRESENTATION(#4942,#2825);
#2823=SHAPE_REPRESENTATION('interface-x-carriage-btm',(#2826),#4925);
#2824=SHAPE_REPRESENTATION('btm-motor-holder',(#2891),#4926);
#2825=SHAPE_REPRESENTATION('top-motor-holder',(#3048),#4927);
#2826=AXIS2_PLACEMENT_3D('',#4023,#3159,#3160);
#2827=AXIS2_PLACEMENT_3D('',#4024,#3161,#3162);
#2828=AXIS2_PLACEMENT_3D('',#4033,#3167,#3168);
#2829=AXIS2_PLACEMENT_3D('',#4034,#3169,#3170);
#2830=AXIS2_PLACEMENT_3D('',#4038,#3172,#3173);
#2831=AXIS2_PLACEMENT_3D('',#4043,#3176,#3177);
#2832=AXIS2_PLACEMENT_3D('',#4045,#3178,#3179);
#2833=AXIS2_PLACEMENT_3D('',#4047,#3180,#3181);
#2834=AXIS2_PLACEMENT_3D('',#4049,#3182,#3183);
#2835=AXIS2_PLACEMENT_3D('',#4051,#3184,#3185);
#2836=AXIS2_PLACEMENT_3D('',#4057,#3189,#3190);
#2837=AXIS2_PLACEMENT_3D('',#4058,#3191,#3192);
#2838=AXIS2_PLACEMENT_3D('',#4062,#3194,#3195);
#2839=AXIS2_PLACEMENT_3D('',#4064,#3197,#3198);
#2840=AXIS2_PLACEMENT_3D('',#4066,#3199,#3200);
#2841=AXIS2_PLACEMENT_3D('',#4068,#3201,#3202);
#2842=AXIS2_PLACEMENT_3D('',#4070,#3203,#3204);
#2843=AXIS2_PLACEMENT_3D('',#4072,#3205,#3206);
#2844=AXIS2_PLACEMENT_3D('',#4074,#3207,#3208);
#2845=AXIS2_PLACEMENT_3D('',#4076,#3209,#3210);
#2846=AXIS2_PLACEMENT_3D('',#4078,#3211,#3212);
#2847=AXIS2_PLACEMENT_3D('',#4080,#3213,#3214);
#2848=AXIS2_PLACEMENT_3D('',#4081,#3215,#3216);
#2849=AXIS2_PLACEMENT_3D('',#4082,#3217,#3218);
#2850=AXIS2_PLACEMENT_3D('',#4084,#3219,#3220);
#2851=AXIS2_PLACEMENT_3D('',#4086,#3221,#3222);
#2852=AXIS2_PLACEMENT_3D('',#4087,#3223,#3224);
#2853=AXIS2_PLACEMENT_3D('',#4089,#3225,#3226);
#2854=AXIS2_PLACEMENT_3D('',#4091,#3227,#3228);
#2855=AXIS2_PLACEMENT_3D('',#4094,#3231,#3232);
#2856=AXIS2_PLACEMENT_3D('',#4095,#3233,#3234);
#2857=AXIS2_PLACEMENT_3D('',#4097,#3235,#3236);
#2858=AXIS2_PLACEMENT_3D('',#4098,#3237,#3238);
#2859=AXIS2_PLACEMENT_3D('',#4100,#3239,#3240);
#2860=AXIS2_PLACEMENT_3D('',#4101,#3241,#3242);
#2861=AXIS2_PLACEMENT_3D('',#4103,#3243,#3244);
#2862=AXIS2_PLACEMENT_3D('',#4104,#3245,#3246);
#2863=AXIS2_PLACEMENT_3D('',#4106,#3247,#3248);
#2864=AXIS2_PLACEMENT_3D('',#4107,#3249,#3250);
#2865=AXIS2_PLACEMENT_3D('',#4108,#3251,#3252);
#2866=AXIS2_PLACEMENT_3D('',#4109,#3253,#3254);
#2867=AXIS2_PLACEMENT_3D('',#4111,#3255,#3256);
#2868=AXIS2_PLACEMENT_3D('',#4113,#3257,#3258);
#2869=AXIS2_PLACEMENT_3D('',#4114,#3259,#3260);
#2870=AXIS2_PLACEMENT_3D('',#4115,#3261,#3262);
#2871=AXIS2_PLACEMENT_3D('',#4117,#3263,#3264);
#2872=AXIS2_PLACEMENT_3D('',#4119,#3265,#3266);
#2873=AXIS2_PLACEMENT_3D('',#4120,#3267,#3268);
#2874=AXIS2_PLACEMENT_3D('',#4121,#3269,#3270);
#2875=AXIS2_PLACEMENT_3D('',#4123,#3271,#3272);
#2876=AXIS2_PLACEMENT_3D('',#4125,#3273,#3274);
#2877=AXIS2_PLACEMENT_3D('',#4126,#3275,#3276);
#2878=AXIS2_PLACEMENT_3D('',#4127,#3277,#3278);
#2879=AXIS2_PLACEMENT_3D('',#4129,#3279,#3280);
#2880=AXIS2_PLACEMENT_3D('',#4131,#3281,#3282);
#2881=AXIS2_PLACEMENT_3D('',#4132,#3283,#3284);
#2882=AXIS2_PLACEMENT_3D('',#4133,#3285,#3286);
#2883=AXIS2_PLACEMENT_3D('',#4134,#3287,#3288);
#2884=AXIS2_PLACEMENT_3D('',#4135,#3289,#3290);
#2885=AXIS2_PLACEMENT_3D('',#4136,#3291,#3292);
#2886=AXIS2_PLACEMENT_3D('',#4137,#3293,#3294);
#2887=AXIS2_PLACEMENT_3D('',#4138,#3295,#3296);
#2888=AXIS2_PLACEMENT_3D('',#4139,#3297,#3298);
#2889=AXIS2_PLACEMENT_3D('',#4140,#3299,#3300);
#2890=AXIS2_PLACEMENT_3D('',#4141,#3301,#3302);
#2891=AXIS2_PLACEMENT_3D('',#4142,#3303,#3304);
#2892=AXIS2_PLACEMENT_3D('',#4143,#3305,#3306);
#2893=AXIS2_PLACEMENT_3D('',#4144,#3307,#3308);
#2894=AXIS2_PLACEMENT_3D('',#4146,#3309,#3310);
#2895=AXIS2_PLACEMENT_3D('',#4148,#3311,#3312);
#2896=AXIS2_PLACEMENT_3D('',#4150,#3313,#3314);
#2897=AXIS2_PLACEMENT_3D('',#4155,#3316,#3317);
#2898=AXIS2_PLACEMENT_3D('',#4168,#3324,#3325);
#2899=AXIS2_PLACEMENT_3D('',#4174,#3329,#3330);
#2900=AXIS2_PLACEMENT_3D('',#4182,#3334,#3335);
#2901=AXIS2_PLACEMENT_3D('',#4187,#3338,#3339);
#2902=AXIS2_PLACEMENT_3D('',#4199,#3345,#3346);
#2903=AXIS2_PLACEMENT_3D('',#4200,#3347,#3348);
#2904=AXIS2_PLACEMENT_3D('',#4206,#3351,#3352);
#2905=AXIS2_PLACEMENT_3D('',#4209,#3354,#3355);
#2906=AXIS2_PLACEMENT_3D('',#4213,#3357,#3358);
#2907=AXIS2_PLACEMENT_3D('',#4217,#3360,#3361);
#2908=AXIS2_PLACEMENT_3D('',#4225,#3365,#3366);
#2909=AXIS2_PLACEMENT_3D('',#4232,#3370,#3371);
#2910=AXIS2_PLACEMENT_3D('',#4233,#3372,#3373);
#2911=AXIS2_PLACEMENT_3D('',#4235,#3374,#3375);
#2912=AXIS2_PLACEMENT_3D('',#4237,#3376,#3377);
#2913=AXIS2_PLACEMENT_3D('',#4239,#3378,#3379);
#2914=AXIS2_PLACEMENT_3D('',#4241,#3380,#3381);
#2915=AXIS2_PLACEMENT_3D('',#4251,#3387,#3388);
#2916=AXIS2_PLACEMENT_3D('',#4255,#3391,#3392);
#2917=AXIS2_PLACEMENT_3D('',#4256,#3393,#3394);
#2918=AXIS2_PLACEMENT_3D('',#4257,#3395,#3396);
#2919=AXIS2_PLACEMENT_3D('',#4261,#3398,#3399);
#2920=AXIS2_PLACEMENT_3D('',#4265,#3401,#3402);
#2921=AXIS2_PLACEMENT_3D('',#4266,#3403,#3404);
#2922=AXIS2_PLACEMENT_3D('',#4270,#3406,#3407);
#2923=AXIS2_PLACEMENT_3D('',#4274,#3410,#3411);
#2924=AXIS2_PLACEMENT_3D('',#4280,#3415,#3416);
#2925=AXIS2_PLACEMENT_3D('',#4289,#3421,#3422);
#2926=AXIS2_PLACEMENT_3D('',#4290,#3423,#3424);
#2927=AXIS2_PLACEMENT_3D('',#4294,#3427,#3428);
#2928=AXIS2_PLACEMENT_3D('',#4295,#3429,#3430);
#2929=AXIS2_PLACEMENT_3D('',#4296,#3431,#3432);
#2930=AXIS2_PLACEMENT_3D('',#4297,#3433,#3434);
#2931=AXIS2_PLACEMENT_3D('',#4299,#3435,#3436);
#2932=AXIS2_PLACEMENT_3D('',#4301,#3437,#3438);
#2933=AXIS2_PLACEMENT_3D('',#4303,#3439,#3440);
#2934=AXIS2_PLACEMENT_3D('',#4305,#3441,#3442);
#2935=AXIS2_PLACEMENT_3D('',#4308,#3444,#3445);
#2936=AXIS2_PLACEMENT_3D('',#4309,#3446,#3447);
#2937=AXIS2_PLACEMENT_3D('',#4312,#3450,#3451);
#2938=AXIS2_PLACEMENT_3D('',#4314,#3453,#3454);
#2939=AXIS2_PLACEMENT_3D('',#4318,#3457,#3458);
#2940=AXIS2_PLACEMENT_3D('',#4319,#3459,#3460);
#2941=AXIS2_PLACEMENT_3D('',#4320,#3461,#3462);
#2942=AXIS2_PLACEMENT_3D('',#4395,#3463,#3464);
#2943=AXIS2_PLACEMENT_3D('',#4396,#3465,#3466);
#2944=AXIS2_PLACEMENT_3D('',#4398,#3467,#3468);
#2945=AXIS2_PLACEMENT_3D('',#4399,#3469,#3470);
#2946=AXIS2_PLACEMENT_3D('',#4401,#3471,#3472);
#2947=AXIS2_PLACEMENT_3D('',#4402,#3473,#3474);
#2948=AXIS2_PLACEMENT_3D('',#4404,#3475,#3476);
#2949=AXIS2_PLACEMENT_3D('',#4405,#3477,#3478);
#2950=AXIS2_PLACEMENT_3D('',#4407,#3479,#3480);
#2951=AXIS2_PLACEMENT_3D('',#4408,#3481,#3482);
#2952=AXIS2_PLACEMENT_3D('',#4410,#3483,#3484);
#2953=AXIS2_PLACEMENT_3D('',#4411,#3485,#3486);
#2954=AXIS2_PLACEMENT_3D('',#4413,#3487,#3488);
#2955=AXIS2_PLACEMENT_3D('',#4414,#3489,#3490);
#2956=AXIS2_PLACEMENT_3D('',#4416,#3491,#3492);
#2957=AXIS2_PLACEMENT_3D('',#4417,#3493,#3494);
#2958=AXIS2_PLACEMENT_3D('',#4419,#3495,#3496);
#2959=AXIS2_PLACEMENT_3D('',#4420,#3497,#3498);
#2960=AXIS2_PLACEMENT_3D('',#4421,#3499,#3500);
#2961=AXIS2_PLACEMENT_3D('',#4422,#3501,#3502);
#2962=AXIS2_PLACEMENT_3D('',#4423,#3503,#3504);
#2963=AXIS2_PLACEMENT_3D('',#4424,#3505,#3506);
#2964=AXIS2_PLACEMENT_3D('',#4425,#3507,#3508);
#2965=AXIS2_PLACEMENT_3D('',#4434,#3513,#3514);
#2966=AXIS2_PLACEMENT_3D('',#4443,#3519,#3520);
#2967=AXIS2_PLACEMENT_3D('',#4444,#3521,#3522);
#2968=AXIS2_PLACEMENT_3D('',#4446,#3523,#3524);
#2969=AXIS2_PLACEMENT_3D('',#4448,#3525,#3526);
#2970=AXIS2_PLACEMENT_3D('',#4449,#3527,#3528);
#2971=AXIS2_PLACEMENT_3D('',#4450,#3529,#3530);
#2972=AXIS2_PLACEMENT_3D('',#4452,#3531,#3532);
#2973=AXIS2_PLACEMENT_3D('',#4454,#3533,#3534);
#2974=AXIS2_PLACEMENT_3D('',#4455,#3535,#3536);
#2975=AXIS2_PLACEMENT_3D('',#4456,#3537,#3538);
#2976=AXIS2_PLACEMENT_3D('',#4458,#3539,#3540);
#2977=AXIS2_PLACEMENT_3D('',#4460,#3541,#3542);
#2978=AXIS2_PLACEMENT_3D('',#4461,#3543,#3544);
#2979=AXIS2_PLACEMENT_3D('',#4462,#3545,#3546);
#2980=AXIS2_PLACEMENT_3D('',#4464,#3547,#3548);
#2981=AXIS2_PLACEMENT_3D('',#4466,#3549,#3550);
#2982=AXIS2_PLACEMENT_3D('',#4467,#3551,#3552);
#2983=AXIS2_PLACEMENT_3D('',#4468,#3553,#3554);
#2984=AXIS2_PLACEMENT_3D('',#4470,#3555,#3556);
#2985=AXIS2_PLACEMENT_3D('',#4472,#3557,#3558);
#2986=AXIS2_PLACEMENT_3D('',#4473,#3559,#3560);
#2987=AXIS2_PLACEMENT_3D('',#4474,#3561,#3562);
#2988=AXIS2_PLACEMENT_3D('',#4476,#3563,#3564);
#2989=AXIS2_PLACEMENT_3D('',#4478,#3565,#3566);
#2990=AXIS2_PLACEMENT_3D('',#4479,#3567,#3568);
#2991=AXIS2_PLACEMENT_3D('',#4480,#3569,#3570);
#2992=AXIS2_PLACEMENT_3D('',#4482,#3571,#3572);
#2993=AXIS2_PLACEMENT_3D('',#4484,#3573,#3574);
#2994=AXIS2_PLACEMENT_3D('',#4485,#3575,#3576);
#2995=AXIS2_PLACEMENT_3D('',#4486,#3577,#3578);
#2996=AXIS2_PLACEMENT_3D('',#4488,#3579,#3580);
#2997=AXIS2_PLACEMENT_3D('',#4490,#3581,#3582);
#2998=AXIS2_PLACEMENT_3D('',#4491,#3583,#3584);
#2999=AXIS2_PLACEMENT_3D('',#4492,#3585,#3586);
#3000=AXIS2_PLACEMENT_3D('',#4493,#3587,#3588);
#3001=AXIS2_PLACEMENT_3D('',#4494,#3589,#3590);
#3002=AXIS2_PLACEMENT_3D('',#4495,#3591,#3592);
#3003=AXIS2_PLACEMENT_3D('',#4496,#3593,#3594);
#3004=AXIS2_PLACEMENT_3D('',#4497,#3595,#3596);
#3005=AXIS2_PLACEMENT_3D('',#4498,#3597,#3598);
#3006=AXIS2_PLACEMENT_3D('',#4499,#3599,#3600);
#3007=AXIS2_PLACEMENT_3D('',#4500,#3601,#3602);
#3008=AXIS2_PLACEMENT_3D('',#4501,#3603,#3604);
#3009=AXIS2_PLACEMENT_3D('',#4502,#3605,#3606);
#3010=AXIS2_PLACEMENT_3D('',#4503,#3607,#3608);
#3011=AXIS2_PLACEMENT_3D('',#4504,#3609,#3610);
#3012=AXIS2_PLACEMENT_3D('',#4505,#3611,#3612);
#3013=AXIS2_PLACEMENT_3D('',#4506,#3613,#3614);
#3014=AXIS2_PLACEMENT_3D('',#4507,#3615,#3616);
#3015=AXIS2_PLACEMENT_3D('',#4508,#3617,#3618);
#3016=AXIS2_PLACEMENT_3D('',#4509,#3619,#3620);
#3017=AXIS2_PLACEMENT_3D('',#4510,#3621,#3622);
#3018=AXIS2_PLACEMENT_3D('',#4511,#3623,#3624);
#3019=AXIS2_PLACEMENT_3D('',#4512,#3625,#3626);
#3020=AXIS2_PLACEMENT_3D('',#4513,#3627,#3628);
#3021=AXIS2_PLACEMENT_3D('',#4514,#3629,#3630);
#3022=AXIS2_PLACEMENT_3D('',#4515,#3631,#3632);
#3023=AXIS2_PLACEMENT_3D('',#4516,#3633,#3634);
#3024=AXIS2_PLACEMENT_3D('',#4517,#3635,#3636);
#3025=AXIS2_PLACEMENT_3D('',#4518,#3637,#3638);
#3026=AXIS2_PLACEMENT_3D('',#4519,#3639,#3640);
#3027=AXIS2_PLACEMENT_3D('',#4520,#3641,#3642);
#3028=AXIS2_PLACEMENT_3D('',#4521,#3643,#3644);
#3029=AXIS2_PLACEMENT_3D('',#4522,#3645,#3646);
#3030=AXIS2_PLACEMENT_3D('',#4523,#3647,#3648);
#3031=AXIS2_PLACEMENT_3D('',#4524,#3649,#3650);
#3032=AXIS2_PLACEMENT_3D('',#4525,#3651,#3652);
#3033=AXIS2_PLACEMENT_3D('',#4526,#3653,#3654);
#3034=AXIS2_PLACEMENT_3D('',#4527,#3655,#3656);
#3035=AXIS2_PLACEMENT_3D('',#4528,#3657,#3658);
#3036=AXIS2_PLACEMENT_3D('',#4529,#3659,#3660);
#3037=AXIS2_PLACEMENT_3D('',#4530,#3661,#3662);
#3038=AXIS2_PLACEMENT_3D('',#4552,#3663,#3664);
#3039=AXIS2_PLACEMENT_3D('',#4553,#3665,#3666);
#3040=AXIS2_PLACEMENT_3D('',#4554,#3667,#3668);
#3041=AXIS2_PLACEMENT_3D('',#4555,#3669,#3670);
#3042=AXIS2_PLACEMENT_3D('',#4556,#3671,#3672);
#3043=AXIS2_PLACEMENT_3D('',#4557,#3673,#3674);
#3044=AXIS2_PLACEMENT_3D('',#4558,#3675,#3676);
#3045=AXIS2_PLACEMENT_3D('',#4559,#3677,#3678);
#3046=AXIS2_PLACEMENT_3D('',#4581,#3679,#3680);
#3047=AXIS2_PLACEMENT_3D('',#4582,#3681,#3682);
#3048=AXIS2_PLACEMENT_3D('',#4583,#3683,#3684);
#3049=AXIS2_PLACEMENT_3D('',#4584,#3685,#3686);
#3050=AXIS2_PLACEMENT_3D('',#4588,#3688,#3689);
#3051=AXIS2_PLACEMENT_3D('',#4594,#3692,#3693);
#3052=AXIS2_PLACEMENT_3D('',#4600,#3696,#3697);
#3053=AXIS2_PLACEMENT_3D('',#4606,#3700,#3701);
#3054=AXIS2_PLACEMENT_3D('',#4609,#3703,#3704);
#3055=AXIS2_PLACEMENT_3D('',#4619,#3709,#3710);
#3056=AXIS2_PLACEMENT_3D('',#4623,#3712,#3713);
#3057=AXIS2_PLACEMENT_3D('',#4629,#3716,#3717);
#3058=AXIS2_PLACEMENT_3D('',#4635,#3720,#3721);
#3059=AXIS2_PLACEMENT_3D('',#4641,#3724,#3725);
#3060=AXIS2_PLACEMENT_3D('',#4644,#3727,#3728);
#3061=AXIS2_PLACEMENT_3D('',#4654,#3733,#3734);
#3062=AXIS2_PLACEMENT_3D('',#4658,#3736,#3737);
#3063=AXIS2_PLACEMENT_3D('',#4664,#3740,#3741);
#3064=AXIS2_PLACEMENT_3D('',#4670,#3744,#3745);
#3065=AXIS2_PLACEMENT_3D('',#4686,#3753,#3754);
#3066=AXIS2_PLACEMENT_3D('',#4692,#3757,#3758);
#3067=AXIS2_PLACEMENT_3D('',#4695,#3760,#3761);
#3068=AXIS2_PLACEMENT_3D('',#4698,#3764,#3765);
#3069=AXIS2_PLACEMENT_3D('',#4701,#3768,#3769);
#3070=AXIS2_PLACEMENT_3D('',#4704,#3772,#3773);
#3071=AXIS2_PLACEMENT_3D('',#4707,#3776,#3777);
#3072=AXIS2_PLACEMENT_3D('',#4710,#3779,#3780);
#3073=AXIS2_PLACEMENT_3D('',#4713,#3782,#3783);
#3074=AXIS2_PLACEMENT_3D('',#4716,#3785,#3786);
#3075=AXIS2_PLACEMENT_3D('',#4719,#3788,#3789);
#3076=AXIS2_PLACEMENT_3D('',#4722,#3791,#3792);
#3077=AXIS2_PLACEMENT_3D('',#4725,#3794,#3795);
#3078=AXIS2_PLACEMENT_3D('',#4728,#3797,#3798);
#3079=AXIS2_PLACEMENT_3D('',#4731,#3800,#3801);
#3080=AXIS2_PLACEMENT_3D('',#4732,#3802,#3803);
#3081=AXIS2_PLACEMENT_3D('',#4736,#3805,#3806);
#3082=AXIS2_PLACEMENT_3D('',#4740,#3808,#3809);
#3083=AXIS2_PLACEMENT_3D('',#4744,#3811,#3812);
#3084=AXIS2_PLACEMENT_3D('',#4745,#3813,#3814);
#3085=AXIS2_PLACEMENT_3D('',#4748,#3816,#3817);
#3086=AXIS2_PLACEMENT_3D('',#4749,#3818,#3819);
#3087=AXIS2_PLACEMENT_3D('',#4755,#3823,#3824);
#3088=AXIS2_PLACEMENT_3D('',#4758,#3826,#3827);
#3089=AXIS2_PLACEMENT_3D('',#4759,#3828,#3829);
#3090=AXIS2_PLACEMENT_3D('',#4765,#3833,#3834);
#3091=AXIS2_PLACEMENT_3D('',#4768,#3836,#3837);
#3092=AXIS2_PLACEMENT_3D('',#4769,#3838,#3839);
#3093=AXIS2_PLACEMENT_3D('',#4785,#3849,#3850);
#3094=AXIS2_PLACEMENT_3D('',#4793,#3855,#3856);
#3095=AXIS2_PLACEMENT_3D('',#4801,#3860,#3861);
#3096=AXIS2_PLACEMENT_3D('',#4802,#3862,#3863);
#3097=AXIS2_PLACEMENT_3D('',#4803,#3864,#3865);
#3098=AXIS2_PLACEMENT_3D('',#4812,#3870,#3871);
#3099=AXIS2_PLACEMENT_3D('',#4821,#3876,#3877);
#3100=AXIS2_PLACEMENT_3D('',#4830,#3882,#3883);
#3101=AXIS2_PLACEMENT_3D('',#4838,#3887,#3888);
#3102=AXIS2_PLACEMENT_3D('',#4839,#3889,#3890);
#3103=AXIS2_PLACEMENT_3D('',#4840,#3891,#3892);
#3104=AXIS2_PLACEMENT_3D('',#4844,#3895,#3896);
#3105=AXIS2_PLACEMENT_3D('',#4845,#3897,#3898);
#3106=AXIS2_PLACEMENT_3D('',#4846,#3899,#3900);
#3107=AXIS2_PLACEMENT_3D('',#4847,#3901,#3902);
#3108=AXIS2_PLACEMENT_3D('',#4851,#3905,#3906);
#3109=AXIS2_PLACEMENT_3D('',#4852,#3907,#3908);
#3110=AXIS2_PLACEMENT_3D('',#4853,#3909,#3910);
#3111=AXIS2_PLACEMENT_3D('',#4854,#3911,#3912);
#3112=AXIS2_PLACEMENT_3D('',#4855,#3913,#3914);
#3113=AXIS2_PLACEMENT_3D('',#4859,#3917,#3918);
#3114=AXIS2_PLACEMENT_3D('',#4860,#3919,#3920);
#3115=AXIS2_PLACEMENT_3D('',#4861,#3921,#3922);
#3116=AXIS2_PLACEMENT_3D('',#4862,#3923,#3924);
#3117=AXIS2_PLACEMENT_3D('',#4866,#3927,#3928);
#3118=AXIS2_PLACEMENT_3D('',#4867,#3929,#3930);
#3119=AXIS2_PLACEMENT_3D('',#4868,#3931,#3932);
#3120=AXIS2_PLACEMENT_3D('',#4869,#3933,#3934);
#3121=AXIS2_PLACEMENT_3D('',#4870,#3935,#3936);
#3122=AXIS2_PLACEMENT_3D('',#4871,#3937,#3938);
#3123=AXIS2_PLACEMENT_3D('',#4872,#3939,#3940);
#3124=AXIS2_PLACEMENT_3D('',#4876,#3943,#3944);
#3125=AXIS2_PLACEMENT_3D('',#4880,#3947,#3948);
#3126=AXIS2_PLACEMENT_3D('',#4882,#3950,#3951);
#3127=AXIS2_PLACEMENT_3D('',#4883,#3952,#3953);
#3128=AXIS2_PLACEMENT_3D('',#4885,#3955,#3956);
#3129=AXIS2_PLACEMENT_3D('',#4886,#3957,#3958);
#3130=AXIS2_PLACEMENT_3D('',#4888,#3960,#3961);
#3131=AXIS2_PLACEMENT_3D('',#4889,#3962,#3963);
#3132=AXIS2_PLACEMENT_3D('',#4891,#3965,#3966);
#3133=AXIS2_PLACEMENT_3D('',#4892,#3967,#3968);
#3134=AXIS2_PLACEMENT_3D('',#4894,#3970,#3971);
#3135=AXIS2_PLACEMENT_3D('',#4895,#3972,#3973);
#3136=AXIS2_PLACEMENT_3D('',#4897,#3975,#3976);
#3137=AXIS2_PLACEMENT_3D('',#4898,#3977,#3978);
#3138=AXIS2_PLACEMENT_3D('',#4900,#3980,#3981);
#3139=AXIS2_PLACEMENT_3D('',#4901,#3982,#3983);
#3140=AXIS2_PLACEMENT_3D('',#4903,#3985,#3986);
#3141=AXIS2_PLACEMENT_3D('',#4904,#3987,#3988);
#3142=AXIS2_PLACEMENT_3D('',#4905,#3989,#3990);
#3143=AXIS2_PLACEMENT_3D('',#4906,#3991,#3992);
#3144=AXIS2_PLACEMENT_3D('',#4907,#3993,#3994);
#3145=AXIS2_PLACEMENT_3D('',#4908,#3995,#3996);
#3146=AXIS2_PLACEMENT_3D('',#4909,#3997,#3998);
#3147=AXIS2_PLACEMENT_3D('',#4910,#3999,#4000);
#3148=AXIS2_PLACEMENT_3D('',#4911,#4001,#4002);
#3149=AXIS2_PLACEMENT_3D('',#4912,#4003,#4004);
#3150=AXIS2_PLACEMENT_3D('',#4913,#4005,#4006);
#3151=AXIS2_PLACEMENT_3D('',#4914,#4007,#4008);
#3152=AXIS2_PLACEMENT_3D('',#4915,#4009,#4010);
#3153=AXIS2_PLACEMENT_3D('',#4916,#4011,#4012);
#3154=AXIS2_PLACEMENT_3D('',#4917,#4013,#4014);
#3155=AXIS2_PLACEMENT_3D('',#4918,#4015,#4016);
#3156=AXIS2_PLACEMENT_3D('',#4919,#4017,#4018);
#3157=AXIS2_PLACEMENT_3D('',#4920,#4019,#4020);
#3158=AXIS2_PLACEMENT_3D('',#4921,#4021,#4022);
#3159=DIRECTION('',(0.,0.,1.));
#3160=DIRECTION('',(1.,0.,0.));
#3161=DIRECTION('',(1.,-2.16164919124835E-16,0.));
#3162=DIRECTION('',(2.16164919124835E-16,1.,0.));
#3163=DIRECTION('',(2.16164919124835E-16,1.,0.));
#3164=DIRECTION('',(0.,0.,-1.));
#3165=DIRECTION('',(2.16164919124835E-16,1.,0.));
#3166=DIRECTION('',(0.,0.,-1.));
#3167=DIRECTION('',(0.,0.,1.));
#3168=DIRECTION('',(1.,0.,0.));
#3169=DIRECTION('',(0.,0.,1.));
#3170=DIRECTION('',(1.,0.,0.));
#3171=DIRECTION('',(1.,0.,0.));
#3172=DIRECTION('',(0.,0.,1.));
#3173=DIRECTION('',(1.,0.,0.));
#3174=DIRECTION('',(2.16164919124835E-16,1.,0.));
#3175=DIRECTION('',(1.,-2.16164919124835E-16,0.));
#3176=DIRECTION('',(0.,0.,1.));
#3177=DIRECTION('',(1.,0.,0.));
#3178=DIRECTION('',(0.,0.,1.));
#3179=DIRECTION('',(1.,0.,0.));
#3180=DIRECTION('',(0.,0.,1.));
#3181=DIRECTION('',(1.,0.,0.));
#3182=DIRECTION('',(0.,0.,1.));
#3183=DIRECTION('',(1.,0.,0.));
#3184=DIRECTION('',(1.,-2.16164919124835E-16,0.));
#3185=DIRECTION('',(2.16164919124835E-16,1.,0.));
#3186=DIRECTION('',(0.,0.,-1.));
#3187=DIRECTION('',(2.16164919124835E-16,1.,0.));
#3188=DIRECTION('',(0.,0.,-1.));
#3189=DIRECTION('',(0.,0.,1.));
#3190=DIRECTION('',(1.,0.,0.));
#3191=DIRECTION('',(0.,0.,1.));
#3192=DIRECTION('',(1.,0.,0.));
#3193=DIRECTION('',(1.,0.,0.));
#3194=DIRECTION('',(0.,0.,1.));
#3195=DIRECTION('',(1.,0.,0.));
#3196=DIRECTION('',(1.,-2.16164919124835E-16,0.));
#3197=DIRECTION('',(0.,0.,1.));
#3198=DIRECTION('',(1.,0.,0.));
#3199=DIRECTION('',(0.,0.,1.));
#3200=DIRECTION('',(1.,0.,0.));
#3201=DIRECTION('',(0.,0.,1.));
#3202=DIRECTION('',(1.,0.,0.));
#3203=DIRECTION('',(0.,0.,1.));
#3204=DIRECTION('',(1.,0.,0.));
#3205=DIRECTION('',(0.,0.,1.));
#3206=DIRECTION('',(1.,0.,0.));
#3207=DIRECTION('',(0.,0.,1.));
#3208=DIRECTION('',(1.,0.,0.));
#3209=DIRECTION('',(0.,0.,1.));
#3210=DIRECTION('',(1.,0.,0.));
#3211=DIRECTION('',(0.,0.,1.));
#3212=DIRECTION('',(1.,0.,0.));
#3213=DIRECTION('',(2.16164919124835E-16,1.,0.));
#3214=DIRECTION('',(-1.,2.16164919124835E-16,0.));
#3215=DIRECTION('',(0.,0.,1.));
#3216=DIRECTION('',(1.,0.,0.));
#3217=DIRECTION('',(0.,0.,1.));
#3218=DIRECTION('',(1.,0.,0.));
#3219=DIRECTION('',(0.,0.,1.));
#3220=DIRECTION('',(1.,0.,0.));
#3221=DIRECTION('',(0.,0.,1.));
#3222=DIRECTION('',(1.,0.,0.));
#3223=DIRECTION('',(0.,0.,1.));
#3224=DIRECTION('',(1.,0.,0.));
#3225=DIRECTION('',(0.,0.,1.));
#3226=DIRECTION('',(1.,0.,0.));
#3227=DIRECTION('',(0.,1.,0.));
#3228=DIRECTION('',(0.,0.,1.));
#3229=DIRECTION('',(0.,0.,-1.));
#3230=DIRECTION('',(0.,0.,-1.));
#3231=DIRECTION('',(0.,0.,-1.));
#3232=DIRECTION('',(-1.,0.,0.));
#3233=DIRECTION('',(0.,0.,1.));
#3234=DIRECTION('',(1.,0.,0.));
#3235=DIRECTION('',(0.,0.,-1.));
#3236=DIRECTION('',(-1.,0.,0.));
#3237=DIRECTION('',(0.,0.,1.));
#3238=DIRECTION('',(1.,0.,0.));
#3239=DIRECTION('',(0.,0.,-1.));
#3240=DIRECTION('',(-1.,0.,0.));
#3241=DIRECTION('',(0.,0.,1.));
#3242=DIRECTION('',(1.,0.,0.));
#3243=DIRECTION('',(0.,0.,-1.));
#3244=DIRECTION('',(-1.,0.,0.));
#3245=DIRECTION('',(0.,0.,1.));
#3246=DIRECTION('',(1.,0.,0.));
#3247=DIRECTION('',(0.,0.,-1.));
#3248=DIRECTION('',(-1.,0.,0.));
#3249=DIRECTION('',(0.,0.,-1.));
#3250=DIRECTION('',(-1.,0.,0.));
#3251=DIRECTION('',(0.,0.,1.));
#3252=DIRECTION('',(1.,0.,0.));
#3253=DIRECTION('',(0.,0.,1.));
#3254=DIRECTION('',(1.,0.,0.));
#3255=DIRECTION('',(0.,0.,1.));
#3256=DIRECTION('',(1.,0.,0.));
#3257=DIRECTION('',(0.,0.,1.));
#3258=DIRECTION('',(1.,0.,0.));
#3259=DIRECTION('',(0.,0.,1.));
#3260=DIRECTION('',(1.,0.,0.));
#3261=DIRECTION('',(0.,0.,1.));
#3262=DIRECTION('',(1.,0.,0.));
#3263=DIRECTION('',(0.,0.,1.));
#3264=DIRECTION('',(1.,0.,0.));
#3265=DIRECTION('',(0.,0.,1.));
#3266=DIRECTION('',(1.,0.,0.));
#3267=DIRECTION('',(0.,0.,1.));
#3268=DIRECTION('',(1.,0.,0.));
#3269=DIRECTION('',(0.,0.,1.));
#3270=DIRECTION('',(1.,0.,0.));
#3271=DIRECTION('',(0.,0.,-1.));
#3272=DIRECTION('',(1.,0.,0.));
#3273=DIRECTION('',(0.,0.,1.));
#3274=DIRECTION('',(1.,0.,0.));
#3275=DIRECTION('',(0.,0.,1.));
#3276=DIRECTION('',(1.,0.,0.));
#3277=DIRECTION('',(0.,0.,1.));
#3278=DIRECTION('',(1.,0.,0.));
#3279=DIRECTION('',(0.,0.,-1.));
#3280=DIRECTION('',(1.,0.,0.));
#3281=DIRECTION('',(0.,0.,1.));
#3282=DIRECTION('',(1.,0.,0.));
#3283=DIRECTION('',(0.,0.,1.));
#3284=DIRECTION('',(1.,0.,0.));
#3285=DIRECTION('',(0.,0.,1.));
#3286=DIRECTION('',(1.,0.,0.));
#3287=DIRECTION('',(0.,0.,1.));
#3288=DIRECTION('',(1.,0.,0.));
#3289=DIRECTION('',(0.,0.,1.));
#3290=DIRECTION('',(1.,0.,0.));
#3291=DIRECTION('',(0.,0.,1.));
#3292=DIRECTION('',(1.,0.,0.));
#3293=DIRECTION('',(0.,0.,1.));
#3294=DIRECTION('',(1.,0.,0.));
#3295=DIRECTION('',(0.,0.,1.));
#3296=DIRECTION('',(1.,0.,0.));
#3297=DIRECTION('',(0.,0.,1.));
#3298=DIRECTION('',(1.,0.,0.));
#3299=DIRECTION('',(0.,0.,1.));
#3300=DIRECTION('',(1.,0.,0.));
#3301=DIRECTION('',(0.,0.,-1.));
#3302=DIRECTION('',(-1.,0.,0.));
#3303=DIRECTION('',(0.,0.,1.));
#3304=DIRECTION('',(1.,0.,0.));
#3305=DIRECTION('',(0.,0.,-1.));
#3306=DIRECTION('',(-1.,0.,0.));
#3307=DIRECTION('',(0.,0.,-1.));
#3308=DIRECTION('',(-1.,0.,0.));
#3309=DIRECTION('',(0.,0.,-1.));
#3310=DIRECTION('',(-1.,0.,0.));
#3311=DIRECTION('',(0.,0.,-1.));
#3312=DIRECTION('',(-1.,0.,0.));
#3313=DIRECTION('',(0.,0.,-1.));
#3314=DIRECTION('',(-1.,0.,0.));
#3315=DIRECTION('',(-2.16164919124835E-16,-1.,0.));
#3316=DIRECTION('',(0.,0.,-1.));
#3317=DIRECTION('',(-1.,0.,0.));
#3318=DIRECTION('',(1.,-2.16164919124835E-16,0.));
#3319=DIRECTION('',(-2.16164919124835E-16,-1.,0.));
#3320=DIRECTION('',(-1.,2.16164919124835E-16,0.));
#3321=DIRECTION('',(2.16164919124835E-16,1.,0.));
#3322=DIRECTION('',(0.707106781186548,-0.707106781186547,0.));
#3323=DIRECTION('',(1.,-2.16164919124835E-16,0.));
#3324=DIRECTION('',(1.,-2.16164919124835E-16,0.));
#3325=DIRECTION('',(2.16164919124835E-16,1.,0.));
#3326=DIRECTION('',(-2.16164919124835E-16,-1.,0.));
#3327=DIRECTION('',(0.,0.,1.));
#3328=DIRECTION('',(0.,0.,1.));
#3329=DIRECTION('',(-2.16164919124835E-16,-1.,0.));
#3330=DIRECTION('',(1.,-2.16164919124835E-16,0.));
#3331=DIRECTION('',(1.,-2.16164919124835E-16,0.));
#3332=DIRECTION('',(0.,0.,1.));
#3333=DIRECTION('',(1.,-2.16164919124835E-16,0.));
#3334=DIRECTION('',(-2.16164919124835E-16,-1.,0.));
#3335=DIRECTION('',(1.,-2.16164919124835E-16,0.));
#3336=DIRECTION('',(0.,0.,1.));
#3337=DIRECTION('',(-1.,2.16164919124835E-16,0.));
#3338=DIRECTION('',(-2.16164919124835E-16,-1.,0.));
#3339=DIRECTION('',(1.,-2.16164919124835E-16,0.));
#3340=DIRECTION('',(0.371224760860922,-8.02457704086377E-17,-0.928543039887625));
#3341=DIRECTION('',(0.,0.,1.));
#3342=DIRECTION('',(1.,-2.16164919124835E-16,0.));
#3343=DIRECTION('',(0.,0.,1.));
#3344=DIRECTION('',(-0.371224760860922,8.02457704086377E-17,-0.928543039887625));
#3345=DIRECTION('',(-2.16164919124835E-16,-1.,0.));
#3346=DIRECTION('',(1.,-2.16164919124835E-16,0.));
#3347=DIRECTION('',(-2.16164919124835E-16,-1.,0.));
#3348=DIRECTION('',(1.,-2.16164919124835E-16,0.));
#3349=DIRECTION('',(0.,0.,1.));
#3350=DIRECTION('',(-0.371224760860922,8.02457704086377E-17,0.928543039887625));
#3351=DIRECTION('',(-2.16164919124835E-16,-1.,0.));
#3352=DIRECTION('',(1.,-2.16164919124835E-16,0.));
#3353=DIRECTION('',(-1.,2.16164919124835E-16,0.));
#3354=DIRECTION('',(-2.16164919124835E-16,-1.,0.));
#3355=DIRECTION('',(1.,-2.16164919124835E-16,0.));
#3356=DIRECTION('',(1.,-2.16164919124835E-16,0.));
#3357=DIRECTION('',(-2.16164919124835E-16,-1.,0.));
#3358=DIRECTION('',(1.,-2.16164919124835E-16,0.));
#3359=DIRECTION('',(1.,-2.16164919124835E-16,0.));
#3360=DIRECTION('',(-2.16164919124835E-16,-1.,0.));
#3361=DIRECTION('',(1.,-2.16164919124835E-16,0.));
#3362=DIRECTION('',(1.,-2.16164919124835E-16,0.));
#3363=DIRECTION('',(0.,0.,1.));
#3364=DIRECTION('',(1.,-2.16164919124835E-16,0.));
#3365=DIRECTION('',(-2.16164919124835E-16,-1.,0.));
#3366=DIRECTION('',(1.,-2.16164919124835E-16,0.));
#3367=DIRECTION('',(0.371224760860922,-8.02457704086377E-17,0.928543039887625));
#3368=DIRECTION('',(0.,0.,1.));
#3369=DIRECTION('',(1.,-2.16164919124835E-16,0.));
#3370=DIRECTION('',(0.,0.,-1.));
#3371=DIRECTION('',(-1.,0.,0.));
#3372=DIRECTION('',(0.,0.,-1.));
#3373=DIRECTION('',(-1.,0.,0.));
#3374=DIRECTION('',(0.,0.,-1.));
#3375=DIRECTION('',(-1.,0.,0.));
#3376=DIRECTION('',(0.,0.,-1.));
#3377=DIRECTION('',(-1.,0.,0.));
#3378=DIRECTION('',(0.,0.,-1.));
#3379=DIRECTION('',(-1.,0.,0.));
#3380=DIRECTION('',(0.,0.,-1.));
#3381=DIRECTION('',(-1.,0.,0.));
#3382=DIRECTION('',(-2.16164919124835E-16,-1.,0.));
#3383=DIRECTION('',(-0.707106781186548,-0.707106781186547,0.));
#3384=DIRECTION('',(2.16164919124835E-16,1.,0.));
#3385=DIRECTION('',(1.,-2.16164919124835E-16,0.));
#3386=DIRECTION('',(-2.16164919124835E-16,-1.,0.));
#3387=DIRECTION('',(1.,-2.16164919124835E-16,0.));
#3388=DIRECTION('',(2.16164919124835E-16,1.,0.));
#3389=DIRECTION('',(0.,0.,1.));
#3390=DIRECTION('',(-2.16164919124835E-16,-1.,0.));
#3391=DIRECTION('',(-2.16164919124835E-16,-1.,0.));
#3392=DIRECTION('',(1.,-2.16164919124835E-16,0.));
#3393=DIRECTION('',(-2.16164919124835E-16,-1.,0.));
#3394=DIRECTION('',(1.,-2.16164919124835E-16,0.));
#3395=DIRECTION('',(2.16164919124835E-16,1.,0.));
#3396=DIRECTION('',(1.,-2.16164919124835E-16,0.));
#3397=DIRECTION('',(1.,-2.16164919124835E-16,0.));
#3398=DIRECTION('',(-2.16164919124835E-16,-1.,0.));
#3399=DIRECTION('',(1.,-2.16164919124835E-16,0.));
#3400=DIRECTION('',(1.,-2.16164919124835E-16,0.));
#3401=DIRECTION('',(-2.16164919124835E-16,-1.,0.));
#3402=DIRECTION('',(1.,-2.16164919124835E-16,0.));
#3403=DIRECTION('',(-1.,2.16164919124835E-16,0.));
#3404=DIRECTION('',(-2.16164919124835E-16,-1.,0.));
#3405=DIRECTION('',(2.16164919124835E-16,1.,0.));
#3406=DIRECTION('',(-1.,2.16164919124835E-16,0.));
#3407=DIRECTION('',(0.,0.,-1.));
#3408=DIRECTION('',(2.16164919124835E-16,1.,0.));
#3409=DIRECTION('',(0.,0.,1.));
#3410=DIRECTION('',(-0.928543039887625,2.00718431121237E-16,-0.371224760860922));
#3411=DIRECTION('',(-0.371224760860922,0.,0.928543039887625));
#3412=DIRECTION('',(0.371224760860922,-8.02457704086377E-17,-0.928543039887625));
#3413=DIRECTION('',(-2.16164919124835E-16,-1.,0.));
#3414=DIRECTION('',(-0.371224760860922,8.02457704086377E-17,0.928543039887625));
#3415=DIRECTION('',(-0.928543039887625,2.00718431121237E-16,0.371224760860922));
#3416=DIRECTION('',(0.371224760860922,0.,0.928543039887625));
#3417=DIRECTION('',(-2.16164919124835E-16,-1.,7.16544832964507E-34));
#3418=DIRECTION('',(-0.371224760860922,8.02457704086377E-17,-0.928543039887625));
#3419=DIRECTION('',(2.16164919124835E-16,1.,0.));
#3420=DIRECTION('',(0.371224760860922,-8.02457704086377E-17,0.928543039887625));
#3421=DIRECTION('',(-1.,2.16164919124835E-16,0.));
#3422=DIRECTION('',(-2.16164919124835E-16,-1.,0.));
#3423=DIRECTION('',(-1.,2.16164919124835E-16,0.));
#3424=DIRECTION('',(0.,0.,1.));
#3425=DIRECTION('',(0.,0.,1.));
#3426=DIRECTION('',(2.16164919124835E-16,1.,0.));
#3427=DIRECTION('',(0.,0.,1.));
#3428=DIRECTION('',(1.,0.,0.));
#3429=DIRECTION('',(0.,0.,1.));
#3430=DIRECTION('',(1.,0.,0.));
#3431=DIRECTION('',(0.,0.,1.));
#3432=DIRECTION('',(1.,0.,0.));
#3433=DIRECTION('',(0.,0.,-1.));
#3434=DIRECTION('',(-1.,0.,0.));
#3435=DIRECTION('',(0.,0.,-1.));
#3436=DIRECTION('',(-1.,0.,0.));
#3437=DIRECTION('',(0.,0.,-1.));
#3438=DIRECTION('',(-1.,0.,0.));
#3439=DIRECTION('',(0.,0.,-1.));
#3440=DIRECTION('',(-1.,0.,0.));
#3441=DIRECTION('',(2.16164919124835E-16,1.,0.));
#3442=DIRECTION('',(-1.,2.16164919124835E-16,0.));
#3443=DIRECTION('',(2.16164919124835E-16,1.,0.));
#3444=DIRECTION('',(0.,-1.,0.));
#3445=DIRECTION('',(0.,0.,-1.));
#3446=DIRECTION('',(0.,0.,1.));
#3447=DIRECTION('',(1.,0.,0.));
#3448=DIRECTION('',(-0.707106781186548,-0.707106781186547,0.));
#3449=DIRECTION('',(2.16164919124835E-16,1.,0.));
#3450=DIRECTION('',(2.16164919124835E-16,1.,0.));
#3451=DIRECTION('',(-1.,2.16164919124835E-16,0.));
#3452=DIRECTION('',(2.16164919124835E-16,1.,0.));
#3453=DIRECTION('',(0.,0.,1.));
#3454=DIRECTION('',(1.,0.,0.));
#3455=DIRECTION('',(2.16164919124835E-16,1.,0.));
#3456=DIRECTION('',(-0.707106781186548,0.707106781186547,0.));
#3457=DIRECTION('',(2.16164919124835E-16,1.,0.));
#3458=DIRECTION('',(-1.,2.16164919124835E-16,0.));
#3459=DIRECTION('',(0.,-1.,0.));
#3460=DIRECTION('',(0.,0.,-1.));
#3461=DIRECTION('',(-2.16164919124835E-16,-1.,0.));
#3462=DIRECTION('',(1.,-2.16164919124835E-16,0.));
#3463=DIRECTION('',(0.,0.,1.));
#3464=DIRECTION('',(1.,0.,0.));
#3465=DIRECTION('',(0.,0.,1.));
#3466=DIRECTION('',(1.,0.,0.));
#3467=DIRECTION('',(0.,0.,1.));
#3468=DIRECTION('',(1.,0.,0.));
#3469=DIRECTION('',(0.,0.,1.));
#3470=DIRECTION('',(1.,0.,0.));
#3471=DIRECTION('',(0.,0.,1.));
#3472=DIRECTION('',(1.,0.,0.));
#3473=DIRECTION('',(0.,0.,1.));
#3474=DIRECTION('',(1.,0.,0.));
#3475=DIRECTION('',(0.,0.,1.));
#3476=DIRECTION('',(1.,0.,0.));
#3477=DIRECTION('',(0.,0.,1.));
#3478=DIRECTION('',(1.,0.,0.));
#3479=DIRECTION('',(0.,0.,1.));
#3480=DIRECTION('',(1.,0.,0.));
#3481=DIRECTION('',(0.,0.,1.));
#3482=DIRECTION('',(1.,0.,0.));
#3483=DIRECTION('',(0.,0.,1.));
#3484=DIRECTION('',(1.,0.,0.));
#3485=DIRECTION('',(0.,0.,1.));
#3486=DIRECTION('',(1.,0.,0.));
#3487=DIRECTION('',(0.,0.,1.));
#3488=DIRECTION('',(1.,0.,0.));
#3489=DIRECTION('',(0.,0.,1.));
#3490=DIRECTION('',(1.,0.,0.));
#3491=DIRECTION('',(0.,0.,1.));
#3492=DIRECTION('',(1.,0.,0.));
#3493=DIRECTION('',(0.,0.,1.));
#3494=DIRECTION('',(1.,0.,0.));
#3495=DIRECTION('',(0.,0.,1.));
#3496=DIRECTION('',(1.,0.,0.));
#3497=DIRECTION('',(0.,0.,1.));
#3498=DIRECTION('',(1.,0.,0.));
#3499=DIRECTION('',(0.,0.,1.));
#3500=DIRECTION('',(1.,0.,0.));
#3501=DIRECTION('',(0.,0.,1.));
#3502=DIRECTION('',(1.,0.,0.));
#3503=DIRECTION('',(0.,-1.,0.));
#3504=DIRECTION('',(0.,0.,-1.));
#3505=DIRECTION('',(0.,-1.,0.));
#3506=DIRECTION('',(0.,0.,-1.));
#3507=DIRECTION('',(0.,0.,-1.));
#3508=DIRECTION('',(-1.,0.,0.));
#3509=DIRECTION('',(-2.16164919124835E-16,-1.,0.));
#3510=DIRECTION('',(1.,-2.16164919124835E-16,0.));
#3511=DIRECTION('',(-2.16164919124835E-16,-1.,0.));
#3512=DIRECTION('',(1.,-2.16164919124835E-16,0.));
#3513=DIRECTION('',(0.,0.,1.));
#3514=DIRECTION('',(1.,0.,0.));
#3515=DIRECTION('',(-2.16164919124835E-16,-1.,0.));
#3516=DIRECTION('',(-1.,2.16164919124835E-16,0.));
#3517=DIRECTION('',(-2.16164919124835E-16,-1.,0.));
#3518=DIRECTION('',(-1.,2.16164919124835E-16,0.));
#3519=DIRECTION('',(0.,0.,1.));
#3520=DIRECTION('',(1.,0.,0.));
#3521=DIRECTION('',(0.,0.,-1.));
#3522=DIRECTION('',(-1.,0.,0.));
#3523=DIRECTION('',(0.,0.,1.));
#3524=DIRECTION('',(1.,0.,0.));
#3525=DIRECTION('',(0.,0.,1.));
#3526=DIRECTION('',(1.,0.,0.));
#3527=DIRECTION('',(0.,0.,1.));
#3528=DIRECTION('',(1.,0.,0.));
#3529=DIRECTION('',(0.,0.,-1.));
#3530=DIRECTION('',(-1.,0.,0.));
#3531=DIRECTION('',(0.,0.,1.));
#3532=DIRECTION('',(1.,0.,0.));
#3533=DIRECTION('',(0.,0.,1.));
#3534=DIRECTION('',(1.,0.,0.));
#3535=DIRECTION('',(0.,0.,1.));
#3536=DIRECTION('',(1.,0.,0.));
#3537=DIRECTION('',(0.,0.,-1.));
#3538=DIRECTION('',(-1.,0.,0.));
#3539=DIRECTION('',(0.,0.,1.));
#3540=DIRECTION('',(1.,0.,0.));
#3541=DIRECTION('',(0.,0.,1.));
#3542=DIRECTION('',(1.,0.,0.));
#3543=DIRECTION('',(0.,0.,1.));
#3544=DIRECTION('',(1.,0.,0.));
#3545=DIRECTION('',(0.,0.,-1.));
#3546=DIRECTION('',(-1.,0.,0.));
#3547=DIRECTION('',(0.,0.,1.));
#3548=DIRECTION('',(1.,0.,0.));
#3549=DIRECTION('',(0.,0.,1.));
#3550=DIRECTION('',(1.,0.,0.));
#3551=DIRECTION('',(0.,0.,1.));
#3552=DIRECTION('',(1.,0.,0.));
#3553=DIRECTION('',(0.,0.,-1.));
#3554=DIRECTION('',(-1.,0.,0.));
#3555=DIRECTION('',(0.,0.,1.));
#3556=DIRECTION('',(1.,0.,0.));
#3557=DIRECTION('',(0.,0.,1.));
#3558=DIRECTION('',(1.,0.,0.));
#3559=DIRECTION('',(0.,0.,1.));
#3560=DIRECTION('',(1.,0.,0.));
#3561=DIRECTION('',(0.,0.,-1.));
#3562=DIRECTION('',(-1.,0.,0.));
#3563=DIRECTION('',(0.,0.,1.));
#3564=DIRECTION('',(1.,0.,0.));
#3565=DIRECTION('',(0.,0.,1.));
#3566=DIRECTION('',(1.,0.,0.));
#3567=DIRECTION('',(0.,0.,1.));
#3568=DIRECTION('',(1.,0.,0.));
#3569=DIRECTION('',(0.,0.,-1.));
#3570=DIRECTION('',(-1.,0.,0.));
#3571=DIRECTION('',(0.,0.,1.));
#3572=DIRECTION('',(1.,0.,0.));
#3573=DIRECTION('',(0.,0.,1.));
#3574=DIRECTION('',(1.,0.,0.));
#3575=DIRECTION('',(0.,0.,1.));
#3576=DIRECTION('',(1.,0.,0.));
#3577=DIRECTION('',(0.,0.,-1.));
#3578=DIRECTION('',(-1.,0.,0.));
#3579=DIRECTION('',(0.,0.,1.));
#3580=DIRECTION('',(1.,0.,0.));
#3581=DIRECTION('',(0.,0.,1.));
#3582=DIRECTION('',(1.,0.,0.));
#3583=DIRECTION('',(0.,0.,1.));
#3584=DIRECTION('',(1.,0.,0.));
#3585=DIRECTION('',(0.,0.,1.));
#3586=DIRECTION('',(1.,0.,0.));
#3587=DIRECTION('',(0.,0.,1.));
#3588=DIRECTION('',(1.,0.,0.));
#3589=DIRECTION('',(0.,0.,1.));
#3590=DIRECTION('',(1.,0.,0.));
#3591=DIRECTION('',(0.,0.,1.));
#3592=DIRECTION('',(1.,0.,0.));
#3593=DIRECTION('',(0.,0.,1.));
#3594=DIRECTION('',(1.,0.,0.));
#3595=DIRECTION('',(0.,0.,1.));
#3596=DIRECTION('',(1.,0.,0.));
#3597=DIRECTION('',(0.,0.,1.));
#3598=DIRECTION('',(1.,0.,0.));
#3599=DIRECTION('',(0.,0.,1.));
#3600=DIRECTION('',(1.,0.,0.));
#3601=DIRECTION('',(-0.189019787472602,4.08594470720086E-17,0.981973278630235));
#3602=DIRECTION('',(0.981973278630235,-2.12268174357854E-16,0.189019787472602));
#3603=DIRECTION('',(0.,0.,-1.));
#3604=DIRECTION('',(-1.,0.,0.));
#3605=DIRECTION('',(-0.189019787472602,4.08594470720086E-17,-0.981973278630235));
#3606=DIRECTION('',(0.981973278630235,-2.12268174357854E-16,-0.189019787472602));
#3607=DIRECTION('',(2.16164919124835E-16,1.,0.));
#3608=DIRECTION('',(-1.,2.16164919124835E-16,0.));
#3609=DIRECTION('',(-2.16164919124835E-16,-1.,0.));
#3610=DIRECTION('',(1.,-2.16164919124835E-16,0.));
#3611=DIRECTION('',(-2.16164919124835E-16,-1.,0.));
#3612=DIRECTION('',(1.,-2.16164919124835E-16,0.));
#3613=DIRECTION('',(2.16164919124835E-16,1.,0.));
#3614=DIRECTION('',(-1.,2.16164919124835E-16,0.));
#3615=DIRECTION('',(-2.16164919124835E-16,-1.,0.));
#3616=DIRECTION('',(1.,-2.16164919124835E-16,0.));
#3617=DIRECTION('',(-2.16164919124835E-16,-1.,0.));
#3618=DIRECTION('',(1.,-2.16164919124835E-16,0.));
#3619=DIRECTION('',(0.371224760860922,-8.02457704086377E-17,-0.928543039887625));
#3620=DIRECTION('',(-0.928543039887625,0.,-0.371224760860922));
#3621=DIRECTION('',(-0.371224760860922,0.,0.928543039887624));
#3622=DIRECTION('',(0.928543039887625,0.,0.371224760860922));
#3623=DIRECTION('',(-2.16164919124835E-16,-1.,0.));
#3624=DIRECTION('',(1.,-2.16164919124835E-16,0.));
#3625=DIRECTION('',(1.,0.,0.));
#3626=DIRECTION('',(0.,0.,-1.));
#3627=DIRECTION('',(1.,-2.16164919124835E-16,0.));
#3628=DIRECTION('',(2.16164919124835E-16,1.,0.));
#3629=DIRECTION('',(0.707106781186548,0.707106781186547,0.));
#3630=DIRECTION('',(0.707106781186547,-0.707106781186548,0.));
#3631=DIRECTION('',(2.16164919124835E-16,1.,0.));
#3632=DIRECTION('',(-1.,2.16164919124835E-16,0.));
#3633=DIRECTION('',(0.,-1.,0.));
#3634=DIRECTION('',(0.,0.,-1.));
#3635=DIRECTION('',(0.371224760860922,-8.02457704086377E-17,0.928543039887625));
#3636=DIRECTION('',(0.928543039887625,0.,-0.371224760860922));
#3637=DIRECTION('',(0.371224760860922,0.,0.928543039887624));
#3638=DIRECTION('',(0.928543039887625,0.,-0.371224760860922));
#3639=DIRECTION('',(-2.16164919124835E-16,-1.,0.));
#3640=DIRECTION('',(1.,-2.16164919124835E-16,0.));
#3641=DIRECTION('',(-1.,0.,0.));
#3642=DIRECTION('',(0.,0.,1.));
#3643=DIRECTION('',(1.,-2.16164919124835E-16,0.));
#3644=DIRECTION('',(2.16164919124835E-16,1.,0.));
#3645=DIRECTION('',(0.707106781186547,-0.707106781186548,0.));
#3646=DIRECTION('',(0.707106781186548,0.707106781186547,0.));
#3647=DIRECTION('',(2.16164919124835E-16,1.,0.));
#3648=DIRECTION('',(-1.,2.16164919124835E-16,0.));
#3649=DIRECTION('',(0.,-1.,-3.46944695195363E-15));
#3650=DIRECTION('',(0.,3.46944695195363E-15,-1.));
#3651=DIRECTION('',(0.371224760860922,-8.02457704086377E-17,0.928543039887625));
#3652=DIRECTION('',(0.928543039887625,0.,-0.371224760860922));
#3653=DIRECTION('',(0.371224760860922,0.,0.928543039887625));
#3654=DIRECTION('',(0.928543039887625,0.,-0.371224760860922));
#3655=DIRECTION('',(-2.16164919124835E-16,-1.,0.));
#3656=DIRECTION('',(1.,-2.16164919124835E-16,0.));
#3657=DIRECTION('',(-1.,0.,0.));
#3658=DIRECTION('',(0.,0.,1.));
#3659=DIRECTION('',(-1.,2.16164919124835E-16,0.));
#3660=DIRECTION('',(-2.16164919124835E-16,-1.,0.));
#3661=DIRECTION('',(0.768221279597376,-1.66062490774144E-16,-0.64018439966448));
#3662=DIRECTION('',(0.64018439966448,0.,0.768221279597376));
#3663=DIRECTION('',(0.64018439966448,-1.38385408978454E-16,-0.768221279597376));
#3664=DIRECTION('',(0.768221279597376,0.,0.64018439966448));
#3665=DIRECTION('',(0.,0.,1.));
#3666=DIRECTION('',(1.,0.,0.));
#3667=DIRECTION('',(0.371224760860922,-8.02457704086377E-17,-0.928543039887625));
#3668=DIRECTION('',(-0.928543039887625,0.,-0.371224760860922));
#3669=DIRECTION('',(-0.371224760860922,0.,0.928543039887625));
#3670=DIRECTION('',(0.928543039887625,0.,0.371224760860922));
#3671=DIRECTION('',(-2.16164919124835E-16,-1.,0.));
#3672=DIRECTION('',(1.,-2.16164919124835E-16,0.));
#3673=DIRECTION('',(1.,0.,0.));
#3674=DIRECTION('',(0.,0.,-1.));
#3675=DIRECTION('',(-1.,2.16164919124835E-16,0.));
#3676=DIRECTION('',(-2.16164919124835E-16,-1.,0.));
#3677=DIRECTION('',(0.768221279597376,-1.66062490774144E-16,0.64018439966448));
#3678=DIRECTION('',(-0.64018439966448,0.,0.768221279597376));
#3679=DIRECTION('',(0.64018439966448,-1.38385408978454E-16,0.768221279597376));
#3680=DIRECTION('',(-0.768221279597376,0.,0.64018439966448));
#3681=DIRECTION('',(0.,0.,-1.));
#3682=DIRECTION('',(-1.,0.,0.));
#3683=DIRECTION('',(0.,0.,1.));
#3684=DIRECTION('',(1.,0.,0.));
#3685=DIRECTION('',(0.,0.,1.));
#3686=DIRECTION('',(1.,0.,0.));
#3687=DIRECTION('',(-0.707106781186548,0.707106781186548,0.));
#3688=DIRECTION('',(0.,0.,1.));
#3689=DIRECTION('',(1.,0.,0.));
#3690=DIRECTION('',(0.707106781186548,0.707106781186548,0.));
#3691=DIRECTION('',(-0.707106781186548,0.707106781186548,0.));
#3692=DIRECTION('',(0.,0.,1.));
#3693=DIRECTION('',(1.,0.,0.));
#3694=DIRECTION('',(0.707106781186548,0.707106781186548,0.));
#3695=DIRECTION('',(-0.707106781186548,0.707106781186548,0.));
#3696=DIRECTION('',(0.,0.,1.));
#3697=DIRECTION('',(1.,0.,0.));
#3698=DIRECTION('',(0.707106781186548,0.707106781186548,0.));
#3699=DIRECTION('',(-0.707106781186548,0.707106781186548,0.));
#3700=DIRECTION('',(0.,0.,1.));
#3701=DIRECTION('',(1.,0.,0.));
#3702=DIRECTION('',(0.707106781186548,0.707106781186548,0.));
#3703=DIRECTION('',(0.,0.,1.));
#3704=DIRECTION('',(1.,0.,0.));
#3705=DIRECTION('',(-2.16164919124835E-16,-1.,0.));
#3706=DIRECTION('',(1.,-2.16164919124835E-16,0.));
#3707=DIRECTION('',(2.16164919124835E-16,1.,0.));
#3708=DIRECTION('',(1.,-2.16164919124835E-16,0.));
#3709=DIRECTION('',(0.,0.,-1.));
#3710=DIRECTION('',(-1.,0.,0.));
#3711=DIRECTION('',(-0.707106781186548,0.707106781186548,0.));
#3712=DIRECTION('',(0.,0.,1.));
#3713=DIRECTION('',(1.,0.,0.));
#3714=DIRECTION('',(0.707106781186548,0.707106781186548,0.));
#3715=DIRECTION('',(-0.707106781186548,0.707106781186548,0.));
#3716=DIRECTION('',(0.,0.,1.));
#3717=DIRECTION('',(1.,0.,0.));
#3718=DIRECTION('',(0.707106781186548,0.707106781186548,0.));
#3719=DIRECTION('',(-0.707106781186548,0.707106781186548,0.));
#3720=DIRECTION('',(0.,0.,1.));
#3721=DIRECTION('',(1.,0.,0.));
#3722=DIRECTION('',(0.707106781186548,0.707106781186548,0.));
#3723=DIRECTION('',(-0.707106781186548,0.707106781186548,0.));
#3724=DIRECTION('',(0.,0.,1.));
#3725=DIRECTION('',(1.,0.,0.));
#3726=DIRECTION('',(0.707106781186548,0.707106781186548,0.));
#3727=DIRECTION('',(0.,0.,-1.));
#3728=DIRECTION('',(-1.,0.,0.));
#3729=DIRECTION('',(-1.,2.16164919124835E-16,0.));
#3730=DIRECTION('',(2.16164919124835E-16,1.,0.));
#3731=DIRECTION('',(-1.,2.16164919124835E-16,0.));
#3732=DIRECTION('',(-2.16164919124835E-16,-1.,0.));
#3733=DIRECTION('',(0.,0.,1.));
#3734=DIRECTION('',(1.,0.,0.));
#3735=DIRECTION('',(0.707106781186548,0.707106781186548,0.));
#3736=DIRECTION('',(0.,0.,1.));
#3737=DIRECTION('',(1.,0.,0.));
#3738=DIRECTION('',(-0.707106781186548,0.707106781186548,0.));
#3739=DIRECTION('',(0.707106781186548,0.707106781186548,0.));
#3740=DIRECTION('',(0.,0.,1.));
#3741=DIRECTION('',(1.,0.,0.));
#3742=DIRECTION('',(-0.707106781186548,0.707106781186548,0.));
#3743=DIRECTION('',(-2.16164919124835E-16,-1.,0.));
#3744=DIRECTION('',(0.,0.,1.));
#3745=DIRECTION('',(1.,0.,0.));
#3746=DIRECTION('',(1.,-2.16164919124835E-16,0.));
#3747=DIRECTION('',(-2.16164919124835E-16,-1.,0.));
#3748=DIRECTION('',(1.,-2.16164919124835E-16,0.));
#3749=DIRECTION('',(2.16164919124835E-16,1.,0.));
#3750=DIRECTION('',(-0.707106781186548,-0.707106781186547,0.));
#3751=DIRECTION('',(1.,-2.16164919124835E-16,0.));
#3752=DIRECTION('',(0.707106781186548,0.707106781186548,0.));
#3753=DIRECTION('',(0.,0.,1.));
#3754=DIRECTION('',(1.,0.,0.));
#3755=DIRECTION('',(-0.707106781186548,0.707106781186548,0.));
#3756=DIRECTION('',(0.707106781186548,0.707106781186548,0.));
#3757=DIRECTION('',(0.,0.,1.));
#3758=DIRECTION('',(1.,0.,0.));
#3759=DIRECTION('',(-0.707106781186548,0.707106781186548,0.));
#3760=DIRECTION('',(0.,0.,1.));
#3761=DIRECTION('',(1.,0.,0.));
#3762=DIRECTION('',(0.,0.,1.));
#3763=DIRECTION('',(0.,0.,-1.));
#3764=DIRECTION('',(0.,0.,1.));
#3765=DIRECTION('',(1.,0.,0.));
#3766=DIRECTION('',(0.,0.,1.));
#3767=DIRECTION('',(0.,0.,-1.));
#3768=DIRECTION('',(0.,0.,1.));
#3769=DIRECTION('',(1.,0.,0.));
#3770=DIRECTION('',(0.,0.,1.));
#3771=DIRECTION('',(0.,0.,-1.));
#3772=DIRECTION('',(0.,0.,1.));
#3773=DIRECTION('',(1.,0.,0.));
#3774=DIRECTION('',(0.,0.,1.));
#3775=DIRECTION('',(0.,0.,-1.));
#3776=DIRECTION('',(0.,0.,1.));
#3777=DIRECTION('',(1.,0.,0.));
#3778=DIRECTION('',(0.,0.,1.));
#3779=DIRECTION('',(0.,0.,-1.));
#3780=DIRECTION('',(-1.,0.,0.));
#3781=DIRECTION('',(0.,0.,-1.));
#3782=DIRECTION('',(0.,0.,1.));
#3783=DIRECTION('',(1.,0.,0.));
#3784=DIRECTION('',(0.,0.,1.));
#3785=DIRECTION('',(0.,0.,-1.));
#3786=DIRECTION('',(-1.,0.,0.));
#3787=DIRECTION('',(0.,0.,-1.));
#3788=DIRECTION('',(0.,0.,1.));
#3789=DIRECTION('',(1.,0.,0.));
#3790=DIRECTION('',(0.,0.,1.));
#3791=DIRECTION('',(0.,0.,-1.));
#3792=DIRECTION('',(-1.,0.,0.));
#3793=DIRECTION('',(0.,0.,-1.));
#3794=DIRECTION('',(0.,0.,1.));
#3795=DIRECTION('',(1.,0.,0.));
#3796=DIRECTION('',(0.,0.,1.));
#3797=DIRECTION('',(0.,0.,-1.));
#3798=DIRECTION('',(-1.,0.,0.));
#3799=DIRECTION('',(0.,0.,-1.));
#3800=DIRECTION('',(-2.16164919124835E-16,-1.,0.));
#3801=DIRECTION('',(1.,-2.16164919124835E-16,0.));
#3802=DIRECTION('',(2.16164919124835E-16,1.,0.));
#3803=DIRECTION('',(1.,-2.16164919124835E-16,0.));
#3804=DIRECTION('',(-1.,2.16164919124835E-16,0.));
#3805=DIRECTION('',(-2.16164919124835E-16,-1.,0.));
#3806=DIRECTION('',(1.,-2.16164919124835E-16,0.));
#3807=DIRECTION('',(1.,-2.16164919124835E-16,0.));
#3808=DIRECTION('',(-2.16164919124835E-16,-1.,0.));
#3809=DIRECTION('',(1.,-2.16164919124835E-16,0.));
#3810=DIRECTION('',(1.,-2.16164919124835E-16,0.));
#3811=DIRECTION('',(2.16164919124835E-16,1.,0.));
#3812=DIRECTION('',(1.,-2.16164919124835E-16,0.));
#3813=DIRECTION('',(2.16164919124835E-16,1.,0.));
#3814=DIRECTION('',(-1.,2.16164919124835E-16,0.));
#3815=DIRECTION('',(2.16164919124835E-16,1.,0.));
#3816=DIRECTION('',(0.,-1.,0.));
#3817=DIRECTION('',(0.,0.,-1.));
#3818=DIRECTION('',(0.,0.,1.));
#3819=DIRECTION('',(1.,0.,0.));
#3820=DIRECTION('',(1.,-2.16164919124835E-16,0.));
#3821=DIRECTION('',(-0.707106781186548,0.707106781186547,0.));
#3822=DIRECTION('',(2.16164919124835E-16,1.,0.));
#3823=DIRECTION('',(2.16164919124835E-16,1.,0.));
#3824=DIRECTION('',(-1.,2.16164919124835E-16,0.));
#3825=DIRECTION('',(2.16164919124835E-16,1.,0.));
#3826=DIRECTION('',(-2.16164919124835E-16,-1.,0.));
#3827=DIRECTION('',(1.,-2.16164919124835E-16,0.));
#3828=DIRECTION('',(0.,0.,1.));
#3829=DIRECTION('',(1.,0.,0.));
#3830=DIRECTION('',(2.16164919124835E-16,1.,0.));
#3831=DIRECTION('',(-0.707106781186548,-0.707106781186547,0.));
#3832=DIRECTION('',(1.,-2.16164919124835E-16,0.));
#3833=DIRECTION('',(2.16164919124835E-16,1.,0.));
#3834=DIRECTION('',(-1.,2.16164919124835E-16,0.));
#3835=DIRECTION('',(2.16164919124835E-16,1.,0.));
#3836=DIRECTION('',(0.,-1.,0.));
#3837=DIRECTION('',(0.,0.,-1.));
#3838=DIRECTION('',(0.,0.,-1.));
#3839=DIRECTION('',(-1.,0.,0.));
#3840=DIRECTION('',(0.707106781186548,0.707106781186548,0.));
#3841=DIRECTION('',(-0.707106781186548,0.707106781186548,0.));
#3842=DIRECTION('',(0.707106781186548,0.707106781186548,0.));
#3843=DIRECTION('',(-0.707106781186548,0.707106781186548,0.));
#3844=DIRECTION('',(0.707106781186548,0.707106781186548,0.));
#3845=DIRECTION('',(-0.707106781186548,0.707106781186548,0.));
#3846=DIRECTION('',(0.707106781186548,0.707106781186548,0.));
#3847=DIRECTION('',(-0.707106781186548,0.707106781186548,0.));
#3848=DIRECTION('',(-1.,2.16164919124835E-16,0.));
#3849=DIRECTION('',(0.,0.,-1.));
#3850=DIRECTION('',(-1.,0.,0.));
#3851=DIRECTION('',(-2.16164919124835E-16,-1.,0.));
#3852=DIRECTION('',(-1.,2.16164919124835E-16,0.));
#3853=DIRECTION('',(0.707106781186548,-0.707106781186547,0.));
#3854=DIRECTION('',(-2.16164919124835E-16,-1.,0.));
#3855=DIRECTION('',(1.,-2.16164919124835E-16,0.));
#3856=DIRECTION('',(2.16164919124835E-16,1.,0.));
#3857=DIRECTION('',(0.,0.,-1.));
#3858=DIRECTION('',(2.16164919124835E-16,1.,0.));
#3859=DIRECTION('',(0.,0.,-1.));
#3860=DIRECTION('',(1.,-2.16164919124835E-16,0.));
#3861=DIRECTION('',(2.16164919124835E-16,1.,0.));
#3862=DIRECTION('',(1.,-2.16164919124835E-16,0.));
#3863=DIRECTION('',(2.16164919124835E-16,1.,0.));
#3864=DIRECTION('',(-0.707106781186548,1.52851680167813E-16,-0.707106781186548));
#3865=DIRECTION('',(-0.707106781186548,0.,0.707106781186548));
#3866=DIRECTION('',(-0.707106781186548,1.52851680167813E-16,0.707106781186548));
#3867=DIRECTION('',(2.16164919124835E-16,1.,8.71576399210525E-33));
#3868=DIRECTION('',(-0.707106781186548,1.52851680167813E-16,0.707106781186548));
#3869=DIRECTION('',(2.16164919124835E-16,1.,-8.71576399210524E-33));
#3870=DIRECTION('',(0.,0.,-1.));
#3871=DIRECTION('',(-1.,0.,0.));
#3872=DIRECTION('',(-1.,2.16164919124835E-16,0.));
#3873=DIRECTION('',(2.16164919124835E-16,1.,0.));
#3874=DIRECTION('',(-1.,2.16164919124835E-16,0.));
#3875=DIRECTION('',(2.16164919124835E-16,1.,0.));
#3876=DIRECTION('',(0.707106781186548,-1.52851680167813E-16,-0.707106781186548));
#3877=DIRECTION('',(-0.707106781186548,0.,-0.707106781186548));
#3878=DIRECTION('',(-0.707106781186548,1.52851680167813E-16,-0.707106781186548));
#3879=DIRECTION('',(2.16164919124835E-16,1.,7.07835114187489E-32));
#3880=DIRECTION('',(-0.707106781186548,1.52851680167813E-16,-0.707106781186548));
#3881=DIRECTION('',(2.16164919124835E-16,1.,0.));
#3882=DIRECTION('',(1.,-2.16164919124835E-16,0.));
#3883=DIRECTION('',(2.16164919124835E-16,1.,0.));
#3884=DIRECTION('',(0.,0.,-1.));
#3885=DIRECTION('',(2.16164919124835E-16,1.,7.18409109006559E-32));
#3886=DIRECTION('',(0.,0.,-1.));
#3887=DIRECTION('',(1.,-2.16164919124835E-16,0.));
#3888=DIRECTION('',(2.16164919124835E-16,1.,0.));
#3889=DIRECTION('',(1.,-2.16164919124835E-16,0.));
#3890=DIRECTION('',(2.16164919124835E-16,1.,0.));
#3891=DIRECTION('',(-2.16164919124835E-16,-1.,0.));
#3892=DIRECTION('',(1.,-2.16164919124835E-16,0.));
#3893=DIRECTION('',(0.,0.,1.));
#3894=DIRECTION('',(-1.,2.16164919124835E-16,0.));
#3895=DIRECTION('',(-2.16164919124835E-16,-1.,0.));
#3896=DIRECTION('',(1.,-2.16164919124835E-16,0.));
#3897=DIRECTION('',(-2.16164919124835E-16,-1.,0.));
#3898=DIRECTION('',(1.,-2.16164919124835E-16,0.));
#3899=DIRECTION('',(-2.16164919124835E-16,-1.,0.));
#3900=DIRECTION('',(1.,-2.16164919124835E-16,0.));
#3901=DIRECTION('',(-2.16164919124835E-16,-1.,0.));
#3902=DIRECTION('',(1.,-2.16164919124835E-16,0.));
#3903=DIRECTION('',(1.,-2.16164919124835E-16,0.));
#3904=DIRECTION('',(0.,0.,1.));
#3905=DIRECTION('',(-2.16164919124835E-16,-1.,0.));
#3906=DIRECTION('',(1.,-2.16164919124835E-16,0.));
#3907=DIRECTION('',(-2.16164919124835E-16,-1.,0.));
#3908=DIRECTION('',(1.,-2.16164919124835E-16,0.));
#3909=DIRECTION('',(-2.16164919124835E-16,-1.,0.));
#3910=DIRECTION('',(1.,-2.16164919124835E-16,0.));
#3911=DIRECTION('',(2.16164919124835E-16,1.,0.));
#3912=DIRECTION('',(1.,-2.16164919124835E-16,0.));
#3913=DIRECTION('',(-2.16164919124835E-16,-1.,0.));
#3914=DIRECTION('',(1.,-2.16164919124835E-16,0.));
#3915=DIRECTION('',(0.,0.,1.));
#3916=DIRECTION('',(1.,-2.16164919124835E-16,0.));
#3917=DIRECTION('',(-2.16164919124835E-16,-1.,0.));
#3918=DIRECTION('',(1.,-2.16164919124835E-16,0.));
#3919=DIRECTION('',(-2.16164919124835E-16,-1.,0.));
#3920=DIRECTION('',(1.,-2.16164919124835E-16,0.));
#3921=DIRECTION('',(-2.16164919124835E-16,-1.,0.));
#3922=DIRECTION('',(1.,-2.16164919124835E-16,0.));
#3923=DIRECTION('',(-2.16164919124835E-16,-1.,0.));
#3924=DIRECTION('',(1.,-2.16164919124835E-16,0.));
#3925=DIRECTION('',(-1.,2.16164919124835E-16,0.));
#3926=DIRECTION('',(0.,0.,1.));
#3927=DIRECTION('',(0.,-1.,0.));
#3928=DIRECTION('',(0.,0.,-1.));
#3929=DIRECTION('',(0.,-1.,0.));
#3930=DIRECTION('',(0.,0.,-1.));
#3931=DIRECTION('',(-2.16164919124835E-16,-1.,0.));
#3932=DIRECTION('',(1.,-2.16164919124835E-16,0.));
#3933=DIRECTION('',(2.16164919124835E-16,1.,7.18409109006559E-32));
#3934=DIRECTION('',(-1.,2.16164919124835E-16,0.));
#3935=DIRECTION('',(2.16164919124835E-16,1.,0.));
#3936=DIRECTION('',(-1.,2.16164919124835E-16,0.));
#3937=DIRECTION('',(2.16164919124835E-16,1.,0.));
#3938=DIRECTION('',(-1.,2.16164919124835E-16,0.));
#3939=DIRECTION('',(1.,-2.16164919124835E-16,0.));
#3940=DIRECTION('',(2.16164919124835E-16,1.,0.));
#3941=DIRECTION('',(-2.16164919124835E-16,-1.,0.));
#3942=DIRECTION('',(0.,0.,1.));
#3943=DIRECTION('',(1.,-2.16164919124835E-16,0.));
#3944=DIRECTION('',(2.16164919124835E-16,1.,0.));
#3945=DIRECTION('',(0.,0.,1.));
#3946=DIRECTION('',(-2.16164919124835E-16,-1.,0.));
#3947=DIRECTION('',(0.707106781186548,-0.707106781186548,0.));
#3948=DIRECTION('',(0.707106781186548,0.707106781186548,0.));
#3949=DIRECTION('',(0.,0.,1.));
#3950=DIRECTION('',(-0.707106781186548,-0.707106781186548,0.));
#3951=DIRECTION('',(0.707106781186548,-0.707106781186548,0.));
#3952=DIRECTION('',(0.707106781186548,-0.707106781186548,0.));
#3953=DIRECTION('',(0.707106781186548,0.707106781186548,0.));
#3954=DIRECTION('',(0.,0.,1.));
#3955=DIRECTION('',(-0.707106781186548,-0.707106781186548,0.));
#3956=DIRECTION('',(0.707106781186548,-0.707106781186548,0.));
#3957=DIRECTION('',(0.707106781186548,-0.707106781186548,0.));
#3958=DIRECTION('',(0.707106781186548,0.707106781186548,0.));
#3959=DIRECTION('',(0.,0.,1.));
#3960=DIRECTION('',(-0.707106781186548,-0.707106781186548,0.));
#3961=DIRECTION('',(0.707106781186548,-0.707106781186548,0.));
#3962=DIRECTION('',(0.707106781186548,-0.707106781186548,0.));
#3963=DIRECTION('',(0.707106781186548,0.707106781186548,0.));
#3964=DIRECTION('',(0.,0.,1.));
#3965=DIRECTION('',(-0.707106781186548,-0.707106781186548,0.));
#3966=DIRECTION('',(0.707106781186548,-0.707106781186548,0.));
#3967=DIRECTION('',(0.707106781186548,-0.707106781186548,0.));
#3968=DIRECTION('',(0.707106781186548,0.707106781186548,0.));
#3969=DIRECTION('',(0.,0.,1.));
#3970=DIRECTION('',(-0.707106781186548,-0.707106781186548,0.));
#3971=DIRECTION('',(0.707106781186548,-0.707106781186548,0.));
#3972=DIRECTION('',(0.707106781186548,-0.707106781186548,0.));
#3973=DIRECTION('',(0.707106781186548,0.707106781186548,0.));
#3974=DIRECTION('',(0.,0.,1.));
#3975=DIRECTION('',(-0.707106781186548,-0.707106781186548,0.));
#3976=DIRECTION('',(0.707106781186548,-0.707106781186548,0.));
#3977=DIRECTION('',(0.707106781186548,-0.707106781186548,0.));
#3978=DIRECTION('',(0.707106781186548,0.707106781186548,0.));
#3979=DIRECTION('',(0.,0.,1.));
#3980=DIRECTION('',(-0.707106781186548,-0.707106781186548,0.));
#3981=DIRECTION('',(0.707106781186548,-0.707106781186548,0.));
#3982=DIRECTION('',(0.707106781186548,-0.707106781186548,0.));
#3983=DIRECTION('',(0.707106781186548,0.707106781186548,0.));
#3984=DIRECTION('',(0.,0.,1.));
#3985=DIRECTION('',(-0.707106781186548,-0.707106781186548,0.));
#3986=DIRECTION('',(0.707106781186548,-0.707106781186548,0.));
#3987=DIRECTION('',(1.,-2.16164919124835E-16,0.));
#3988=DIRECTION('',(2.16164919124835E-16,1.,0.));
#3989=DIRECTION('',(0.707106781186548,0.707106781186547,0.));
#3990=DIRECTION('',(0.707106781186547,-0.707106781186548,0.));
#3991=DIRECTION('',(2.16164919124835E-16,1.,0.));
#3992=DIRECTION('',(-1.,2.16164919124835E-16,0.));
#3993=DIRECTION('',(0.,-1.,0.));
#3994=DIRECTION('',(0.,0.,-1.));
#3995=DIRECTION('',(-1.,2.16164919124835E-16,0.));
#3996=DIRECTION('',(-2.16164919124835E-16,-1.,0.));
#3997=DIRECTION('',(-1.,0.,0.));
#3998=DIRECTION('',(0.,0.,1.));
#3999=DIRECTION('',(1.,-2.16164919124835E-16,0.));
#4000=DIRECTION('',(2.16164919124835E-16,1.,0.));
#4001=DIRECTION('',(-0.707106781186547,0.707106781186548,0.));
#4002=DIRECTION('',(0.707106781186548,0.707106781186547,0.));
#4003=DIRECTION('',(2.16164919124835E-16,1.,0.));
#4004=DIRECTION('',(-1.,2.16164919124835E-16,0.));
#4005=DIRECTION('',(0.,-1.,0.));
#4006=DIRECTION('',(0.,0.,-1.));
#4007=DIRECTION('',(-1.,2.16164919124835E-16,0.));
#4008=DIRECTION('',(-2.16164919124835E-16,-1.,0.));
#4009=DIRECTION('',(1.,0.,0.));
#4010=DIRECTION('',(0.,0.,-1.));
#4011=DIRECTION('',(0.,0.,-1.));
#4012=DIRECTION('',(-1.,0.,0.));
#4013=DIRECTION('',(0.,0.,-1.));
#4014=DIRECTION('',(-1.,0.,0.));
#4015=DIRECTION('',(0.,0.,-1.));
#4016=DIRECTION('',(-1.,0.,0.));
#4017=DIRECTION('',(0.,0.,1.));
#4018=DIRECTION('',(1.,0.,0.));
#4019=DIRECTION('',(0.,0.,1.));
#4020=DIRECTION('',(1.,0.,0.));
#4021=DIRECTION('',(0.,0.,1.));
#4022=DIRECTION('',(1.,0.,0.));
#4023=CARTESIAN_POINT('',(0.,0.,0.));
#4024=CARTESIAN_POINT('',(-0.0321,-0.04795,0.0136));
#4025=CARTESIAN_POINT('',(-0.0321,-0.04795,0.0136));
#4026=CARTESIAN_POINT('',(-0.0321,-0.04795,0.0136));
#4027=CARTESIAN_POINT('',(-0.0321,0.01705,0.0136));
#4028=CARTESIAN_POINT('',(-0.0321,0.01705,0.0026));
#4029=CARTESIAN_POINT('',(-0.0321,0.01705,0.0026));
#4030=CARTESIAN_POINT('',(-0.0321,-0.04795,0.0026));
#4031=CARTESIAN_POINT('',(-0.0321,-0.04795,0.0026));
#4032=CARTESIAN_POINT('',(-0.0321,-0.04795,0.0136));
#4033=CARTESIAN_POINT('',(-1.08082459562418E-18,-0.04795,0.0026));
#4034=CARTESIAN_POINT('',(-0.0261,0.01705,0.0026));
#4035=CARTESIAN_POINT('',(-0.0261,0.02305,0.0026));
#4036=CARTESIAN_POINT('',(5.20417042793042E-18,0.02305,0.0026));
#4037=CARTESIAN_POINT('',(0.0261,0.02305,0.0026));
#4038=CARTESIAN_POINT('',(0.0261,0.01705,0.0026));
#4039=CARTESIAN_POINT('',(0.0321,0.01705,0.0026));
#4040=CARTESIAN_POINT('',(0.0321,-0.04795,0.0026));
#4041=CARTESIAN_POINT('',(0.0321,-0.04795,0.0026));
#4042=CARTESIAN_POINT('',(-1.08082459562418E-18,-0.04795,0.0026));
#4043=CARTESIAN_POINT('',(-0.00235,0.00875,0.0026));
#4044=CARTESIAN_POINT('',(-0.0006,0.00875,0.0026));
#4045=CARTESIAN_POINT('',(-0.0201,-0.01025,0.0026));
#4046=CARTESIAN_POINT('',(-0.01835,-0.01025,0.0026));
#4047=CARTESIAN_POINT('',(0.00855,-0.0018,0.0026));
#4048=CARTESIAN_POINT('',(0.01145,-0.0018,0.0026));
#4049=CARTESIAN_POINT('',(0.02255,-0.0018,0.0026));
#4050=CARTESIAN_POINT('',(0.02545,-0.0018,0.0026));
#4051=CARTESIAN_POINT('',(0.0321,-0.04795,0.0136));
#4052=CARTESIAN_POINT('',(0.0321,0.01705,0.0136));
#4053=CARTESIAN_POINT('',(0.0321,0.01705,0.0136));
#4054=CARTESIAN_POINT('',(0.0321,-0.04795,0.0136));
#4055=CARTESIAN_POINT('',(0.0321,-0.04795,0.0136));
#4056=CARTESIAN_POINT('',(0.0321,-0.04795,0.0136));
#4057=CARTESIAN_POINT('',(-1.08082459562418E-18,-0.04795,0.0136));
#4058=CARTESIAN_POINT('',(0.0261,0.01705,0.0136));
#4059=CARTESIAN_POINT('',(0.0261,0.02305,0.0136));
#4060=CARTESIAN_POINT('',(5.20417042793042E-18,0.02305,0.0136));
#4061=CARTESIAN_POINT('',(-0.0261,0.02305,0.0136));
#4062=CARTESIAN_POINT('',(-0.0261,0.01705,0.0136));
#4063=CARTESIAN_POINT('',(-1.08082459562418E-18,-0.04795,0.0136));
#4064=CARTESIAN_POINT('',(0.0116224139928818,-0.0259827587731183,0.0136));
#4065=CARTESIAN_POINT('',(0.0137774139928818,-0.0259827587731183,0.0136));
#4066=CARTESIAN_POINT('',(-0.0116224139928817,-0.0259827587731183,0.0136));
#4067=CARTESIAN_POINT('',(-0.00946741399288174,-0.0259827587731183,0.0136));
#4068=CARTESIAN_POINT('',(0.0116224139928818,0.00608275877311826,0.0136));
#4069=CARTESIAN_POINT('',(0.0137774139928818,0.00608275877311826,0.0136));
#4070=CARTESIAN_POINT('',(-0.0116224139928817,0.00608275877311826,0.0136));
#4071=CARTESIAN_POINT('',(-0.00946741399288172,0.00608275877311826,0.0136));
#4072=CARTESIAN_POINT('',(0.02255,-0.0018,0.0136));
#4073=CARTESIAN_POINT('',(0.0258,-0.0018,0.0136));
#4074=CARTESIAN_POINT('',(0.00855,-0.0018,0.0136));
#4075=CARTESIAN_POINT('',(0.0118,-0.0018,0.0136));
#4076=CARTESIAN_POINT('',(-0.0201,-0.01025,0.0136));
#4077=CARTESIAN_POINT('',(-0.01685,-0.01025,0.0136));
#4078=CARTESIAN_POINT('',(-0.00235,0.00875,0.0136));
#4079=CARTESIAN_POINT('',(0.0009,0.00875,0.0136));
#4080=CARTESIAN_POINT('',(-1.08082459562418E-18,-0.04795,0.0136));
#4081=CARTESIAN_POINT('',(0.,-0.00995,0.0072));
#4082=CARTESIAN_POINT('',(0.00855,-0.0018,0.0072));
#4083=CARTESIAN_POINT('',(0.0103,-0.0018,0.0072));
#4084=CARTESIAN_POINT('',(0.00855,-0.0018,0.0072));
#4085=CARTESIAN_POINT('',(0.01145,-0.0018,0.0072));
#4086=CARTESIAN_POINT('',(0.,-0.00995,0.0072));
#4087=CARTESIAN_POINT('',(0.02255,-0.0018,0.0072));
#4088=CARTESIAN_POINT('',(0.0243,-0.0018,0.0072));
#4089=CARTESIAN_POINT('',(0.02255,-0.0018,0.0072));
#4090=CARTESIAN_POINT('',(0.02545,-0.0018,0.0072));
#4091=CARTESIAN_POINT('',(5.20417042793042E-18,0.02305,0.0136));
#4092=CARTESIAN_POINT('',(-0.0261,0.02305,0.0136));
#4093=CARTESIAN_POINT('',(0.0261,0.02305,0.0136));
#4094=CARTESIAN_POINT('',(0.02255,-0.0018,0.0136));
#4095=CARTESIAN_POINT('',(0.02255,-0.0018,0.0121));
#4096=CARTESIAN_POINT('',(0.0243,-0.0018,0.0121));
#4097=CARTESIAN_POINT('',(-0.0201,-0.01025,0.0136));
#4098=CARTESIAN_POINT('',(-0.0201,-0.01025,0.0121));
#4099=CARTESIAN_POINT('',(-0.01835,-0.01025,0.0121));
#4100=CARTESIAN_POINT('',(-0.00235,0.00875,0.0136));
#4101=CARTESIAN_POINT('',(-0.00235,0.00875,0.0121));
#4102=CARTESIAN_POINT('',(-0.0006,0.00875,0.0121));
#4103=CARTESIAN_POINT('',(0.00855,-0.0018,0.0136));
#4104=CARTESIAN_POINT('',(0.00855,-0.0018,0.0121));
#4105=CARTESIAN_POINT('',(0.0103,-0.0018,0.0121));
#4106=CARTESIAN_POINT('',(0.02255,-0.0018,0.0072));
#4107=CARTESIAN_POINT('',(0.00855,-0.0018,0.0072));
#4108=CARTESIAN_POINT('',(-0.0116224139928817,0.00608275877311826,0.0046));
#4109=CARTESIAN_POINT('',(-0.0116224139928817,0.00608275877311826,0.01285));
#4110=CARTESIAN_POINT('',(-0.00977241399288172,0.00608275877311826,0.01285));
#4111=CARTESIAN_POINT('',(-0.0116224139928817,0.00608275877311826,0.0046));
#4112=CARTESIAN_POINT('',(-0.00977241399288172,0.00608275877311826,0.0046));
#4113=CARTESIAN_POINT('',(5.55111512312578E-17,-0.00995,0.0046));
#4114=CARTESIAN_POINT('',(0.0116224139928818,-0.0259827587731183,0.0046));
#4115=CARTESIAN_POINT('',(0.0116224139928818,-0.0259827587731183,0.01285));
#4116=CARTESIAN_POINT('',(0.0134724139928818,-0.0259827587731183,0.01285));
#4117=CARTESIAN_POINT('',(0.0116224139928818,-0.0259827587731183,0.0046));
#4118=CARTESIAN_POINT('',(0.0134724139928818,-0.0259827587731183,0.0046));
#4119=CARTESIAN_POINT('',(5.55111512312578E-17,-0.00995,0.0046));
#4120=CARTESIAN_POINT('',(-0.0116224139928817,-0.0259827587731183,0.0046));
#4121=CARTESIAN_POINT('',(-0.0116224139928817,-0.0259827587731183,0.01285));
#4122=CARTESIAN_POINT('',(-0.00977241399288174,-0.0259827587731183,0.01285));
#4123=CARTESIAN_POINT('',(-0.0116224139928817,-0.0259827587731183,0.0046));
#4124=CARTESIAN_POINT('',(-0.00977241399288174,-0.0259827587731183,0.0046));
#4125=CARTESIAN_POINT('',(5.55111512312578E-17,-0.00995,0.0046));
#4126=CARTESIAN_POINT('',(0.0116224139928818,0.00608275877311826,0.0046));
#4127=CARTESIAN_POINT('',(0.0116224139928818,0.00608275877311826,0.01285));
#4128=CARTESIAN_POINT('',(0.0134724139928818,0.00608275877311826,0.01285));
#4129=CARTESIAN_POINT('',(0.0116224139928818,0.00608275877311826,0.0046));
#4130=CARTESIAN_POINT('',(0.0134724139928818,0.00608275877311826,0.0046));
#4131=CARTESIAN_POINT('',(5.55111512312578E-17,-0.00995,0.0046));
#4132=CARTESIAN_POINT('',(0.02255,-0.0018,0.0121));
#4133=CARTESIAN_POINT('',(0.00855,-0.0018,0.0121));
#4134=CARTESIAN_POINT('',(-0.0201,-0.01025,0.0121));
#4135=CARTESIAN_POINT('',(-0.00235,0.00875,0.0121));
#4136=CARTESIAN_POINT('',(0.0116224139928818,-0.0259827587731183,0.01285));
#4137=CARTESIAN_POINT('',(-0.0116224139928817,-0.0259827587731183,0.0136));
#4138=CARTESIAN_POINT('',(0.0116224139928818,0.00608275877311826,0.0136));
#4139=CARTESIAN_POINT('',(-0.0116224139928817,0.00608275877311826,0.01285));
#4140=CARTESIAN_POINT('',(-0.0261,0.01705,0.0136));
#4141=CARTESIAN_POINT('',(0.0261,0.01705,0.0136));
#4142=CARTESIAN_POINT('',(0.,0.,0.));
#4143=CARTESIAN_POINT('',(0.0351,0.02305,0.0406));
#4144=CARTESIAN_POINT('',(0.03255,-0.03795,0.0406));
#4145=CARTESIAN_POINT('',(0.0294,-0.03795,0.0406));
#4146=CARTESIAN_POINT('',(0.03255,-0.02245,0.0406));
#4147=CARTESIAN_POINT('',(0.0294,-0.02245,0.0406));
#4148=CARTESIAN_POINT('',(0.03255,-0.00245,0.0406));
#4149=CARTESIAN_POINT('',(0.0294,-0.00245,0.0406));
#4150=CARTESIAN_POINT('',(0.03255,0.01305,0.0406));
#4151=CARTESIAN_POINT('',(0.0294,0.01305,0.0406));
#4152=CARTESIAN_POINT('',(0.0381,0.02305,0.0406));
#4153=CARTESIAN_POINT('',(0.0381,0.01705,0.0406));
#4154=CARTESIAN_POINT('',(0.0381,-0.04795,0.0406));
#4155=CARTESIAN_POINT('',(0.0321,0.01705,0.0406));
#4156=CARTESIAN_POINT('',(0.0321,0.02305,0.0406));
#4157=CARTESIAN_POINT('',(0.0351,0.02305,0.0406));
#4158=CARTESIAN_POINT('',(0.022,0.02305,0.0406));
#4159=CARTESIAN_POINT('',(0.022,0.02305,0.0406));
#4160=CARTESIAN_POINT('',(0.022,-0.04295,0.0406));
#4161=CARTESIAN_POINT('',(0.02955,-0.04295,0.0406));
#4162=CARTESIAN_POINT('',(0.01615,-0.04295,0.0406));
#4163=CARTESIAN_POINT('',(0.01615,-0.04795,0.0406));
#4164=CARTESIAN_POINT('',(0.01615,-0.04645,0.0406));
#4165=CARTESIAN_POINT('',(0.01415,-0.04445,0.0406));
#4166=CARTESIAN_POINT('',(0.01765,-0.04795,0.0406));
#4167=CARTESIAN_POINT('',(0.0351,-0.04795,0.0406));
#4168=CARTESIAN_POINT('',(0.0381,0.02305,0.0386));
#4169=CARTESIAN_POINT('',(0.0381,0.02305,0.0316));
#4170=CARTESIAN_POINT('',(0.0381,-0.04795,0.0316));
#4171=CARTESIAN_POINT('',(0.0381,0.01705,0.0316));
#4172=CARTESIAN_POINT('',(0.0381,0.01705,0.0406));
#4173=CARTESIAN_POINT('',(0.0381,-0.04795,0.0386));
#4174=CARTESIAN_POINT('',(1.19214952897347E-17,0.02305,0.0376));
#4175=CARTESIAN_POINT('',(-0.0371,0.02305,0.0366));
#4176=CARTESIAN_POINT('',(-0.0317327333972698,0.02305,0.0366));
#4177=CARTESIAN_POINT('',(-0.0321,0.02305,0.0366));
#4178=CARTESIAN_POINT('',(-0.0321,0.02305,0.0376));
#4179=CARTESIAN_POINT('',(-0.0321,0.02305,0.0406));
#4180=CARTESIAN_POINT('',(-0.0351,0.02305,0.0406));
#4181=CARTESIAN_POINT('',(-0.022,0.02305,0.0406));
#4182=CARTESIAN_POINT('',(2.54968718648565E-18,0.02305,0.0406));
#4183=CARTESIAN_POINT('',(0.0321,0.02305,0.0316));
#4184=CARTESIAN_POINT('',(0.0321,0.02305,0.0366));
#4185=CARTESIAN_POINT('',(1.19214952897347E-17,0.02305,0.0366));
#4186=CARTESIAN_POINT('',(0.0317327333972699,0.02305,0.0366));
#4187=CARTESIAN_POINT('',(0.0317327333972699,0.02305,0.0276));
#4188=CARTESIAN_POINT('',(0.0233758460382812,0.02305,0.0242589771522517));
#4189=CARTESIAN_POINT('',(0.0155558454492309,0.02305,0.0438191139869823));
#4190=CARTESIAN_POINT('',(0.0261,0.02305,0.0174450615210043));
#4191=CARTESIAN_POINT('',(0.0261,0.02305,0.0376));
#4192=CARTESIAN_POINT('',(0.0261,0.02305,0.0136));
#4193=CARTESIAN_POINT('',(1.42668846622392E-17,0.02305,0.0136));
#4194=CARTESIAN_POINT('',(-0.0261,0.02305,0.0136));
#4195=CARTESIAN_POINT('',(-0.0261,0.02305,0.0186));
#4196=CARTESIAN_POINT('',(-0.0261,0.02305,0.0174450615210043));
#4197=CARTESIAN_POINT('',(-0.0211236630366176,0.02305,0.029892353670289));
#4198=CARTESIAN_POINT('',(-0.0233758460382811,0.02305,0.0242589771522517));
#4199=CARTESIAN_POINT('',(-0.0317327333972698,0.02305,0.0276));
#4200=CARTESIAN_POINT('',(-3.42621396812864E-18,-0.04795,0.0376));
#4201=CARTESIAN_POINT('',(0.0321,-0.04795,0.0136));
#4202=CARTESIAN_POINT('',(0.0321,-0.04795,0.0136));
#4203=CARTESIAN_POINT('',(0.0321,-0.04795,0.0159062141714877));
#4204=CARTESIAN_POINT('',(0.0280185612377193,-0.04795,0.0261151009565563));
#4205=CARTESIAN_POINT('',(0.0280185612377193,-0.04795,0.0261151009565564));
#4206=CARTESIAN_POINT('',(0.0317327333972698,-0.04795,0.0276));
#4207=CARTESIAN_POINT('',(0.0317327333972698,-0.04795,0.0316));
#4208=CARTESIAN_POINT('',(0.0381,-0.04795,0.0316));
#4209=CARTESIAN_POINT('',(0.01415,-0.04795,0.0406));
#4210=CARTESIAN_POINT('',(0.01065,-0.04795,0.0406));
#4211=CARTESIAN_POINT('',(0.01055,-0.04795,0.0406));
#4212=CARTESIAN_POINT('',(0.00895,-0.04795,0.0406));
#4213=CARTESIAN_POINT('',(-4.55027154757779E-18,-0.04795,0.0406));
#4214=CARTESIAN_POINT('',(-0.00895,-0.04795,0.0406));
#4215=CARTESIAN_POINT('',(-0.01055,-0.04795,0.0406));
#4216=CARTESIAN_POINT('',(-0.01065,-0.04795,0.0406));
#4217=CARTESIAN_POINT('',(-0.01415,-0.04795,0.0406));
#4218=CARTESIAN_POINT('',(-0.01765,-0.04795,0.0406));
#4219=CARTESIAN_POINT('',(-0.0351,-0.04795,0.0406));
#4220=CARTESIAN_POINT('',(-0.0381,-0.04795,0.0406));
#4221=CARTESIAN_POINT('',(-0.0381,-0.04795,0.0386));
#4222=CARTESIAN_POINT('',(-0.0381,-0.04795,0.0316));
#4223=CARTESIAN_POINT('',(-3.42621396812864E-18,-0.04795,0.0316));
#4224=CARTESIAN_POINT('',(-0.0317327333972698,-0.04795,0.0316));
#4225=CARTESIAN_POINT('',(-0.0317327333972698,-0.04795,0.0276));
#4226=CARTESIAN_POINT('',(-0.0280185612377193,-0.04795,0.0261151009565564));
#4227=CARTESIAN_POINT('',(-0.0201985606486691,-0.04795,0.0456752377912869));
#4228=CARTESIAN_POINT('',(-0.0321,-0.04795,0.0159062141714877));
#4229=CARTESIAN_POINT('',(-0.0321,-0.04795,0.0136));
#4230=CARTESIAN_POINT('',(-0.0321,-0.04795,0.0136));
#4231=CARTESIAN_POINT('',(-1.08082459562418E-18,-0.04795,0.0136));
#4232=CARTESIAN_POINT('',(-0.0351,0.02305,0.0406));
#4233=CARTESIAN_POINT('',(-0.03255,-0.03795,0.0406));
#4234=CARTESIAN_POINT('',(-0.0357,-0.03795,0.0406));
#4235=CARTESIAN_POINT('',(-0.03255,-0.02245,0.0406));
#4236=CARTESIAN_POINT('',(-0.0357,-0.02245,0.0406));
#4237=CARTESIAN_POINT('',(-0.03255,-0.00245,0.0406));
#4238=CARTESIAN_POINT('',(-0.0357,-0.00245,0.0406));
#4239=CARTESIAN_POINT('',(-0.03255,0.01305,0.0406));
#4240=CARTESIAN_POINT('',(-0.0357,0.01305,0.0406));
#4241=CARTESIAN_POINT('',(-0.0321,0.01705,0.0406));
#4242=CARTESIAN_POINT('',(-0.0381,0.01705,0.0406));
#4243=CARTESIAN_POINT('',(-0.0381,0.02305,0.0406));
#4244=CARTESIAN_POINT('',(-0.01415,-0.04445,0.0406));
#4245=CARTESIAN_POINT('',(-0.01615,-0.04645,0.0406));
#4246=CARTESIAN_POINT('',(-0.01615,-0.04795,0.0406));
#4247=CARTESIAN_POINT('',(-0.01615,-0.04295,0.0406));
#4248=CARTESIAN_POINT('',(-0.02955,-0.04295,0.0406));
#4249=CARTESIAN_POINT('',(-0.022,-0.04295,0.0406));
#4250=CARTESIAN_POINT('',(-0.022,0.02305,0.0406));
#4251=CARTESIAN_POINT('',(-0.0381,0.02305,0.0386));
#4252=CARTESIAN_POINT('',(-0.0381,0.01705,0.0386));
#4253=CARTESIAN_POINT('',(-0.0381,0.01705,0.0316));
#4254=CARTESIAN_POINT('',(-0.0381,-0.04795,0.0316));
#4255=CARTESIAN_POINT('',(0.,-0.04295,0.0136));
#4256=CARTESIAN_POINT('',(-1.17171974757535E-17,-0.04295,0.0406));
#4257=CARTESIAN_POINT('',(-0.01415,-0.04295,0.0406));
#4258=CARTESIAN_POINT('',(-0.01215,-0.04295,0.0406));
#4259=CARTESIAN_POINT('',(-0.01055,-0.04295,0.0406));
#4260=CARTESIAN_POINT('',(-0.00895,-0.04295,0.0406));
#4261=CARTESIAN_POINT('',(-3.46944695195361E-18,-0.04295,0.0406));
#4262=CARTESIAN_POINT('',(0.00895,-0.04295,0.0406));
#4263=CARTESIAN_POINT('',(0.01055,-0.04295,0.0406));
#4264=CARTESIAN_POINT('',(0.01215,-0.04295,0.0406));
#4265=CARTESIAN_POINT('',(0.01415,-0.04295,0.0406));
#4266=CARTESIAN_POINT('',(0.0321,-0.04795,0.0136));
#4267=CARTESIAN_POINT('',(0.0321,-0.04795,0.0186));
#4268=CARTESIAN_POINT('',(0.0321,-0.04695,0.0186));
#4269=CARTESIAN_POINT('',(0.0321,0.01705,0.0186));
#4270=CARTESIAN_POINT('',(0.0321,-0.04695,0.0159062141714877));
#4271=CARTESIAN_POINT('',(0.0321,-0.04795,0.0136));
#4272=CARTESIAN_POINT('',(0.0321,0.01705,0.0136));
#4273=CARTESIAN_POINT('',(0.0321,0.01705,0.0136));
#4274=CARTESIAN_POINT('',(0.0297012435940125,-0.04795,0.0246));
#4275=CARTESIAN_POINT('',(0.0297012435940125,0.01705,0.0246));
#4276=CARTESIAN_POINT('',(0.0289471042776069,0.01705,0.0264863257174173));
#4277=CARTESIAN_POINT('',(0.0289471042776069,-0.04795,0.0264863257174173));
#4278=CARTESIAN_POINT('',(0.0289471042776069,-0.04695,0.0264863257174173));
#4279=CARTESIAN_POINT('',(0.0321,-0.04695,0.0186));
#4280=CARTESIAN_POINT('',(-0.0266949212759433,-0.04795,0.0321197022354546));
#4281=CARTESIAN_POINT('',(-0.0289471042776069,0.0229282671394413,0.0264863257174173));
#4282=CARTESIAN_POINT('',(-0.0289471042776069,-0.04695,0.0264863257174173));
#4283=CARTESIAN_POINT('',(-0.0289471042776069,0.01705,0.0264863257174173));
#4284=CARTESIAN_POINT('',(-0.0266949212759433,0.01705,0.0321197022354546));
#4285=CARTESIAN_POINT('',(-0.0321,0.01705,0.0186));
#4286=CARTESIAN_POINT('',(-0.0321,-0.04795,0.0186));
#4287=CARTESIAN_POINT('',(-0.0321,-0.04695,0.0186));
#4288=CARTESIAN_POINT('',(-0.0266949212759433,-0.04695,0.0321197022354546));
#4289=CARTESIAN_POINT('',(-0.0321,-0.04795,0.0136));
#4290=CARTESIAN_POINT('',(-0.0321,-0.04695,0.0159062141714877));
#4291=CARTESIAN_POINT('',(-0.0321,0.01705,0.0136));
#4292=CARTESIAN_POINT('',(-0.0321,0.01705,0.0136));
#4293=CARTESIAN_POINT('',(-0.0321,-0.04795,0.0136));
#4294=CARTESIAN_POINT('',(-1.08082459562418E-18,-0.04795,0.0136));
#4295=CARTESIAN_POINT('',(0.0261,0.01705,0.0136));
#4296=CARTESIAN_POINT('',(-0.0261,0.01705,0.0136));
#4297=CARTESIAN_POINT('',(-0.0116224139928817,-0.0259827587731183,0.0136));
#4298=CARTESIAN_POINT('',(-0.0134724139928817,-0.0259827587731183,0.0136));
#4299=CARTESIAN_POINT('',(0.0116224139928818,-0.0259827587731183,0.0136));
#4300=CARTESIAN_POINT('',(0.00977241399288182,-0.0259827587731183,0.0136));
#4301=CARTESIAN_POINT('',(-0.0116224139928817,0.00608275877311826,0.0136));
#4302=CARTESIAN_POINT('',(-0.0134724139928817,0.00608275877311826,0.0136));
#4303=CARTESIAN_POINT('',(0.0116224139928818,0.00608275877311826,0.0136));
#4304=CARTESIAN_POINT('',(0.00977241399288184,0.00608275877311826,0.0136));
#4305=CARTESIAN_POINT('',(0.01415,-0.04795,0.0406));
#4306=CARTESIAN_POINT('',(0.01215,-0.04795,0.0406));
#4307=CARTESIAN_POINT('',(0.01215,-0.04645,0.0406));
#4308=CARTESIAN_POINT('',(0.01415,-0.04645,0.0406));
#4309=CARTESIAN_POINT('',(0.01055,-0.04795,0.0406));
#4310=CARTESIAN_POINT('',(0.01415,-0.04445,0.0406));
#4311=CARTESIAN_POINT('',(0.00895,-0.04795,0.0406));
#4312=CARTESIAN_POINT('',(-4.55027154757779E-18,-0.04795,0.0406));
#4313=CARTESIAN_POINT('',(-0.00895,-0.04795,0.0406));
#4314=CARTESIAN_POINT('',(-0.01055,-0.04795,0.0406));
#4315=CARTESIAN_POINT('',(-0.01215,-0.04795,0.0406));
#4316=CARTESIAN_POINT('',(-0.01215,-0.04645,0.0406));
#4317=CARTESIAN_POINT('',(-0.01415,-0.04445,0.0406));
#4318=CARTESIAN_POINT('',(-0.01415,-0.04795,0.0406));
#4319=CARTESIAN_POINT('',(-0.01415,-0.04645,0.0406));
#4320=CARTESIAN_POINT('',(2.54968718648565E-18,0.02305,0.0406));
#4321=CARTESIAN_POINT('',(0.0144260031384729,0.0073708914093327,0.0239855766079907));
#4322=CARTESIAN_POINT('',(0.0147204158386341,0.00608166968347263,0.0242510476353531));
#4323=CARTESIAN_POINT('',(0.0144268174642818,0.00479898249548634,0.0239864004126521));
#4324=CARTESIAN_POINT('',(0.0137306288304481,0.00385296427906597,0.0233996265933702));
#4325=CARTESIAN_POINT('',(0.0128045640396936,0.00325658473676606,0.0226964732253041));
#4326=CARTESIAN_POINT('',(0.0113944327032098,0.0029382992803226,0.0217437886154797));
#4327=CARTESIAN_POINT('',(0.00985149982309834,0.00342443816589479,0.0209080345669003));
#4328=CARTESIAN_POINT('',(0.00881995588390704,0.00477588886604761,0.0204429797912903));
#4329=CARTESIAN_POINT('',(0.00852694389502411,0.00606782059965918,0.0203201168462094));
#4330=CARTESIAN_POINT('',(0.00880697041174181,0.00736080927421603,0.0204371826763466));
#4331=CARTESIAN_POINT('',(0.00957098738235147,0.00838519189087853,0.0207820005840621));
#4332=CARTESIAN_POINT('',(0.0106166697487196,0.00898728009412755,0.0213173601116119));
#4333=CARTESIAN_POINT('',(0.0117368766343541,0.00914691298882201,0.0219769029994228));
#4334=CARTESIAN_POINT('',(0.0128023956550674,0.0089105189652536,0.0226944765254591));
#4335=CARTESIAN_POINT('',(0.013724964968997,0.00831716522121872,0.0233952364663556));
#4336=CARTESIAN_POINT('',(0.0144260031384729,0.0073708914093327,0.0239855766079907));
#4337=CARTESIAN_POINT('',(0.0147204158386341,0.00608166968347263,0.0242510476353531));
#4338=CARTESIAN_POINT('',(0.0144268174642818,0.00479898249548634,0.0239864004126521));
#4339=CARTESIAN_POINT('',(0.0146224139928818,0.00608275877311826,0.0241626945936758));
#4340=CARTESIAN_POINT('',(-0.00881409550352536,-0.0246876567141702,0.0204404983547392));
#4341=CARTESIAN_POINT('',(-0.00852691349789996,-0.0259838983902093,0.0203200251978348));
#4342=CARTESIAN_POINT('',(-0.00881273446216517,-0.0272733023637023,0.0204399378706195));
#4343=CARTESIAN_POINT('',(-0.00983855764814485,-0.0286347468894365,0.0209015599275681));
#4344=CARTESIAN_POINT('',(-0.0113925709224651,-0.0291291694448511,0.0217421946281555));
#4345=CARTESIAN_POINT('',(-0.0128068021931726,-0.028807261454504,0.0226981977225221));
#4346=CARTESIAN_POINT('',(-0.0137261315451132,-0.028216675155701,0.0233960763246338));
#4347=CARTESIAN_POINT('',(-0.0144273440430432,-0.0272662138564921,0.023986773117996));
#4348=CARTESIAN_POINT('',(-0.0147201693068812,-0.0259868887311163,0.0242508348006297));
#4349=CARTESIAN_POINT('',(-0.0144264580783483,-0.0246956641313679,0.02398605114199));
#4350=CARTESIAN_POINT('',(-0.0137274882968487,-0.0237502707533013,0.023397080066426));
#4351=CARTESIAN_POINT('',(-0.0128009153943888,-0.0231549025474464,0.0226938349897231));
#4352=CARTESIAN_POINT('',(-0.011387143924675,-0.0228379668273454,0.0217391863208723));
#4353=CARTESIAN_POINT('',(-0.00984129469583789,-0.0233307038684607,0.0209030025963817));
#4354=CARTESIAN_POINT('',(-0.00881409550352536,-0.0246876567141702,0.0204404983547392));
#4355=CARTESIAN_POINT('',(-0.00852691349789996,-0.0259838983902093,0.0203200251978348));
#4356=CARTESIAN_POINT('',(-0.00881273446216517,-0.0272733023637023,0.0204399378706195));
#4357=CARTESIAN_POINT('',(-0.00862241399288173,-0.0259827587731183,0.020360089502783));
#4358=CARTESIAN_POINT('',(0.0144260031384729,-0.0246946261369039,0.0239855766079907));
#4359=CARTESIAN_POINT('',(0.014720415838634,-0.0259838478627639,0.0242510476353531));
#4360=CARTESIAN_POINT('',(0.0144268174642818,-0.0272665350507502,0.0239864004126521));
#4361=CARTESIAN_POINT('',(0.0137306288304481,-0.0282125532671706,0.0233996265933702));
#4362=CARTESIAN_POINT('',(0.0128045640396936,-0.0288089328094705,0.0226964732253041));
#4363=CARTESIAN_POINT('',(0.0113944327032098,-0.029127218265914,0.0217437886154796));
#4364=CARTESIAN_POINT('',(0.00985149982309831,-0.0286410793803418,0.0209080345669003));
#4365=CARTESIAN_POINT('',(0.00881995588390703,-0.027289628680189,0.0204429797912903));
#4366=CARTESIAN_POINT('',(0.00852694389502409,-0.0259976969465774,0.0203201168462094));
#4367=CARTESIAN_POINT('',(0.00880697041174179,-0.0247047082720205,0.0204371826763466));
#4368=CARTESIAN_POINT('',(0.00957098738235145,-0.023680325655358,0.0207820005840621));
#4369=CARTESIAN_POINT('',(0.0106166697487195,-0.023078237452109,0.0213173601116119));
#4370=CARTESIAN_POINT('',(0.0117368766343541,-0.0229186045574146,0.0219769029994228));
#4371=CARTESIAN_POINT('',(0.0128023956550674,-0.023154998580983,0.0226944765254591));
#4372=CARTESIAN_POINT('',(0.013724964968997,-0.0237483523250178,0.0233952364663556));
#4373=CARTESIAN_POINT('',(0.0144260031384729,-0.0246946261369039,0.0239855766079907));
#4374=CARTESIAN_POINT('',(0.014720415838634,-0.0259838478627639,0.0242510476353531));
#4375=CARTESIAN_POINT('',(0.0144268174642818,-0.0272665350507502,0.0239864004126521));
#4376=CARTESIAN_POINT('',(0.0146224139928818,-0.0259827587731183,0.0241626945936758));
#4377=CARTESIAN_POINT('',(-0.00881409550352533,0.00737786083206638,0.0204404983547392));
#4378=CARTESIAN_POINT('',(-0.00852691349789997,0.00608161915602724,0.0203200251978348));
#4379=CARTESIAN_POINT('',(-0.00881273446216515,0.00479221518253422,0.0204399378706195));
#4380=CARTESIAN_POINT('',(-0.00983855764814483,0.00343077065680003,0.0209015599275681));
#4381=CARTESIAN_POINT('',(-0.0113925709224651,0.00293634810138544,0.0217421946281555));
#4382=CARTESIAN_POINT('',(-0.0128068021931726,0.00325825609173256,0.0226981977225221));
#4383=CARTESIAN_POINT('',(-0.0137261315451132,0.00384884239053554,0.0233960763246338));
#4384=CARTESIAN_POINT('',(-0.0144273440430432,0.00479930368974446,0.023986773117996));
#4385=CARTESIAN_POINT('',(-0.0147201693068812,0.00607862881512033,0.0242508348006297));
#4386=CARTESIAN_POINT('',(-0.0144264580783483,0.00736985341486864,0.0239860511419899));
#4387=CARTESIAN_POINT('',(-0.0137274882968486,0.00831524679293533,0.023397080066426));
#4388=CARTESIAN_POINT('',(-0.0128009153943888,0.00891061499879018,0.022693834989723));
#4389=CARTESIAN_POINT('',(-0.011387143924675,0.00922755071889114,0.0217391863208723));
#4390=CARTESIAN_POINT('',(-0.00984129469583786,0.00873481367777589,0.0209030025963817));
#4391=CARTESIAN_POINT('',(-0.00881409550352533,0.00737786083206638,0.0204404983547392));
#4392=CARTESIAN_POINT('',(-0.00852691349789997,0.00608161915602724,0.0203200251978348));
#4393=CARTESIAN_POINT('',(-0.00881273446216515,0.00479221518253422,0.0204399378706195));
#4394=CARTESIAN_POINT('',(-0.00862241399288173,0.00608275877311826,0.020360089502783));
#4395=CARTESIAN_POINT('',(-0.0116224139928817,0.00608275877311826,0.0166));
#4396=CARTESIAN_POINT('',(-0.0116224139928817,0.00608275877311826,0.0166));
#4397=CARTESIAN_POINT('',(-0.00862241399288172,0.00608275877311826,0.0166));
#4398=CARTESIAN_POINT('',(5.55111512312578E-17,-0.00995,0.0166));
#4399=CARTESIAN_POINT('',(-0.0116224139928817,0.00608275877311826,0.0166));
#4400=CARTESIAN_POINT('',(-0.00977241399288172,0.00608275877311826,0.0166));
#4401=CARTESIAN_POINT('',(0.0116224139928818,-0.0259827587731183,0.0166));
#4402=CARTESIAN_POINT('',(0.0116224139928818,-0.0259827587731183,0.0166));
#4403=CARTESIAN_POINT('',(0.0146224139928818,-0.0259827587731183,0.0166));
#4404=CARTESIAN_POINT('',(5.55111512312578E-17,-0.00995,0.0166));
#4405=CARTESIAN_POINT('',(0.0116224139928818,-0.0259827587731183,0.0166));
#4406=CARTESIAN_POINT('',(0.0134724139928818,-0.0259827587731183,0.0166));
#4407=CARTESIAN_POINT('',(-0.0116224139928817,-0.0259827587731183,0.0166));
#4408=CARTESIAN_POINT('',(-0.0116224139928817,-0.0259827587731183,0.0166));
#4409=CARTESIAN_POINT('',(-0.00862241399288174,-0.0259827587731183,0.0166));
#4410=CARTESIAN_POINT('',(5.55111512312578E-17,-0.00995,0.0166));
#4411=CARTESIAN_POINT('',(-0.0116224139928817,-0.0259827587731183,0.0166));
#4412=CARTESIAN_POINT('',(-0.00977241399288174,-0.0259827587731183,0.0166));
#4413=CARTESIAN_POINT('',(0.0116224139928818,0.00608275877311826,0.0166));
#4414=CARTESIAN_POINT('',(0.0116224139928818,0.00608275877311826,0.0166));
#4415=CARTESIAN_POINT('',(0.0146224139928818,0.00608275877311826,0.0166));
#4416=CARTESIAN_POINT('',(5.55111512312578E-17,-0.00995,0.0166));
#4417=CARTESIAN_POINT('',(0.0116224139928818,0.00608275877311826,0.0166));
#4418=CARTESIAN_POINT('',(0.0134724139928818,0.00608275877311826,0.0166));
#4419=CARTESIAN_POINT('',(0.0116224139928818,0.00608275877311826,-0.0068));
#4420=CARTESIAN_POINT('',(-0.0116224139928817,-0.0259827587731183,-0.0068));
#4421=CARTESIAN_POINT('',(0.0116224139928818,-0.0259827587731183,-0.0068));
#4422=CARTESIAN_POINT('',(-0.0116224139928817,0.00608275877311826,-0.0068));
#4423=CARTESIAN_POINT('',(-0.01415,-0.04795,0.0406));
#4424=CARTESIAN_POINT('',(0.01415,-0.04645,0.0406));
#4425=CARTESIAN_POINT('',(-0.0327012435940125,0.02305,0.0306));
#4426=CARTESIAN_POINT('',(-0.0371,0.02305,0.0306));
#4427=CARTESIAN_POINT('',(-0.0371,-0.04695,0.0306));
#4428=CARTESIAN_POINT('',(-0.0371,0.01705,0.0306));
#4429=CARTESIAN_POINT('',(-0.0261,0.01705,0.0306));
#4430=CARTESIAN_POINT('',(-0.0317327333972698,0.01705,0.0306));
#4431=CARTESIAN_POINT('',(-0.0317327333972698,-0.04795,0.0306));
#4432=CARTESIAN_POINT('',(-0.0317327333972698,-0.04695,0.0306));
#4433=CARTESIAN_POINT('',(-0.0327012435940125,-0.04695,0.0306));
#4434=CARTESIAN_POINT('',(0.0327012435940125,0.02305,0.0306));
#4435=CARTESIAN_POINT('',(0.0317327333972699,0.0229282671394413,0.0306));
#4436=CARTESIAN_POINT('',(0.0317327333972698,-0.04695,0.0306));
#4437=CARTESIAN_POINT('',(0.0317327333972699,0.01705,0.0306));
#4438=CARTESIAN_POINT('',(0.0327012435940125,0.01705,0.0306));
#4439=CARTESIAN_POINT('',(0.0371,0.01705,0.0306));
#4440=CARTESIAN_POINT('',(0.0371,-0.04795,0.0306));
#4441=CARTESIAN_POINT('',(0.0371,-0.04695,0.0306));
#4442=CARTESIAN_POINT('',(0.0317327333972698,-0.04695,0.0306));
#4443=CARTESIAN_POINT('',(-0.03255,-0.03795,0.0336));
#4444=CARTESIAN_POINT('',(-0.03255,-0.03795,0.0391));
#4445=CARTESIAN_POINT('',(-0.03534,-0.03795,0.0391));
#4446=CARTESIAN_POINT('',(-0.03255,-0.03795,0.0336));
#4447=CARTESIAN_POINT('',(-0.02976,-0.03795,0.0336));
#4448=CARTESIAN_POINT('',(6.93889390390723E-18,-0.01245,0.0336));
#4449=CARTESIAN_POINT('',(-0.03255,-0.02245,0.0336));
#4450=CARTESIAN_POINT('',(-0.03255,-0.02245,0.0391));
#4451=CARTESIAN_POINT('',(-0.03534,-0.02245,0.0391));
#4452=CARTESIAN_POINT('',(-0.03255,-0.02245,0.0336));
#4453=CARTESIAN_POINT('',(-0.02976,-0.02245,0.0336));
#4454=CARTESIAN_POINT('',(6.93889390390723E-18,-0.01245,0.0336));
#4455=CARTESIAN_POINT('',(-0.03255,-0.00245,0.0336));
#4456=CARTESIAN_POINT('',(-0.03255,-0.00245,0.0391));
#4457=CARTESIAN_POINT('',(-0.03534,-0.00245,0.0391));
#4458=CARTESIAN_POINT('',(-0.03255,-0.00245,0.0336));
#4459=CARTESIAN_POINT('',(-0.02976,-0.00245,0.0336));
#4460=CARTESIAN_POINT('',(6.93889390390723E-18,-0.01245,0.0336));
#4461=CARTESIAN_POINT('',(-0.03255,0.01305,0.0336));
#4462=CARTESIAN_POINT('',(-0.03255,0.01305,0.0391));
#4463=CARTESIAN_POINT('',(-0.03534,0.01305,0.0391));
#4464=CARTESIAN_POINT('',(-0.03255,0.01305,0.0336));
#4465=CARTESIAN_POINT('',(-0.02976,0.01305,0.0336));
#4466=CARTESIAN_POINT('',(6.93889390390723E-18,-0.01245,0.0336));
#4467=CARTESIAN_POINT('',(0.03255,0.01305,0.0336));
#4468=CARTESIAN_POINT('',(0.03255,0.01305,0.0391));
#4469=CARTESIAN_POINT('',(0.02976,0.01305,0.0391));
#4470=CARTESIAN_POINT('',(0.03255,0.01305,0.0336));
#4471=CARTESIAN_POINT('',(0.03534,0.01305,0.0336));
#4472=CARTESIAN_POINT('',(6.93889390390723E-18,-0.01245,0.0336));
#4473=CARTESIAN_POINT('',(0.03255,-0.00245,0.0336));
#4474=CARTESIAN_POINT('',(0.03255,-0.00245,0.0391));
#4475=CARTESIAN_POINT('',(0.02976,-0.00245,0.0391));
#4476=CARTESIAN_POINT('',(0.03255,-0.00245,0.0336));
#4477=CARTESIAN_POINT('',(0.03534,-0.00245,0.0336));
#4478=CARTESIAN_POINT('',(6.93889390390723E-18,-0.01245,0.0336));
#4479=CARTESIAN_POINT('',(0.03255,-0.02245,0.0336));
#4480=CARTESIAN_POINT('',(0.03255,-0.02245,0.0391));
#4481=CARTESIAN_POINT('',(0.02976,-0.02245,0.0391));
#4482=CARTESIAN_POINT('',(0.03255,-0.02245,0.0336));
#4483=CARTESIAN_POINT('',(0.03534,-0.02245,0.0336));
#4484=CARTESIAN_POINT('',(6.93889390390723E-18,-0.01245,0.0336));
#4485=CARTESIAN_POINT('',(0.03255,-0.03795,0.0336));
#4486=CARTESIAN_POINT('',(0.03255,-0.03795,0.0391));
#4487=CARTESIAN_POINT('',(0.02976,-0.03795,0.0391));
#4488=CARTESIAN_POINT('',(0.03255,-0.03795,0.0336));
#4489=CARTESIAN_POINT('',(0.03534,-0.03795,0.0336));
#4490=CARTESIAN_POINT('',(6.93889390390723E-18,-0.01245,0.0336));
#4491=CARTESIAN_POINT('',(0.03255,-0.03795,0.0391));
#4492=CARTESIAN_POINT('',(0.03255,-0.02245,0.0391));
#4493=CARTESIAN_POINT('',(0.03255,-0.00245,0.0391));
#4494=CARTESIAN_POINT('',(0.03255,0.01305,0.0391));
#4495=CARTESIAN_POINT('',(-0.03255,-0.03795,0.0391));
#4496=CARTESIAN_POINT('',(-0.03255,-0.02245,0.0391));
#4497=CARTESIAN_POINT('',(-0.03255,-0.00245,0.0391));
#4498=CARTESIAN_POINT('',(-0.03255,0.01305,0.0391));
#4499=CARTESIAN_POINT('',(0.0261,0.01705,0.0136));
#4500=CARTESIAN_POINT('',(0.0261,0.01705,0.0174450615210042));
#4501=CARTESIAN_POINT('',(-0.0261,0.01705,0.0376));
#4502=CARTESIAN_POINT('',(-0.0261,0.01705,0.0174450615210043));
#4503=CARTESIAN_POINT('',(0.0317327333972698,-0.04795,0.0276));
#4504=CARTESIAN_POINT('',(0.0317327333972699,0.01705,0.0276));
#4505=CARTESIAN_POINT('',(0.0317327333972698,-0.04695,0.0276));
#4506=CARTESIAN_POINT('',(-0.0317327333972698,0.02305,0.0276));
#4507=CARTESIAN_POINT('',(-0.0317327333972698,0.01705,0.0276));
#4508=CARTESIAN_POINT('',(-0.0317327333972698,-0.04695,0.0276));
#4509=CARTESIAN_POINT('',(0.0201985606486691,-0.04695,0.0456752377912869));
#4510=CARTESIAN_POINT('',(0.0280185612377193,-0.04695,0.0261151009565564));
#4511=CARTESIAN_POINT('',(0.0317327333972698,-0.04695,0.0276));
#4512=CARTESIAN_POINT('',(0.0317327333972698,-0.04695,0.0316));
#4513=CARTESIAN_POINT('',(0.0327012435940125,-0.04695,0.0316));
#4514=CARTESIAN_POINT('',(0.0371,-0.04695,0.0316));
#4515=CARTESIAN_POINT('',(0.0371,0.02305,0.0316));
#4516=CARTESIAN_POINT('',(0.0371,0.01705,0.0316));
#4517=CARTESIAN_POINT('',(-0.0257663782360557,-0.04695,0.0317484774745937));
#4518=CARTESIAN_POINT('',(-0.0280185612377193,-0.04695,0.0261151009565564));
#4519=CARTESIAN_POINT('',(-0.0317327333972698,-0.04695,0.0276));
#4520=CARTESIAN_POINT('',(-0.0317327333972698,-0.04695,0.0316));
#4521=CARTESIAN_POINT('',(-3.21004904900381E-18,-0.04695,0.0316));
#4522=CARTESIAN_POINT('',(-0.0371,-0.04695,0.0316));
#4523=CARTESIAN_POINT('',(-0.0371,0.02305,0.0316));
#4524=CARTESIAN_POINT('',(-0.0371,0.01705,0.0316));
#4525=CARTESIAN_POINT('',(-0.0211236630366176,0.01705,0.029892353670289));
#4526=CARTESIAN_POINT('',(-0.0233758460382811,0.01705,0.0242589771522517));
#4527=CARTESIAN_POINT('',(-0.0317327333972698,0.01705,0.0276));
#4528=CARTESIAN_POINT('',(-0.0317327333972698,0.01705,0.0366));
#4529=CARTESIAN_POINT('',(-0.0327012435940125,0.01705,0.0366));
#4530=CARTESIAN_POINT('',(-0.0321,0.01705,0.0366));
#4531=CARTESIAN_POINT('',(-0.0321,0.02305,0.0366));
#4532=CARTESIAN_POINT('',(-0.0321,0.02305,0.0366));
#4533=CARTESIAN_POINT('',(-0.0321,0.02305,0.0366));
#4534=CARTESIAN_POINT('',(-0.0327544984738654,0.02305,0.0358146018313686));
#4535=CARTESIAN_POINT('',(-0.0328199483284516,0.0230499999999927,0.0358800516715523));
#4536=CARTESIAN_POINT('',(-0.0328853981686346,0.02305,0.0359455015261378));
#4537=CARTESIAN_POINT('',(-0.034063190293637,0.0227375874545266,0.0342441716476321));
#4538=CARTESIAN_POINT('',(-0.0343147593541116,0.0227741123332667,0.0343852406458864));
#4539=CARTESIAN_POINT('',(-0.0344558283523664,0.0227375874545266,0.0346368097063615));
#4540=CARTESIAN_POINT('',(-0.0357275892324251,0.0214031070795631,0.0322468929210915));
#4541=CARTESIAN_POINT('',(-0.0362642438086958,0.0215811300470318,0.0324357561913056));
#4542=CARTESIAN_POINT('',(-0.0364531070789089,0.0214031070795631,0.0329724107675753));
#4543=CARTESIAN_POINT('',(-0.0368396562122591,0.0194058283499367,0.0309124125452864));
#4544=CARTESIAN_POINT('',(-0.0377113530251214,0.0196581863830963,0.0309886469748747));
#4545=CARTESIAN_POINT('',(-0.0377875874547135,0.0194058283499367,0.0318603437877408));
#4546=CARTESIAN_POINT('',(-0.0371000000000045,0.0178353981738678,0.0306));
#4547=CARTESIAN_POINT('',(-0.0381000000000089,0.0179662978538002,0.0305999999999995));
#4548=CARTESIAN_POINT('',(-0.0381,0.0178353981738678,0.0315999999999955));
#4549=CARTESIAN_POINT('',(-0.0371,0.01705,0.0306));
#4550=CARTESIAN_POINT('',(-0.0381,0.01705,0.0306));
#4551=CARTESIAN_POINT('',(-0.0381,0.01705,0.0316));
#4552=CARTESIAN_POINT('',(-0.0321,0.01705,0.0366));
#4553=CARTESIAN_POINT('',(-0.0321,0.01705,0.0376));
#4554=CARTESIAN_POINT('',(0.0155558454492309,0.01705,0.0438191139869823));
#4555=CARTESIAN_POINT('',(0.0233758460382812,0.01705,0.0242589771522517));
#4556=CARTESIAN_POINT('',(0.0317327333972699,0.01705,0.0276));
#4557=CARTESIAN_POINT('',(0.0317327333972699,0.01705,0.0366));
#4558=CARTESIAN_POINT('',(1.06245057749857E-17,0.01705,0.0366));
#4559=CARTESIAN_POINT('',(0.0321,0.01705,0.0366));
#4560=CARTESIAN_POINT('',(0.0321,0.02305,0.0366));
#4561=CARTESIAN_POINT('',(0.0321,0.02305,0.0366));
#4562=CARTESIAN_POINT('',(0.0321,0.02305,0.0366));
#4563=CARTESIAN_POINT('',(0.0328853981686314,0.02305,0.0359455015261346));
#4564=CARTESIAN_POINT('',(0.0328199483284451,0.0230499999999927,0.0358800516715459));
#4565=CARTESIAN_POINT('',(0.0327544984738622,0.02305,0.0358146018313654));
#4566=CARTESIAN_POINT('',(0.0344558283523679,0.0227375874545266,0.034636809706363));
#4567=CARTESIAN_POINT('',(0.0343147593541146,0.0227741123332666,0.0343852406458894));
#4568=CARTESIAN_POINT('',(0.0340631902936385,0.0227375874545266,0.0342441716476336));
#4569=CARTESIAN_POINT('',(0.0364531070789085,0.0214031070795632,0.0329724107675749));
#4570=CARTESIAN_POINT('',(0.0362642438086949,0.021581130047032,0.0324357561913047));
#4571=CARTESIAN_POINT('',(0.0357275892324247,0.0214031070795632,0.0322468929210911));
#4572=CARTESIAN_POINT('',(0.0377875874547137,0.0194058283499362,0.031860343787741));
#4573=CARTESIAN_POINT('',(0.0377113530251217,0.0196581863830952,0.030988646974875));
#4574=CARTESIAN_POINT('',(0.0368396562122592,0.0194058283499362,0.0309124125452865));
#4575=CARTESIAN_POINT('',(0.0381,0.017835398173869,0.0315999999999955));
#4576=CARTESIAN_POINT('',(0.0381000000000089,0.0179662978538026,0.0305999999999995));
#4577=CARTESIAN_POINT('',(0.0371000000000045,0.017835398173869,0.0306));
#4578=CARTESIAN_POINT('',(0.0381,0.01705,0.0316));
#4579=CARTESIAN_POINT('',(0.0381,0.01705,0.0306));
#4580=CARTESIAN_POINT('',(0.0371,0.01705,0.0306));
#4581=CARTESIAN_POINT('',(0.0321,0.01705,0.0366));
#4582=CARTESIAN_POINT('',(0.0321,0.01705,0.0386));
#4583=CARTESIAN_POINT('',(0.,0.,0.));
#4584=CARTESIAN_POINT('',(-0.02955,-0.04795,0.0446));
#4585=CARTESIAN_POINT('',(-0.0309590097423303,-0.0363590097423303,0.0446));
#4586=CARTESIAN_POINT('',(-0.0309590097423303,-0.0363590097423303,0.04460075));
#4587=CARTESIAN_POINT('',(-0.03255,-0.0347680194846606,0.0446));
#4588=CARTESIAN_POINT('',(-0.03255,-0.03795,0.0446));
#4589=CARTESIAN_POINT('',(-0.0341408690912976,-0.0363588885620559,0.0446003689648646));
#4590=CARTESIAN_POINT('',(-0.0341409902576697,-0.0363590097423303,0.0446));
#4591=CARTESIAN_POINT('',(-0.0309590097423303,0.0146409902576697,0.0446));
#4592=CARTESIAN_POINT('',(-0.0309590097423303,0.0146409902576697,0.04460075));
#4593=CARTESIAN_POINT('',(-0.03255,0.0162319805153395,0.0446));
#4594=CARTESIAN_POINT('',(-0.03255,0.01305,0.0446));
#4595=CARTESIAN_POINT('',(-0.0341408690913005,0.0146411114379412,0.0446003689648671));
#4596=CARTESIAN_POINT('',(-0.0341409902576697,0.0146409902576697,0.0446));
#4597=CARTESIAN_POINT('',(-0.0309590097423303,-0.00160900974233026,0.0446));
#4598=CARTESIAN_POINT('',(-0.0309590097423303,-0.00160900974233026,0.04460075));
#4599=CARTESIAN_POINT('',(-0.03255,-1.80194846605268E-5,0.0446));
#4600=CARTESIAN_POINT('',(-0.03255,-0.0032,0.0446));
#4601=CARTESIAN_POINT('',(-0.0341408690912976,-0.00160888856205591,0.0446003689648646));
#4602=CARTESIAN_POINT('',(-0.0341409902576697,-0.00160900974233026,0.0446));
#4603=CARTESIAN_POINT('',(-0.0309590097423303,-0.0201090097423302,0.0446));
#4604=CARTESIAN_POINT('',(-0.0309590097423303,-0.0201090097423302,0.04460075));
#4605=CARTESIAN_POINT('',(-0.03255,-0.0185180194846606,0.0446));
#4606=CARTESIAN_POINT('',(-0.03255,-0.0217,0.0446));
#4607=CARTESIAN_POINT('',(-0.0341408690912976,-0.0201088885620559,0.0446003689648646));
#4608=CARTESIAN_POINT('',(-0.0341409902576697,-0.0201090097423302,0.0446));
#4609=CARTESIAN_POINT('',(-0.0321,0.01705,0.0446));
#4610=CARTESIAN_POINT('',(-0.0371,0.01705,0.0446));
#4611=CARTESIAN_POINT('',(-0.0321,0.02205,0.0446));
#4612=CARTESIAN_POINT('',(-0.0371,-0.04795,0.0446));
#4613=CARTESIAN_POINT('',(-0.0371,-0.04695,0.0446));
#4614=CARTESIAN_POINT('',(-0.02955,-0.04695,0.0446));
#4615=CARTESIAN_POINT('',(-0.027,-0.04695,0.0446));
#4616=CARTESIAN_POINT('',(-0.027,-0.04795,0.0446));
#4617=CARTESIAN_POINT('',(-0.027,0.02205,0.0446));
#4618=CARTESIAN_POINT('',(-0.0381,0.02205,0.0446));
#4619=CARTESIAN_POINT('',(0.02955,-0.04795,0.0446));
#4620=CARTESIAN_POINT('',(0.0631409902576697,-0.0143590097423303,0.0446));
#4621=CARTESIAN_POINT('',(0.0341409902576697,0.0146409902576697,0.04460075));
#4622=CARTESIAN_POINT('',(0.03255,0.0162319805153395,0.0446));
#4623=CARTESIAN_POINT('',(0.03255,0.01305,0.0446));
#4624=CARTESIAN_POINT('',(0.0309591309087009,0.0146411114379426,0.0446003689648658));
#4625=CARTESIAN_POINT('',(0.0309590097423303,0.0146409902576697,0.0446));
#4626=CARTESIAN_POINT('',(0.0457659902576697,-0.0317340097423303,0.0446));
#4627=CARTESIAN_POINT('',(0.0341409902576697,-0.0201090097423303,0.04460075));
#4628=CARTESIAN_POINT('',(0.03255,-0.0185180194846606,0.0446));
#4629=CARTESIAN_POINT('',(0.03255,-0.0217,0.0446));
#4630=CARTESIAN_POINT('',(0.0309591309087038,-0.0201088885620545,0.0446003689648634));
#4631=CARTESIAN_POINT('',(0.0309590097423303,-0.0201090097423303,0.0446));
#4632=CARTESIAN_POINT('',(0.0376409902576698,-0.0398590097423303,0.0446));
#4633=CARTESIAN_POINT('',(0.0341409902576697,-0.0363590097423303,0.04460075));
#4634=CARTESIAN_POINT('',(0.03255,-0.0347680194846606,0.0446));
#4635=CARTESIAN_POINT('',(0.03255,-0.03795,0.0446));
#4636=CARTESIAN_POINT('',(0.0309591309087038,-0.0363588885620545,0.0446003689648634));
#4637=CARTESIAN_POINT('',(0.0309590097423303,-0.0363590097423303,0.0446));
#4638=CARTESIAN_POINT('',(0.0550159902576698,-0.0224840097423303,0.0446));
#4639=CARTESIAN_POINT('',(0.0341409902576697,-0.00160900974233028,0.04460075));
#4640=CARTESIAN_POINT('',(0.03255,-1.80194846605397E-5,0.0446));
#4641=CARTESIAN_POINT('',(0.03255,-0.0032,0.0446));
#4642=CARTESIAN_POINT('',(0.0309591309087038,-0.00160888856205448,0.0446003689648634));
#4643=CARTESIAN_POINT('',(0.0309590097423303,-0.00160900974233028,0.0446));
#4644=CARTESIAN_POINT('',(0.0321,0.01705,0.0446));
#4645=CARTESIAN_POINT('',(0.0321,0.02205,0.0446));
#4646=CARTESIAN_POINT('',(0.0371,0.01705,0.0446));
#4647=CARTESIAN_POINT('',(0.02955,0.02205,0.0446));
#4648=CARTESIAN_POINT('',(0.027,0.02205,0.0446));
#4649=CARTESIAN_POINT('',(0.027,-0.04795,0.0446));
#4650=CARTESIAN_POINT('',(0.027,-0.04695,0.0446));
#4651=CARTESIAN_POINT('',(0.0381,-0.04695,0.0446));
#4652=CARTESIAN_POINT('',(0.0371,-0.04695,0.0446));
#4653=CARTESIAN_POINT('',(0.0371,0.02305,0.0446));
#4654=CARTESIAN_POINT('',(-0.02955,-0.04795,0.0406));
#4655=CARTESIAN_POINT('',(-0.0550159902576698,-0.0224840097423303,0.0406));
#4656=CARTESIAN_POINT('',(-0.0341409902576697,-0.00160900974233026,0.04060175));
#4657=CARTESIAN_POINT('',(-0.03255,-1.8019484660526E-5,0.0406));
#4658=CARTESIAN_POINT('',(-0.03255,-0.0032,0.0406));
#4659=CARTESIAN_POINT('',(-0.0309591144198466,-0.00160890505280533,0.0406013647527028));
#4660=CARTESIAN_POINT('',(-0.0309590097423303,-0.00160900974233026,0.0406));
#4661=CARTESIAN_POINT('',(-0.0376409902576698,-0.0398590097423303,0.0406));
#4662=CARTESIAN_POINT('',(-0.0341409902576697,-0.0363590097423303,0.04060175));
#4663=CARTESIAN_POINT('',(-0.03255,-0.0347680194846606,0.0406));
#4664=CARTESIAN_POINT('',(-0.03255,-0.03795,0.0406));
#4665=CARTESIAN_POINT('',(-0.0309591144198466,-0.0363589050528053,0.0406013647527028));
#4666=CARTESIAN_POINT('',(-0.0309590097423303,-0.0363590097423303,0.0406));
#4667=CARTESIAN_POINT('',(-0.0381,0.02305,0.0406));
#4668=CARTESIAN_POINT('',(-0.0381,0.01705,0.0406));
#4669=CARTESIAN_POINT('',(-0.0381,-0.04795,0.0406));
#4670=CARTESIAN_POINT('',(-0.0321,0.01705,0.0406));
#4671=CARTESIAN_POINT('',(-0.0321,0.02305,0.0406));
#4672=CARTESIAN_POINT('',(-0.02955,0.02305,0.0406));
#4673=CARTESIAN_POINT('',(-0.022,0.02305,0.0406));
#4674=CARTESIAN_POINT('',(-0.022,0.02305,0.0406));
#4675=CARTESIAN_POINT('',(-0.022,-0.04295,0.0406));
#4676=CARTESIAN_POINT('',(-0.02955,-0.04295,0.0406));
#4677=CARTESIAN_POINT('',(-0.01615,-0.04295,0.0406));
#4678=CARTESIAN_POINT('',(-0.01615,-0.04795,0.0406));
#4679=CARTESIAN_POINT('',(-0.01615,-0.04645,0.0406));
#4680=CARTESIAN_POINT('',(-0.01415,-0.04445,0.0406));
#4681=CARTESIAN_POINT('',(-0.01765,-0.04795,0.0406));
#4682=CARTESIAN_POINT('',(-0.02955,-0.04795,0.0406));
#4683=CARTESIAN_POINT('',(-0.0631409902576698,-0.0143590097423303,0.0406));
#4684=CARTESIAN_POINT('',(-0.0341409902576697,0.0146409902576697,0.04060175));
#4685=CARTESIAN_POINT('',(-0.03255,0.0162319805153395,0.0406));
#4686=CARTESIAN_POINT('',(-0.03255,0.01305,0.0406));
#4687=CARTESIAN_POINT('',(-0.0309591144198444,0.0146410949471924,0.0406013647527055));
#4688=CARTESIAN_POINT('',(-0.0309590097423303,0.0146409902576697,0.0406));
#4689=CARTESIAN_POINT('',(-0.0457659902576698,-0.0317340097423303,0.0406));
#4690=CARTESIAN_POINT('',(-0.0341409902576697,-0.0201090097423302,0.04060175));
#4691=CARTESIAN_POINT('',(-0.03255,-0.0185180194846606,0.0406));
#4692=CARTESIAN_POINT('',(-0.03255,-0.0217,0.0406));
#4693=CARTESIAN_POINT('',(-0.0309591144198466,-0.0201089050528054,0.0406013647527028));
#4694=CARTESIAN_POINT('',(-0.0309590097423303,-0.0201090097423302,0.0406));
#4695=CARTESIAN_POINT('',(-0.03255,-0.03795,0.0304));
#4696=CARTESIAN_POINT('',(-0.0309590097423303,-0.0363590097423303,0.040603));
#4697=CARTESIAN_POINT('',(-0.0341409902576697,-0.0363590097423303,0.040603));
#4698=CARTESIAN_POINT('',(-0.03255,-0.0217,0.0304));
#4699=CARTESIAN_POINT('',(-0.0309590097423303,-0.0201090097423302,0.040603));
#4700=CARTESIAN_POINT('',(-0.0341409902576697,-0.0201090097423302,0.040603));
#4701=CARTESIAN_POINT('',(-0.03255,-0.0032,0.0304));
#4702=CARTESIAN_POINT('',(-0.0309590097423303,-0.00160900974233026,0.040603));
#4703=CARTESIAN_POINT('',(-0.0341409902576697,-0.00160900974233026,0.040603));
#4704=CARTESIAN_POINT('',(-0.03255,0.01305,0.0304));
#4705=CARTESIAN_POINT('',(-0.0309590097423303,0.0146409902576697,0.040603));
#4706=CARTESIAN_POINT('',(-0.0341409902576697,0.0146409902576697,0.040603));
#4707=CARTESIAN_POINT('',(0.03255,-0.03795,0.0281));
#4708=CARTESIAN_POINT('',(0.0341409902576697,-0.0363590097423303,0.040603));
#4709=CARTESIAN_POINT('',(0.0341408855964941,-0.0363589050691461,0.0406013647720573));
#4710=CARTESIAN_POINT('',(0.03255,-0.03795,0.0406));
#4711=CARTESIAN_POINT('',(0.0309590097423303,-0.0363590097423303,0.04060175));
#4712=CARTESIAN_POINT('',(0.0309590097423303,-0.0363590097423303,0.040603));
#4713=CARTESIAN_POINT('',(0.03255,-0.0217,0.0281));
#4714=CARTESIAN_POINT('',(0.0341409902576697,-0.0201090097423303,0.040603));
#4715=CARTESIAN_POINT('',(0.0341408855964941,-0.0201089050691462,0.0406013647720573));
#4716=CARTESIAN_POINT('',(0.03255,-0.0217,0.0406));
#4717=CARTESIAN_POINT('',(0.0309590097423303,-0.0201090097423303,0.04060175));
#4718=CARTESIAN_POINT('',(0.0309590097423303,-0.0201090097423303,0.040603));
#4719=CARTESIAN_POINT('',(0.03255,-0.0032,0.0281));
#4720=CARTESIAN_POINT('',(0.0341409902576697,-0.00160900974233028,0.040603));
#4721=CARTESIAN_POINT('',(0.0341408855964941,-0.00160890506914616,0.0406013647720573));
#4722=CARTESIAN_POINT('',(0.03255,-0.0032,0.0406));
#4723=CARTESIAN_POINT('',(0.0309590097423303,-0.00160900974233028,0.04060175));
#4724=CARTESIAN_POINT('',(0.0309590097423303,-0.00160900974233028,0.040603));
#4725=CARTESIAN_POINT('',(0.03255,0.01305,0.0281));
#4726=CARTESIAN_POINT('',(0.0341409902576697,0.0146409902576697,0.040603));
#4727=CARTESIAN_POINT('',(0.0341408855964964,0.0146410949308516,0.04060136477206));
#4728=CARTESIAN_POINT('',(0.03255,0.01305,0.0406));
#4729=CARTESIAN_POINT('',(0.0309590097423303,0.0146409902576697,0.04060175));
#4730=CARTESIAN_POINT('',(0.0309590097423303,0.0146409902576697,0.040603));
#4731=CARTESIAN_POINT('',(-2.34538937250446E-18,-0.04295,0.0376));
#4732=CARTESIAN_POINT('',(-5.90310629176067E-19,-0.04295,0.0406));
#4733=CARTESIAN_POINT('',(0.022,-0.04295,0.0406));
#4734=CARTESIAN_POINT('',(0.0245,-0.04295,0.0406));
#4735=CARTESIAN_POINT('',(0.01615,-0.04295,0.0406));
#4736=CARTESIAN_POINT('',(0.01415,-0.04295,0.0406));
#4737=CARTESIAN_POINT('',(0.01215,-0.04295,0.0406));
#4738=CARTESIAN_POINT('',(0.01055,-0.04295,0.0406));
#4739=CARTESIAN_POINT('',(0.00895,-0.04295,0.0406));
#4740=CARTESIAN_POINT('',(-3.46944695195361E-18,-0.04295,0.0406));
#4741=CARTESIAN_POINT('',(-0.00895,-0.04295,0.0406));
#4742=CARTESIAN_POINT('',(-0.01055,-0.04295,0.0406));
#4743=CARTESIAN_POINT('',(-0.01215,-0.04295,0.0406));
#4744=CARTESIAN_POINT('',(-0.01415,-0.04295,0.0406));
#4745=CARTESIAN_POINT('',(-0.01415,-0.04795,0.0406));
#4746=CARTESIAN_POINT('',(-0.01215,-0.04795,0.0406));
#4747=CARTESIAN_POINT('',(-0.01215,-0.04645,0.0406));
#4748=CARTESIAN_POINT('',(-0.01415,-0.04645,0.0406));
#4749=CARTESIAN_POINT('',(-0.01055,-0.04795,0.0406));
#4750=CARTESIAN_POINT('',(-0.01055,-0.04795,0.0406));
#4751=CARTESIAN_POINT('',(-0.01065,-0.04795,0.0406));
#4752=CARTESIAN_POINT('',(-0.00895,-0.04795,0.0406));
#4753=CARTESIAN_POINT('',(-0.01415,-0.04445,0.0406));
#4754=CARTESIAN_POINT('',(-0.00895,-0.04795,0.0406));
#4755=CARTESIAN_POINT('',(-4.55027154757779E-18,-0.04795,0.0406));
#4756=CARTESIAN_POINT('',(0.00895,-0.04795,0.0406));
#4757=CARTESIAN_POINT('',(0.00895,-0.04795,0.0406));
#4758=CARTESIAN_POINT('',(-4.55027154757779E-18,-0.04795,0.0406));
#4759=CARTESIAN_POINT('',(0.01055,-0.04795,0.0406));
#4760=CARTESIAN_POINT('',(0.01215,-0.04795,0.0406));
#4761=CARTESIAN_POINT('',(0.01215,-0.04645,0.0406));
#4762=CARTESIAN_POINT('',(0.01415,-0.04445,0.0406));
#4763=CARTESIAN_POINT('',(0.01065,-0.04795,0.0406));
#4764=CARTESIAN_POINT('',(0.01055,-0.04795,0.0406));
#4765=CARTESIAN_POINT('',(0.01415,-0.04795,0.0406));
#4766=CARTESIAN_POINT('',(0.01615,-0.04795,0.0406));
#4767=CARTESIAN_POINT('',(0.01615,-0.04645,0.0406));
#4768=CARTESIAN_POINT('',(0.01415,-0.04645,0.0406));
#4769=CARTESIAN_POINT('',(0.0245,-0.04795,0.0406));
#4770=CARTESIAN_POINT('',(0.0309590097423303,0.0146409902576697,0.0406));
#4771=CARTESIAN_POINT('',(0.03255,0.0162319805153395,0.0406));
#4772=CARTESIAN_POINT('',(0.0341409902576697,0.0146409902576697,0.0406));
#4773=CARTESIAN_POINT('',(0.0309590097423303,-0.00160900974233028,0.0406));
#4774=CARTESIAN_POINT('',(0.03255,-1.80194846605409E-5,0.0406));
#4775=CARTESIAN_POINT('',(0.0341409902576697,-0.00160900974233028,0.0406));
#4776=CARTESIAN_POINT('',(0.0309590097423303,-0.0201090097423303,0.0406));
#4777=CARTESIAN_POINT('',(0.03255,-0.0185180194846606,0.0406));
#4778=CARTESIAN_POINT('',(0.0341409902576697,-0.0201090097423303,0.0406));
#4779=CARTESIAN_POINT('',(0.0309590097423303,-0.0363590097423303,0.0406));
#4780=CARTESIAN_POINT('',(0.03255,-0.0347680194846606,0.0406));
#4781=CARTESIAN_POINT('',(0.0341409902576697,-0.0363590097423303,0.0406));
#4782=CARTESIAN_POINT('',(0.0245,0.02305,0.0406));
#4783=CARTESIAN_POINT('',(0.0321,0.02305,0.0406));
#4784=CARTESIAN_POINT('',(0.022,0.02305,0.0406));
#4785=CARTESIAN_POINT('',(0.0321,0.01705,0.0406));
#4786=CARTESIAN_POINT('',(0.0381,0.01705,0.0406));
#4787=CARTESIAN_POINT('',(0.0381,0.02305,0.0406));
#4788=CARTESIAN_POINT('',(0.0381,-0.04795,0.0406));
#4789=CARTESIAN_POINT('',(0.0245,-0.04795,0.0406));
#4790=CARTESIAN_POINT('',(0.01765,-0.04795,0.0406));
#4791=CARTESIAN_POINT('',(0.01415,-0.04445,0.0406));
#4792=CARTESIAN_POINT('',(0.022,0.02305,0.0406));
#4793=CARTESIAN_POINT('',(0.027,-0.04795,0.0481918830920368));
#4794=CARTESIAN_POINT('',(0.027,0.02305,0.0481918830920368));
#4795=CARTESIAN_POINT('',(0.027,0.02305,0.049298484809835));
#4796=CARTESIAN_POINT('',(0.027,0.02305,0.0436));
#4797=CARTESIAN_POINT('',(0.027,-0.04795,0.049298484809835));
#4798=CARTESIAN_POINT('',(0.027,-0.04795,0.049298484809835));
#4799=CARTESIAN_POINT('',(0.027,-0.04795,0.0481918830920368));
#4800=CARTESIAN_POINT('',(0.027,-0.04795,0.0436));
#4801=CARTESIAN_POINT('',(0.027,-0.04695,0.0436));
#4802=CARTESIAN_POINT('',(0.027,0.02205,0.0436));
#4803=CARTESIAN_POINT('',(0.0190918830920368,-0.04795,0.0596918830920368));
#4804=CARTESIAN_POINT('',(0.0190918830920368,-0.04795,0.0596918830920368));
#4805=CARTESIAN_POINT('',(0.0252426406871193,-0.04795,0.0535411254969543));
#4806=CARTESIAN_POINT('',(0.0129411254969543,-0.04795,0.0658426406871193));
#4807=CARTESIAN_POINT('',(0.0252426406871193,0.02305,0.0535411254969543));
#4808=CARTESIAN_POINT('',(0.0252426406871193,0.02305,0.0535411254969543));
#4809=CARTESIAN_POINT('',(0.0190918830920368,0.02305,0.0596918830920368));
#4810=CARTESIAN_POINT('',(0.0129411254969543,0.02305,0.0658426406871193));
#4811=CARTESIAN_POINT('',(0.0129411254969543,-0.04795,0.0658426406871193));
#4812=CARTESIAN_POINT('',(6.53898880352629E-19,-0.04795,0.0676));
#4813=CARTESIAN_POINT('',(1.60016081382159E-17,0.02305,0.0676));
#4814=CARTESIAN_POINT('',(0.00869848480983501,0.02305,0.0676));
#4815=CARTESIAN_POINT('',(-0.00869848480983499,0.02305,0.0676));
#4816=CARTESIAN_POINT('',(-0.00869848480983501,-0.04795,0.0676));
#4817=CARTESIAN_POINT('',(-0.00869848480983501,-0.04795,0.0676));
#4818=CARTESIAN_POINT('',(6.53898880352629E-19,-0.04795,0.0676));
#4819=CARTESIAN_POINT('',(0.00869848480983499,-0.04795,0.0676));
#4820=CARTESIAN_POINT('',(0.00869848480983499,-0.04795,0.0676));
#4821=CARTESIAN_POINT('',(-0.0190918830920368,-0.04795,0.0596918830920368));
#4822=CARTESIAN_POINT('',(-0.0190918830920368,0.02305,0.0596918830920368));
#4823=CARTESIAN_POINT('',(-0.0129411254969543,0.02305,0.0658426406871193));
#4824=CARTESIAN_POINT('',(-0.0252426406871193,0.02305,0.0535411254969543));
#4825=CARTESIAN_POINT('',(-0.0252426406871193,-0.04795,0.0535411254969543));
#4826=CARTESIAN_POINT('',(-0.0252426406871193,-0.04795,0.0535411254969543));
#4827=CARTESIAN_POINT('',(-0.0190918830920368,-0.04795,0.0596918830920368));
#4828=CARTESIAN_POINT('',(-0.0129411254969543,-0.04795,0.0658426406871193));
#4829=CARTESIAN_POINT('',(-0.0129411254969543,-0.04795,0.0658426406871193));
#4830=CARTESIAN_POINT('',(-0.027,-0.04795,0.0481918830920368));
#4831=CARTESIAN_POINT('',(-0.027,-0.04795,0.0481918830920368));
#4832=CARTESIAN_POINT('',(-0.027,-0.04795,0.049298484809835));
#4833=CARTESIAN_POINT('',(-0.027,-0.04795,0.0436));
#4834=CARTESIAN_POINT('',(-0.027,-0.04795,0.049298484809835));
#4835=CARTESIAN_POINT('',(-0.027,0.02305,0.049298484809835));
#4836=CARTESIAN_POINT('',(-0.027,0.02305,0.0481918830920368));
#4837=CARTESIAN_POINT('',(-0.027,0.02305,0.0436));
#4838=CARTESIAN_POINT('',(-0.027,0.02205,0.0436));
#4839=CARTESIAN_POINT('',(-0.027,-0.04695,0.0436));
#4840=CARTESIAN_POINT('',(-3.42621396812864E-18,-0.04795,0.0376));
#4841=CARTESIAN_POINT('',(0.0381,-0.04795,0.0426));
#4842=CARTESIAN_POINT('',(0.0381,-0.04795,0.0436));
#4843=CARTESIAN_POINT('',(0.027,-0.04795,0.0436));
#4844=CARTESIAN_POINT('',(0.021,-0.04795,0.049298484809835));
#4845=CARTESIAN_POINT('',(0.00869848480983499,-0.04795,0.0616));
#4846=CARTESIAN_POINT('',(-0.00869848480983501,-0.04795,0.0616));
#4847=CARTESIAN_POINT('',(-0.021,-0.04795,0.049298484809835));
#4848=CARTESIAN_POINT('',(-3.42621396812864E-18,-0.04795,0.0436));
#4849=CARTESIAN_POINT('',(-0.0381,-0.04795,0.0436));
#4850=CARTESIAN_POINT('',(-0.0381,-0.04795,0.0426));
#4851=CARTESIAN_POINT('',(-0.01415,-0.04795,0.0406));
#4852=CARTESIAN_POINT('',(0.01415,-0.04795,0.0406));
#4853=CARTESIAN_POINT('',(1.36765740330631E-17,0.02305,0.0406));
#4854=CARTESIAN_POINT('',(1.36765740330631E-17,0.02305,0.0406));
#4855=CARTESIAN_POINT('',(1.19214952897347E-17,0.02305,0.0376));
#4856=CARTESIAN_POINT('',(-0.0321,0.02305,0.0376));
#4857=CARTESIAN_POINT('',(-0.0321,0.02305,0.0436));
#4858=CARTESIAN_POINT('',(-0.027,0.02305,0.0436));
#4859=CARTESIAN_POINT('',(-0.021,0.02305,0.049298484809835));
#4860=CARTESIAN_POINT('',(-0.00869848480983499,0.02305,0.0616));
#4861=CARTESIAN_POINT('',(0.00869848480983501,0.02305,0.0616));
#4862=CARTESIAN_POINT('',(0.021,0.02305,0.049298484809835));
#4863=CARTESIAN_POINT('',(1.19214952897347E-17,0.02305,0.0436));
#4864=CARTESIAN_POINT('',(0.0321,0.02305,0.0436));
#4865=CARTESIAN_POINT('',(0.0321,0.02305,0.0406));
#4866=CARTESIAN_POINT('',(-0.01415,-0.04795,0.0406));
#4867=CARTESIAN_POINT('',(0.01415,-0.04645,0.0406));
#4868=CARTESIAN_POINT('',(0.021,-0.04795,0.049298484809835));
#4869=CARTESIAN_POINT('',(-0.021,-0.04795,0.049298484809835));
#4870=CARTESIAN_POINT('',(-0.00869848480983501,-0.04795,0.0616));
#4871=CARTESIAN_POINT('',(0.00869848480983499,-0.04795,0.0616));
#4872=CARTESIAN_POINT('',(-0.0381,0.02305,0.0426));
#4873=CARTESIAN_POINT('',(-0.0381,0.02305,0.0436));
#4874=CARTESIAN_POINT('',(-0.0381,0.01705,0.0436));
#4875=CARTESIAN_POINT('',(-0.0381,0.01705,0.0426));
#4876=CARTESIAN_POINT('',(0.0381,0.02305,0.0426));
#4877=CARTESIAN_POINT('',(0.0381,0.01705,0.0436));
#4878=CARTESIAN_POINT('',(0.0381,0.01705,0.0436));
#4879=CARTESIAN_POINT('',(0.0381,-0.04795,0.0436));
#4880=CARTESIAN_POINT('',(-0.0341409902576697,-0.0363590097423303,0.040603));
#4881=CARTESIAN_POINT('',(-0.03255,-0.0347680194846606,0.040603));
#4882=CARTESIAN_POINT('',(-0.0309590097423303,-0.0363590097423303,0.040603));
#4883=CARTESIAN_POINT('',(-0.0341409902576697,0.0146409902576697,0.040603));
#4884=CARTESIAN_POINT('',(-0.03255,0.0162319805153395,0.040603));
#4885=CARTESIAN_POINT('',(-0.0309590097423303,0.0146409902576697,0.040603));
#4886=CARTESIAN_POINT('',(-0.0341409902576697,-0.00160900974233026,0.040603));
#4887=CARTESIAN_POINT('',(-0.03255,-1.80194846605256E-5,0.040603));
#4888=CARTESIAN_POINT('',(-0.0309590097423303,-0.00160900974233026,0.040603));
#4889=CARTESIAN_POINT('',(-0.0341409902576697,-0.0201090097423302,0.040603));
#4890=CARTESIAN_POINT('',(-0.03255,-0.0185180194846606,0.040603));
#4891=CARTESIAN_POINT('',(-0.0309590097423303,-0.0201090097423302,0.040603));
#4892=CARTESIAN_POINT('',(0.0309590097423303,-0.0363590097423303,0.040603));
#4893=CARTESIAN_POINT('',(0.03255,-0.0347680194846606,0.040603));
#4894=CARTESIAN_POINT('',(0.0341409902576697,-0.0363590097423303,0.040603));
#4895=CARTESIAN_POINT('',(0.0309590097423303,-0.0201090097423303,0.040603));
#4896=CARTESIAN_POINT('',(0.03255,-0.0185180194846606,0.040603));
#4897=CARTESIAN_POINT('',(0.0341409902576697,-0.0201090097423303,0.040603));
#4898=CARTESIAN_POINT('',(0.0309590097423303,-0.00160900974233028,0.040603));
#4899=CARTESIAN_POINT('',(0.03255,-1.80194846605396E-5,0.040603));
#4900=CARTESIAN_POINT('',(0.0341409902576697,-0.00160900974233028,0.040603));
#4901=CARTESIAN_POINT('',(0.0309590097423303,0.0146409902576697,0.040603));
#4902=CARTESIAN_POINT('',(0.03255,0.0162319805153395,0.040603));
#4903=CARTESIAN_POINT('',(0.0341409902576697,0.0146409902576697,0.040603));
#4904=CARTESIAN_POINT('',(-3.21004904900381E-18,-0.04695,0.0436));
#4905=CARTESIAN_POINT('',(0.0371,-0.04695,0.0436));
#4906=CARTESIAN_POINT('',(0.0371,0.02305,0.0436));
#4907=CARTESIAN_POINT('',(0.0371,0.01705,0.0436));
#4908=CARTESIAN_POINT('',(0.02955,0.02205,0.0436));
#4909=CARTESIAN_POINT('',(0.0321,0.02205,0.0436));
#4910=CARTESIAN_POINT('',(-0.02955,-0.04695,0.0436));
#4911=CARTESIAN_POINT('',(-0.0371,-0.04695,0.0436));
#4912=CARTESIAN_POINT('',(-0.0371,-0.04795,0.0436));
#4913=CARTESIAN_POINT('',(-0.0371,0.01705,0.0436));
#4914=CARTESIAN_POINT('',(1.17053303706099E-17,0.02205,0.0436));
#4915=CARTESIAN_POINT('',(-0.0321,0.02205,0.0436));
#4916=CARTESIAN_POINT('',(0.0321,0.01705,0.0426));
#4917=CARTESIAN_POINT('',(0.0321,0.01705,0.0436));
#4918=CARTESIAN_POINT('',(0.0321,0.01705,0.0436));
#4919=CARTESIAN_POINT('',(-0.0321,0.01705,0.0376));
#4920=CARTESIAN_POINT('',(-0.0321,0.01705,0.0436));
#4921=CARTESIAN_POINT('',(-0.0321,0.01705,0.0436));
#4922=MECHANICAL_DESIGN_GEOMETRIC_PRESENTATION_REPRESENTATION('',(#2793),
#4925);
#4923=MECHANICAL_DESIGN_GEOMETRIC_PRESENTATION_REPRESENTATION('',(#2794),
#4926);
#4924=MECHANICAL_DESIGN_GEOMETRIC_PRESENTATION_REPRESENTATION('',(#2795),
#4927);
#4925=(
GEOMETRIC_REPRESENTATION_CONTEXT(3)
GLOBAL_UNCERTAINTY_ASSIGNED_CONTEXT((#4928))
GLOBAL_UNIT_ASSIGNED_CONTEXT((#4937,#4934,#4931))
REPRESENTATION_CONTEXT('interface-x-carriage-btm',
'TOP_LEVEL_ASSEMBLY_PART')
);
#4926=(
GEOMETRIC_REPRESENTATION_CONTEXT(3)
GLOBAL_UNCERTAINTY_ASSIGNED_CONTEXT((#4929))
GLOBAL_UNIT_ASSIGNED_CONTEXT((#4938,#4935,#4932))
REPRESENTATION_CONTEXT('btm-motor-holder','TOP_LEVEL_ASSEMBLY_PART')
);
#4927=(
GEOMETRIC_REPRESENTATION_CONTEXT(3)
GLOBAL_UNCERTAINTY_ASSIGNED_CONTEXT((#4930))
GLOBAL_UNIT_ASSIGNED_CONTEXT((#4939,#4936,#4933))
REPRESENTATION_CONTEXT('top-motor-holder','TOP_LEVEL_ASSEMBLY_PART')
);
#4928=UNCERTAINTY_MEASURE_WITH_UNIT(LENGTH_MEASURE(1.E-8),#4937,
'DISTANCE_ACCURACY_VALUE','Maximum Tolerance applied to model');
#4929=UNCERTAINTY_MEASURE_WITH_UNIT(LENGTH_MEASURE(2.E-5),#4938,
'DISTANCE_ACCURACY_VALUE','Maximum Tolerance applied to model');
#4930=UNCERTAINTY_MEASURE_WITH_UNIT(LENGTH_MEASURE(2.42838702788125E-5),
#4939,'DISTANCE_ACCURACY_VALUE','Maximum Tolerance applied to model');
#4931=(
NAMED_UNIT(*)
SI_UNIT($,.STERADIAN.)
SOLID_ANGLE_UNIT()
);
#4932=(
NAMED_UNIT(*)
SI_UNIT($,.STERADIAN.)
SOLID_ANGLE_UNIT()
);
#4933=(
NAMED_UNIT(*)
SI_UNIT($,.STERADIAN.)
SOLID_ANGLE_UNIT()
);
#4934=(
NAMED_UNIT(*)
PLANE_ANGLE_UNIT()
SI_UNIT($,.RADIAN.)
);
#4935=(
NAMED_UNIT(*)
PLANE_ANGLE_UNIT()
SI_UNIT($,.RADIAN.)
);
#4936=(
NAMED_UNIT(*)
PLANE_ANGLE_UNIT()
SI_UNIT($,.RADIAN.)
);
#4937=(
LENGTH_UNIT()
NAMED_UNIT(*)
SI_UNIT($,.METRE.)
);
#4938=(
LENGTH_UNIT()
NAMED_UNIT(*)
SI_UNIT($,.METRE.)
);
#4939=(
LENGTH_UNIT()
NAMED_UNIT(*)
SI_UNIT($,.METRE.)
);
#4940=PRODUCT_DEFINITION_SHAPE('','',#4943);
#4941=PRODUCT_DEFINITION_SHAPE('','',#4944);
#4942=PRODUCT_DEFINITION_SHAPE('','',#4945);
#4943=PRODUCT_DEFINITION('','',#4949,#4946);
#4944=PRODUCT_DEFINITION('','',#4950,#4947);
#4945=PRODUCT_DEFINITION('','',#4951,#4948);
#4946=PRODUCT_DEFINITION_CONTEXT('',#4967,'design');
#4947=PRODUCT_DEFINITION_CONTEXT('',#4968,'design');
#4948=PRODUCT_DEFINITION_CONTEXT('',#4969,'design');
#4949=PRODUCT_DEFINITION_FORMATION_WITH_SPECIFIED_SOURCE('','',#4955,
 .NOT_KNOWN.);
#4950=PRODUCT_DEFINITION_FORMATION_WITH_SPECIFIED_SOURCE('','',#4956,
 .NOT_KNOWN.);
#4951=PRODUCT_DEFINITION_FORMATION_WITH_SPECIFIED_SOURCE('','',#4957,
 .NOT_KNOWN.);
#4952=PRODUCT_RELATED_PRODUCT_CATEGORY('','',(#4955));
#4953=PRODUCT_RELATED_PRODUCT_CATEGORY('','',(#4956));
#4954=PRODUCT_RELATED_PRODUCT_CATEGORY('','',(#4957));
#4955=PRODUCT('interface-x-carriage-btm','interface-x-carriage-btm',
'interface-x-carriage-btm',(#4961));
#4956=PRODUCT('btm-motor-holder','btm-motor-holder','btm-motor-holder',
(#4962));
#4957=PRODUCT('top-motor-holder','top-motor-holder','top-motor-holder',
(#4963));
#4958=PRODUCT_CATEGORY('','');
#4959=PRODUCT_CATEGORY('','');
#4960=PRODUCT_CATEGORY('','');
#4961=PRODUCT_CONTEXT('',#4967,'mechanical');
#4962=PRODUCT_CONTEXT('',#4968,'mechanical');
#4963=PRODUCT_CONTEXT('',#4969,'mechanical');
#4964=APPLICATION_PROTOCOL_DEFINITION('international standard',
'ap242_managed_model_based_3d_engineering',2020,#4967);
#4965=APPLICATION_PROTOCOL_DEFINITION('international standard',
'ap242_managed_model_based_3d_engineering',2020,#4968);
#4966=APPLICATION_PROTOCOL_DEFINITION('international standard',
'ap242_managed_model_based_3d_engineering',2020,#4969);
#4967=APPLICATION_CONTEXT('managed model based 3d engineering');
#4968=APPLICATION_CONTEXT('managed model based 3d engineering');
#4969=APPLICATION_CONTEXT('managed model based 3d engineering');
ENDSEC;
END-ISO-10303-21;
