ISO-10303-21;
HEADER;
/* Generated by software containing ST-Developer
 * from STEP Tools, Inc. (www.steptools.com) 
 */
/* OPTION: using custom renumber hook */

FILE_DESCRIPTION(
/* description */ ('STEP AP242 Edition 2',
'CAx-IF Rec.Pracs.---Representation and Presentation of Product Manufa
cturing Information (PMI)---4.0---2014-10-13',
'CAx-IF Rec.Pracs.---3D Tessellated Geometry---0.4---2014-09-14','2;1',
'CAx-IF Rec.Pracs.---User Defined Attributes---1.5---2016-08-15'),
/* implementation_level */ '2;1');

FILE_NAME(
/* name */ 'Assembly',
/* time_stamp */ '2026-09-18T12:47:44Z',
/* author */ (''),
/* organization */ (''),
/* preprocessor_version */ 'ST-DEVELOPER v20',
/* originating_system */ 'ONSHAPE BY PTC INC, 1.220',
/* authorisation */ '  ');

FILE_SCHEMA (('AP242_MANAGED_MODEL_BASED_3D_ENGINEERING_MIM_LF { 1 0 10303 442 3 1 4 }'));
ENDSEC;

DATA;
#10=(
BOUNDED_SURFACE()
B_SPLINE_SURFACE(3,2,((#6254,#6255,#6256),(#6257,#6258,#6259),(#6260,#6261,
#6262),(#6263,#6264,#6265),(#6266,#6267,#6268),(#6269,#6270,#6271),(#6272,
#6273,#6274)),.UNSPECIFIED.,.F.,.F.,.F.)
B_SPLINE_SURFACE_WITH_KNOTS((4,1,1,1,4),(3,3),(1.5707963267949,1.96349540849362,
2.35619449019234,2.74889357189107,3.14159265358979),(0.,1.),
 .UNSPECIFIED.)
GEOMETRIC_REPRESENTATION_ITEM()
RATIONAL_B_SPLINE_SURFACE(((1.,1.,1.),(1.,0.999999999999897,1.),(1.,0.973464424251641,
1.),(1.,0.869029034406348,1.),(1.,0.746571860829597,1.),(1.,0.707106781187783,
1.),(1.,0.707106781186548,1.)))
REPRESENTATION_ITEM('')
SURFACE()
);
#11=(
BOUNDED_SURFACE()
B_SPLINE_SURFACE(3,2,((#6283,#6284,#6285),(#6286,#6287,#6288),(#6289,#6290,
#6291),(#6292,#6293,#6294),(#6295,#6296,#6297),(#6298,#6299,#6300),(#6301,
#6302,#6303)),.UNSPECIFIED.,.F.,.F.,.F.)
B_SPLINE_SURFACE_WITH_KNOTS((4,1,1,1,4),(3,3),(1.5707963267949,1.96349540849362,
2.35619449019234,2.74889357189107,3.14159265358979),(0.,1.),
 .UNSPECIFIED.)
GEOMETRIC_REPRESENTATION_ITEM()
RATIONAL_B_SPLINE_SURFACE(((1.,1.,1.),(1.,0.999999999999897,1.),(1.,0.973464424251642,
1.),(1.,0.869029034406348,1.),(1.,0.746571860829597,1.),(1.,0.707106781187783,
1.),(1.,0.707106781186548,1.)))
REPRESENTATION_ITEM('')
SURFACE()
);
#12=B_SPLINE_CURVE_WITH_KNOTS('',3,(#5802,#5803,#5804,#5805),
 .UNSPECIFIED.,.F.,.F.,(4,4),(0.,0.00471681256779398),.UNSPECIFIED.);
#13=B_SPLINE_CURVE_WITH_KNOTS('',3,(#5807,#5808,#5809,#5810),
 .UNSPECIFIED.,.F.,.F.,(4,4),(0.,0.00471681256779401),.UNSPECIFIED.);
#14=B_SPLINE_CURVE_WITH_KNOTS('',3,(#5812,#5813,#5814,#5815),
 .UNSPECIFIED.,.F.,.F.,(4,4),(0.,0.00471681256779397),.UNSPECIFIED.);
#15=B_SPLINE_CURVE_WITH_KNOTS('',3,(#5817,#5818,#5819,#5820),
 .UNSPECIFIED.,.F.,.F.,(4,4),(1.05519109601004E-17,0.00471681256779401),
 .UNSPECIFIED.);
#16=B_SPLINE_CURVE_WITH_KNOTS('',3,(#5822,#5823,#5824,#5825),
 .UNSPECIFIED.,.F.,.F.,(4,4),(0.,0.00596240459107294),.UNSPECIFIED.);
#17=B_SPLINE_CURVE_WITH_KNOTS('',3,(#5826,#5827,#5828,#5829),
 .UNSPECIFIED.,.F.,.F.,(4,4),(0.,0.00596240459107295),.UNSPECIFIED.);
#18=B_SPLINE_CURVE_WITH_KNOTS('',3,(#5831,#5832,#5833,#5834),
 .UNSPECIFIED.,.F.,.F.,(4,4),(0.,0.00624269229207202),.UNSPECIFIED.);
#19=B_SPLINE_CURVE_WITH_KNOTS('',3,(#5836,#5837,#5838,#5839),
 .UNSPECIFIED.,.F.,.F.,(4,4),(0.,0.00624269229207202),.UNSPECIFIED.);
#20=B_SPLINE_CURVE_WITH_KNOTS('',3,(#6044,#6045,#6046,#6047,#6048,#6049,
#6050,#6051,#6052,#6053,#6054,#6055,#6056,#6057,#6058,#6059,#6060,#6061),
 .UNSPECIFIED.,.T.,.F.,(1,1,1,1,1,1,1,1,1,1,1,1,1,1,1,1,1,1,1,1,1,1),(-0.00385197420980954,
-0.00256798280653969,-0.00128399140326985,0.,0.00128399140326985,0.00256798280653969,
0.00385197420980954,0.00513596561307939,0.00770394841961908,0.00898793982288893,
0.0102719312261588,0.0115559226294286,0.0128399140326985,0.0141239054359683,
0.0154078968392382,0.016691888242508,0.0179758796457779,0.0192598710490477,
0.0205438624523176,0.0218278538555874,0.0231118452588572,0.0243958366621271),
 .UNSPECIFIED.);
#21=B_SPLINE_CURVE_WITH_KNOTS('',3,(#6063,#6064,#6065,#6066,#6067,#6068,
#6069,#6070,#6071,#6072,#6073,#6074,#6075,#6076,#6077,#6078,#6079),
 .UNSPECIFIED.,.T.,.F.,(1,1,1,1,1,1,1,1,1,1,1,1,1,1,1,1,1,1,1,1,1),(-0.00513980587718972,
-0.00256990293859486,-0.00128495146929743,0.,0.00128495146929743,0.00256990293859486,
0.00513980587718973,0.00642475734648716,0.00770970881578459,0.00899466028508202,
0.0102796117543795,0.0115645632236769,0.0128495146929743,0.0141344661622717,
0.0154194176315692,0.017989320570164,0.0192742720394615,0.0205592235087589,
0.0218441749780563,0.0231291264473538,0.0256990293859486),.UNSPECIFIED.);
#22=B_SPLINE_CURVE_WITH_KNOTS('',3,(#6081,#6082,#6083,#6084,#6085,#6086,
#6087,#6088,#6089,#6090,#6091,#6092,#6093,#6094,#6095,#6096,#6097,#6098),
 .UNSPECIFIED.,.T.,.F.,(1,1,1,1,1,1,1,1,1,1,1,1,1,1,1,1,1,1,1,1,1,1),(-0.00385197420980953,
-0.00256798280653969,-0.00128399140326984,0.,0.00128399140326984,0.00256798280653969,
0.00385197420980953,0.00513596561307937,0.00770394841961906,0.0089879398228889,
0.0102719312261587,0.0115559226294286,0.0128399140326984,0.0141239054359683,
0.0154078968392381,0.016691888242508,0.0179758796457778,0.0192598710490476,
0.0205438624523175,0.0218278538555873,0.0231118452588572,0.024395836662127),
 .UNSPECIFIED.);
#23=B_SPLINE_CURVE_WITH_KNOTS('',3,(#6100,#6101,#6102,#6103,#6104,#6105,
#6106,#6107,#6108,#6109,#6110,#6111,#6112,#6113,#6114,#6115,#6116),
 .UNSPECIFIED.,.T.,.F.,(1,1,1,1,1,1,1,1,1,1,1,1,1,1,1,1,1,1,1,1,1),(-0.00513980587718969,
-0.00256990293859484,-0.00128495146929742,0.,0.00128495146929742,0.00256990293859484,
0.00513980587718969,0.00642475734648711,0.00770970881578453,0.00899466028508195,
0.0102796117543794,0.0115645632236768,0.0128495146929742,0.0141344661622716,
0.0154194176315691,0.0179893205701639,0.0192742720394613,0.0205592235087587,
0.0218441749780562,0.0231291264473536,0.0256990293859484),.UNSPECIFIED.);
#24=B_SPLINE_CURVE_WITH_KNOTS('',3,(#6307,#6308,#6309,#6310),
 .UNSPECIFIED.,.F.,.F.,(4,4),(0.,0.00596240459107296),.UNSPECIFIED.);
#25=B_SPLINE_CURVE_WITH_KNOTS('',3,(#6311,#6312,#6313,#6314),
 .UNSPECIFIED.,.F.,.F.,(4,4),(0.,0.00624269229207202),.UNSPECIFIED.);
#26=B_SPLINE_CURVE_WITH_KNOTS('',3,(#6316,#6317,#6318,#6319),
 .UNSPECIFIED.,.F.,.F.,(4,4),(2.13871073731809E-17,0.00624269229207202),
 .UNSPECIFIED.);
#27=B_SPLINE_CURVE_WITH_KNOTS('',3,(#6321,#6322,#6323,#6324),
 .UNSPECIFIED.,.F.,.F.,(4,4),(0.,0.00596240459107297),.UNSPECIFIED.);
#28=TOROIDAL_SURFACE('',#3855,0.005,0.001);
#29=TOROIDAL_SURFACE('',#3858,0.005,0.001);
#30=TOROIDAL_SURFACE('',#4020,0.004,0.001);
#31=TOROIDAL_SURFACE('',#4028,0.004,0.001);
#32=TOROIDAL_SURFACE('',#4036,0.009,0.006);
#33=TOROIDAL_SURFACE('',#4044,0.009,0.006);
#34=ELLIPSE('',#3723,0.029472515164158,0.02);
#35=ELLIPSE('',#3726,0.029472515164158,0.02);
#36=ELLIPSE('',#3731,0.029472515164158,0.02);
#37=ELLIPSE('',#3734,0.029472515164158,0.02);
#38=ELLIPSE('',#3737,0.029472515164158,0.02);
#39=ELLIPSE('',#3738,0.029472515164158,0.02);
#40=ELLIPSE('',#3740,0.029472515164158,0.02);
#41=ELLIPSE('',#3742,0.029472515164158,0.02);
#42=ELLIPSE('',#3807,0.029472515164158,0.02);
#43=ELLIPSE('',#3809,0.029472515164158,0.02);
#44=ELLIPSE('',#3810,0.029472515164158,0.02);
#45=ELLIPSE('',#3812,0.029472515164158,0.02);
#46=ELLIPSE('',#3842,0.00141421356237309,0.001);
#47=ELLIPSE('',#3848,0.00141421356237309,0.001);
#48=ELLIPSE('',#3864,0.00848528137423857,0.006);
#49=ELLIPSE('',#3867,0.00848528137423857,0.006);
#50=ELLIPSE('',#3869,0.00848528137423857,0.006);
#51=ELLIPSE('',#3872,0.00848528137423857,0.006);
#52=ELLIPSE('',#3924,0.00269378582851225,0.001);
#53=ELLIPSE('',#3928,0.00269378582851225,0.001);
#54=ELLIPSE('',#4009,0.0061101458976251,0.006);
#55=ELLIPSE('',#4011,0.0061101458976251,0.006);
#56=ELLIPSE('',#4023,0.00141421356237309,0.001);
#57=ELLIPSE('',#4031,0.00141421356237309,0.001);
#58=ELLIPSE('',#4039,0.00781024967590665,0.006);
#59=ELLIPSE('',#4040,0.00781024967590665,0.006);
#60=ELLIPSE('',#4047,0.00781024967590665,0.006);
#61=ELLIPSE('',#4048,0.00781024967590665,0.006);
#62=SHAPE_REPRESENTATION_RELATIONSHIP('','',#3637,#65);
#63=SHAPE_REPRESENTATION_RELATIONSHIP('','',#3638,#66);
#64=SHAPE_REPRESENTATION_RELATIONSHIP('','',#3639,#67);
#65=ADVANCED_BREP_SHAPE_REPRESENTATION('',(#3631),#6329);
#66=ADVANCED_BREP_SHAPE_REPRESENTATION('',(#3632),#6330);
#67=ADVANCED_BREP_SHAPE_REPRESENTATION('',(#3633),#6331);
#68=CONICAL_SURFACE('',#3706,0.00185,0.380506377112364);
#69=CONICAL_SURFACE('',#3707,0.00215,0.380506377112364);
#70=CONICAL_SURFACE('',#3708,0.00215,0.380506377112364);
#71=CONICAL_SURFACE('',#3709,0.00185,0.380506377112364);
#72=CONICAL_SURFACE('',#3710,0.00175,0.785398163397449);
#73=CONICAL_SURFACE('',#3711,0.00175,0.785398163397448);
#74=CONICAL_SURFACE('',#3712,0.00175,0.785398163397449);
#75=CONICAL_SURFACE('',#3713,0.00175,0.785398163397449);
#76=CONICAL_SURFACE('',#3715,0.006,0.214060683563821);
#77=CONICAL_SURFACE('',#3717,0.006,0.214060683563822);
#78=CONICAL_SURFACE('',#3718,0.006,0.214060683563822);
#79=CONICAL_SURFACE('',#3821,0.0035,0.785398163397449);
#80=CONICAL_SURFACE('',#3822,0.002,0.785398163397449);
#81=CONICAL_SURFACE('',#3877,0.00925356369803657,0.463647609000805);
#82=CONICAL_SURFACE('',#3880,0.0165847620624906,0.463647609000805);
#83=CONICAL_SURFACE('',#3964,0.0035,0.785398163397449);
#84=CONICAL_SURFACE('',#3965,0.002,0.785398163397449);
#85=CONICAL_SURFACE('',#4000,0.00279,0.235544980720864);
#86=CONICAL_SURFACE('',#4001,0.00279,0.235544980720864);
#87=CONICAL_SURFACE('',#4002,0.00279,0.235544980720864);
#88=CONICAL_SURFACE('',#4003,0.00279,0.235544980720864);
#89=CONICAL_SURFACE('',#4004,0.00279,0.235544980720863);
#90=CONICAL_SURFACE('',#4005,0.00279,0.235544980720863);
#91=CONICAL_SURFACE('',#4006,0.00279,0.235544980720863);
#92=CONICAL_SURFACE('',#4007,0.00279,0.235544980720863);
#93=CONICAL_SURFACE('',#4051,0.0190847620624905,0.463647609000806);
#94=CONICAL_SURFACE('',#4052,0.0117535636980366,0.463647609000806);
#95=CYLINDRICAL_SURFACE('',#3673,0.006);
#96=CYLINDRICAL_SURFACE('',#3675,0.00175);
#97=CYLINDRICAL_SURFACE('',#3677,0.00175);
#98=CYLINDRICAL_SURFACE('',#3679,0.00175);
#99=CYLINDRICAL_SURFACE('',#3681,0.006);
#100=CYLINDRICAL_SURFACE('',#3682,0.00175);
#101=CYLINDRICAL_SURFACE('',#3684,0.0029);
#102=CYLINDRICAL_SURFACE('',#3685,0.0029);
#103=CYLINDRICAL_SURFACE('',#3690,0.00185);
#104=CYLINDRICAL_SURFACE('',#3694,0.00185);
#105=CYLINDRICAL_SURFACE('',#3698,0.00185);
#106=CYLINDRICAL_SURFACE('',#3702,0.00185);
#107=CYLINDRICAL_SURFACE('',#3743,0.022);
#108=CYLINDRICAL_SURFACE('',#3782,0.00225);
#109=CYLINDRICAL_SURFACE('',#3783,0.00225);
#110=CYLINDRICAL_SURFACE('',#3784,0.00225);
#111=CYLINDRICAL_SURFACE('',#3785,0.00225);
#112=CYLINDRICAL_SURFACE('',#3786,0.00225);
#113=CYLINDRICAL_SURFACE('',#3788,0.00225);
#114=CYLINDRICAL_SURFACE('',#3790,0.00225);
#115=CYLINDRICAL_SURFACE('',#3792,0.00225);
#116=CYLINDRICAL_SURFACE('',#3794,0.002);
#117=CYLINDRICAL_SURFACE('',#3797,0.00895);
#118=CYLINDRICAL_SURFACE('',#3799,0.002);
#119=CYLINDRICAL_SURFACE('',#3841,0.001);
#120=CYLINDRICAL_SURFACE('',#3843,0.001);
#121=CYLINDRICAL_SURFACE('',#3845,0.001);
#122=CYLINDRICAL_SURFACE('',#3847,0.001);
#123=CYLINDRICAL_SURFACE('',#3849,0.001);
#124=CYLINDRICAL_SURFACE('',#3851,0.001);
#125=CYLINDRICAL_SURFACE('',#3853,0.006);
#126=CYLINDRICAL_SURFACE('',#3856,0.006);
#127=CYLINDRICAL_SURFACE('',#3873,0.02);
#128=CYLINDRICAL_SURFACE('',#3874,0.02);
#129=CYLINDRICAL_SURFACE('',#3875,0.02);
#130=CYLINDRICAL_SURFACE('',#3876,0.02);
#131=CYLINDRICAL_SURFACE('',#3881,0.006);
#132=CYLINDRICAL_SURFACE('',#3882,0.006);
#133=CYLINDRICAL_SURFACE('',#3883,0.006);
#134=CYLINDRICAL_SURFACE('',#3884,0.006);
#135=CYLINDRICAL_SURFACE('',#3885,0.006);
#136=CYLINDRICAL_SURFACE('',#3886,0.006);
#137=CYLINDRICAL_SURFACE('',#3887,0.006);
#138=CYLINDRICAL_SURFACE('',#3888,0.006);
#139=CYLINDRICAL_SURFACE('',#3936,0.002);
#140=CYLINDRICAL_SURFACE('',#3939,0.00895);
#141=CYLINDRICAL_SURFACE('',#3941,0.002);
#142=CYLINDRICAL_SURFACE('',#3943,0.022);
#143=CYLINDRICAL_SURFACE('',#3944,0.003);
#144=CYLINDRICAL_SURFACE('',#3948,0.003);
#145=CYLINDRICAL_SURFACE('',#3952,0.003);
#146=CYLINDRICAL_SURFACE('',#3956,0.003);
#147=CYLINDRICAL_SURFACE('',#3960,0.00185);
#148=CYLINDRICAL_SURFACE('',#3961,0.00185);
#149=CYLINDRICAL_SURFACE('',#3962,0.00185);
#150=CYLINDRICAL_SURFACE('',#3963,0.00185);
#151=CYLINDRICAL_SURFACE('',#3968,0.00279);
#152=CYLINDRICAL_SURFACE('',#3972,0.00279);
#153=CYLINDRICAL_SURFACE('',#3976,0.00279);
#154=CYLINDRICAL_SURFACE('',#3980,0.00279);
#155=CYLINDRICAL_SURFACE('',#3984,0.00279);
#156=CYLINDRICAL_SURFACE('',#3988,0.00279);
#157=CYLINDRICAL_SURFACE('',#3992,0.00279);
#158=CYLINDRICAL_SURFACE('',#3996,0.00279);
#159=CYLINDRICAL_SURFACE('',#4008,0.006);
#160=CYLINDRICAL_SURFACE('',#4010,0.006);
#161=CYLINDRICAL_SURFACE('',#4012,0.003);
#162=CYLINDRICAL_SURFACE('',#4015,0.003);
#163=CYLINDRICAL_SURFACE('',#4018,0.001);
#164=CYLINDRICAL_SURFACE('',#4022,0.001);
#165=CYLINDRICAL_SURFACE('',#4024,0.001);
#166=CYLINDRICAL_SURFACE('',#4026,0.001);
#167=CYLINDRICAL_SURFACE('',#4030,0.001);
#168=CYLINDRICAL_SURFACE('',#4032,0.001);
#169=CYLINDRICAL_SURFACE('',#4034,0.006);
#170=CYLINDRICAL_SURFACE('',#4038,0.006);
#171=CYLINDRICAL_SURFACE('',#4041,0.006);
#172=CYLINDRICAL_SURFACE('',#4042,0.006);
#173=CYLINDRICAL_SURFACE('',#4046,0.006);
#174=CYLINDRICAL_SURFACE('',#4049,0.006);
#175=CIRCLE('',#3643,0.005);
#176=CIRCLE('',#3645,0.006);
#177=CIRCLE('',#3646,0.006);
#178=CIRCLE('',#3647,0.006);
#179=CIRCLE('',#3648,0.006);
#180=CIRCLE('',#3649,0.006);
#181=CIRCLE('',#3650,0.00175);
#182=CIRCLE('',#3651,0.00175);
#183=CIRCLE('',#3652,0.0029);
#184=CIRCLE('',#3653,0.0029);
#185=CIRCLE('',#3656,0.006);
#186=CIRCLE('',#3657,0.006);
#187=CIRCLE('',#3658,0.00325);
#188=CIRCLE('',#3659,0.00325);
#189=CIRCLE('',#3660,0.00325);
#190=CIRCLE('',#3661,0.00325);
#191=CIRCLE('',#3662,0.00215);
#192=CIRCLE('',#3663,0.00215);
#193=CIRCLE('',#3664,0.00215);
#194=CIRCLE('',#3665,0.00215);
#195=CIRCLE('',#3668,0.00175);
#196=CIRCLE('',#3669,0.0029);
#197=CIRCLE('',#3671,0.00175);
#198=CIRCLE('',#3672,0.0029);
#199=CIRCLE('',#3676,0.00175);
#200=CIRCLE('',#3678,0.00175);
#201=CIRCLE('',#3680,0.00175);
#202=CIRCLE('',#3683,0.00175);
#203=CIRCLE('',#3687,0.005);
#204=CIRCLE('',#3689,0.005);
#205=CIRCLE('',#3691,0.00185);
#206=CIRCLE('',#3692,0.00185);
#207=CIRCLE('',#3695,0.00185);
#208=CIRCLE('',#3696,0.00185);
#209=CIRCLE('',#3699,0.00185);
#210=CIRCLE('',#3700,0.00185);
#211=CIRCLE('',#3703,0.00185);
#212=CIRCLE('',#3704,0.00185);
#213=CIRCLE('',#3721,0.022);
#214=CIRCLE('',#3724,0.022);
#215=CIRCLE('',#3727,0.022);
#216=CIRCLE('',#3729,0.022);
#217=CIRCLE('',#3732,0.022);
#218=CIRCLE('',#3735,0.022);
#219=CIRCLE('',#3744,0.022);
#220=CIRCLE('',#3745,0.022);
#221=CIRCLE('',#3746,0.022);
#222=CIRCLE('',#3747,0.022);
#223=CIRCLE('',#3749,0.002);
#224=CIRCLE('',#3750,0.00895);
#225=CIRCLE('',#3751,0.002);
#226=CIRCLE('',#3752,0.0117535636980366);
#227=CIRCLE('',#3753,0.0165847620624906);
#228=CIRCLE('',#3755,0.0190847620624905);
#229=CIRCLE('',#3756,0.00925356369803657);
#230=CIRCLE('',#3757,0.006);
#231=CIRCLE('',#3758,0.0035);
#232=CIRCLE('',#3759,0.00895);
#233=CIRCLE('',#3760,0.0035);
#234=CIRCLE('',#3761,0.006);
#235=CIRCLE('',#3762,0.006);
#236=CIRCLE('',#3763,0.006);
#237=CIRCLE('',#3765,0.00225);
#238=CIRCLE('',#3766,0.00225);
#239=CIRCLE('',#3767,0.00225);
#240=CIRCLE('',#3768,0.00225);
#241=CIRCLE('',#3769,0.005);
#242=CIRCLE('',#3771,0.00225);
#243=CIRCLE('',#3772,0.00225);
#244=CIRCLE('',#3773,0.00225);
#245=CIRCLE('',#3774,0.00225);
#246=CIRCLE('',#3775,0.005);
#247=CIRCLE('',#3777,0.00225);
#248=CIRCLE('',#3778,0.00225);
#249=CIRCLE('',#3779,0.006);
#250=CIRCLE('',#3780,0.00225);
#251=CIRCLE('',#3781,0.00225);
#252=CIRCLE('',#3787,0.00225);
#253=CIRCLE('',#3789,0.00225);
#254=CIRCLE('',#3791,0.00225);
#255=CIRCLE('',#3793,0.00225);
#256=CIRCLE('',#3795,0.002);
#257=CIRCLE('',#3800,0.002);
#258=CIRCLE('',#3802,0.006);
#259=CIRCLE('',#3804,0.001);
#260=CIRCLE('',#3805,0.001);
#261=CIRCLE('',#3814,0.001);
#262=CIRCLE('',#3815,0.001);
#263=CIRCLE('',#3817,0.006);
#264=CIRCLE('',#3818,0.006);
#265=CIRCLE('',#3819,0.006);
#266=CIRCLE('',#3820,0.006);
#267=CIRCLE('',#3844,0.001);
#268=CIRCLE('',#3846,0.001);
#269=CIRCLE('',#3850,0.001);
#270=CIRCLE('',#3852,0.001);
#271=CIRCLE('',#3854,0.006);
#272=CIRCLE('',#3857,0.006);
#273=CIRCLE('',#3891,0.0190847620624905);
#274=CIRCLE('',#3892,0.00925356369803656);
#275=CIRCLE('',#3893,0.004);
#276=CIRCLE('',#3894,0.0035);
#277=CIRCLE('',#3895,0.00895);
#278=CIRCLE('',#3896,0.0035);
#279=CIRCLE('',#3897,0.004);
#280=CIRCLE('',#3899,0.022);
#281=CIRCLE('',#3900,0.002);
#282=CIRCLE('',#3901,0.00895);
#283=CIRCLE('',#3902,0.002);
#284=CIRCLE('',#3903,0.0165847620624906);
#285=CIRCLE('',#3904,0.0117535636980366);
#286=CIRCLE('',#3906,0.00315);
#287=CIRCLE('',#3907,0.00315);
#288=CIRCLE('',#3908,0.00315);
#289=CIRCLE('',#3909,0.00315);
#290=CIRCLE('',#3910,0.006);
#291=CIRCLE('',#3913,0.022);
#292=CIRCLE('',#3914,0.009);
#293=CIRCLE('',#3915,0.009);
#294=CIRCLE('',#3917,0.00315);
#295=CIRCLE('',#3918,0.00315);
#296=CIRCLE('',#3919,0.00315);
#297=CIRCLE('',#3920,0.00315);
#298=CIRCLE('',#3921,0.006);
#299=CIRCLE('',#3930,0.006);
#300=CIRCLE('',#3931,0.006);
#301=CIRCLE('',#3932,0.00185);
#302=CIRCLE('',#3933,0.00185);
#303=CIRCLE('',#3934,0.00185);
#304=CIRCLE('',#3935,0.00185);
#305=CIRCLE('',#3937,0.002);
#306=CIRCLE('',#3942,0.002);
#307=CIRCLE('',#3945,0.003);
#308=CIRCLE('',#3947,0.00185);
#309=CIRCLE('',#3949,0.003);
#310=CIRCLE('',#3951,0.00185);
#311=CIRCLE('',#3953,0.003);
#312=CIRCLE('',#3955,0.00185);
#313=CIRCLE('',#3957,0.003);
#314=CIRCLE('',#3959,0.00185);
#315=CIRCLE('',#3969,0.00279);
#316=CIRCLE('',#3970,0.00279);
#317=CIRCLE('',#3973,0.00279);
#318=CIRCLE('',#3974,0.00279);
#319=CIRCLE('',#3977,0.00279);
#320=CIRCLE('',#3978,0.00279);
#321=CIRCLE('',#3981,0.00279);
#322=CIRCLE('',#3982,0.00279);
#323=CIRCLE('',#3985,0.00279);
#324=CIRCLE('',#3986,0.00279);
#325=CIRCLE('',#3989,0.00279);
#326=CIRCLE('',#3990,0.00279);
#327=CIRCLE('',#3993,0.00279);
#328=CIRCLE('',#3994,0.00279);
#329=CIRCLE('',#3997,0.00279);
#330=CIRCLE('',#3998,0.00279);
#331=CIRCLE('',#4013,0.003);
#332=CIRCLE('',#4014,0.003);
#333=CIRCLE('',#4016,0.003);
#334=CIRCLE('',#4017,0.003);
#335=CIRCLE('',#4019,0.001);
#336=CIRCLE('',#4021,0.001);
#337=CIRCLE('',#4025,0.001);
#338=CIRCLE('',#4027,0.001);
#339=CIRCLE('',#4029,0.001);
#340=CIRCLE('',#4033,0.001);
#341=CIRCLE('',#4035,0.006);
#342=CIRCLE('',#4037,0.006);
#343=CIRCLE('',#4043,0.006);
#344=CIRCLE('',#4045,0.006);
#345=ORIENTED_EDGE('',*,*,#1309,.T.);
#346=ORIENTED_EDGE('',*,*,#1310,.T.);
#347=ORIENTED_EDGE('',*,*,#1311,.F.);
#348=ORIENTED_EDGE('',*,*,#1312,.F.);
#349=ORIENTED_EDGE('',*,*,#1313,.F.);
#350=ORIENTED_EDGE('',*,*,#1314,.T.);
#351=ORIENTED_EDGE('',*,*,#1315,.F.);
#352=ORIENTED_EDGE('',*,*,#1316,.F.);
#353=ORIENTED_EDGE('',*,*,#1317,.F.);
#354=ORIENTED_EDGE('',*,*,#1318,.T.);
#355=ORIENTED_EDGE('',*,*,#1319,.T.);
#356=ORIENTED_EDGE('',*,*,#1320,.F.);
#357=ORIENTED_EDGE('',*,*,#1312,.T.);
#358=ORIENTED_EDGE('',*,*,#1321,.T.);
#359=ORIENTED_EDGE('',*,*,#1311,.T.);
#360=ORIENTED_EDGE('',*,*,#1322,.F.);
#361=ORIENTED_EDGE('',*,*,#1323,.T.);
#362=ORIENTED_EDGE('',*,*,#1324,.F.);
#363=ORIENTED_EDGE('',*,*,#1325,.F.);
#364=ORIENTED_EDGE('',*,*,#1326,.T.);
#365=ORIENTED_EDGE('',*,*,#1327,.F.);
#366=ORIENTED_EDGE('',*,*,#1328,.F.);
#367=ORIENTED_EDGE('',*,*,#1329,.T.);
#368=ORIENTED_EDGE('',*,*,#1330,.T.);
#369=ORIENTED_EDGE('',*,*,#1331,.T.);
#370=ORIENTED_EDGE('',*,*,#1332,.T.);
#371=ORIENTED_EDGE('',*,*,#1333,.T.);
#372=ORIENTED_EDGE('',*,*,#1327,.T.);
#373=ORIENTED_EDGE('',*,*,#1325,.T.);
#374=ORIENTED_EDGE('',*,*,#1334,.F.);
#375=ORIENTED_EDGE('',*,*,#1335,.F.);
#376=ORIENTED_EDGE('',*,*,#1336,.T.);
#377=ORIENTED_EDGE('',*,*,#1335,.T.);
#378=ORIENTED_EDGE('',*,*,#1337,.T.);
#379=ORIENTED_EDGE('',*,*,#1338,.F.);
#380=ORIENTED_EDGE('',*,*,#1339,.T.);
#381=ORIENTED_EDGE('',*,*,#1309,.F.);
#382=ORIENTED_EDGE('',*,*,#1340,.T.);
#383=ORIENTED_EDGE('',*,*,#1341,.T.);
#384=ORIENTED_EDGE('',*,*,#1342,.T.);
#385=ORIENTED_EDGE('',*,*,#1343,.T.);
#386=ORIENTED_EDGE('',*,*,#1344,.T.);
#387=ORIENTED_EDGE('',*,*,#1345,.T.);
#388=ORIENTED_EDGE('',*,*,#1346,.T.);
#389=ORIENTED_EDGE('',*,*,#1347,.T.);
#390=ORIENTED_EDGE('',*,*,#1348,.T.);
#391=ORIENTED_EDGE('',*,*,#1320,.T.);
#392=ORIENTED_EDGE('',*,*,#1349,.T.);
#393=ORIENTED_EDGE('',*,*,#1317,.T.);
#394=ORIENTED_EDGE('',*,*,#1350,.T.);
#395=ORIENTED_EDGE('',*,*,#1328,.T.);
#396=ORIENTED_EDGE('',*,*,#1336,.F.);
#397=ORIENTED_EDGE('',*,*,#1340,.F.);
#398=ORIENTED_EDGE('',*,*,#1313,.T.);
#399=ORIENTED_EDGE('',*,*,#1351,.T.);
#400=ORIENTED_EDGE('',*,*,#1352,.F.);
#401=ORIENTED_EDGE('',*,*,#1353,.T.);
#402=ORIENTED_EDGE('',*,*,#1354,.F.);
#403=ORIENTED_EDGE('',*,*,#1334,.T.);
#404=ORIENTED_EDGE('',*,*,#1324,.T.);
#405=ORIENTED_EDGE('',*,*,#1355,.F.);
#406=ORIENTED_EDGE('',*,*,#1337,.F.);
#407=ORIENTED_EDGE('',*,*,#1355,.T.);
#408=ORIENTED_EDGE('',*,*,#1323,.F.);
#409=ORIENTED_EDGE('',*,*,#1356,.F.);
#410=ORIENTED_EDGE('',*,*,#1338,.T.);
#411=ORIENTED_EDGE('',*,*,#1357,.T.);
#412=ORIENTED_EDGE('',*,*,#1353,.F.);
#413=ORIENTED_EDGE('',*,*,#1358,.T.);
#414=ORIENTED_EDGE('',*,*,#1331,.F.);
#415=ORIENTED_EDGE('',*,*,#1359,.T.);
#416=ORIENTED_EDGE('',*,*,#1330,.F.);
#417=ORIENTED_EDGE('',*,*,#1356,.T.);
#418=ORIENTED_EDGE('',*,*,#1322,.T.);
#419=ORIENTED_EDGE('',*,*,#1310,.F.);
#420=ORIENTED_EDGE('',*,*,#1339,.F.);
#421=ORIENTED_EDGE('',*,*,#1360,.T.);
#422=ORIENTED_EDGE('',*,*,#1351,.F.);
#423=ORIENTED_EDGE('',*,*,#1354,.T.);
#424=ORIENTED_EDGE('',*,*,#1333,.F.);
#425=ORIENTED_EDGE('',*,*,#1352,.T.);
#426=ORIENTED_EDGE('',*,*,#1332,.F.);
#427=ORIENTED_EDGE('',*,*,#1361,.F.);
#428=ORIENTED_EDGE('',*,*,#1362,.F.);
#429=ORIENTED_EDGE('',*,*,#1363,.T.);
#430=ORIENTED_EDGE('',*,*,#1364,.F.);
#431=ORIENTED_EDGE('',*,*,#1364,.T.);
#432=ORIENTED_EDGE('',*,*,#1365,.T.);
#433=ORIENTED_EDGE('',*,*,#1366,.F.);
#434=ORIENTED_EDGE('',*,*,#1366,.T.);
#435=ORIENTED_EDGE('',*,*,#1367,.T.);
#436=ORIENTED_EDGE('',*,*,#1368,.T.);
#437=ORIENTED_EDGE('',*,*,#1368,.F.);
#438=ORIENTED_EDGE('',*,*,#1369,.T.);
#439=ORIENTED_EDGE('',*,*,#1370,.T.);
#440=ORIENTED_EDGE('',*,*,#1370,.F.);
#441=ORIENTED_EDGE('',*,*,#1345,.F.);
#442=ORIENTED_EDGE('',*,*,#1365,.F.);
#443=ORIENTED_EDGE('',*,*,#1367,.F.);
#444=ORIENTED_EDGE('',*,*,#1346,.F.);
#445=ORIENTED_EDGE('',*,*,#1369,.F.);
#446=ORIENTED_EDGE('',*,*,#1347,.F.);
#447=ORIENTED_EDGE('',*,*,#1348,.F.);
#448=ORIENTED_EDGE('',*,*,#1363,.F.);
#449=ORIENTED_EDGE('',*,*,#1341,.F.);
#450=ORIENTED_EDGE('',*,*,#1357,.F.);
#451=ORIENTED_EDGE('',*,*,#1342,.F.);
#452=ORIENTED_EDGE('',*,*,#1360,.F.);
#453=ORIENTED_EDGE('',*,*,#1343,.F.);
#454=ORIENTED_EDGE('',*,*,#1358,.F.);
#455=ORIENTED_EDGE('',*,*,#1344,.F.);
#456=ORIENTED_EDGE('',*,*,#1359,.F.);
#457=ORIENTED_EDGE('',*,*,#1350,.F.);
#458=ORIENTED_EDGE('',*,*,#1316,.T.);
#459=ORIENTED_EDGE('',*,*,#1371,.F.);
#460=ORIENTED_EDGE('',*,*,#1329,.F.);
#461=ORIENTED_EDGE('',*,*,#1371,.T.);
#462=ORIENTED_EDGE('',*,*,#1315,.T.);
#463=ORIENTED_EDGE('',*,*,#1372,.F.);
#464=ORIENTED_EDGE('',*,*,#1318,.F.);
#465=ORIENTED_EDGE('',*,*,#1349,.F.);
#466=ORIENTED_EDGE('',*,*,#1319,.F.);
#467=ORIENTED_EDGE('',*,*,#1372,.T.);
#468=ORIENTED_EDGE('',*,*,#1314,.F.);
#469=ORIENTED_EDGE('',*,*,#1361,.T.);
#470=ORIENTED_EDGE('',*,*,#1326,.F.);
#471=ORIENTED_EDGE('',*,*,#1362,.T.);
#472=ORIENTED_EDGE('',*,*,#1321,.F.);
#473=ORIENTED_EDGE('',*,*,#1373,.T.);
#474=ORIENTED_EDGE('',*,*,#1374,.T.);
#475=ORIENTED_EDGE('',*,*,#1375,.F.);
#476=ORIENTED_EDGE('',*,*,#1376,.T.);
#477=ORIENTED_EDGE('',*,*,#1377,.T.);
#478=ORIENTED_EDGE('',*,*,#1378,.T.);
#479=ORIENTED_EDGE('',*,*,#1379,.F.);
#480=ORIENTED_EDGE('',*,*,#1380,.T.);
#481=ORIENTED_EDGE('',*,*,#1381,.T.);
#482=ORIENTED_EDGE('',*,*,#1382,.T.);
#483=ORIENTED_EDGE('',*,*,#1383,.F.);
#484=ORIENTED_EDGE('',*,*,#1384,.T.);
#485=ORIENTED_EDGE('',*,*,#1385,.T.);
#486=ORIENTED_EDGE('',*,*,#1386,.F.);
#487=ORIENTED_EDGE('',*,*,#1387,.T.);
#488=ORIENTED_EDGE('',*,*,#1388,.T.);
#489=ORIENTED_EDGE('',*,*,#1389,.T.);
#490=ORIENTED_EDGE('',*,*,#1390,.T.);
#491=ORIENTED_EDGE('',*,*,#1391,.T.);
#492=ORIENTED_EDGE('',*,*,#1392,.T.);
#493=ORIENTED_EDGE('',*,*,#1393,.T.);
#494=ORIENTED_EDGE('',*,*,#1394,.T.);
#495=ORIENTED_EDGE('',*,*,#1395,.F.);
#496=ORIENTED_EDGE('',*,*,#1396,.T.);
#497=ORIENTED_EDGE('',*,*,#1397,.T.);
#498=ORIENTED_EDGE('',*,*,#1398,.T.);
#499=ORIENTED_EDGE('',*,*,#1399,.T.);
#500=ORIENTED_EDGE('',*,*,#1400,.T.);
#501=ORIENTED_EDGE('',*,*,#1401,.T.);
#502=ORIENTED_EDGE('',*,*,#1402,.T.);
#503=ORIENTED_EDGE('',*,*,#1403,.T.);
#504=ORIENTED_EDGE('',*,*,#1404,.T.);
#505=ORIENTED_EDGE('',*,*,#1405,.T.);
#506=ORIENTED_EDGE('',*,*,#1406,.T.);
#507=ORIENTED_EDGE('',*,*,#1407,.T.);
#508=ORIENTED_EDGE('',*,*,#1408,.T.);
#509=ORIENTED_EDGE('',*,*,#1409,.T.);
#510=ORIENTED_EDGE('',*,*,#1410,.T.);
#511=ORIENTED_EDGE('',*,*,#1411,.F.);
#512=ORIENTED_EDGE('',*,*,#1412,.F.);
#513=ORIENTED_EDGE('',*,*,#1413,.T.);
#514=ORIENTED_EDGE('',*,*,#1414,.T.);
#515=ORIENTED_EDGE('',*,*,#1375,.T.);
#516=ORIENTED_EDGE('',*,*,#1379,.T.);
#517=ORIENTED_EDGE('',*,*,#1383,.T.);
#518=ORIENTED_EDGE('',*,*,#1415,.T.);
#519=ORIENTED_EDGE('',*,*,#1416,.T.);
#520=ORIENTED_EDGE('',*,*,#1417,.F.);
#521=ORIENTED_EDGE('',*,*,#1394,.F.);
#522=ORIENTED_EDGE('',*,*,#1390,.F.);
#523=ORIENTED_EDGE('',*,*,#1384,.F.);
#524=ORIENTED_EDGE('',*,*,#1418,.T.);
#525=ORIENTED_EDGE('',*,*,#1419,.F.);
#526=ORIENTED_EDGE('',*,*,#1411,.T.);
#527=ORIENTED_EDGE('',*,*,#1420,.T.);
#528=ORIENTED_EDGE('',*,*,#1421,.T.);
#529=ORIENTED_EDGE('',*,*,#1422,.F.);
#530=ORIENTED_EDGE('',*,*,#1423,.T.);
#531=ORIENTED_EDGE('',*,*,#1424,.F.);
#532=ORIENTED_EDGE('',*,*,#1425,.F.);
#533=ORIENTED_EDGE('',*,*,#1426,.F.);
#534=ORIENTED_EDGE('',*,*,#1427,.F.);
#535=ORIENTED_EDGE('',*,*,#1428,.T.);
#536=ORIENTED_EDGE('',*,*,#1429,.T.);
#537=ORIENTED_EDGE('',*,*,#1430,.T.);
#538=ORIENTED_EDGE('',*,*,#1431,.T.);
#539=ORIENTED_EDGE('',*,*,#1432,.T.);
#540=ORIENTED_EDGE('',*,*,#1433,.T.);
#541=ORIENTED_EDGE('',*,*,#1434,.T.);
#542=ORIENTED_EDGE('',*,*,#1435,.T.);
#543=ORIENTED_EDGE('',*,*,#1436,.T.);
#544=ORIENTED_EDGE('',*,*,#1437,.T.);
#545=ORIENTED_EDGE('',*,*,#1438,.F.);
#546=ORIENTED_EDGE('',*,*,#1439,.T.);
#547=ORIENTED_EDGE('',*,*,#1440,.T.);
#548=ORIENTED_EDGE('',*,*,#1441,.T.);
#549=ORIENTED_EDGE('',*,*,#1442,.F.);
#550=ORIENTED_EDGE('',*,*,#1443,.T.);
#551=ORIENTED_EDGE('',*,*,#1444,.T.);
#552=ORIENTED_EDGE('',*,*,#1445,.F.);
#553=ORIENTED_EDGE('',*,*,#1446,.T.);
#554=ORIENTED_EDGE('',*,*,#1447,.T.);
#555=ORIENTED_EDGE('',*,*,#1448,.F.);
#556=ORIENTED_EDGE('',*,*,#1449,.T.);
#557=ORIENTED_EDGE('',*,*,#1450,.T.);
#558=ORIENTED_EDGE('',*,*,#1451,.T.);
#559=ORIENTED_EDGE('',*,*,#1395,.T.);
#560=ORIENTED_EDGE('',*,*,#1452,.T.);
#561=ORIENTED_EDGE('',*,*,#1453,.F.);
#562=ORIENTED_EDGE('',*,*,#1454,.F.);
#563=ORIENTED_EDGE('',*,*,#1455,.T.);
#564=ORIENTED_EDGE('',*,*,#1456,.F.);
#565=ORIENTED_EDGE('',*,*,#1457,.F.);
#566=ORIENTED_EDGE('',*,*,#1458,.T.);
#567=ORIENTED_EDGE('',*,*,#1459,.F.);
#568=ORIENTED_EDGE('',*,*,#1460,.F.);
#569=ORIENTED_EDGE('',*,*,#1461,.T.);
#570=ORIENTED_EDGE('',*,*,#1462,.F.);
#571=ORIENTED_EDGE('',*,*,#1463,.F.);
#572=ORIENTED_EDGE('',*,*,#1464,.T.);
#573=ORIENTED_EDGE('',*,*,#1465,.F.);
#574=ORIENTED_EDGE('',*,*,#1466,.T.);
#575=ORIENTED_EDGE('',*,*,#1467,.T.);
#576=ORIENTED_EDGE('',*,*,#1468,.T.);
#577=ORIENTED_EDGE('',*,*,#1469,.T.);
#578=ORIENTED_EDGE('',*,*,#1470,.F.);
#579=ORIENTED_EDGE('',*,*,#1471,.F.);
#580=ORIENTED_EDGE('',*,*,#1472,.T.);
#581=ORIENTED_EDGE('',*,*,#1473,.F.);
#582=ORIENTED_EDGE('',*,*,#1474,.F.);
#583=ORIENTED_EDGE('',*,*,#1475,.T.);
#584=ORIENTED_EDGE('',*,*,#1476,.F.);
#585=ORIENTED_EDGE('',*,*,#1477,.F.);
#586=ORIENTED_EDGE('',*,*,#1478,.T.);
#587=ORIENTED_EDGE('',*,*,#1479,.F.);
#588=ORIENTED_EDGE('',*,*,#1480,.F.);
#589=ORIENTED_EDGE('',*,*,#1481,.T.);
#590=ORIENTED_EDGE('',*,*,#1482,.F.);
#591=ORIENTED_EDGE('',*,*,#1483,.T.);
#592=ORIENTED_EDGE('',*,*,#1484,.F.);
#593=ORIENTED_EDGE('',*,*,#1485,.T.);
#594=ORIENTED_EDGE('',*,*,#1486,.T.);
#595=ORIENTED_EDGE('',*,*,#1487,.F.);
#596=ORIENTED_EDGE('',*,*,#1488,.T.);
#597=ORIENTED_EDGE('',*,*,#1489,.T.);
#598=ORIENTED_EDGE('',*,*,#1490,.F.);
#599=ORIENTED_EDGE('',*,*,#1491,.T.);
#600=ORIENTED_EDGE('',*,*,#1492,.T.);
#601=ORIENTED_EDGE('',*,*,#1493,.F.);
#602=ORIENTED_EDGE('',*,*,#1494,.T.);
#603=ORIENTED_EDGE('',*,*,#1495,.T.);
#604=ORIENTED_EDGE('',*,*,#1412,.T.);
#605=ORIENTED_EDGE('',*,*,#1419,.T.);
#606=ORIENTED_EDGE('',*,*,#1496,.F.);
#607=ORIENTED_EDGE('',*,*,#1497,.T.);
#608=ORIENTED_EDGE('',*,*,#1439,.F.);
#609=ORIENTED_EDGE('',*,*,#1498,.F.);
#610=ORIENTED_EDGE('',*,*,#1499,.T.);
#611=ORIENTED_EDGE('',*,*,#1500,.T.);
#612=ORIENTED_EDGE('',*,*,#1501,.F.);
#613=ORIENTED_EDGE('',*,*,#1502,.T.);
#614=ORIENTED_EDGE('',*,*,#1503,.T.);
#615=ORIENTED_EDGE('',*,*,#1504,.F.);
#616=ORIENTED_EDGE('',*,*,#1491,.F.);
#617=ORIENTED_EDGE('',*,*,#1505,.F.);
#618=ORIENTED_EDGE('',*,*,#1454,.T.);
#619=ORIENTED_EDGE('',*,*,#1506,.F.);
#620=ORIENTED_EDGE('',*,*,#1502,.F.);
#621=ORIENTED_EDGE('',*,*,#1507,.F.);
#622=ORIENTED_EDGE('',*,*,#1463,.T.);
#623=ORIENTED_EDGE('',*,*,#1508,.F.);
#624=ORIENTED_EDGE('',*,*,#1488,.F.);
#625=ORIENTED_EDGE('',*,*,#1509,.F.);
#626=ORIENTED_EDGE('',*,*,#1460,.T.);
#627=ORIENTED_EDGE('',*,*,#1510,.F.);
#628=ORIENTED_EDGE('',*,*,#1499,.F.);
#629=ORIENTED_EDGE('',*,*,#1511,.F.);
#630=ORIENTED_EDGE('',*,*,#1457,.T.);
#631=ORIENTED_EDGE('',*,*,#1512,.F.);
#632=ORIENTED_EDGE('',*,*,#1513,.T.);
#633=ORIENTED_EDGE('',*,*,#1514,.F.);
#634=ORIENTED_EDGE('',*,*,#1477,.T.);
#635=ORIENTED_EDGE('',*,*,#1515,.F.);
#636=ORIENTED_EDGE('',*,*,#1516,.T.);
#637=ORIENTED_EDGE('',*,*,#1517,.F.);
#638=ORIENTED_EDGE('',*,*,#1474,.T.);
#639=ORIENTED_EDGE('',*,*,#1518,.F.);
#640=ORIENTED_EDGE('',*,*,#1519,.T.);
#641=ORIENTED_EDGE('',*,*,#1520,.F.);
#642=ORIENTED_EDGE('',*,*,#1480,.T.);
#643=ORIENTED_EDGE('',*,*,#1521,.F.);
#644=ORIENTED_EDGE('',*,*,#1522,.T.);
#645=ORIENTED_EDGE('',*,*,#1523,.F.);
#646=ORIENTED_EDGE('',*,*,#1471,.T.);
#647=ORIENTED_EDGE('',*,*,#1524,.F.);
#648=ORIENTED_EDGE('',*,*,#1525,.T.);
#649=ORIENTED_EDGE('',*,*,#1496,.T.);
#650=ORIENTED_EDGE('',*,*,#1425,.T.);
#651=ORIENTED_EDGE('',*,*,#1441,.F.);
#652=ORIENTED_EDGE('',*,*,#1526,.T.);
#653=ORIENTED_EDGE('',*,*,#1524,.T.);
#654=ORIENTED_EDGE('',*,*,#1424,.T.);
#655=ORIENTED_EDGE('',*,*,#1527,.F.);
#656=ORIENTED_EDGE('',*,*,#1423,.F.);
#657=ORIENTED_EDGE('',*,*,#1528,.F.);
#658=ORIENTED_EDGE('',*,*,#1442,.T.);
#659=ORIENTED_EDGE('',*,*,#1527,.T.);
#660=ORIENTED_EDGE('',*,*,#1529,.F.);
#661=ORIENTED_EDGE('',*,*,#1530,.T.);
#662=ORIENTED_EDGE('',*,*,#1443,.F.);
#663=ORIENTED_EDGE('',*,*,#1528,.T.);
#664=ORIENTED_EDGE('',*,*,#1422,.T.);
#665=ORIENTED_EDGE('',*,*,#1531,.F.);
#666=ORIENTED_EDGE('',*,*,#1532,.T.);
#667=ORIENTED_EDGE('',*,*,#1529,.T.);
#668=ORIENTED_EDGE('',*,*,#1421,.F.);
#669=ORIENTED_EDGE('',*,*,#1533,.F.);
#670=ORIENTED_EDGE('',*,*,#1522,.F.);
#671=ORIENTED_EDGE('',*,*,#1534,.T.);
#672=ORIENTED_EDGE('',*,*,#1535,.F.);
#673=ORIENTED_EDGE('',*,*,#1519,.F.);
#674=ORIENTED_EDGE('',*,*,#1536,.T.);
#675=ORIENTED_EDGE('',*,*,#1537,.F.);
#676=ORIENTED_EDGE('',*,*,#1516,.F.);
#677=ORIENTED_EDGE('',*,*,#1538,.T.);
#678=ORIENTED_EDGE('',*,*,#1539,.F.);
#679=ORIENTED_EDGE('',*,*,#1513,.F.);
#680=ORIENTED_EDGE('',*,*,#1540,.T.);
#681=ORIENTED_EDGE('',*,*,#1541,.F.);
#682=ORIENTED_EDGE('',*,*,#1542,.T.);
#683=ORIENTED_EDGE('',*,*,#1543,.T.);
#684=ORIENTED_EDGE('',*,*,#1445,.T.);
#685=ORIENTED_EDGE('',*,*,#1544,.T.);
#686=ORIENTED_EDGE('',*,*,#1531,.T.);
#687=ORIENTED_EDGE('',*,*,#1420,.F.);
#688=ORIENTED_EDGE('',*,*,#1414,.F.);
#689=ORIENTED_EDGE('',*,*,#1545,.F.);
#690=ORIENTED_EDGE('',*,*,#1546,.T.);
#691=ORIENTED_EDGE('',*,*,#1547,.T.);
#692=ORIENTED_EDGE('',*,*,#1548,.T.);
#693=ORIENTED_EDGE('',*,*,#1549,.T.);
#694=ORIENTED_EDGE('',*,*,#1550,.T.);
#695=ORIENTED_EDGE('',*,*,#1448,.T.);
#696=ORIENTED_EDGE('',*,*,#1551,.T.);
#697=ORIENTED_EDGE('',*,*,#1484,.T.);
#698=ORIENTED_EDGE('',*,*,#1552,.T.);
#699=ORIENTED_EDGE('',*,*,#1450,.F.);
#700=ORIENTED_EDGE('',*,*,#1553,.T.);
#701=ORIENTED_EDGE('',*,*,#1554,.T.);
#702=ORIENTED_EDGE('',*,*,#1555,.T.);
#703=ORIENTED_EDGE('',*,*,#1556,.T.);
#704=ORIENTED_EDGE('',*,*,#1557,.T.);
#705=ORIENTED_EDGE('',*,*,#1558,.T.);
#706=ORIENTED_EDGE('',*,*,#1559,.T.);
#707=ORIENTED_EDGE('',*,*,#1560,.T.);
#708=ORIENTED_EDGE('',*,*,#1561,.T.);
#709=ORIENTED_EDGE('',*,*,#1562,.T.);
#710=ORIENTED_EDGE('',*,*,#1563,.T.);
#711=ORIENTED_EDGE('',*,*,#1564,.T.);
#712=ORIENTED_EDGE('',*,*,#1434,.F.);
#713=ORIENTED_EDGE('',*,*,#1565,.T.);
#714=ORIENTED_EDGE('',*,*,#1566,.T.);
#715=ORIENTED_EDGE('',*,*,#1567,.T.);
#716=ORIENTED_EDGE('',*,*,#1568,.T.);
#717=ORIENTED_EDGE('',*,*,#1569,.T.);
#718=ORIENTED_EDGE('',*,*,#1570,.T.);
#719=ORIENTED_EDGE('',*,*,#1468,.F.);
#720=ORIENTED_EDGE('',*,*,#1571,.T.);
#721=ORIENTED_EDGE('',*,*,#1436,.F.);
#722=ORIENTED_EDGE('',*,*,#1572,.T.);
#723=ORIENTED_EDGE('',*,*,#1573,.T.);
#724=ORIENTED_EDGE('',*,*,#1574,.F.);
#725=ORIENTED_EDGE('',*,*,#1569,.F.);
#726=ORIENTED_EDGE('',*,*,#1575,.T.);
#727=ORIENTED_EDGE('',*,*,#1406,.F.);
#728=ORIENTED_EDGE('',*,*,#1576,.T.);
#729=ORIENTED_EDGE('',*,*,#1559,.F.);
#730=ORIENTED_EDGE('',*,*,#1577,.T.);
#731=ORIENTED_EDGE('',*,*,#1403,.F.);
#732=ORIENTED_EDGE('',*,*,#1578,.T.);
#733=ORIENTED_EDGE('',*,*,#1545,.T.);
#734=ORIENTED_EDGE('',*,*,#1579,.T.);
#735=ORIENTED_EDGE('',*,*,#1580,.T.);
#736=ORIENTED_EDGE('',*,*,#1541,.T.);
#737=ORIENTED_EDGE('',*,*,#1413,.F.);
#738=ORIENTED_EDGE('',*,*,#1495,.F.);
#739=ORIENTED_EDGE('',*,*,#1581,.T.);
#740=ORIENTED_EDGE('',*,*,#1582,.T.);
#741=ORIENTED_EDGE('',*,*,#1497,.F.);
#742=ORIENTED_EDGE('',*,*,#1525,.F.);
#743=ORIENTED_EDGE('',*,*,#1526,.F.);
#744=ORIENTED_EDGE('',*,*,#1440,.F.);
#745=ORIENTED_EDGE('',*,*,#1544,.F.);
#746=ORIENTED_EDGE('',*,*,#1444,.F.);
#747=ORIENTED_EDGE('',*,*,#1530,.F.);
#748=ORIENTED_EDGE('',*,*,#1532,.F.);
#749=ORIENTED_EDGE('',*,*,#1583,.T.);
#750=ORIENTED_EDGE('',*,*,#1584,.T.);
#751=ORIENTED_EDGE('',*,*,#1493,.T.);
#752=ORIENTED_EDGE('',*,*,#1438,.T.);
#753=ORIENTED_EDGE('',*,*,#1543,.F.);
#754=ORIENTED_EDGE('',*,*,#1585,.T.);
#755=ORIENTED_EDGE('',*,*,#1586,.T.);
#756=ORIENTED_EDGE('',*,*,#1446,.F.);
#757=ORIENTED_EDGE('',*,*,#1490,.T.);
#758=ORIENTED_EDGE('',*,*,#1587,.T.);
#759=ORIENTED_EDGE('',*,*,#1455,.F.);
#760=ORIENTED_EDGE('',*,*,#1505,.T.);
#761=ORIENTED_EDGE('',*,*,#1587,.F.);
#762=ORIENTED_EDGE('',*,*,#1492,.F.);
#763=ORIENTED_EDGE('',*,*,#1504,.T.);
#764=ORIENTED_EDGE('',*,*,#1453,.T.);
#765=ORIENTED_EDGE('',*,*,#1498,.T.);
#766=ORIENTED_EDGE('',*,*,#1588,.T.);
#767=ORIENTED_EDGE('',*,*,#1458,.F.);
#768=ORIENTED_EDGE('',*,*,#1511,.T.);
#769=ORIENTED_EDGE('',*,*,#1588,.F.);
#770=ORIENTED_EDGE('',*,*,#1500,.F.);
#771=ORIENTED_EDGE('',*,*,#1510,.T.);
#772=ORIENTED_EDGE('',*,*,#1456,.T.);
#773=ORIENTED_EDGE('',*,*,#1487,.T.);
#774=ORIENTED_EDGE('',*,*,#1589,.T.);
#775=ORIENTED_EDGE('',*,*,#1461,.F.);
#776=ORIENTED_EDGE('',*,*,#1509,.T.);
#777=ORIENTED_EDGE('',*,*,#1589,.F.);
#778=ORIENTED_EDGE('',*,*,#1489,.F.);
#779=ORIENTED_EDGE('',*,*,#1508,.T.);
#780=ORIENTED_EDGE('',*,*,#1459,.T.);
#781=ORIENTED_EDGE('',*,*,#1501,.T.);
#782=ORIENTED_EDGE('',*,*,#1590,.T.);
#783=ORIENTED_EDGE('',*,*,#1464,.F.);
#784=ORIENTED_EDGE('',*,*,#1507,.T.);
#785=ORIENTED_EDGE('',*,*,#1590,.F.);
#786=ORIENTED_EDGE('',*,*,#1503,.F.);
#787=ORIENTED_EDGE('',*,*,#1506,.T.);
#788=ORIENTED_EDGE('',*,*,#1462,.T.);
#789=ORIENTED_EDGE('',*,*,#1539,.T.);
#790=ORIENTED_EDGE('',*,*,#1591,.T.);
#791=ORIENTED_EDGE('',*,*,#1478,.F.);
#792=ORIENTED_EDGE('',*,*,#1514,.T.);
#793=ORIENTED_EDGE('',*,*,#1591,.F.);
#794=ORIENTED_EDGE('',*,*,#1540,.F.);
#795=ORIENTED_EDGE('',*,*,#1512,.T.);
#796=ORIENTED_EDGE('',*,*,#1476,.T.);
#797=ORIENTED_EDGE('',*,*,#1537,.T.);
#798=ORIENTED_EDGE('',*,*,#1592,.T.);
#799=ORIENTED_EDGE('',*,*,#1475,.F.);
#800=ORIENTED_EDGE('',*,*,#1517,.T.);
#801=ORIENTED_EDGE('',*,*,#1592,.F.);
#802=ORIENTED_EDGE('',*,*,#1538,.F.);
#803=ORIENTED_EDGE('',*,*,#1515,.T.);
#804=ORIENTED_EDGE('',*,*,#1473,.T.);
#805=ORIENTED_EDGE('',*,*,#1535,.T.);
#806=ORIENTED_EDGE('',*,*,#1593,.T.);
#807=ORIENTED_EDGE('',*,*,#1481,.F.);
#808=ORIENTED_EDGE('',*,*,#1520,.T.);
#809=ORIENTED_EDGE('',*,*,#1593,.F.);
#810=ORIENTED_EDGE('',*,*,#1536,.F.);
#811=ORIENTED_EDGE('',*,*,#1518,.T.);
#812=ORIENTED_EDGE('',*,*,#1479,.T.);
#813=ORIENTED_EDGE('',*,*,#1533,.T.);
#814=ORIENTED_EDGE('',*,*,#1594,.T.);
#815=ORIENTED_EDGE('',*,*,#1472,.F.);
#816=ORIENTED_EDGE('',*,*,#1523,.T.);
#817=ORIENTED_EDGE('',*,*,#1594,.F.);
#818=ORIENTED_EDGE('',*,*,#1534,.F.);
#819=ORIENTED_EDGE('',*,*,#1521,.T.);
#820=ORIENTED_EDGE('',*,*,#1470,.T.);
#821=ORIENTED_EDGE('',*,*,#1551,.F.);
#822=ORIENTED_EDGE('',*,*,#1447,.F.);
#823=ORIENTED_EDGE('',*,*,#1595,.F.);
#824=ORIENTED_EDGE('',*,*,#1485,.F.);
#825=ORIENTED_EDGE('',*,*,#1586,.F.);
#826=ORIENTED_EDGE('',*,*,#1596,.T.);
#827=ORIENTED_EDGE('',*,*,#1486,.F.);
#828=ORIENTED_EDGE('',*,*,#1595,.T.);
#829=ORIENTED_EDGE('',*,*,#1483,.F.);
#830=ORIENTED_EDGE('',*,*,#1597,.T.);
#831=ORIENTED_EDGE('',*,*,#1579,.F.);
#832=ORIENTED_EDGE('',*,*,#1552,.F.);
#833=ORIENTED_EDGE('',*,*,#1571,.F.);
#834=ORIENTED_EDGE('',*,*,#1467,.F.);
#835=ORIENTED_EDGE('',*,*,#1598,.F.);
#836=ORIENTED_EDGE('',*,*,#1437,.F.);
#837=ORIENTED_EDGE('',*,*,#1466,.F.);
#838=ORIENTED_EDGE('',*,*,#1599,.T.);
#839=ORIENTED_EDGE('',*,*,#1583,.F.);
#840=ORIENTED_EDGE('',*,*,#1598,.T.);
#841=ORIENTED_EDGE('',*,*,#1582,.F.);
#842=ORIENTED_EDGE('',*,*,#1600,.T.);
#843=ORIENTED_EDGE('',*,*,#1469,.F.);
#844=ORIENTED_EDGE('',*,*,#1570,.F.);
#845=ORIENTED_EDGE('',*,*,#1542,.F.);
#846=ORIENTED_EDGE('',*,*,#1580,.F.);
#847=ORIENTED_EDGE('',*,*,#1601,.F.);
#848=ORIENTED_EDGE('',*,*,#1585,.F.);
#849=ORIENTED_EDGE('',*,*,#1596,.F.);
#850=ORIENTED_EDGE('',*,*,#1601,.T.);
#851=ORIENTED_EDGE('',*,*,#1597,.F.);
#852=ORIENTED_EDGE('',*,*,#1482,.T.);
#853=ORIENTED_EDGE('',*,*,#1494,.F.);
#854=ORIENTED_EDGE('',*,*,#1584,.F.);
#855=ORIENTED_EDGE('',*,*,#1602,.F.);
#856=ORIENTED_EDGE('',*,*,#1581,.F.);
#857=ORIENTED_EDGE('',*,*,#1599,.F.);
#858=ORIENTED_EDGE('',*,*,#1465,.T.);
#859=ORIENTED_EDGE('',*,*,#1600,.F.);
#860=ORIENTED_EDGE('',*,*,#1602,.T.);
#861=ORIENTED_EDGE('',*,*,#1603,.F.);
#862=ORIENTED_EDGE('',*,*,#1604,.T.);
#863=ORIENTED_EDGE('',*,*,#1417,.T.);
#864=ORIENTED_EDGE('',*,*,#1415,.F.);
#865=ORIENTED_EDGE('',*,*,#1605,.T.);
#866=ORIENTED_EDGE('',*,*,#1606,.T.);
#867=ORIENTED_EDGE('',*,*,#1574,.T.);
#868=ORIENTED_EDGE('',*,*,#1607,.T.);
#869=ORIENTED_EDGE('',*,*,#1603,.T.);
#870=ORIENTED_EDGE('',*,*,#1416,.F.);
#871=ORIENTED_EDGE('',*,*,#1606,.F.);
#872=ORIENTED_EDGE('',*,*,#1608,.T.);
#873=ORIENTED_EDGE('',*,*,#1373,.F.);
#874=ORIENTED_EDGE('',*,*,#1418,.F.);
#875=ORIENTED_EDGE('',*,*,#1386,.T.);
#876=ORIENTED_EDGE('',*,*,#1609,.T.);
#877=ORIENTED_EDGE('',*,*,#1548,.F.);
#878=ORIENTED_EDGE('',*,*,#1610,.T.);
#879=ORIENTED_EDGE('',*,*,#1573,.F.);
#880=ORIENTED_EDGE('',*,*,#1611,.T.);
#881=ORIENTED_EDGE('',*,*,#1563,.F.);
#882=ORIENTED_EDGE('',*,*,#1612,.T.);
#883=ORIENTED_EDGE('',*,*,#1391,.F.);
#884=ORIENTED_EDGE('',*,*,#1604,.F.);
#885=ORIENTED_EDGE('',*,*,#1607,.F.);
#886=ORIENTED_EDGE('',*,*,#1393,.F.);
#887=ORIENTED_EDGE('',*,*,#1613,.T.);
#888=ORIENTED_EDGE('',*,*,#1398,.F.);
#889=ORIENTED_EDGE('',*,*,#1614,.T.);
#890=ORIENTED_EDGE('',*,*,#1387,.F.);
#891=ORIENTED_EDGE('',*,*,#1554,.F.);
#892=ORIENTED_EDGE('',*,*,#1615,.T.);
#893=ORIENTED_EDGE('',*,*,#1549,.F.);
#894=ORIENTED_EDGE('',*,*,#1609,.F.);
#895=ORIENTED_EDGE('',*,*,#1385,.F.);
#896=ORIENTED_EDGE('',*,*,#1389,.F.);
#897=ORIENTED_EDGE('',*,*,#1616,.T.);
#898=ORIENTED_EDGE('',*,*,#1408,.F.);
#899=ORIENTED_EDGE('',*,*,#1617,.T.);
#900=ORIENTED_EDGE('',*,*,#1567,.F.);
#901=ORIENTED_EDGE('',*,*,#1608,.F.);
#902=ORIENTED_EDGE('',*,*,#1605,.F.);
#903=ORIENTED_EDGE('',*,*,#1382,.F.);
#904=ORIENTED_EDGE('',*,*,#1618,.T.);
#905=ORIENTED_EDGE('',*,*,#1378,.F.);
#906=ORIENTED_EDGE('',*,*,#1619,.T.);
#907=ORIENTED_EDGE('',*,*,#1562,.F.);
#908=ORIENTED_EDGE('',*,*,#1620,.T.);
#909=ORIENTED_EDGE('',*,*,#1380,.F.);
#910=ORIENTED_EDGE('',*,*,#1547,.F.);
#911=ORIENTED_EDGE('',*,*,#1621,.T.);
#912=ORIENTED_EDGE('',*,*,#1401,.F.);
#913=ORIENTED_EDGE('',*,*,#1622,.T.);
#914=ORIENTED_EDGE('',*,*,#1376,.F.);
#915=ORIENTED_EDGE('',*,*,#1374,.F.);
#916=ORIENTED_EDGE('',*,*,#1610,.F.);
#917=ORIENTED_EDGE('',*,*,#1405,.F.);
#918=ORIENTED_EDGE('',*,*,#1623,.T.);
#919=ORIENTED_EDGE('',*,*,#1557,.F.);
#920=ORIENTED_EDGE('',*,*,#1619,.F.);
#921=ORIENTED_EDGE('',*,*,#1377,.F.);
#922=ORIENTED_EDGE('',*,*,#1622,.F.);
#923=ORIENTED_EDGE('',*,*,#1561,.F.);
#924=ORIENTED_EDGE('',*,*,#1624,.T.);
#925=ORIENTED_EDGE('',*,*,#1409,.F.);
#926=ORIENTED_EDGE('',*,*,#1618,.F.);
#927=ORIENTED_EDGE('',*,*,#1381,.F.);
#928=ORIENTED_EDGE('',*,*,#1620,.F.);
#929=ORIENTED_EDGE('',*,*,#1566,.F.);
#930=ORIENTED_EDGE('',*,*,#1625,.T.);
#931=ORIENTED_EDGE('',*,*,#1399,.F.);
#932=ORIENTED_EDGE('',*,*,#1613,.F.);
#933=ORIENTED_EDGE('',*,*,#1392,.F.);
#934=ORIENTED_EDGE('',*,*,#1612,.F.);
#935=ORIENTED_EDGE('',*,*,#1397,.F.);
#936=ORIENTED_EDGE('',*,*,#1626,.T.);
#937=ORIENTED_EDGE('',*,*,#1555,.F.);
#938=ORIENTED_EDGE('',*,*,#1616,.F.);
#939=ORIENTED_EDGE('',*,*,#1388,.F.);
#940=ORIENTED_EDGE('',*,*,#1614,.F.);
#941=ORIENTED_EDGE('',*,*,#1627,.F.);
#942=ORIENTED_EDGE('',*,*,#1433,.F.);
#943=ORIENTED_EDGE('',*,*,#1628,.F.);
#944=ORIENTED_EDGE('',*,*,#1426,.T.);
#945=ORIENTED_EDGE('',*,*,#1628,.T.);
#946=ORIENTED_EDGE('',*,*,#1432,.F.);
#947=ORIENTED_EDGE('',*,*,#1629,.F.);
#948=ORIENTED_EDGE('',*,*,#1427,.T.);
#949=ORIENTED_EDGE('',*,*,#1627,.T.);
#950=ORIENTED_EDGE('',*,*,#1429,.F.);
#951=ORIENTED_EDGE('',*,*,#1630,.F.);
#952=ORIENTED_EDGE('',*,*,#1430,.F.);
#953=ORIENTED_EDGE('',*,*,#1629,.T.);
#954=ORIENTED_EDGE('',*,*,#1431,.F.);
#955=ORIENTED_EDGE('',*,*,#1630,.T.);
#956=ORIENTED_EDGE('',*,*,#1428,.F.);
#957=ORIENTED_EDGE('',*,*,#1617,.F.);
#958=ORIENTED_EDGE('',*,*,#1407,.F.);
#959=ORIENTED_EDGE('',*,*,#1575,.F.);
#960=ORIENTED_EDGE('',*,*,#1568,.F.);
#961=ORIENTED_EDGE('',*,*,#1435,.F.);
#962=ORIENTED_EDGE('',*,*,#1564,.F.);
#963=ORIENTED_EDGE('',*,*,#1611,.F.);
#964=ORIENTED_EDGE('',*,*,#1572,.F.);
#965=ORIENTED_EDGE('',*,*,#1621,.F.);
#966=ORIENTED_EDGE('',*,*,#1546,.F.);
#967=ORIENTED_EDGE('',*,*,#1578,.F.);
#968=ORIENTED_EDGE('',*,*,#1402,.F.);
#969=ORIENTED_EDGE('',*,*,#1449,.F.);
#970=ORIENTED_EDGE('',*,*,#1550,.F.);
#971=ORIENTED_EDGE('',*,*,#1615,.F.);
#972=ORIENTED_EDGE('',*,*,#1553,.F.);
#973=ORIENTED_EDGE('',*,*,#1623,.F.);
#974=ORIENTED_EDGE('',*,*,#1404,.F.);
#975=ORIENTED_EDGE('',*,*,#1577,.F.);
#976=ORIENTED_EDGE('',*,*,#1558,.F.);
#977=ORIENTED_EDGE('',*,*,#1624,.F.);
#978=ORIENTED_EDGE('',*,*,#1560,.F.);
#979=ORIENTED_EDGE('',*,*,#1576,.F.);
#980=ORIENTED_EDGE('',*,*,#1410,.F.);
#981=ORIENTED_EDGE('',*,*,#1451,.F.);
#982=ORIENTED_EDGE('',*,*,#1556,.F.);
#983=ORIENTED_EDGE('',*,*,#1626,.F.);
#984=ORIENTED_EDGE('',*,*,#1396,.F.);
#985=ORIENTED_EDGE('',*,*,#1452,.F.);
#986=ORIENTED_EDGE('',*,*,#1400,.F.);
#987=ORIENTED_EDGE('',*,*,#1625,.F.);
#988=ORIENTED_EDGE('',*,*,#1565,.F.);
#989=ORIENTED_EDGE('',*,*,#1631,.T.);
#990=ORIENTED_EDGE('',*,*,#1632,.T.);
#991=ORIENTED_EDGE('',*,*,#1633,.T.);
#992=ORIENTED_EDGE('',*,*,#1634,.T.);
#993=ORIENTED_EDGE('',*,*,#1635,.T.);
#994=ORIENTED_EDGE('',*,*,#1636,.T.);
#995=ORIENTED_EDGE('',*,*,#1637,.T.);
#996=ORIENTED_EDGE('',*,*,#1638,.T.);
#997=ORIENTED_EDGE('',*,*,#1639,.T.);
#998=ORIENTED_EDGE('',*,*,#1640,.F.);
#999=ORIENTED_EDGE('',*,*,#1641,.T.);
#1000=ORIENTED_EDGE('',*,*,#1642,.F.);
#1001=ORIENTED_EDGE('',*,*,#1643,.F.);
#1002=ORIENTED_EDGE('',*,*,#1644,.F.);
#1003=ORIENTED_EDGE('',*,*,#1645,.T.);
#1004=ORIENTED_EDGE('',*,*,#1646,.F.);
#1005=ORIENTED_EDGE('',*,*,#1647,.F.);
#1006=ORIENTED_EDGE('',*,*,#1648,.T.);
#1007=ORIENTED_EDGE('',*,*,#1649,.T.);
#1008=ORIENTED_EDGE('',*,*,#1650,.T.);
#1009=ORIENTED_EDGE('',*,*,#1651,.F.);
#1010=ORIENTED_EDGE('',*,*,#1652,.T.);
#1011=ORIENTED_EDGE('',*,*,#1653,.F.);
#1012=ORIENTED_EDGE('',*,*,#1654,.T.);
#1013=ORIENTED_EDGE('',*,*,#1655,.F.);
#1014=ORIENTED_EDGE('',*,*,#1656,.T.);
#1015=ORIENTED_EDGE('',*,*,#1657,.T.);
#1016=ORIENTED_EDGE('',*,*,#1658,.T.);
#1017=ORIENTED_EDGE('',*,*,#1659,.T.);
#1018=ORIENTED_EDGE('',*,*,#1660,.F.);
#1019=ORIENTED_EDGE('',*,*,#1661,.F.);
#1020=ORIENTED_EDGE('',*,*,#1662,.T.);
#1021=ORIENTED_EDGE('',*,*,#1663,.T.);
#1022=ORIENTED_EDGE('',*,*,#1664,.F.);
#1023=ORIENTED_EDGE('',*,*,#1665,.T.);
#1024=ORIENTED_EDGE('',*,*,#1666,.T.);
#1025=ORIENTED_EDGE('',*,*,#1667,.T.);
#1026=ORIENTED_EDGE('',*,*,#1668,.T.);
#1027=ORIENTED_EDGE('',*,*,#1669,.F.);
#1028=ORIENTED_EDGE('',*,*,#1670,.T.);
#1029=ORIENTED_EDGE('',*,*,#1671,.F.);
#1030=ORIENTED_EDGE('',*,*,#1672,.T.);
#1031=ORIENTED_EDGE('',*,*,#1660,.T.);
#1032=ORIENTED_EDGE('',*,*,#1673,.F.);
#1033=ORIENTED_EDGE('',*,*,#1674,.T.);
#1034=ORIENTED_EDGE('',*,*,#1640,.T.);
#1035=ORIENTED_EDGE('',*,*,#1675,.T.);
#1036=ORIENTED_EDGE('',*,*,#1676,.T.);
#1037=ORIENTED_EDGE('',*,*,#1669,.T.);
#1038=ORIENTED_EDGE('',*,*,#1639,.F.);
#1039=ORIENTED_EDGE('',*,*,#1677,.T.);
#1040=ORIENTED_EDGE('',*,*,#1678,.T.);
#1041=ORIENTED_EDGE('',*,*,#1679,.T.);
#1042=ORIENTED_EDGE('',*,*,#1680,.T.);
#1043=ORIENTED_EDGE('',*,*,#1671,.T.);
#1044=ORIENTED_EDGE('',*,*,#1681,.T.);
#1045=ORIENTED_EDGE('',*,*,#1682,.T.);
#1046=ORIENTED_EDGE('',*,*,#1683,.T.);
#1047=ORIENTED_EDGE('',*,*,#1684,.T.);
#1048=ORIENTED_EDGE('',*,*,#1685,.T.);
#1049=ORIENTED_EDGE('',*,*,#1686,.F.);
#1050=ORIENTED_EDGE('',*,*,#1687,.T.);
#1051=ORIENTED_EDGE('',*,*,#1688,.T.);
#1052=ORIENTED_EDGE('',*,*,#1689,.T.);
#1053=ORIENTED_EDGE('',*,*,#1690,.T.);
#1054=ORIENTED_EDGE('',*,*,#1691,.T.);
#1055=ORIENTED_EDGE('',*,*,#1692,.T.);
#1056=ORIENTED_EDGE('',*,*,#1693,.T.);
#1057=ORIENTED_EDGE('',*,*,#1679,.F.);
#1058=ORIENTED_EDGE('',*,*,#1694,.T.);
#1059=ORIENTED_EDGE('',*,*,#1695,.T.);
#1060=ORIENTED_EDGE('',*,*,#1646,.T.);
#1061=ORIENTED_EDGE('',*,*,#1696,.T.);
#1062=ORIENTED_EDGE('',*,*,#1697,.T.);
#1063=ORIENTED_EDGE('',*,*,#1654,.F.);
#1064=ORIENTED_EDGE('',*,*,#1698,.F.);
#1065=ORIENTED_EDGE('',*,*,#1695,.F.);
#1066=ORIENTED_EDGE('',*,*,#1699,.T.);
#1067=ORIENTED_EDGE('',*,*,#1700,.T.);
#1068=ORIENTED_EDGE('',*,*,#1647,.T.);
#1069=ORIENTED_EDGE('',*,*,#1701,.F.);
#1070=ORIENTED_EDGE('',*,*,#1702,.T.);
#1071=ORIENTED_EDGE('',*,*,#1635,.F.);
#1072=ORIENTED_EDGE('',*,*,#1703,.T.);
#1073=ORIENTED_EDGE('',*,*,#1704,.T.);
#1074=ORIENTED_EDGE('',*,*,#1701,.T.);
#1075=ORIENTED_EDGE('',*,*,#1705,.T.);
#1076=ORIENTED_EDGE('',*,*,#1706,.T.);
#1077=ORIENTED_EDGE('',*,*,#1707,.T.);
#1078=ORIENTED_EDGE('',*,*,#1708,.T.);
#1079=ORIENTED_EDGE('',*,*,#1709,.T.);
#1080=ORIENTED_EDGE('',*,*,#1710,.F.);
#1081=ORIENTED_EDGE('',*,*,#1711,.T.);
#1082=ORIENTED_EDGE('',*,*,#1651,.T.);
#1083=ORIENTED_EDGE('',*,*,#1712,.T.);
#1084=ORIENTED_EDGE('',*,*,#1710,.T.);
#1085=ORIENTED_EDGE('',*,*,#1713,.T.);
#1086=ORIENTED_EDGE('',*,*,#1714,.F.);
#1087=ORIENTED_EDGE('',*,*,#1686,.T.);
#1088=ORIENTED_EDGE('',*,*,#1715,.T.);
#1089=ORIENTED_EDGE('',*,*,#1703,.F.);
#1090=ORIENTED_EDGE('',*,*,#1652,.F.);
#1091=ORIENTED_EDGE('',*,*,#1714,.T.);
#1092=ORIENTED_EDGE('',*,*,#1716,.T.);
#1093=ORIENTED_EDGE('',*,*,#1717,.T.);
#1094=ORIENTED_EDGE('',*,*,#1718,.F.);
#1095=ORIENTED_EDGE('',*,*,#1719,.F.);
#1096=ORIENTED_EDGE('',*,*,#1720,.T.);
#1097=ORIENTED_EDGE('',*,*,#1721,.F.);
#1098=ORIENTED_EDGE('',*,*,#1722,.T.);
#1099=ORIENTED_EDGE('',*,*,#1673,.T.);
#1100=ORIENTED_EDGE('',*,*,#1659,.F.);
#1101=ORIENTED_EDGE('',*,*,#1642,.T.);
#1102=ORIENTED_EDGE('',*,*,#1723,.T.);
#1103=ORIENTED_EDGE('',*,*,#1721,.T.);
#1104=ORIENTED_EDGE('',*,*,#1658,.F.);
#1105=ORIENTED_EDGE('',*,*,#1724,.F.);
#1106=ORIENTED_EDGE('',*,*,#1657,.F.);
#1107=ORIENTED_EDGE('',*,*,#1725,.F.);
#1108=ORIENTED_EDGE('',*,*,#1643,.T.);
#1109=ORIENTED_EDGE('',*,*,#1724,.T.);
#1110=ORIENTED_EDGE('',*,*,#1726,.F.);
#1111=ORIENTED_EDGE('',*,*,#1727,.T.);
#1112=ORIENTED_EDGE('',*,*,#1644,.T.);
#1113=ORIENTED_EDGE('',*,*,#1725,.T.);
#1114=ORIENTED_EDGE('',*,*,#1656,.F.);
#1115=ORIENTED_EDGE('',*,*,#1697,.F.);
#1116=ORIENTED_EDGE('',*,*,#1728,.T.);
#1117=ORIENTED_EDGE('',*,*,#1726,.T.);
#1118=ORIENTED_EDGE('',*,*,#1655,.T.);
#1119=ORIENTED_EDGE('',*,*,#1729,.T.);
#1120=ORIENTED_EDGE('',*,*,#1730,.T.);
#1121=ORIENTED_EDGE('',*,*,#1731,.T.);
#1122=ORIENTED_EDGE('',*,*,#1732,.T.);
#1123=ORIENTED_EDGE('',*,*,#1653,.T.);
#1124=ORIENTED_EDGE('',*,*,#1672,.F.);
#1125=ORIENTED_EDGE('',*,*,#1680,.F.);
#1126=ORIENTED_EDGE('',*,*,#1698,.T.);
#1127=ORIENTED_EDGE('',*,*,#1733,.F.);
#1128=ORIENTED_EDGE('',*,*,#1732,.F.);
#1129=ORIENTED_EDGE('',*,*,#1734,.F.);
#1130=ORIENTED_EDGE('',*,*,#1733,.T.);
#1131=ORIENTED_EDGE('',*,*,#1735,.F.);
#1132=ORIENTED_EDGE('',*,*,#1731,.F.);
#1133=ORIENTED_EDGE('',*,*,#1736,.F.);
#1134=ORIENTED_EDGE('',*,*,#1735,.T.);
#1135=ORIENTED_EDGE('',*,*,#1737,.F.);
#1136=ORIENTED_EDGE('',*,*,#1730,.F.);
#1137=ORIENTED_EDGE('',*,*,#1738,.T.);
#1138=ORIENTED_EDGE('',*,*,#1737,.T.);
#1139=ORIENTED_EDGE('',*,*,#1739,.F.);
#1140=ORIENTED_EDGE('',*,*,#1729,.F.);
#1141=ORIENTED_EDGE('',*,*,#1740,.T.);
#1142=ORIENTED_EDGE('',*,*,#1739,.T.);
#1143=ORIENTED_EDGE('',*,*,#1720,.F.);
#1144=ORIENTED_EDGE('',*,*,#1740,.F.);
#1145=ORIENTED_EDGE('',*,*,#1717,.F.);
#1146=ORIENTED_EDGE('',*,*,#1738,.F.);
#1147=ORIENTED_EDGE('',*,*,#1718,.T.);
#1148=ORIENTED_EDGE('',*,*,#1736,.T.);
#1149=ORIENTED_EDGE('',*,*,#1719,.T.);
#1150=ORIENTED_EDGE('',*,*,#1734,.T.);
#1151=ORIENTED_EDGE('',*,*,#1727,.F.);
#1152=ORIENTED_EDGE('',*,*,#1728,.F.);
#1153=ORIENTED_EDGE('',*,*,#1696,.F.);
#1154=ORIENTED_EDGE('',*,*,#1645,.F.);
#1155=ORIENTED_EDGE('',*,*,#1723,.F.);
#1156=ORIENTED_EDGE('',*,*,#1641,.F.);
#1157=ORIENTED_EDGE('',*,*,#1674,.F.);
#1158=ORIENTED_EDGE('',*,*,#1722,.F.);
#1159=ORIENTED_EDGE('',*,*,#1741,.T.);
#1160=ORIENTED_EDGE('',*,*,#1742,.T.);
#1161=ORIENTED_EDGE('',*,*,#1743,.T.);
#1162=ORIENTED_EDGE('',*,*,#1744,.T.);
#1163=ORIENTED_EDGE('',*,*,#1745,.T.);
#1164=ORIENTED_EDGE('',*,*,#1746,.T.);
#1165=ORIENTED_EDGE('',*,*,#1747,.T.);
#1166=ORIENTED_EDGE('',*,*,#1748,.T.);
#1167=ORIENTED_EDGE('',*,*,#1749,.T.);
#1168=ORIENTED_EDGE('',*,*,#1750,.F.);
#1169=ORIENTED_EDGE('',*,*,#1750,.T.);
#1170=ORIENTED_EDGE('',*,*,#1751,.T.);
#1171=ORIENTED_EDGE('',*,*,#1752,.F.);
#1172=ORIENTED_EDGE('',*,*,#1752,.T.);
#1173=ORIENTED_EDGE('',*,*,#1753,.T.);
#1174=ORIENTED_EDGE('',*,*,#1754,.F.);
#1175=ORIENTED_EDGE('',*,*,#1754,.T.);
#1176=ORIENTED_EDGE('',*,*,#1755,.T.);
#1177=ORIENTED_EDGE('',*,*,#1756,.F.);
#1178=ORIENTED_EDGE('',*,*,#1756,.T.);
#1179=ORIENTED_EDGE('',*,*,#1757,.T.);
#1180=ORIENTED_EDGE('',*,*,#1758,.F.);
#1181=ORIENTED_EDGE('',*,*,#1758,.T.);
#1182=ORIENTED_EDGE('',*,*,#1759,.T.);
#1183=ORIENTED_EDGE('',*,*,#1760,.F.);
#1184=ORIENTED_EDGE('',*,*,#1760,.T.);
#1185=ORIENTED_EDGE('',*,*,#1761,.T.);
#1186=ORIENTED_EDGE('',*,*,#1762,.F.);
#1187=ORIENTED_EDGE('',*,*,#1762,.T.);
#1188=ORIENTED_EDGE('',*,*,#1763,.T.);
#1189=ORIENTED_EDGE('',*,*,#1764,.F.);
#1190=ORIENTED_EDGE('',*,*,#1764,.T.);
#1191=ORIENTED_EDGE('',*,*,#1665,.F.);
#1192=ORIENTED_EDGE('',*,*,#1763,.F.);
#1193=ORIENTED_EDGE('',*,*,#1666,.F.);
#1194=ORIENTED_EDGE('',*,*,#1761,.F.);
#1195=ORIENTED_EDGE('',*,*,#1667,.F.);
#1196=ORIENTED_EDGE('',*,*,#1759,.F.);
#1197=ORIENTED_EDGE('',*,*,#1668,.F.);
#1198=ORIENTED_EDGE('',*,*,#1757,.F.);
#1199=ORIENTED_EDGE('',*,*,#1690,.F.);
#1200=ORIENTED_EDGE('',*,*,#1749,.F.);
#1201=ORIENTED_EDGE('',*,*,#1691,.F.);
#1202=ORIENTED_EDGE('',*,*,#1751,.F.);
#1203=ORIENTED_EDGE('',*,*,#1692,.F.);
#1204=ORIENTED_EDGE('',*,*,#1753,.F.);
#1205=ORIENTED_EDGE('',*,*,#1693,.F.);
#1206=ORIENTED_EDGE('',*,*,#1755,.F.);
#1207=ORIENTED_EDGE('',*,*,#1685,.F.);
#1208=ORIENTED_EDGE('',*,*,#1765,.T.);
#1209=ORIENTED_EDGE('',*,*,#1704,.F.);
#1210=ORIENTED_EDGE('',*,*,#1715,.F.);
#1211=ORIENTED_EDGE('',*,*,#1713,.F.);
#1212=ORIENTED_EDGE('',*,*,#1766,.T.);
#1213=ORIENTED_EDGE('',*,*,#1687,.F.);
#1214=ORIENTED_EDGE('',*,*,#1716,.F.);
#1215=ORIENTED_EDGE('',*,*,#1706,.F.);
#1216=ORIENTED_EDGE('',*,*,#1767,.T.);
#1217=ORIENTED_EDGE('',*,*,#1745,.F.);
#1218=ORIENTED_EDGE('',*,*,#1768,.T.);
#1219=ORIENTED_EDGE('',*,*,#1743,.F.);
#1220=ORIENTED_EDGE('',*,*,#1769,.T.);
#1221=ORIENTED_EDGE('',*,*,#1708,.F.);
#1222=ORIENTED_EDGE('',*,*,#1770,.T.);
#1223=ORIENTED_EDGE('',*,*,#1702,.F.);
#1224=ORIENTED_EDGE('',*,*,#1707,.F.);
#1225=ORIENTED_EDGE('',*,*,#1771,.F.);
#1226=ORIENTED_EDGE('',*,*,#1636,.F.);
#1227=ORIENTED_EDGE('',*,*,#1771,.T.);
#1228=ORIENTED_EDGE('',*,*,#1768,.F.);
#1229=ORIENTED_EDGE('',*,*,#1772,.F.);
#1230=ORIENTED_EDGE('',*,*,#1637,.F.);
#1231=ORIENTED_EDGE('',*,*,#1772,.T.);
#1232=ORIENTED_EDGE('',*,*,#1748,.F.);
#1233=ORIENTED_EDGE('',*,*,#1773,.F.);
#1234=ORIENTED_EDGE('',*,*,#1638,.F.);
#1235=ORIENTED_EDGE('',*,*,#1747,.F.);
#1236=ORIENTED_EDGE('',*,*,#1774,.T.);
#1237=ORIENTED_EDGE('',*,*,#1675,.F.);
#1238=ORIENTED_EDGE('',*,*,#1773,.T.);
#1239=ORIENTED_EDGE('',*,*,#1712,.F.);
#1240=ORIENTED_EDGE('',*,*,#1650,.F.);
#1241=ORIENTED_EDGE('',*,*,#1775,.F.);
#1242=ORIENTED_EDGE('',*,*,#1711,.F.);
#1243=ORIENTED_EDGE('',*,*,#1775,.T.);
#1244=ORIENTED_EDGE('',*,*,#1649,.F.);
#1245=ORIENTED_EDGE('',*,*,#1776,.F.);
#1246=ORIENTED_EDGE('',*,*,#1770,.F.);
#1247=ORIENTED_EDGE('',*,*,#1776,.T.);
#1248=ORIENTED_EDGE('',*,*,#1648,.F.);
#1249=ORIENTED_EDGE('',*,*,#1777,.F.);
#1250=ORIENTED_EDGE('',*,*,#1744,.F.);
#1251=ORIENTED_EDGE('',*,*,#1700,.F.);
#1252=ORIENTED_EDGE('',*,*,#1778,.T.);
#1253=ORIENTED_EDGE('',*,*,#1741,.F.);
#1254=ORIENTED_EDGE('',*,*,#1777,.T.);
#1255=ORIENTED_EDGE('',*,*,#1766,.F.);
#1256=ORIENTED_EDGE('',*,*,#1709,.F.);
#1257=ORIENTED_EDGE('',*,*,#1779,.F.);
#1258=ORIENTED_EDGE('',*,*,#1688,.F.);
#1259=ORIENTED_EDGE('',*,*,#1779,.T.);
#1260=ORIENTED_EDGE('',*,*,#1769,.F.);
#1261=ORIENTED_EDGE('',*,*,#1780,.F.);
#1262=ORIENTED_EDGE('',*,*,#1689,.F.);
#1263=ORIENTED_EDGE('',*,*,#1780,.T.);
#1264=ORIENTED_EDGE('',*,*,#1742,.F.);
#1265=ORIENTED_EDGE('',*,*,#1781,.F.);
#1266=ORIENTED_EDGE('',*,*,#1677,.F.);
#1267=ORIENTED_EDGE('',*,*,#1781,.T.);
#1268=ORIENTED_EDGE('',*,*,#1778,.F.);
#1269=ORIENTED_EDGE('',*,*,#1782,.F.);
#1270=ORIENTED_EDGE('',*,*,#1782,.T.);
#1271=ORIENTED_EDGE('',*,*,#1699,.F.);
#1272=ORIENTED_EDGE('',*,*,#1694,.F.);
#1273=ORIENTED_EDGE('',*,*,#1678,.F.);
#1274=ORIENTED_EDGE('',*,*,#1765,.F.);
#1275=ORIENTED_EDGE('',*,*,#1684,.F.);
#1276=ORIENTED_EDGE('',*,*,#1783,.F.);
#1277=ORIENTED_EDGE('',*,*,#1705,.F.);
#1278=ORIENTED_EDGE('',*,*,#1783,.T.);
#1279=ORIENTED_EDGE('',*,*,#1683,.F.);
#1280=ORIENTED_EDGE('',*,*,#1784,.F.);
#1281=ORIENTED_EDGE('',*,*,#1767,.F.);
#1282=ORIENTED_EDGE('',*,*,#1784,.T.);
#1283=ORIENTED_EDGE('',*,*,#1682,.F.);
#1284=ORIENTED_EDGE('',*,*,#1785,.F.);
#1285=ORIENTED_EDGE('',*,*,#1746,.F.);
#1286=ORIENTED_EDGE('',*,*,#1774,.F.);
#1287=ORIENTED_EDGE('',*,*,#1785,.T.);
#1288=ORIENTED_EDGE('',*,*,#1786,.F.);
#1289=ORIENTED_EDGE('',*,*,#1786,.T.);
#1290=ORIENTED_EDGE('',*,*,#1681,.F.);
#1291=ORIENTED_EDGE('',*,*,#1670,.F.);
#1292=ORIENTED_EDGE('',*,*,#1676,.F.);
#1293=ORIENTED_EDGE('',*,*,#1787,.F.);
#1294=ORIENTED_EDGE('',*,*,#1662,.F.);
#1295=ORIENTED_EDGE('',*,*,#1788,.F.);
#1296=ORIENTED_EDGE('',*,*,#1634,.F.);
#1297=ORIENTED_EDGE('',*,*,#1788,.T.);
#1298=ORIENTED_EDGE('',*,*,#1661,.T.);
#1299=ORIENTED_EDGE('',*,*,#1789,.F.);
#1300=ORIENTED_EDGE('',*,*,#1631,.F.);
#1301=ORIENTED_EDGE('',*,*,#1787,.T.);
#1302=ORIENTED_EDGE('',*,*,#1633,.F.);
#1303=ORIENTED_EDGE('',*,*,#1790,.F.);
#1304=ORIENTED_EDGE('',*,*,#1663,.F.);
#1305=ORIENTED_EDGE('',*,*,#1789,.T.);
#1306=ORIENTED_EDGE('',*,*,#1664,.T.);
#1307=ORIENTED_EDGE('',*,*,#1790,.T.);
#1308=ORIENTED_EDGE('',*,*,#1632,.F.);
#1309=EDGE_CURVE('',#1791,#1792,#2125,.T.);
#1310=EDGE_CURVE('',#1792,#1793,#2126,.T.);
#1311=EDGE_CURVE('',#1794,#1793,#2127,.T.);
#1312=EDGE_CURVE('',#1795,#1794,#2128,.T.);
#1313=EDGE_CURVE('',#1791,#1795,#2129,.T.);
#1314=EDGE_CURVE('',#1796,#1797,#2130,.T.);
#1315=EDGE_CURVE('',#1798,#1797,#175,.T.);
#1316=EDGE_CURVE('',#1799,#1798,#2131,.T.);
#1317=EDGE_CURVE('',#1796,#1799,#2132,.T.);
#1318=EDGE_CURVE('',#1800,#1801,#176,.T.);
#1319=EDGE_CURVE('',#1801,#1802,#2133,.T.);
#1320=EDGE_CURVE('',#1795,#1802,#2134,.T.);
#1321=EDGE_CURVE('',#1794,#1794,#177,.T.);
#1322=EDGE_CURVE('',#1803,#1793,#178,.T.);
#1323=EDGE_CURVE('',#1803,#1804,#2135,.T.);
#1324=EDGE_CURVE('',#1805,#1804,#179,.T.);
#1325=EDGE_CURVE('',#1806,#1805,#2136,.T.);
#1326=EDGE_CURVE('',#1806,#1806,#180,.T.);
#1327=EDGE_CURVE('',#1807,#1806,#2137,.T.);
#1328=EDGE_CURVE('',#1808,#1807,#2138,.T.);
#1329=EDGE_CURVE('',#1808,#1800,#2139,.T.);
#1330=EDGE_CURVE('',#1809,#1809,#181,.T.);
#1331=EDGE_CURVE('',#1810,#1810,#182,.T.);
#1332=EDGE_CURVE('',#1811,#1811,#183,.T.);
#1333=EDGE_CURVE('',#1812,#1812,#184,.T.);
#1334=EDGE_CURVE('',#1813,#1805,#2140,.T.);
#1335=EDGE_CURVE('',#1814,#1813,#2141,.T.);
#1336=EDGE_CURVE('',#1814,#1807,#2142,.T.);
#1337=EDGE_CURVE('',#1813,#1815,#185,.T.);
#1338=EDGE_CURVE('',#1816,#1815,#2143,.T.);
#1339=EDGE_CURVE('',#1816,#1792,#186,.T.);
#1340=EDGE_CURVE('',#1791,#1814,#2144,.T.);
#1341=EDGE_CURVE('',#1817,#1817,#187,.F.);
#1342=EDGE_CURVE('',#1818,#1818,#188,.F.);
#1343=EDGE_CURVE('',#1819,#1819,#189,.F.);
#1344=EDGE_CURVE('',#1820,#1820,#190,.F.);
#1345=EDGE_CURVE('',#1821,#1821,#191,.F.);
#1346=EDGE_CURVE('',#1822,#1822,#192,.F.);
#1347=EDGE_CURVE('',#1823,#1823,#193,.F.);
#1348=EDGE_CURVE('',#1824,#1824,#194,.F.);
#1349=EDGE_CURVE('',#1802,#1796,#2145,.T.);
#1350=EDGE_CURVE('',#1799,#1808,#2146,.F.);
#1351=EDGE_CURVE('',#1825,#1825,#195,.T.);
#1352=EDGE_CURVE('',#1826,#1826,#196,.T.);
#1353=EDGE_CURVE('',#1827,#1827,#197,.T.);
#1354=EDGE_CURVE('',#1828,#1828,#198,.T.);
#1355=EDGE_CURVE('',#1815,#1804,#2147,.T.);
#1356=EDGE_CURVE('',#1816,#1803,#2148,.T.);
#1357=EDGE_CURVE('',#1829,#1829,#199,.T.);
#1358=EDGE_CURVE('',#1830,#1830,#200,.T.);
#1359=EDGE_CURVE('',#1831,#1831,#201,.T.);
#1360=EDGE_CURVE('',#1832,#1832,#202,.T.);
#1361=EDGE_CURVE('',#1833,#1833,#203,.T.);
#1362=EDGE_CURVE('',#1834,#1834,#204,.T.);
#1363=EDGE_CURVE('',#1835,#1835,#205,.T.);
#1364=EDGE_CURVE('',#1836,#1836,#206,.T.);
#1365=EDGE_CURVE('',#1837,#1837,#207,.T.);
#1366=EDGE_CURVE('',#1838,#1838,#208,.T.);
#1367=EDGE_CURVE('',#1839,#1839,#209,.T.);
#1368=EDGE_CURVE('',#1840,#1840,#210,.T.);
#1369=EDGE_CURVE('',#1841,#1841,#211,.T.);
#1370=EDGE_CURVE('',#1842,#1842,#212,.T.);
#1371=EDGE_CURVE('',#1800,#1798,#2149,.T.);
#1372=EDGE_CURVE('',#1801,#1797,#2150,.T.);
#1373=EDGE_CURVE('',#1843,#1844,#2151,.T.);
#1374=EDGE_CURVE('',#1844,#1845,#2152,.T.);
#1375=EDGE_CURVE('',#1843,#1845,#213,.T.);
#1376=EDGE_CURVE('',#1845,#1846,#2153,.T.);
#1377=EDGE_CURVE('',#1846,#1847,#34,.T.);
#1378=EDGE_CURVE('',#1847,#1848,#2154,.T.);
#1379=EDGE_CURVE('',#1845,#1848,#214,.T.);
#1380=EDGE_CURVE('',#1848,#1849,#2155,.T.);
#1381=EDGE_CURVE('',#1849,#1850,#35,.T.);
#1382=EDGE_CURVE('',#1850,#1851,#2156,.T.);
#1383=EDGE_CURVE('',#1848,#1851,#215,.T.);
#1384=EDGE_CURVE('',#1852,#1853,#216,.T.);
#1385=EDGE_CURVE('',#1853,#1854,#2157,.T.);
#1386=EDGE_CURVE('',#1852,#1854,#2158,.T.);
#1387=EDGE_CURVE('',#1855,#1856,#2159,.T.);
#1388=EDGE_CURVE('',#1856,#1857,#36,.F.);
#1389=EDGE_CURVE('',#1857,#1853,#2160,.T.);
#1390=EDGE_CURVE('',#1853,#1855,#217,.T.);
#1391=EDGE_CURVE('',#1858,#1859,#2161,.T.);
#1392=EDGE_CURVE('',#1859,#1860,#37,.F.);
#1393=EDGE_CURVE('',#1860,#1855,#2162,.T.);
#1394=EDGE_CURVE('',#1855,#1858,#218,.T.);
#1395=EDGE_CURVE('',#1861,#1862,#2163,.T.);
#1396=EDGE_CURVE('',#1861,#1863,#2164,.T.);
#1397=EDGE_CURVE('',#1863,#1864,#38,.F.);
#1398=EDGE_CURVE('',#1864,#1865,#2165,.T.);
#1399=EDGE_CURVE('',#1865,#1866,#39,.F.);
#1400=EDGE_CURVE('',#1866,#1862,#2166,.F.);
#1401=EDGE_CURVE('',#1867,#1868,#2167,.T.);
#1402=EDGE_CURVE('',#1868,#1869,#2168,.T.);
#1403=EDGE_CURVE('',#1869,#1870,#2169,.T.);
#1404=EDGE_CURVE('',#1870,#1871,#2170,.F.);
#1405=EDGE_CURVE('',#1871,#1867,#40,.F.);
#1406=EDGE_CURVE('',#1872,#1873,#2171,.T.);
#1407=EDGE_CURVE('',#1873,#1874,#2172,.F.);
#1408=EDGE_CURVE('',#1874,#1875,#2173,.T.);
#1409=EDGE_CURVE('',#1875,#1876,#41,.F.);
#1410=EDGE_CURVE('',#1876,#1872,#2174,.T.);
#1411=EDGE_CURVE('',#1877,#1878,#219,.T.);
#1412=EDGE_CURVE('',#1879,#1877,#2175,.T.);
#1413=EDGE_CURVE('',#1879,#1880,#220,.T.);
#1414=EDGE_CURVE('',#1880,#1878,#2176,.T.);
#1415=EDGE_CURVE('',#1851,#1881,#221,.T.);
#1416=EDGE_CURVE('',#1881,#1882,#2177,.T.);
#1417=EDGE_CURVE('',#1858,#1882,#222,.T.);
#1418=EDGE_CURVE('',#1852,#1843,#2178,.F.);
#1419=EDGE_CURVE('',#1877,#1883,#2179,.T.);
#1420=EDGE_CURVE('',#1878,#1884,#2180,.T.);
#1421=EDGE_CURVE('',#1884,#1885,#223,.T.);
#1422=EDGE_CURVE('',#1886,#1885,#2181,.T.);
#1423=EDGE_CURVE('',#1886,#1887,#224,.T.);
#1424=EDGE_CURVE('',#1888,#1887,#2182,.T.);
#1425=EDGE_CURVE('',#1883,#1888,#225,.T.);
#1426=EDGE_CURVE('',#1889,#1890,#226,.T.);
#1427=EDGE_CURVE('',#1891,#1889,#2183,.T.);
#1428=EDGE_CURVE('',#1891,#1892,#227,.T.);
#1429=EDGE_CURVE('',#1892,#1890,#2184,.T.);
#1430=EDGE_CURVE('',#1893,#1894,#2185,.T.);
#1431=EDGE_CURVE('',#1894,#1895,#228,.F.);
#1432=EDGE_CURVE('',#1895,#1896,#2186,.T.);
#1433=EDGE_CURVE('',#1896,#1893,#229,.T.);
#1434=EDGE_CURVE('',#1897,#1898,#2187,.T.);
#1435=EDGE_CURVE('',#1898,#1899,#230,.T.);
#1436=EDGE_CURVE('',#1899,#1900,#2188,.T.);
#1437=EDGE_CURVE('',#1900,#1901,#2189,.F.);
#1438=EDGE_CURVE('',#1902,#1901,#2190,.T.);
#1439=EDGE_CURVE('',#1902,#1903,#2191,.T.);
#1440=EDGE_CURVE('',#1903,#1904,#231,.F.);
#1441=EDGE_CURVE('',#1904,#1905,#2192,.T.);
#1442=EDGE_CURVE('',#1906,#1905,#232,.T.);
#1443=EDGE_CURVE('',#1906,#1907,#2193,.T.);
#1444=EDGE_CURVE('',#1907,#1908,#233,.F.);
#1445=EDGE_CURVE('',#1909,#1908,#2194,.T.);
#1446=EDGE_CURVE('',#1909,#1910,#2195,.T.);
#1447=EDGE_CURVE('',#1910,#1911,#2196,.T.);
#1448=EDGE_CURVE('',#1912,#1911,#2197,.T.);
#1449=EDGE_CURVE('',#1912,#1913,#234,.T.);
#1450=EDGE_CURVE('',#1913,#1914,#2198,.T.);
#1451=EDGE_CURVE('',#1914,#1861,#235,.T.);
#1452=EDGE_CURVE('',#1862,#1897,#236,.T.);
#1453=EDGE_CURVE('',#1915,#1916,#2199,.T.);
#1454=EDGE_CURVE('',#1917,#1915,#237,.T.);
#1455=EDGE_CURVE('',#1917,#1916,#2200,.T.);
#1456=EDGE_CURVE('',#1918,#1919,#2201,.T.);
#1457=EDGE_CURVE('',#1920,#1918,#238,.T.);
#1458=EDGE_CURVE('',#1920,#1919,#2202,.T.);
#1459=EDGE_CURVE('',#1921,#1922,#2203,.T.);
#1460=EDGE_CURVE('',#1923,#1921,#239,.T.);
#1461=EDGE_CURVE('',#1923,#1922,#2204,.T.);
#1462=EDGE_CURVE('',#1924,#1925,#2205,.T.);
#1463=EDGE_CURVE('',#1926,#1924,#240,.T.);
#1464=EDGE_CURVE('',#1926,#1925,#2206,.T.);
#1465=EDGE_CURVE('',#1927,#1928,#241,.F.);
#1466=EDGE_CURVE('',#1927,#1929,#2207,.T.);
#1467=EDGE_CURVE('',#1929,#1930,#2208,.T.);
#1468=EDGE_CURVE('',#1930,#1931,#2209,.T.);
#1469=EDGE_CURVE('',#1931,#1928,#2210,.F.);
#1470=EDGE_CURVE('',#1932,#1933,#2211,.T.);
#1471=EDGE_CURVE('',#1934,#1932,#242,.T.);
#1472=EDGE_CURVE('',#1934,#1933,#2212,.T.);
#1473=EDGE_CURVE('',#1935,#1936,#2213,.T.);
#1474=EDGE_CURVE('',#1937,#1935,#243,.T.);
#1475=EDGE_CURVE('',#1937,#1936,#2214,.T.);
#1476=EDGE_CURVE('',#1938,#1939,#2215,.T.);
#1477=EDGE_CURVE('',#1940,#1938,#244,.T.);
#1478=EDGE_CURVE('',#1940,#1939,#2216,.T.);
#1479=EDGE_CURVE('',#1941,#1942,#2217,.T.);
#1480=EDGE_CURVE('',#1943,#1941,#245,.T.);
#1481=EDGE_CURVE('',#1943,#1942,#2218,.T.);
#1482=EDGE_CURVE('',#1944,#1945,#246,.T.);
#1483=EDGE_CURVE('',#1944,#1946,#2219,.T.);
#1484=EDGE_CURVE('',#1947,#1946,#2220,.T.);
#1485=EDGE_CURVE('',#1947,#1948,#2221,.F.);
#1486=EDGE_CURVE('',#1948,#1945,#2222,.F.);
#1487=EDGE_CURVE('',#1949,#1950,#2223,.T.);
#1488=EDGE_CURVE('',#1949,#1951,#247,.T.);
#1489=EDGE_CURVE('',#1951,#1950,#2224,.T.);
#1490=EDGE_CURVE('',#1952,#1953,#2225,.T.);
#1491=EDGE_CURVE('',#1952,#1954,#248,.T.);
#1492=EDGE_CURVE('',#1954,#1953,#2226,.T.);
#1493=EDGE_CURVE('',#1955,#1902,#2227,.T.);
#1494=EDGE_CURVE('',#1955,#1956,#249,.F.);
#1495=EDGE_CURVE('',#1956,#1879,#2228,.T.);
#1496=EDGE_CURVE('',#1957,#1883,#2229,.T.);
#1497=EDGE_CURVE('',#1957,#1903,#2230,.T.);
#1498=EDGE_CURVE('',#1958,#1959,#2231,.T.);
#1499=EDGE_CURVE('',#1958,#1960,#250,.T.);
#1500=EDGE_CURVE('',#1960,#1959,#2232,.T.);
#1501=EDGE_CURVE('',#1961,#1962,#2233,.T.);
#1502=EDGE_CURVE('',#1961,#1963,#251,.T.);
#1503=EDGE_CURVE('',#1963,#1962,#2234,.T.);
#1504=EDGE_CURVE('',#1954,#1915,#2235,.T.);
#1505=EDGE_CURVE('',#1917,#1952,#2236,.T.);
#1506=EDGE_CURVE('',#1963,#1924,#2237,.T.);
#1507=EDGE_CURVE('',#1926,#1961,#2238,.T.);
#1508=EDGE_CURVE('',#1951,#1921,#2239,.T.);
#1509=EDGE_CURVE('',#1923,#1949,#2240,.T.);
#1510=EDGE_CURVE('',#1960,#1918,#2241,.T.);
#1511=EDGE_CURVE('',#1920,#1958,#2242,.T.);
#1512=EDGE_CURVE('',#1964,#1938,#2243,.T.);
#1513=EDGE_CURVE('',#1964,#1965,#252,.T.);
#1514=EDGE_CURVE('',#1940,#1965,#2244,.T.);
#1515=EDGE_CURVE('',#1966,#1935,#2245,.T.);
#1516=EDGE_CURVE('',#1966,#1967,#253,.T.);
#1517=EDGE_CURVE('',#1937,#1967,#2246,.T.);
#1518=EDGE_CURVE('',#1968,#1941,#2247,.T.);
#1519=EDGE_CURVE('',#1968,#1969,#254,.T.);
#1520=EDGE_CURVE('',#1943,#1969,#2248,.T.);
#1521=EDGE_CURVE('',#1970,#1932,#2249,.T.);
#1522=EDGE_CURVE('',#1970,#1971,#255,.T.);
#1523=EDGE_CURVE('',#1934,#1971,#2250,.T.);
#1524=EDGE_CURVE('',#1972,#1888,#2251,.T.);
#1525=EDGE_CURVE('',#1972,#1957,#256,.T.);
#1526=EDGE_CURVE('',#1904,#1972,#2252,.T.);
#1527=EDGE_CURVE('',#1905,#1887,#2253,.T.);
#1528=EDGE_CURVE('',#1906,#1886,#2254,.T.);
#1529=EDGE_CURVE('',#1973,#1885,#2255,.T.);
#1530=EDGE_CURVE('',#1973,#1907,#2256,.T.);
#1531=EDGE_CURVE('',#1974,#1884,#2257,.T.);
#1532=EDGE_CURVE('',#1974,#1973,#257,.T.);
#1533=EDGE_CURVE('',#1971,#1975,#2258,.T.);
#1534=EDGE_CURVE('',#1970,#1975,#2259,.T.);
#1535=EDGE_CURVE('',#1969,#1976,#2260,.T.);
#1536=EDGE_CURVE('',#1968,#1976,#2261,.T.);
#1537=EDGE_CURVE('',#1967,#1977,#2262,.T.);
#1538=EDGE_CURVE('',#1966,#1977,#2263,.T.);
#1539=EDGE_CURVE('',#1965,#1978,#2264,.T.);
#1540=EDGE_CURVE('',#1964,#1978,#2265,.T.);
#1541=EDGE_CURVE('',#1979,#1880,#2266,.T.);
#1542=EDGE_CURVE('',#1979,#1980,#258,.T.);
#1543=EDGE_CURVE('',#1980,#1909,#2267,.T.);
#1544=EDGE_CURVE('',#1908,#1974,#2268,.F.);
#1545=EDGE_CURVE('',#1981,#1982,#2269,.T.);
#1546=EDGE_CURVE('',#1981,#1983,#2270,.F.);
#1547=EDGE_CURVE('',#1983,#1984,#2271,.T.);
#1548=EDGE_CURVE('',#1984,#1985,#2272,.T.);
#1549=EDGE_CURVE('',#1985,#1986,#2273,.F.);
#1550=EDGE_CURVE('',#1986,#1912,#2274,.F.);
#1551=EDGE_CURVE('',#1911,#1947,#259,.F.);
#1552=EDGE_CURVE('',#1946,#1982,#260,.F.);
#1553=EDGE_CURVE('',#1913,#1987,#2275,.T.);
#1554=EDGE_CURVE('',#1987,#1988,#2276,.T.);
#1555=EDGE_CURVE('',#1988,#1989,#42,.F.);
#1556=EDGE_CURVE('',#1989,#1914,#2277,.F.);
#1557=EDGE_CURVE('',#1990,#1991,#43,.F.);
#1558=EDGE_CURVE('',#1991,#1992,#2278,.T.);
#1559=EDGE_CURVE('',#1992,#1993,#2279,.T.);
#1560=EDGE_CURVE('',#1993,#1994,#2280,.F.);
#1561=EDGE_CURVE('',#1994,#1995,#44,.F.);
#1562=EDGE_CURVE('',#1995,#1990,#2281,.T.);
#1563=EDGE_CURVE('',#1996,#1997,#2282,.T.);
#1564=EDGE_CURVE('',#1997,#1898,#2283,.F.);
#1565=EDGE_CURVE('',#1897,#1998,#2284,.T.);
#1566=EDGE_CURVE('',#1998,#1996,#45,.F.);
#1567=EDGE_CURVE('',#1999,#2000,#2285,.T.);
#1568=EDGE_CURVE('',#2000,#2001,#2286,.T.);
#1569=EDGE_CURVE('',#2001,#2002,#2287,.T.);
#1570=EDGE_CURVE('',#2002,#1931,#261,.T.);
#1571=EDGE_CURVE('',#1930,#1900,#262,.T.);
#1572=EDGE_CURVE('',#1899,#2003,#2288,.T.);
#1573=EDGE_CURVE('',#2003,#2004,#2289,.F.);
#1574=EDGE_CURVE('',#1999,#2004,#2290,.T.);
#1575=EDGE_CURVE('',#2001,#1873,#263,.F.);
#1576=EDGE_CURVE('',#1872,#1993,#264,.F.);
#1577=EDGE_CURVE('',#1992,#1870,#265,.F.);
#1578=EDGE_CURVE('',#1869,#1981,#266,.F.);
#1579=EDGE_CURVE('',#1982,#2005,#2291,.F.);
#1580=EDGE_CURVE('',#2005,#1979,#2292,.F.);
#1581=EDGE_CURVE('',#1956,#2006,#2293,.T.);
#1582=EDGE_CURVE('',#2006,#2002,#2294,.T.);
#1583=EDGE_CURVE('',#1901,#2007,#2295,.F.);
#1584=EDGE_CURVE('',#2007,#1955,#2296,.F.);
#1585=EDGE_CURVE('',#1980,#2008,#2297,.T.);
#1586=EDGE_CURVE('',#2008,#1910,#2298,.T.);
#1587=EDGE_CURVE('',#1953,#1916,#2299,.T.);
#1588=EDGE_CURVE('',#1959,#1919,#2300,.T.);
#1589=EDGE_CURVE('',#1950,#1922,#2301,.T.);
#1590=EDGE_CURVE('',#1962,#1925,#2302,.T.);
#1591=EDGE_CURVE('',#1978,#1939,#2303,.T.);
#1592=EDGE_CURVE('',#1977,#1936,#2304,.T.);
#1593=EDGE_CURVE('',#1976,#1942,#2305,.T.);
#1594=EDGE_CURVE('',#1975,#1933,#2306,.T.);
#1595=EDGE_CURVE('',#1948,#1910,#46,.T.);
#1596=EDGE_CURVE('',#2008,#1945,#267,.T.);
#1597=EDGE_CURVE('',#1944,#2005,#268,.T.);
#1598=EDGE_CURVE('',#1901,#1929,#47,.T.);
#1599=EDGE_CURVE('',#1927,#2007,#269,.T.);
#1600=EDGE_CURVE('',#2006,#1928,#270,.T.);
#1601=EDGE_CURVE('',#2008,#2005,#271,.F.);
#1602=EDGE_CURVE('',#2006,#2007,#272,.T.);
#1603=EDGE_CURVE('',#2009,#1882,#2307,.T.);
#1604=EDGE_CURVE('',#2009,#1858,#2308,.T.);
#1605=EDGE_CURVE('',#1851,#2010,#2309,.T.);
#1606=EDGE_CURVE('',#2010,#1881,#2310,.T.);
#1607=EDGE_CURVE('',#2004,#2009,#2311,.F.);
#1608=EDGE_CURVE('',#2010,#1999,#2312,.T.);
#1609=EDGE_CURVE('',#1854,#1985,#2313,.F.);
#1610=EDGE_CURVE('',#1984,#1844,#2314,.T.);
#1611=EDGE_CURVE('',#2003,#1997,#48,.F.);
#1612=EDGE_CURVE('',#1996,#1859,#2315,.T.);
#1613=EDGE_CURVE('',#1860,#1865,#2316,.F.);
#1614=EDGE_CURVE('',#1864,#1856,#2317,.T.);
#1615=EDGE_CURVE('',#1987,#1986,#49,.F.);
#1616=EDGE_CURVE('',#1857,#1988,#2318,.F.);
#1617=EDGE_CURVE('',#1874,#2000,#50,.T.);
#1618=EDGE_CURVE('',#1850,#1875,#2319,.F.);
#1619=EDGE_CURVE('',#1847,#1990,#2320,.F.);
#1620=EDGE_CURVE('',#1995,#1849,#2321,.T.);
#1621=EDGE_CURVE('',#1983,#1868,#51,.T.);
#1622=EDGE_CURVE('',#1867,#1846,#2322,.T.);
#1623=EDGE_CURVE('',#1871,#1991,#12,.T.);
#1624=EDGE_CURVE('',#1994,#1876,#13,.T.);
#1625=EDGE_CURVE('',#1998,#1866,#14,.T.);
#1626=EDGE_CURVE('',#1863,#1989,#15,.T.);
#1627=EDGE_CURVE('',#1893,#1890,#16,.T.);
#1628=EDGE_CURVE('',#1889,#1896,#17,.F.);
#1629=EDGE_CURVE('',#1891,#1895,#18,.F.);
#1630=EDGE_CURVE('',#1894,#1892,#19,.F.);
#1631=EDGE_CURVE('',#2011,#2012,#273,.F.);
#1632=EDGE_CURVE('',#2012,#2013,#2323,.T.);
#1633=EDGE_CURVE('',#2013,#2014,#274,.T.);
#1634=EDGE_CURVE('',#2014,#2011,#2324,.T.);
#1635=EDGE_CURVE('',#2015,#2016,#2325,.T.);
#1636=EDGE_CURVE('',#2016,#2017,#2326,.T.);
#1637=EDGE_CURVE('',#2017,#2018,#275,.F.);
#1638=EDGE_CURVE('',#2018,#2019,#2327,.F.);
#1639=EDGE_CURVE('',#2019,#2020,#2328,.T.);
#1640=EDGE_CURVE('',#2021,#2020,#2329,.T.);
#1641=EDGE_CURVE('',#2021,#2022,#276,.F.);
#1642=EDGE_CURVE('',#2023,#2022,#2330,.T.);
#1643=EDGE_CURVE('',#2024,#2023,#277,.T.);
#1644=EDGE_CURVE('',#2025,#2024,#2331,.T.);
#1645=EDGE_CURVE('',#2025,#2026,#278,.F.);
#1646=EDGE_CURVE('',#2027,#2026,#2332,.T.);
#1647=EDGE_CURVE('',#2028,#2027,#2333,.T.);
#1648=EDGE_CURVE('',#2028,#2029,#2334,.T.);
#1649=EDGE_CURVE('',#2029,#2030,#279,.F.);
#1650=EDGE_CURVE('',#2030,#2031,#2335,.F.);
#1651=EDGE_CURVE('',#2032,#2031,#2336,.T.);
#1652=EDGE_CURVE('',#2032,#2015,#2337,.T.);
#1653=EDGE_CURVE('',#2033,#2034,#280,.T.);
#1654=EDGE_CURVE('',#2033,#2035,#2338,.T.);
#1655=EDGE_CURVE('',#2036,#2035,#281,.T.);
#1656=EDGE_CURVE('',#2036,#2037,#2339,.T.);
#1657=EDGE_CURVE('',#2037,#2038,#282,.T.);
#1658=EDGE_CURVE('',#2038,#2039,#2340,.T.);
#1659=EDGE_CURVE('',#2039,#2040,#283,.T.);
#1660=EDGE_CURVE('',#2034,#2040,#2341,.T.);
#1661=EDGE_CURVE('',#2041,#2042,#284,.F.);
#1662=EDGE_CURVE('',#2041,#2043,#2342,.T.);
#1663=EDGE_CURVE('',#2043,#2044,#285,.F.);
#1664=EDGE_CURVE('',#2042,#2044,#2343,.T.);
#1665=EDGE_CURVE('',#2045,#2045,#286,.T.);
#1666=EDGE_CURVE('',#2046,#2046,#287,.T.);
#1667=EDGE_CURVE('',#2047,#2047,#288,.T.);
#1668=EDGE_CURVE('',#2048,#2048,#289,.T.);
#1669=EDGE_CURVE('',#2049,#2020,#2344,.T.);
#1670=EDGE_CURVE('',#2049,#2050,#290,.F.);
#1671=EDGE_CURVE('',#2051,#2050,#2345,.T.);
#1672=EDGE_CURVE('',#2051,#2034,#2346,.T.);
#1673=EDGE_CURVE('',#2052,#2040,#2347,.T.);
#1674=EDGE_CURVE('',#2052,#2021,#2348,.T.);
#1675=EDGE_CURVE('',#2019,#2053,#2349,.F.);
#1676=EDGE_CURVE('',#2053,#2049,#2350,.T.);
#1677=EDGE_CURVE('',#2054,#2055,#2351,.F.);
#1678=EDGE_CURVE('',#2055,#2056,#2352,.T.);
#1679=EDGE_CURVE('',#2056,#2057,#2353,.T.);
#1680=EDGE_CURVE('',#2057,#2051,#291,.T.);
#1681=EDGE_CURVE('',#2050,#2058,#2354,.F.);
#1682=EDGE_CURVE('',#2058,#2059,#2355,.T.);
#1683=EDGE_CURVE('',#2059,#2060,#292,.T.);
#1684=EDGE_CURVE('',#2060,#2061,#2356,.T.);
#1685=EDGE_CURVE('',#2061,#2062,#2357,.F.);
#1686=EDGE_CURVE('',#2063,#2062,#2358,.T.);
#1687=EDGE_CURVE('',#2063,#2064,#2359,.T.);
#1688=EDGE_CURVE('',#2064,#2065,#2360,.F.);
#1689=EDGE_CURVE('',#2065,#2054,#293,.T.);
#1690=EDGE_CURVE('',#2066,#2066,#294,.T.);
#1691=EDGE_CURVE('',#2067,#2067,#295,.T.);
#1692=EDGE_CURVE('',#2068,#2068,#296,.T.);
#1693=EDGE_CURVE('',#2069,#2069,#297,.T.);
#1694=EDGE_CURVE('',#2056,#2070,#298,.F.);
#1695=EDGE_CURVE('',#2070,#2027,#2361,.T.);
#1696=EDGE_CURVE('',#2026,#2071,#2362,.F.);
#1697=EDGE_CURVE('',#2071,#2035,#2363,.T.);
#1698=EDGE_CURVE('',#2057,#2033,#2364,.T.);
#1699=EDGE_CURVE('',#2070,#2072,#2365,.F.);
#1700=EDGE_CURVE('',#2072,#2028,#2366,.T.);
#1701=EDGE_CURVE('',#2073,#2074,#2367,.T.);
#1702=EDGE_CURVE('',#2073,#2016,#52,.F.);
#1703=EDGE_CURVE('',#2015,#2075,#2368,.T.);
#1704=EDGE_CURVE('',#2075,#2074,#2369,.T.);
#1705=EDGE_CURVE('',#2074,#2076,#2370,.F.);
#1706=EDGE_CURVE('',#2076,#2077,#2371,.T.);
#1707=EDGE_CURVE('',#2077,#2073,#2372,.F.);
#1708=EDGE_CURVE('',#2078,#2079,#2373,.F.);
#1709=EDGE_CURVE('',#2079,#2080,#2374,.T.);
#1710=EDGE_CURVE('',#2081,#2080,#2375,.T.);
#1711=EDGE_CURVE('',#2081,#2078,#2376,.T.);
#1712=EDGE_CURVE('',#2031,#2081,#53,.T.);
#1713=EDGE_CURVE('',#2080,#2082,#2377,.F.);
#1714=EDGE_CURVE('',#2032,#2082,#2378,.T.);
#1715=EDGE_CURVE('',#2062,#2075,#299,.F.);
#1716=EDGE_CURVE('',#2082,#2063,#300,.F.);
#1717=EDGE_CURVE('',#2083,#2083,#301,.F.);
#1718=EDGE_CURVE('',#2084,#2084,#302,.T.);
#1719=EDGE_CURVE('',#2085,#2085,#303,.T.);
#1720=EDGE_CURVE('',#2086,#2086,#304,.F.);
#1721=EDGE_CURVE('',#2087,#2039,#2379,.T.);
#1722=EDGE_CURVE('',#2087,#2052,#305,.T.);
#1723=EDGE_CURVE('',#2022,#2087,#2380,.F.);
#1724=EDGE_CURVE('',#2023,#2038,#2381,.T.);
#1725=EDGE_CURVE('',#2024,#2037,#2382,.T.);
#1726=EDGE_CURVE('',#2088,#2036,#2383,.T.);
#1727=EDGE_CURVE('',#2088,#2025,#2384,.F.);
#1728=EDGE_CURVE('',#2071,#2088,#306,.T.);
#1729=EDGE_CURVE('',#2089,#2089,#20,.T.);
#1730=EDGE_CURVE('',#2090,#2090,#21,.T.);
#1731=EDGE_CURVE('',#2091,#2091,#22,.T.);
#1732=EDGE_CURVE('',#2092,#2092,#23,.T.);
#1733=EDGE_CURVE('',#2093,#2093,#307,.T.);
#1734=EDGE_CURVE('',#2094,#2094,#308,.T.);
#1735=EDGE_CURVE('',#2095,#2095,#309,.T.);
#1736=EDGE_CURVE('',#2096,#2096,#310,.T.);
#1737=EDGE_CURVE('',#2097,#2097,#311,.T.);
#1738=EDGE_CURVE('',#2098,#2098,#312,.F.);
#1739=EDGE_CURVE('',#2099,#2099,#313,.T.);
#1740=EDGE_CURVE('',#2100,#2100,#314,.F.);
#1741=EDGE_CURVE('',#2101,#2102,#2385,.F.);
#1742=EDGE_CURVE('',#2102,#2103,#2386,.T.);
#1743=EDGE_CURVE('',#2103,#2104,#2387,.T.);
#1744=EDGE_CURVE('',#2104,#2101,#2388,.F.);
#1745=EDGE_CURVE('',#2105,#2106,#2389,.F.);
#1746=EDGE_CURVE('',#2106,#2107,#2390,.F.);
#1747=EDGE_CURVE('',#2107,#2108,#2391,.T.);
#1748=EDGE_CURVE('',#2108,#2105,#2392,.T.);
#1749=EDGE_CURVE('',#2109,#2109,#315,.F.);
#1750=EDGE_CURVE('',#2110,#2110,#316,.T.);
#1751=EDGE_CURVE('',#2111,#2111,#317,.F.);
#1752=EDGE_CURVE('',#2112,#2112,#318,.T.);
#1753=EDGE_CURVE('',#2113,#2113,#319,.F.);
#1754=EDGE_CURVE('',#2114,#2114,#320,.T.);
#1755=EDGE_CURVE('',#2115,#2115,#321,.F.);
#1756=EDGE_CURVE('',#2116,#2116,#322,.T.);
#1757=EDGE_CURVE('',#2117,#2117,#323,.F.);
#1758=EDGE_CURVE('',#2118,#2118,#324,.T.);
#1759=EDGE_CURVE('',#2119,#2119,#325,.F.);
#1760=EDGE_CURVE('',#2120,#2120,#326,.T.);
#1761=EDGE_CURVE('',#2121,#2121,#327,.F.);
#1762=EDGE_CURVE('',#2122,#2122,#328,.T.);
#1763=EDGE_CURVE('',#2123,#2123,#329,.F.);
#1764=EDGE_CURVE('',#2124,#2124,#330,.T.);
#1765=EDGE_CURVE('',#2061,#2074,#54,.F.);
#1766=EDGE_CURVE('',#2080,#2064,#55,.T.);
#1767=EDGE_CURVE('',#2076,#2106,#331,.F.);
#1768=EDGE_CURVE('',#2105,#2077,#332,.T.);
#1769=EDGE_CURVE('',#2103,#2079,#333,.F.);
#1770=EDGE_CURVE('',#2078,#2104,#334,.T.);
#1771=EDGE_CURVE('',#2017,#2077,#335,.T.);
#1772=EDGE_CURVE('',#2018,#2105,#336,.T.);
#1773=EDGE_CURVE('',#2019,#2108,#56,.T.);
#1774=EDGE_CURVE('',#2107,#2053,#337,.T.);
#1775=EDGE_CURVE('',#2078,#2030,#338,.T.);
#1776=EDGE_CURVE('',#2104,#2029,#339,.T.);
#1777=EDGE_CURVE('',#2101,#2028,#57,.F.);
#1778=EDGE_CURVE('',#2072,#2102,#340,.T.);
#1779=EDGE_CURVE('',#2065,#2079,#341,.T.);
#1780=EDGE_CURVE('',#2054,#2103,#342,.T.);
#1781=EDGE_CURVE('',#2055,#2102,#58,.F.);
#1782=EDGE_CURVE('',#2055,#2072,#59,.F.);
#1783=EDGE_CURVE('',#2076,#2060,#343,.T.);
#1784=EDGE_CURVE('',#2106,#2059,#344,.T.);
#1785=EDGE_CURVE('',#2107,#2058,#60,.T.);
#1786=EDGE_CURVE('',#2053,#2058,#61,.T.);
#1787=EDGE_CURVE('',#2043,#2014,#24,.F.);
#1788=EDGE_CURVE('',#2011,#2041,#25,.T.);
#1789=EDGE_CURVE('',#2012,#2042,#26,.F.);
#1790=EDGE_CURVE('',#2044,#2013,#27,.F.);
#1791=VERTEX_POINT('',#5153);
#1792=VERTEX_POINT('',#5154);
#1793=VERTEX_POINT('',#5156);
#1794=VERTEX_POINT('',#5158);
#1795=VERTEX_POINT('',#5160);
#1796=VERTEX_POINT('',#5164);
#1797=VERTEX_POINT('',#5165);
#1798=VERTEX_POINT('',#5167);
#1799=VERTEX_POINT('',#5169);
#1800=VERTEX_POINT('',#5173);
#1801=VERTEX_POINT('',#5174);
#1802=VERTEX_POINT('',#5176);
#1803=VERTEX_POINT('',#5180);
#1804=VERTEX_POINT('',#5182);
#1805=VERTEX_POINT('',#5184);
#1806=VERTEX_POINT('',#5186);
#1807=VERTEX_POINT('',#5189);
#1808=VERTEX_POINT('',#5191);
#1809=VERTEX_POINT('',#5194);
#1810=VERTEX_POINT('',#5196);
#1811=VERTEX_POINT('',#5198);
#1812=VERTEX_POINT('',#5200);
#1813=VERTEX_POINT('',#5203);
#1814=VERTEX_POINT('',#5205);
#1815=VERTEX_POINT('',#5209);
#1816=VERTEX_POINT('',#5211);
#1817=VERTEX_POINT('',#5215);
#1818=VERTEX_POINT('',#5217);
#1819=VERTEX_POINT('',#5219);
#1820=VERTEX_POINT('',#5221);
#1821=VERTEX_POINT('',#5223);
#1822=VERTEX_POINT('',#5225);
#1823=VERTEX_POINT('',#5227);
#1824=VERTEX_POINT('',#5229);
#1825=VERTEX_POINT('',#5235);
#1826=VERTEX_POINT('',#5237);
#1827=VERTEX_POINT('',#5240);
#1828=VERTEX_POINT('',#5242);
#1829=VERTEX_POINT('',#5249);
#1830=VERTEX_POINT('',#5252);
#1831=VERTEX_POINT('',#5255);
#1832=VERTEX_POINT('',#5259);
#1833=VERTEX_POINT('',#5264);
#1834=VERTEX_POINT('',#5267);
#1835=VERTEX_POINT('',#5270);
#1836=VERTEX_POINT('',#5272);
#1837=VERTEX_POINT('',#5276);
#1838=VERTEX_POINT('',#5278);
#1839=VERTEX_POINT('',#5282);
#1840=VERTEX_POINT('',#5284);
#1841=VERTEX_POINT('',#5288);
#1842=VERTEX_POINT('',#5290);
#1843=VERTEX_POINT('',#5310);
#1844=VERTEX_POINT('',#5311);
#1845=VERTEX_POINT('',#5313);
#1846=VERTEX_POINT('',#5317);
#1847=VERTEX_POINT('',#5319);
#1848=VERTEX_POINT('',#5321);
#1849=VERTEX_POINT('',#5325);
#1850=VERTEX_POINT('',#5327);
#1851=VERTEX_POINT('',#5329);
#1852=VERTEX_POINT('',#5333);
#1853=VERTEX_POINT('',#5334);
#1854=VERTEX_POINT('',#5336);
#1855=VERTEX_POINT('',#5340);
#1856=VERTEX_POINT('',#5341);
#1857=VERTEX_POINT('',#5343);
#1858=VERTEX_POINT('',#5348);
#1859=VERTEX_POINT('',#5349);
#1860=VERTEX_POINT('',#5351);
#1861=VERTEX_POINT('',#5356);
#1862=VERTEX_POINT('',#5357);
#1863=VERTEX_POINT('',#5359);
#1864=VERTEX_POINT('',#5361);
#1865=VERTEX_POINT('',#5363);
#1866=VERTEX_POINT('',#5365);
#1867=VERTEX_POINT('',#5369);
#1868=VERTEX_POINT('',#5370);
#1869=VERTEX_POINT('',#5372);
#1870=VERTEX_POINT('',#5374);
#1871=VERTEX_POINT('',#5376);
#1872=VERTEX_POINT('',#5380);
#1873=VERTEX_POINT('',#5381);
#1874=VERTEX_POINT('',#5383);
#1875=VERTEX_POINT('',#5385);
#1876=VERTEX_POINT('',#5387);
#1877=VERTEX_POINT('',#5391);
#1878=VERTEX_POINT('',#5392);
#1879=VERTEX_POINT('',#5394);
#1880=VERTEX_POINT('',#5396);
#1881=VERTEX_POINT('',#5399);
#1882=VERTEX_POINT('',#5401);
#1883=VERTEX_POINT('',#5406);
#1884=VERTEX_POINT('',#5408);
#1885=VERTEX_POINT('',#5410);
#1886=VERTEX_POINT('',#5412);
#1887=VERTEX_POINT('',#5414);
#1888=VERTEX_POINT('',#5416);
#1889=VERTEX_POINT('',#5419);
#1890=VERTEX_POINT('',#5420);
#1891=VERTEX_POINT('',#5422);
#1892=VERTEX_POINT('',#5424);
#1893=VERTEX_POINT('',#5428);
#1894=VERTEX_POINT('',#5429);
#1895=VERTEX_POINT('',#5431);
#1896=VERTEX_POINT('',#5433);
#1897=VERTEX_POINT('',#5436);
#1898=VERTEX_POINT('',#5437);
#1899=VERTEX_POINT('',#5439);
#1900=VERTEX_POINT('',#5441);
#1901=VERTEX_POINT('',#5443);
#1902=VERTEX_POINT('',#5445);
#1903=VERTEX_POINT('',#5447);
#1904=VERTEX_POINT('',#5449);
#1905=VERTEX_POINT('',#5451);
#1906=VERTEX_POINT('',#5453);
#1907=VERTEX_POINT('',#5455);
#1908=VERTEX_POINT('',#5457);
#1909=VERTEX_POINT('',#5459);
#1910=VERTEX_POINT('',#5461);
#1911=VERTEX_POINT('',#5463);
#1912=VERTEX_POINT('',#5465);
#1913=VERTEX_POINT('',#5467);
#1914=VERTEX_POINT('',#5469);
#1915=VERTEX_POINT('',#5474);
#1916=VERTEX_POINT('',#5475);
#1917=VERTEX_POINT('',#5477);
#1918=VERTEX_POINT('',#5480);
#1919=VERTEX_POINT('',#5481);
#1920=VERTEX_POINT('',#5483);
#1921=VERTEX_POINT('',#5486);
#1922=VERTEX_POINT('',#5487);
#1923=VERTEX_POINT('',#5489);
#1924=VERTEX_POINT('',#5492);
#1925=VERTEX_POINT('',#5493);
#1926=VERTEX_POINT('',#5495);
#1927=VERTEX_POINT('',#5498);
#1928=VERTEX_POINT('',#5499);
#1929=VERTEX_POINT('',#5501);
#1930=VERTEX_POINT('',#5503);
#1931=VERTEX_POINT('',#5505);
#1932=VERTEX_POINT('',#5509);
#1933=VERTEX_POINT('',#5510);
#1934=VERTEX_POINT('',#5512);
#1935=VERTEX_POINT('',#5515);
#1936=VERTEX_POINT('',#5516);
#1937=VERTEX_POINT('',#5518);
#1938=VERTEX_POINT('',#5521);
#1939=VERTEX_POINT('',#5522);
#1940=VERTEX_POINT('',#5524);
#1941=VERTEX_POINT('',#5527);
#1942=VERTEX_POINT('',#5528);
#1943=VERTEX_POINT('',#5530);
#1944=VERTEX_POINT('',#5533);
#1945=VERTEX_POINT('',#5534);
#1946=VERTEX_POINT('',#5536);
#1947=VERTEX_POINT('',#5538);
#1948=VERTEX_POINT('',#5540);
#1949=VERTEX_POINT('',#5544);
#1950=VERTEX_POINT('',#5545);
#1951=VERTEX_POINT('',#5547);
#1952=VERTEX_POINT('',#5550);
#1953=VERTEX_POINT('',#5551);
#1954=VERTEX_POINT('',#5553);
#1955=VERTEX_POINT('',#5556);
#1956=VERTEX_POINT('',#5558);
#1957=VERTEX_POINT('',#5561);
#1958=VERTEX_POINT('',#5564);
#1959=VERTEX_POINT('',#5565);
#1960=VERTEX_POINT('',#5567);
#1961=VERTEX_POINT('',#5570);
#1962=VERTEX_POINT('',#5571);
#1963=VERTEX_POINT('',#5573);
#1964=VERTEX_POINT('',#5589);
#1965=VERTEX_POINT('',#5591);
#1966=VERTEX_POINT('',#5595);
#1967=VERTEX_POINT('',#5597);
#1968=VERTEX_POINT('',#5601);
#1969=VERTEX_POINT('',#5603);
#1970=VERTEX_POINT('',#5607);
#1971=VERTEX_POINT('',#5609);
#1972=VERTEX_POINT('',#5613);
#1973=VERTEX_POINT('',#5622);
#1974=VERTEX_POINT('',#5626);
#1975=VERTEX_POINT('',#5630);
#1976=VERTEX_POINT('',#5633);
#1977=VERTEX_POINT('',#5636);
#1978=VERTEX_POINT('',#5639);
#1979=VERTEX_POINT('',#5642);
#1980=VERTEX_POINT('',#5644);
#1981=VERTEX_POINT('',#5649);
#1982=VERTEX_POINT('',#5650);
#1983=VERTEX_POINT('',#5652);
#1984=VERTEX_POINT('',#5654);
#1985=VERTEX_POINT('',#5656);
#1986=VERTEX_POINT('',#5658);
#1987=VERTEX_POINT('',#5664);
#1988=VERTEX_POINT('',#5666);
#1989=VERTEX_POINT('',#5668);
#1990=VERTEX_POINT('',#5672);
#1991=VERTEX_POINT('',#5673);
#1992=VERTEX_POINT('',#5675);
#1993=VERTEX_POINT('',#5677);
#1994=VERTEX_POINT('',#5679);
#1995=VERTEX_POINT('',#5681);
#1996=VERTEX_POINT('',#5685);
#1997=VERTEX_POINT('',#5686);
#1998=VERTEX_POINT('',#5689);
#1999=VERTEX_POINT('',#5693);
#2000=VERTEX_POINT('',#5694);
#2001=VERTEX_POINT('',#5696);
#2002=VERTEX_POINT('',#5698);
#2003=VERTEX_POINT('',#5702);
#2004=VERTEX_POINT('',#5704);
#2005=VERTEX_POINT('',#5712);
#2006=VERTEX_POINT('',#5715);
#2007=VERTEX_POINT('',#5721);
#2008=VERTEX_POINT('',#5725);
#2009=VERTEX_POINT('',#5771);
#2010=VERTEX_POINT('',#5775);
#2011=VERTEX_POINT('',#5852);
#2012=VERTEX_POINT('',#5853);
#2013=VERTEX_POINT('',#5855);
#2014=VERTEX_POINT('',#5857);
#2015=VERTEX_POINT('',#5860);
#2016=VERTEX_POINT('',#5861);
#2017=VERTEX_POINT('',#5863);
#2018=VERTEX_POINT('',#5865);
#2019=VERTEX_POINT('',#5867);
#2020=VERTEX_POINT('',#5869);
#2021=VERTEX_POINT('',#5871);
#2022=VERTEX_POINT('',#5873);
#2023=VERTEX_POINT('',#5875);
#2024=VERTEX_POINT('',#5877);
#2025=VERTEX_POINT('',#5879);
#2026=VERTEX_POINT('',#5881);
#2027=VERTEX_POINT('',#5883);
#2028=VERTEX_POINT('',#5885);
#2029=VERTEX_POINT('',#5887);
#2030=VERTEX_POINT('',#5889);
#2031=VERTEX_POINT('',#5891);
#2032=VERTEX_POINT('',#5893);
#2033=VERTEX_POINT('',#5897);
#2034=VERTEX_POINT('',#5898);
#2035=VERTEX_POINT('',#5900);
#2036=VERTEX_POINT('',#5902);
#2037=VERTEX_POINT('',#5904);
#2038=VERTEX_POINT('',#5906);
#2039=VERTEX_POINT('',#5908);
#2040=VERTEX_POINT('',#5910);
#2041=VERTEX_POINT('',#5913);
#2042=VERTEX_POINT('',#5914);
#2043=VERTEX_POINT('',#5916);
#2044=VERTEX_POINT('',#5918);
#2045=VERTEX_POINT('',#5922);
#2046=VERTEX_POINT('',#5924);
#2047=VERTEX_POINT('',#5926);
#2048=VERTEX_POINT('',#5928);
#2049=VERTEX_POINT('',#5930);
#2050=VERTEX_POINT('',#5932);
#2051=VERTEX_POINT('',#5934);
#2052=VERTEX_POINT('',#5937);
#2053=VERTEX_POINT('',#5941);
#2054=VERTEX_POINT('',#5945);
#2055=VERTEX_POINT('',#5946);
#2056=VERTEX_POINT('',#5948);
#2057=VERTEX_POINT('',#5950);
#2058=VERTEX_POINT('',#5953);
#2059=VERTEX_POINT('',#5955);
#2060=VERTEX_POINT('',#5957);
#2061=VERTEX_POINT('',#5959);
#2062=VERTEX_POINT('',#5961);
#2063=VERTEX_POINT('',#5963);
#2064=VERTEX_POINT('',#5965);
#2065=VERTEX_POINT('',#5967);
#2066=VERTEX_POINT('',#5971);
#2067=VERTEX_POINT('',#5973);
#2068=VERTEX_POINT('',#5975);
#2069=VERTEX_POINT('',#5977);
#2070=VERTEX_POINT('',#5979);
#2071=VERTEX_POINT('',#5982);
#2072=VERTEX_POINT('',#5987);
#2073=VERTEX_POINT('',#5991);
#2074=VERTEX_POINT('',#5992);
#2075=VERTEX_POINT('',#5995);
#2076=VERTEX_POINT('',#5999);
#2077=VERTEX_POINT('',#6001);
#2078=VERTEX_POINT('',#6005);
#2079=VERTEX_POINT('',#6006);
#2080=VERTEX_POINT('',#6008);
#2081=VERTEX_POINT('',#6010);
#2082=VERTEX_POINT('',#6015);
#2083=VERTEX_POINT('',#6021);
#2084=VERTEX_POINT('',#6023);
#2085=VERTEX_POINT('',#6025);
#2086=VERTEX_POINT('',#6027);
#2087=VERTEX_POINT('',#6030);
#2088=VERTEX_POINT('',#6039);
#2089=VERTEX_POINT('',#6062);
#2090=VERTEX_POINT('',#6080);
#2091=VERTEX_POINT('',#6099);
#2092=VERTEX_POINT('',#6117);
#2093=VERTEX_POINT('',#6120);
#2094=VERTEX_POINT('',#6123);
#2095=VERTEX_POINT('',#6126);
#2096=VERTEX_POINT('',#6129);
#2097=VERTEX_POINT('',#6132);
#2098=VERTEX_POINT('',#6135);
#2099=VERTEX_POINT('',#6138);
#2100=VERTEX_POINT('',#6141);
#2101=VERTEX_POINT('',#6150);
#2102=VERTEX_POINT('',#6151);
#2103=VERTEX_POINT('',#6153);
#2104=VERTEX_POINT('',#6155);
#2105=VERTEX_POINT('',#6159);
#2106=VERTEX_POINT('',#6160);
#2107=VERTEX_POINT('',#6162);
#2108=VERTEX_POINT('',#6164);
#2109=VERTEX_POINT('',#6168);
#2110=VERTEX_POINT('',#6170);
#2111=VERTEX_POINT('',#6174);
#2112=VERTEX_POINT('',#6176);
#2113=VERTEX_POINT('',#6180);
#2114=VERTEX_POINT('',#6182);
#2115=VERTEX_POINT('',#6186);
#2116=VERTEX_POINT('',#6188);
#2117=VERTEX_POINT('',#6192);
#2118=VERTEX_POINT('',#6194);
#2119=VERTEX_POINT('',#6198);
#2120=VERTEX_POINT('',#6200);
#2121=VERTEX_POINT('',#6204);
#2122=VERTEX_POINT('',#6206);
#2123=VERTEX_POINT('',#6210);
#2124=VERTEX_POINT('',#6212);
#2125=LINE('',#5152,#2393);
#2126=LINE('',#5155,#2394);
#2127=LINE('',#5157,#2395);
#2128=LINE('',#5159,#2396);
#2129=LINE('',#5161,#2397);
#2130=LINE('',#5163,#2398);
#2131=LINE('',#5168,#2399);
#2132=LINE('',#5170,#2400);
#2133=LINE('',#5175,#2401);
#2134=LINE('',#5177,#2402);
#2135=LINE('',#5181,#2403);
#2136=LINE('',#5185,#2404);
#2137=LINE('',#5188,#2405);
#2138=LINE('',#5190,#2406);
#2139=LINE('',#5192,#2407);
#2140=LINE('',#5202,#2408);
#2141=LINE('',#5204,#2409);
#2142=LINE('',#5206,#2410);
#2143=LINE('',#5210,#2411);
#2144=LINE('',#5213,#2412);
#2145=LINE('',#5231,#2413);
#2146=LINE('',#5232,#2414);
#2147=LINE('',#5244,#2415);
#2148=LINE('',#5246,#2416);
#2149=LINE('',#5301,#2417);
#2150=LINE('',#5303,#2418);
#2151=LINE('',#5309,#2419);
#2152=LINE('',#5312,#2420);
#2153=LINE('',#5316,#2421);
#2154=LINE('',#5320,#2422);
#2155=LINE('',#5324,#2423);
#2156=LINE('',#5328,#2424);
#2157=LINE('',#5335,#2425);
#2158=LINE('',#5337,#2426);
#2159=LINE('',#5339,#2427);
#2160=LINE('',#5344,#2428);
#2161=LINE('',#5347,#2429);
#2162=LINE('',#5352,#2430);
#2163=LINE('',#5355,#2431);
#2164=LINE('',#5358,#2432);
#2165=LINE('',#5362,#2433);
#2166=LINE('',#5366,#2434);
#2167=LINE('',#5368,#2435);
#2168=LINE('',#5371,#2436);
#2169=LINE('',#5373,#2437);
#2170=LINE('',#5375,#2438);
#2171=LINE('',#5379,#2439);
#2172=LINE('',#5382,#2440);
#2173=LINE('',#5384,#2441);
#2174=LINE('',#5388,#2442);
#2175=LINE('',#5393,#2443);
#2176=LINE('',#5397,#2444);
#2177=LINE('',#5400,#2445);
#2178=LINE('',#5403,#2446);
#2179=LINE('',#5405,#2447);
#2180=LINE('',#5407,#2448);
#2181=LINE('',#5411,#2449);
#2182=LINE('',#5415,#2450);
#2183=LINE('',#5421,#2451);
#2184=LINE('',#5425,#2452);
#2185=LINE('',#5427,#2453);
#2186=LINE('',#5432,#2454);
#2187=LINE('',#5435,#2455);
#2188=LINE('',#5440,#2456);
#2189=LINE('',#5442,#2457);
#2190=LINE('',#5444,#2458);
#2191=LINE('',#5446,#2459);
#2192=LINE('',#5450,#2460);
#2193=LINE('',#5454,#2461);
#2194=LINE('',#5458,#2462);
#2195=LINE('',#5460,#2463);
#2196=LINE('',#5462,#2464);
#2197=LINE('',#5464,#2465);
#2198=LINE('',#5468,#2466);
#2199=LINE('',#5473,#2467);
#2200=LINE('',#5478,#2468);
#2201=LINE('',#5479,#2469);
#2202=LINE('',#5484,#2470);
#2203=LINE('',#5485,#2471);
#2204=LINE('',#5490,#2472);
#2205=LINE('',#5491,#2473);
#2206=LINE('',#5496,#2474);
#2207=LINE('',#5500,#2475);
#2208=LINE('',#5502,#2476);
#2209=LINE('',#5504,#2477);
#2210=LINE('',#5506,#2478);
#2211=LINE('',#5508,#2479);
#2212=LINE('',#5513,#2480);
#2213=LINE('',#5514,#2481);
#2214=LINE('',#5519,#2482);
#2215=LINE('',#5520,#2483);
#2216=LINE('',#5525,#2484);
#2217=LINE('',#5526,#2485);
#2218=LINE('',#5531,#2486);
#2219=LINE('',#5535,#2487);
#2220=LINE('',#5537,#2488);
#2221=LINE('',#5539,#2489);
#2222=LINE('',#5541,#2490);
#2223=LINE('',#5543,#2491);
#2224=LINE('',#5548,#2492);
#2225=LINE('',#5549,#2493);
#2226=LINE('',#5554,#2494);
#2227=LINE('',#5555,#2495);
#2228=LINE('',#5559,#2496);
#2229=LINE('',#5560,#2497);
#2230=LINE('',#5562,#2498);
#2231=LINE('',#5563,#2499);
#2232=LINE('',#5568,#2500);
#2233=LINE('',#5569,#2501);
#2234=LINE('',#5574,#2502);
#2235=LINE('',#5576,#2503);
#2236=LINE('',#5577,#2504);
#2237=LINE('',#5579,#2505);
#2238=LINE('',#5580,#2506);
#2239=LINE('',#5582,#2507);
#2240=LINE('',#5583,#2508);
#2241=LINE('',#5585,#2509);
#2242=LINE('',#5586,#2510);
#2243=LINE('',#5588,#2511);
#2244=LINE('',#5592,#2512);
#2245=LINE('',#5594,#2513);
#2246=LINE('',#5598,#2514);
#2247=LINE('',#5600,#2515);
#2248=LINE('',#5604,#2516);
#2249=LINE('',#5606,#2517);
#2250=LINE('',#5610,#2518);
#2251=LINE('',#5612,#2519);
#2252=LINE('',#5616,#2520);
#2253=LINE('',#5617,#2521);
#2254=LINE('',#5619,#2522);
#2255=LINE('',#5621,#2523);
#2256=LINE('',#5623,#2524);
#2257=LINE('',#5625,#2525);
#2258=LINE('',#5629,#2526);
#2259=LINE('',#5631,#2527);
#2260=LINE('',#5632,#2528);
#2261=LINE('',#5634,#2529);
#2262=LINE('',#5635,#2530);
#2263=LINE('',#5637,#2531);
#2264=LINE('',#5638,#2532);
#2265=LINE('',#5640,#2533);
#2266=LINE('',#5641,#2534);
#2267=LINE('',#5645,#2535);
#2268=LINE('',#5646,#2536);
#2269=LINE('',#5648,#2537);
#2270=LINE('',#5651,#2538);
#2271=LINE('',#5653,#2539);
#2272=LINE('',#5655,#2540);
#2273=LINE('',#5657,#2541);
#2274=LINE('',#5659,#2542);
#2275=LINE('',#5663,#2543);
#2276=LINE('',#5665,#2544);
#2277=LINE('',#5669,#2545);
#2278=LINE('',#5674,#2546);
#2279=LINE('',#5676,#2547);
#2280=LINE('',#5678,#2548);
#2281=LINE('',#5682,#2549);
#2282=LINE('',#5684,#2550);
#2283=LINE('',#5687,#2551);
#2284=LINE('',#5688,#2552);
#2285=LINE('',#5692,#2553);
#2286=LINE('',#5695,#2554);
#2287=LINE('',#5697,#2555);
#2288=LINE('',#5701,#2556);
#2289=LINE('',#5703,#2557);
#2290=LINE('',#5705,#2558);
#2291=LINE('',#5711,#2559);
#2292=LINE('',#5713,#2560);
#2293=LINE('',#5714,#2561);
#2294=LINE('',#5716,#2562);
#2295=LINE('',#5720,#2563);
#2296=LINE('',#5722,#2564);
#2297=LINE('',#5724,#2565);
#2298=LINE('',#5726,#2566);
#2299=LINE('',#5728,#2567);
#2300=LINE('',#5731,#2568);
#2301=LINE('',#5734,#2569);
#2302=LINE('',#5737,#2570);
#2303=LINE('',#5740,#2571);
#2304=LINE('',#5743,#2572);
#2305=LINE('',#5746,#2573);
#2306=LINE('',#5749,#2574);
#2307=LINE('',#5770,#2575);
#2308=LINE('',#5772,#2576);
#2309=LINE('',#5774,#2577);
#2310=LINE('',#5776,#2578);
#2311=LINE('',#5778,#2579);
#2312=LINE('',#5779,#2580);
#2313=LINE('',#5781,#2581);
#2314=LINE('',#5782,#2582);
#2315=LINE('',#5785,#2583);
#2316=LINE('',#5787,#2584);
#2317=LINE('',#5788,#2585);
#2318=LINE('',#5791,#2586);
#2319=LINE('',#5794,#2587);
#2320=LINE('',#5796,#2588);
#2321=LINE('',#5797,#2589);
#2322=LINE('',#5800,#2590);
#2323=LINE('',#5854,#2591);
#2324=LINE('',#5858,#2592);
#2325=LINE('',#5859,#2593);
#2326=LINE('',#5862,#2594);
#2327=LINE('',#5866,#2595);
#2328=LINE('',#5868,#2596);
#2329=LINE('',#5870,#2597);
#2330=LINE('',#5874,#2598);
#2331=LINE('',#5878,#2599);
#2332=LINE('',#5882,#2600);
#2333=LINE('',#5884,#2601);
#2334=LINE('',#5886,#2602);
#2335=LINE('',#5890,#2603);
#2336=LINE('',#5892,#2604);
#2337=LINE('',#5894,#2605);
#2338=LINE('',#5899,#2606);
#2339=LINE('',#5903,#2607);
#2340=LINE('',#5907,#2608);
#2341=LINE('',#5911,#2609);
#2342=LINE('',#5915,#2610);
#2343=LINE('',#5919,#2611);
#2344=LINE('',#5929,#2612);
#2345=LINE('',#5933,#2613);
#2346=LINE('',#5935,#2614);
#2347=LINE('',#5936,#2615);
#2348=LINE('',#5938,#2616);
#2349=LINE('',#5940,#2617);
#2350=LINE('',#5942,#2618);
#2351=LINE('',#5944,#2619);
#2352=LINE('',#5947,#2620);
#2353=LINE('',#5949,#2621);
#2354=LINE('',#5952,#2622);
#2355=LINE('',#5954,#2623);
#2356=LINE('',#5958,#2624);
#2357=LINE('',#5960,#2625);
#2358=LINE('',#5962,#2626);
#2359=LINE('',#5964,#2627);
#2360=LINE('',#5966,#2628);
#2361=LINE('',#5980,#2629);
#2362=LINE('',#5981,#2630);
#2363=LINE('',#5983,#2631);
#2364=LINE('',#5984,#2632);
#2365=LINE('',#5986,#2633);
#2366=LINE('',#5988,#2634);
#2367=LINE('',#5990,#2635);
#2368=LINE('',#5994,#2636);
#2369=LINE('',#5996,#2637);
#2370=LINE('',#5998,#2638);
#2371=LINE('',#6000,#2639);
#2372=LINE('',#6002,#2640);
#2373=LINE('',#6004,#2641);
#2374=LINE('',#6007,#2642);
#2375=LINE('',#6009,#2643);
#2376=LINE('',#6011,#2644);
#2377=LINE('',#6014,#2645);
#2378=LINE('',#6016,#2646);
#2379=LINE('',#6029,#2647);
#2380=LINE('',#6033,#2648);
#2381=LINE('',#6034,#2649);
#2382=LINE('',#6036,#2650);
#2383=LINE('',#6038,#2651);
#2384=LINE('',#6040,#2652);
#2385=LINE('',#6149,#2653);
#2386=LINE('',#6152,#2654);
#2387=LINE('',#6154,#2655);
#2388=LINE('',#6156,#2656);
#2389=LINE('',#6158,#2657);
#2390=LINE('',#6161,#2658);
#2391=LINE('',#6163,#2659);
#2392=LINE('',#6165,#2660);
#2393=VECTOR('',#4058,1.);
#2394=VECTOR('',#4059,1.);
#2395=VECTOR('',#4060,1.);
#2396=VECTOR('',#4061,1.);
#2397=VECTOR('',#4062,1.);
#2398=VECTOR('',#4065,1.);
#2399=VECTOR('',#4068,1.);
#2400=VECTOR('',#4069,1.);
#2401=VECTOR('',#4074,1.);
#2402=VECTOR('',#4075,1.);
#2403=VECTOR('',#4080,1.);
#2404=VECTOR('',#4083,1.);
#2405=VECTOR('',#4086,1.);
#2406=VECTOR('',#4087,1.);
#2407=VECTOR('',#4088,1.);
#2408=VECTOR('',#4099,1.);
#2409=VECTOR('',#4100,1.);
#2410=VECTOR('',#4101,1.);
#2411=VECTOR('',#4106,1.);
#2412=VECTOR('',#4109,1.);
#2413=VECTOR('',#4128,1.);
#2414=VECTOR('',#4129,1.);
#2415=VECTOR('',#4144,1.);
#2416=VECTOR('',#4147,1.);
#2417=VECTOR('',#4228,1.);
#2418=VECTOR('',#4231,1.);
#2419=VECTOR('',#4242,1.);
#2420=VECTOR('',#4243,1.);
#2421=VECTOR('',#4248,1.);
#2422=VECTOR('',#4251,1.);
#2423=VECTOR('',#4256,1.);
#2424=VECTOR('',#4259,1.);
#2425=VECTOR('',#4266,1.);
#2426=VECTOR('',#4267,1.);
#2427=VECTOR('',#4270,1.);
#2428=VECTOR('',#4273,1.);
#2429=VECTOR('',#4278,1.);
#2430=VECTOR('',#4281,1.);
#2431=VECTOR('',#4286,1.);
#2432=VECTOR('',#4287,1.);
#2433=VECTOR('',#4290,1.);
#2434=VECTOR('',#4293,1.);
#2435=VECTOR('',#4296,1.);
#2436=VECTOR('',#4297,1.);
#2437=VECTOR('',#4298,1.);
#2438=VECTOR('',#4299,1.);
#2439=VECTOR('',#4304,1.);
#2440=VECTOR('',#4305,1.);
#2441=VECTOR('',#4306,1.);
#2442=VECTOR('',#4309,1.);
#2443=VECTOR('',#4314,1.);
#2444=VECTOR('',#4317,1.);
#2445=VECTOR('',#4320,1.);
#2446=VECTOR('',#4323,1.);
#2447=VECTOR('',#4326,1.);
#2448=VECTOR('',#4327,1.);
#2449=VECTOR('',#4330,1.);
#2450=VECTOR('',#4333,1.);
#2451=VECTOR('',#4338,1.);
#2452=VECTOR('',#4341,1.);
#2453=VECTOR('',#4344,1.);
#2454=VECTOR('',#4347,1.);
#2455=VECTOR('',#4350,1.);
#2456=VECTOR('',#4353,1.);
#2457=VECTOR('',#4354,1.);
#2458=VECTOR('',#4355,1.);
#2459=VECTOR('',#4356,1.);
#2460=VECTOR('',#4359,1.);
#2461=VECTOR('',#4362,1.);
#2462=VECTOR('',#4365,1.);
#2463=VECTOR('',#4366,1.);
#2464=VECTOR('',#4367,1.);
#2465=VECTOR('',#4368,1.);
#2466=VECTOR('',#4371,1.);
#2467=VECTOR('',#4378,1.);
#2468=VECTOR('',#4381,1.);
#2469=VECTOR('',#4382,1.);
#2470=VECTOR('',#4385,1.);
#2471=VECTOR('',#4386,1.);
#2472=VECTOR('',#4389,1.);
#2473=VECTOR('',#4390,1.);
#2474=VECTOR('',#4393,1.);
#2475=VECTOR('',#4396,1.);
#2476=VECTOR('',#4397,1.);
#2477=VECTOR('',#4398,1.);
#2478=VECTOR('',#4399,1.);
#2479=VECTOR('',#4402,1.);
#2480=VECTOR('',#4405,1.);
#2481=VECTOR('',#4406,1.);
#2482=VECTOR('',#4409,1.);
#2483=VECTOR('',#4410,1.);
#2484=VECTOR('',#4413,1.);
#2485=VECTOR('',#4414,1.);
#2486=VECTOR('',#4417,1.);
#2487=VECTOR('',#4420,1.);
#2488=VECTOR('',#4421,1.);
#2489=VECTOR('',#4422,1.);
#2490=VECTOR('',#4423,1.);
#2491=VECTOR('',#4426,1.);
#2492=VECTOR('',#4429,1.);
#2493=VECTOR('',#4430,1.);
#2494=VECTOR('',#4433,1.);
#2495=VECTOR('',#4434,1.);
#2496=VECTOR('',#4437,1.);
#2497=VECTOR('',#4438,1.);
#2498=VECTOR('',#4439,1.);
#2499=VECTOR('',#4440,1.);
#2500=VECTOR('',#4443,1.);
#2501=VECTOR('',#4444,1.);
#2502=VECTOR('',#4447,1.);
#2503=VECTOR('',#4450,1.);
#2504=VECTOR('',#4451,1.);
#2505=VECTOR('',#4454,1.);
#2506=VECTOR('',#4455,1.);
#2507=VECTOR('',#4458,1.);
#2508=VECTOR('',#4459,1.);
#2509=VECTOR('',#4462,1.);
#2510=VECTOR('',#4463,1.);
#2511=VECTOR('',#4466,1.);
#2512=VECTOR('',#4469,1.);
#2513=VECTOR('',#4472,1.);
#2514=VECTOR('',#4475,1.);
#2515=VECTOR('',#4478,1.);
#2516=VECTOR('',#4481,1.);
#2517=VECTOR('',#4484,1.);
#2518=VECTOR('',#4487,1.);
#2519=VECTOR('',#4490,1.);
#2520=VECTOR('',#4495,1.);
#2521=VECTOR('',#4496,1.);
#2522=VECTOR('',#4499,1.);
#2523=VECTOR('',#4502,1.);
#2524=VECTOR('',#4503,1.);
#2525=VECTOR('',#4506,1.);
#2526=VECTOR('',#4511,1.);
#2527=VECTOR('',#4512,1.);
#2528=VECTOR('',#4513,1.);
#2529=VECTOR('',#4514,1.);
#2530=VECTOR('',#4515,1.);
#2531=VECTOR('',#4516,1.);
#2532=VECTOR('',#4517,1.);
#2533=VECTOR('',#4518,1.);
#2534=VECTOR('',#4519,1.);
#2535=VECTOR('',#4522,1.);
#2536=VECTOR('',#4523,1.);
#2537=VECTOR('',#4526,1.);
#2538=VECTOR('',#4527,1.);
#2539=VECTOR('',#4528,1.);
#2540=VECTOR('',#4529,1.);
#2541=VECTOR('',#4530,1.);
#2542=VECTOR('',#4531,1.);
#2543=VECTOR('',#4538,1.);
#2544=VECTOR('',#4539,1.);
#2545=VECTOR('',#4542,1.);
#2546=VECTOR('',#4547,1.);
#2547=VECTOR('',#4548,1.);
#2548=VECTOR('',#4549,1.);
#2549=VECTOR('',#4552,1.);
#2550=VECTOR('',#4555,1.);
#2551=VECTOR('',#4556,1.);
#2552=VECTOR('',#4557,1.);
#2553=VECTOR('',#4562,1.);
#2554=VECTOR('',#4563,1.);
#2555=VECTOR('',#4564,1.);
#2556=VECTOR('',#4569,1.);
#2557=VECTOR('',#4570,1.);
#2558=VECTOR('',#4571,1.);
#2559=VECTOR('',#4582,1.);
#2560=VECTOR('',#4583,1.);
#2561=VECTOR('',#4584,1.);
#2562=VECTOR('',#4585,1.);
#2563=VECTOR('',#4592,1.);
#2564=VECTOR('',#4593,1.);
#2565=VECTOR('',#4596,1.);
#2566=VECTOR('',#4597,1.);
#2567=VECTOR('',#4600,1.);
#2568=VECTOR('',#4605,1.);
#2569=VECTOR('',#4610,1.);
#2570=VECTOR('',#4615,1.);
#2571=VECTOR('',#4620,1.);
#2572=VECTOR('',#4625,1.);
#2573=VECTOR('',#4630,1.);
#2574=VECTOR('',#4635,1.);
#2575=VECTOR('',#4676,1.);
#2576=VECTOR('',#4677,1.);
#2577=VECTOR('',#4680,1.);
#2578=VECTOR('',#4681,1.);
#2579=VECTOR('',#4684,1.);
#2580=VECTOR('',#4685,1.);
#2581=VECTOR('',#4688,1.);
#2582=VECTOR('',#4689,1.);
#2583=VECTOR('',#4694,1.);
#2584=VECTOR('',#4697,1.);
#2585=VECTOR('',#4698,1.);
#2586=VECTOR('',#4703,1.);
#2587=VECTOR('',#4708,1.);
#2588=VECTOR('',#4711,1.);
#2589=VECTOR('',#4712,1.);
#2590=VECTOR('',#4717,1.);
#2591=VECTOR('',#4756,1.);
#2592=VECTOR('',#4759,1.);
#2593=VECTOR('',#4760,1.);
#2594=VECTOR('',#4761,1.);
#2595=VECTOR('',#4764,1.);
#2596=VECTOR('',#4765,1.);
#2597=VECTOR('',#4766,1.);
#2598=VECTOR('',#4769,1.);
#2599=VECTOR('',#4772,1.);
#2600=VECTOR('',#4775,1.);
#2601=VECTOR('',#4776,1.);
#2602=VECTOR('',#4777,1.);
#2603=VECTOR('',#4780,1.);
#2604=VECTOR('',#4781,1.);
#2605=VECTOR('',#4782,1.);
#2606=VECTOR('',#4787,1.);
#2607=VECTOR('',#4790,1.);
#2608=VECTOR('',#4793,1.);
#2609=VECTOR('',#4796,1.);
#2610=VECTOR('',#4799,1.);
#2611=VECTOR('',#4802,1.);
#2612=VECTOR('',#4813,1.);
#2613=VECTOR('',#4816,1.);
#2614=VECTOR('',#4817,1.);
#2615=VECTOR('',#4818,1.);
#2616=VECTOR('',#4819,1.);
#2617=VECTOR('',#4822,1.);
#2618=VECTOR('',#4823,1.);
#2619=VECTOR('',#4826,1.);
#2620=VECTOR('',#4827,1.);
#2621=VECTOR('',#4828,1.);
#2622=VECTOR('',#4831,1.);
#2623=VECTOR('',#4832,1.);
#2624=VECTOR('',#4835,1.);
#2625=VECTOR('',#4836,1.);
#2626=VECTOR('',#4837,1.);
#2627=VECTOR('',#4838,1.);
#2628=VECTOR('',#4839,1.);
#2629=VECTOR('',#4854,1.);
#2630=VECTOR('',#4855,1.);
#2631=VECTOR('',#4856,1.);
#2632=VECTOR('',#4857,1.);
#2633=VECTOR('',#4860,1.);
#2634=VECTOR('',#4861,1.);
#2635=VECTOR('',#4864,1.);
#2636=VECTOR('',#4867,1.);
#2637=VECTOR('',#4868,1.);
#2638=VECTOR('',#4871,1.);
#2639=VECTOR('',#4872,1.);
#2640=VECTOR('',#4873,1.);
#2641=VECTOR('',#4876,1.);
#2642=VECTOR('',#4877,1.);
#2643=VECTOR('',#4878,1.);
#2644=VECTOR('',#4879,1.);
#2645=VECTOR('',#4884,1.);
#2646=VECTOR('',#4885,1.);
#2647=VECTOR('',#4902,1.);
#2648=VECTOR('',#4907,1.);
#2649=VECTOR('',#4908,1.);
#2650=VECTOR('',#4911,1.);
#2651=VECTOR('',#4914,1.);
#2652=VECTOR('',#4915,1.);
#2653=VECTOR('',#4968,1.);
#2654=VECTOR('',#4969,1.);
#2655=VECTOR('',#4970,1.);
#2656=VECTOR('',#4971,1.);
#2657=VECTOR('',#4974,1.);
#2658=VECTOR('',#4975,1.);
#2659=VECTOR('',#4976,1.);
#2660=VECTOR('',#4977,1.);
#2661=EDGE_LOOP('',(#345,#346,#347,#348,#349));
#2662=EDGE_LOOP('',(#350,#351,#352,#353));
#2663=EDGE_LOOP('',(#354,#355,#356,#357,#358,#359,#360,#361,#362,#363,#364,
#365,#366,#367));
#2664=EDGE_LOOP('',(#368));
#2665=EDGE_LOOP('',(#369));
#2666=EDGE_LOOP('',(#370));
#2667=EDGE_LOOP('',(#371));
#2668=EDGE_LOOP('',(#372,#373,#374,#375,#376));
#2669=EDGE_LOOP('',(#377,#378,#379,#380,#381,#382));
#2670=EDGE_LOOP('',(#383));
#2671=EDGE_LOOP('',(#384));
#2672=EDGE_LOOP('',(#385));
#2673=EDGE_LOOP('',(#386));
#2674=EDGE_LOOP('',(#387));
#2675=EDGE_LOOP('',(#388));
#2676=EDGE_LOOP('',(#389));
#2677=EDGE_LOOP('',(#390));
#2678=EDGE_LOOP('',(#391,#392,#393,#394,#395,#396,#397,#398));
#2679=EDGE_LOOP('',(#399));
#2680=EDGE_LOOP('',(#400));
#2681=EDGE_LOOP('',(#401));
#2682=EDGE_LOOP('',(#402));
#2683=EDGE_LOOP('',(#403,#404,#405,#406));
#2684=EDGE_LOOP('',(#407,#408,#409,#410));
#2685=EDGE_LOOP('',(#411));
#2686=EDGE_LOOP('',(#412));
#2687=EDGE_LOOP('',(#413));
#2688=EDGE_LOOP('',(#414));
#2689=EDGE_LOOP('',(#415));
#2690=EDGE_LOOP('',(#416));
#2691=EDGE_LOOP('',(#417,#418,#419,#420));
#2692=EDGE_LOOP('',(#421));
#2693=EDGE_LOOP('',(#422));
#2694=EDGE_LOOP('',(#423));
#2695=EDGE_LOOP('',(#424));
#2696=EDGE_LOOP('',(#425));
#2697=EDGE_LOOP('',(#426));
#2698=EDGE_LOOP('',(#427));
#2699=EDGE_LOOP('',(#428));
#2700=EDGE_LOOP('',(#429));
#2701=EDGE_LOOP('',(#430));
#2702=EDGE_LOOP('',(#431));
#2703=EDGE_LOOP('',(#432));
#2704=EDGE_LOOP('',(#433));
#2705=EDGE_LOOP('',(#434));
#2706=EDGE_LOOP('',(#435));
#2707=EDGE_LOOP('',(#436));
#2708=EDGE_LOOP('',(#437));
#2709=EDGE_LOOP('',(#438));
#2710=EDGE_LOOP('',(#439));
#2711=EDGE_LOOP('',(#440));
#2712=EDGE_LOOP('',(#441));
#2713=EDGE_LOOP('',(#442));
#2714=EDGE_LOOP('',(#443));
#2715=EDGE_LOOP('',(#444));
#2716=EDGE_LOOP('',(#445));
#2717=EDGE_LOOP('',(#446));
#2718=EDGE_LOOP('',(#447));
#2719=EDGE_LOOP('',(#448));
#2720=EDGE_LOOP('',(#449));
#2721=EDGE_LOOP('',(#450));
#2722=EDGE_LOOP('',(#451));
#2723=EDGE_LOOP('',(#452));
#2724=EDGE_LOOP('',(#453));
#2725=EDGE_LOOP('',(#454));
#2726=EDGE_LOOP('',(#455));
#2727=EDGE_LOOP('',(#456));
#2728=EDGE_LOOP('',(#457,#458,#459,#460));
#2729=EDGE_LOOP('',(#461,#462,#463,#464));
#2730=EDGE_LOOP('',(#465,#466,#467,#468));
#2731=EDGE_LOOP('',(#469));
#2732=EDGE_LOOP('',(#470));
#2733=EDGE_LOOP('',(#471));
#2734=EDGE_LOOP('',(#472));
#2735=EDGE_LOOP('',(#473,#474,#475));
#2736=EDGE_LOOP('',(#476,#477,#478,#479));
#2737=EDGE_LOOP('',(#480,#481,#482,#483));
#2738=EDGE_LOOP('',(#484,#485,#486));
#2739=EDGE_LOOP('',(#487,#488,#489,#490));
#2740=EDGE_LOOP('',(#491,#492,#493,#494));
#2741=EDGE_LOOP('',(#495,#496,#497,#498,#499,#500));
#2742=EDGE_LOOP('',(#501,#502,#503,#504,#505));
#2743=EDGE_LOOP('',(#506,#507,#508,#509,#510));
#2744=EDGE_LOOP('',(#511,#512,#513,#514));
#2745=EDGE_LOOP('',(#515,#516,#517,#518,#519,#520,#521,#522,#523,#524));
#2746=EDGE_LOOP('',(#525,#526,#527,#528,#529,#530,#531,#532));
#2747=EDGE_LOOP('',(#533,#534,#535,#536));
#2748=EDGE_LOOP('',(#537,#538,#539,#540));
#2749=EDGE_LOOP('',(#541,#542,#543,#544,#545,#546,#547,#548,#549,#550,#551,
#552,#553,#554,#555,#556,#557,#558,#559,#560));
#2750=EDGE_LOOP('',(#561,#562,#563));
#2751=EDGE_LOOP('',(#564,#565,#566));
#2752=EDGE_LOOP('',(#567,#568,#569));
#2753=EDGE_LOOP('',(#570,#571,#572));
#2754=EDGE_LOOP('',(#573,#574,#575,#576,#577));
#2755=EDGE_LOOP('',(#578,#579,#580));
#2756=EDGE_LOOP('',(#581,#582,#583));
#2757=EDGE_LOOP('',(#584,#585,#586));
#2758=EDGE_LOOP('',(#587,#588,#589));
#2759=EDGE_LOOP('',(#590,#591,#592,#593,#594));
#2760=EDGE_LOOP('',(#595,#596,#597));
#2761=EDGE_LOOP('',(#598,#599,#600));
#2762=EDGE_LOOP('',(#601,#602,#603,#604,#605,#606,#607,#608));
#2763=EDGE_LOOP('',(#609,#610,#611));
#2764=EDGE_LOOP('',(#612,#613,#614));
#2765=EDGE_LOOP('',(#615,#616,#617,#618));
#2766=EDGE_LOOP('',(#619,#620,#621,#622));
#2767=EDGE_LOOP('',(#623,#624,#625,#626));
#2768=EDGE_LOOP('',(#627,#628,#629,#630));
#2769=EDGE_LOOP('',(#631,#632,#633,#634));
#2770=EDGE_LOOP('',(#635,#636,#637,#638));
#2771=EDGE_LOOP('',(#639,#640,#641,#642));
#2772=EDGE_LOOP('',(#643,#644,#645,#646));
#2773=EDGE_LOOP('',(#647,#648,#649,#650));
#2774=EDGE_LOOP('',(#651,#652,#653,#654,#655));
#2775=EDGE_LOOP('',(#656,#657,#658,#659));
#2776=EDGE_LOOP('',(#660,#661,#662,#663,#664));
#2777=EDGE_LOOP('',(#665,#666,#667,#668));
#2778=EDGE_LOOP('',(#669,#670,#671));
#2779=EDGE_LOOP('',(#672,#673,#674));
#2780=EDGE_LOOP('',(#675,#676,#677));
#2781=EDGE_LOOP('',(#678,#679,#680));
#2782=EDGE_LOOP('',(#681,#682,#683,#684,#685,#686,#687,#688));
#2783=EDGE_LOOP('',(#689,#690,#691,#692,#693,#694,#695,#696,#697,#698));
#2784=EDGE_LOOP('',(#699,#700,#701,#702,#703));
#2785=EDGE_LOOP('',(#704,#705,#706,#707,#708,#709));
#2786=EDGE_LOOP('',(#710,#711,#712,#713,#714));
#2787=EDGE_LOOP('',(#715,#716,#717,#718,#719,#720,#721,#722,#723,#724));
#2788=EDGE_LOOP('',(#725,#726,#727,#728,#729,#730,#731,#732,#733,#734,#735,
#736,#737,#738,#739,#740));
#2789=EDGE_LOOP('',(#741,#742,#743,#744));
#2790=EDGE_LOOP('',(#745,#746,#747,#748));
#2791=EDGE_LOOP('',(#749,#750,#751,#752));
#2792=EDGE_LOOP('',(#753,#754,#755,#756));
#2793=EDGE_LOOP('',(#757,#758,#759,#760));
#2794=EDGE_LOOP('',(#761,#762,#763,#764));
#2795=EDGE_LOOP('',(#765,#766,#767,#768));
#2796=EDGE_LOOP('',(#769,#770,#771,#772));
#2797=EDGE_LOOP('',(#773,#774,#775,#776));
#2798=EDGE_LOOP('',(#777,#778,#779,#780));
#2799=EDGE_LOOP('',(#781,#782,#783,#784));
#2800=EDGE_LOOP('',(#785,#786,#787,#788));
#2801=EDGE_LOOP('',(#789,#790,#791,#792));
#2802=EDGE_LOOP('',(#793,#794,#795,#796));
#2803=EDGE_LOOP('',(#797,#798,#799,#800));
#2804=EDGE_LOOP('',(#801,#802,#803,#804));
#2805=EDGE_LOOP('',(#805,#806,#807,#808));
#2806=EDGE_LOOP('',(#809,#810,#811,#812));
#2807=EDGE_LOOP('',(#813,#814,#815,#816));
#2808=EDGE_LOOP('',(#817,#818,#819,#820));
#2809=EDGE_LOOP('',(#821,#822,#823,#824));
#2810=EDGE_LOOP('',(#825,#826,#827,#828));
#2811=EDGE_LOOP('',(#829,#830,#831,#832));
#2812=EDGE_LOOP('',(#833,#834,#835,#836));
#2813=EDGE_LOOP('',(#837,#838,#839,#840));
#2814=EDGE_LOOP('',(#841,#842,#843,#844));
#2815=EDGE_LOOP('',(#845,#846,#847,#848));
#2816=EDGE_LOOP('',(#849,#850,#851,#852));
#2817=EDGE_LOOP('',(#853,#854,#855,#856));
#2818=EDGE_LOOP('',(#857,#858,#859,#860));
#2819=EDGE_LOOP('',(#861,#862,#863));
#2820=EDGE_LOOP('',(#864,#865,#866));
#2821=EDGE_LOOP('',(#867,#868,#869,#870,#871,#872));
#2822=EDGE_LOOP('',(#873,#874,#875,#876,#877,#878));
#2823=EDGE_LOOP('',(#879,#880,#881,#882,#883,#884,#885));
#2824=EDGE_LOOP('',(#886,#887,#888,#889,#890));
#2825=EDGE_LOOP('',(#891,#892,#893,#894,#895,#896,#897));
#2826=EDGE_LOOP('',(#898,#899,#900,#901,#902,#903,#904));
#2827=EDGE_LOOP('',(#905,#906,#907,#908,#909));
#2828=EDGE_LOOP('',(#910,#911,#912,#913,#914,#915,#916));
#2829=EDGE_LOOP('',(#917,#918,#919,#920,#921,#922));
#2830=EDGE_LOOP('',(#923,#924,#925,#926,#927,#928));
#2831=EDGE_LOOP('',(#929,#930,#931,#932,#933,#934));
#2832=EDGE_LOOP('',(#935,#936,#937,#938,#939,#940));
#2833=EDGE_LOOP('',(#941,#942,#943,#944));
#2834=EDGE_LOOP('',(#945,#946,#947,#948));
#2835=EDGE_LOOP('',(#949,#950,#951,#952));
#2836=EDGE_LOOP('',(#953,#954,#955,#956));
#2837=EDGE_LOOP('',(#957,#958,#959,#960));
#2838=EDGE_LOOP('',(#961,#962,#963,#964));
#2839=EDGE_LOOP('',(#965,#966,#967,#968));
#2840=EDGE_LOOP('',(#969,#970,#971,#972));
#2841=EDGE_LOOP('',(#973,#974,#975,#976));
#2842=EDGE_LOOP('',(#977,#978,#979,#980));
#2843=EDGE_LOOP('',(#981,#982,#983,#984));
#2844=EDGE_LOOP('',(#985,#986,#987,#988));
#2845=EDGE_LOOP('',(#989,#990,#991,#992));
#2846=EDGE_LOOP('',(#993,#994,#995,#996,#997,#998,#999,#1000,#1001,#1002,
#1003,#1004,#1005,#1006,#1007,#1008,#1009,#1010));
#2847=EDGE_LOOP('',(#1011,#1012,#1013,#1014,#1015,#1016,#1017,#1018));
#2848=EDGE_LOOP('',(#1019,#1020,#1021,#1022));
#2849=EDGE_LOOP('',(#1023));
#2850=EDGE_LOOP('',(#1024));
#2851=EDGE_LOOP('',(#1025));
#2852=EDGE_LOOP('',(#1026));
#2853=EDGE_LOOP('',(#1027,#1028,#1029,#1030,#1031,#1032,#1033,#1034));
#2854=EDGE_LOOP('',(#1035,#1036,#1037,#1038));
#2855=EDGE_LOOP('',(#1039,#1040,#1041,#1042,#1043,#1044,#1045,#1046,#1047,
#1048,#1049,#1050,#1051,#1052));
#2856=EDGE_LOOP('',(#1053));
#2857=EDGE_LOOP('',(#1054));
#2858=EDGE_LOOP('',(#1055));
#2859=EDGE_LOOP('',(#1056));
#2860=EDGE_LOOP('',(#1057,#1058,#1059,#1060,#1061,#1062,#1063,#1064));
#2861=EDGE_LOOP('',(#1065,#1066,#1067,#1068));
#2862=EDGE_LOOP('',(#1069,#1070,#1071,#1072,#1073));
#2863=EDGE_LOOP('',(#1074,#1075,#1076,#1077));
#2864=EDGE_LOOP('',(#1078,#1079,#1080,#1081));
#2865=EDGE_LOOP('',(#1082,#1083,#1084,#1085,#1086));
#2866=EDGE_LOOP('',(#1087,#1088,#1089,#1090,#1091,#1092));
#2867=EDGE_LOOP('',(#1093));
#2868=EDGE_LOOP('',(#1094));
#2869=EDGE_LOOP('',(#1095));
#2870=EDGE_LOOP('',(#1096));
#2871=EDGE_LOOP('',(#1097,#1098,#1099,#1100));
#2872=EDGE_LOOP('',(#1101,#1102,#1103,#1104,#1105));
#2873=EDGE_LOOP('',(#1106,#1107,#1108,#1109));
#2874=EDGE_LOOP('',(#1110,#1111,#1112,#1113,#1114));
#2875=EDGE_LOOP('',(#1115,#1116,#1117,#1118));
#2876=EDGE_LOOP('',(#1119));
#2877=EDGE_LOOP('',(#1120));
#2878=EDGE_LOOP('',(#1121));
#2879=EDGE_LOOP('',(#1122));
#2880=EDGE_LOOP('',(#1123,#1124,#1125,#1126));
#2881=EDGE_LOOP('',(#1127));
#2882=EDGE_LOOP('',(#1128));
#2883=EDGE_LOOP('',(#1129));
#2884=EDGE_LOOP('',(#1130));
#2885=EDGE_LOOP('',(#1131));
#2886=EDGE_LOOP('',(#1132));
#2887=EDGE_LOOP('',(#1133));
#2888=EDGE_LOOP('',(#1134));
#2889=EDGE_LOOP('',(#1135));
#2890=EDGE_LOOP('',(#1136));
#2891=EDGE_LOOP('',(#1137));
#2892=EDGE_LOOP('',(#1138));
#2893=EDGE_LOOP('',(#1139));
#2894=EDGE_LOOP('',(#1140));
#2895=EDGE_LOOP('',(#1141));
#2896=EDGE_LOOP('',(#1142));
#2897=EDGE_LOOP('',(#1143));
#2898=EDGE_LOOP('',(#1144));
#2899=EDGE_LOOP('',(#1145));
#2900=EDGE_LOOP('',(#1146));
#2901=EDGE_LOOP('',(#1147));
#2902=EDGE_LOOP('',(#1148));
#2903=EDGE_LOOP('',(#1149));
#2904=EDGE_LOOP('',(#1150));
#2905=EDGE_LOOP('',(#1151,#1152,#1153,#1154));
#2906=EDGE_LOOP('',(#1155,#1156,#1157,#1158));
#2907=EDGE_LOOP('',(#1159,#1160,#1161,#1162));
#2908=EDGE_LOOP('',(#1163,#1164,#1165,#1166));
#2909=EDGE_LOOP('',(#1167));
#2910=EDGE_LOOP('',(#1168));
#2911=EDGE_LOOP('',(#1169));
#2912=EDGE_LOOP('',(#1170));
#2913=EDGE_LOOP('',(#1171));
#2914=EDGE_LOOP('',(#1172));
#2915=EDGE_LOOP('',(#1173));
#2916=EDGE_LOOP('',(#1174));
#2917=EDGE_LOOP('',(#1175));
#2918=EDGE_LOOP('',(#1176));
#2919=EDGE_LOOP('',(#1177));
#2920=EDGE_LOOP('',(#1178));
#2921=EDGE_LOOP('',(#1179));
#2922=EDGE_LOOP('',(#1180));
#2923=EDGE_LOOP('',(#1181));
#2924=EDGE_LOOP('',(#1182));
#2925=EDGE_LOOP('',(#1183));
#2926=EDGE_LOOP('',(#1184));
#2927=EDGE_LOOP('',(#1185));
#2928=EDGE_LOOP('',(#1186));
#2929=EDGE_LOOP('',(#1187));
#2930=EDGE_LOOP('',(#1188));
#2931=EDGE_LOOP('',(#1189));
#2932=EDGE_LOOP('',(#1190));
#2933=EDGE_LOOP('',(#1191));
#2934=EDGE_LOOP('',(#1192));
#2935=EDGE_LOOP('',(#1193));
#2936=EDGE_LOOP('',(#1194));
#2937=EDGE_LOOP('',(#1195));
#2938=EDGE_LOOP('',(#1196));
#2939=EDGE_LOOP('',(#1197));
#2940=EDGE_LOOP('',(#1198));
#2941=EDGE_LOOP('',(#1199));
#2942=EDGE_LOOP('',(#1200));
#2943=EDGE_LOOP('',(#1201));
#2944=EDGE_LOOP('',(#1202));
#2945=EDGE_LOOP('',(#1203));
#2946=EDGE_LOOP('',(#1204));
#2947=EDGE_LOOP('',(#1205));
#2948=EDGE_LOOP('',(#1206));
#2949=EDGE_LOOP('',(#1207,#1208,#1209,#1210));
#2950=EDGE_LOOP('',(#1211,#1212,#1213,#1214));
#2951=EDGE_LOOP('',(#1215,#1216,#1217,#1218));
#2952=EDGE_LOOP('',(#1219,#1220,#1221,#1222));
#2953=EDGE_LOOP('',(#1223,#1224,#1225,#1226));
#2954=EDGE_LOOP('',(#1227,#1228,#1229,#1230));
#2955=EDGE_LOOP('',(#1231,#1232,#1233,#1234));
#2956=EDGE_LOOP('',(#1235,#1236,#1237,#1238));
#2957=EDGE_LOOP('',(#1239,#1240,#1241,#1242));
#2958=EDGE_LOOP('',(#1243,#1244,#1245,#1246));
#2959=EDGE_LOOP('',(#1247,#1248,#1249,#1250));
#2960=EDGE_LOOP('',(#1251,#1252,#1253,#1254));
#2961=EDGE_LOOP('',(#1255,#1256,#1257,#1258));
#2962=EDGE_LOOP('',(#1259,#1260,#1261,#1262));
#2963=EDGE_LOOP('',(#1263,#1264,#1265,#1266));
#2964=EDGE_LOOP('',(#1267,#1268,#1269));
#2965=EDGE_LOOP('',(#1270,#1271,#1272,#1273));
#2966=EDGE_LOOP('',(#1274,#1275,#1276,#1277));
#2967=EDGE_LOOP('',(#1278,#1279,#1280,#1281));
#2968=EDGE_LOOP('',(#1282,#1283,#1284,#1285));
#2969=EDGE_LOOP('',(#1286,#1287,#1288));
#2970=EDGE_LOOP('',(#1289,#1290,#1291,#1292));
#2971=EDGE_LOOP('',(#1293,#1294,#1295,#1296));
#2972=EDGE_LOOP('',(#1297,#1298,#1299,#1300));
#2973=EDGE_LOOP('',(#1301,#1302,#1303,#1304));
#2974=EDGE_LOOP('',(#1305,#1306,#1307,#1308));
#2975=FACE_BOUND('',#2661,.T.);
#2976=FACE_BOUND('',#2662,.T.);
#2977=FACE_BOUND('',#2663,.T.);
#2978=FACE_BOUND('',#2664,.T.);
#2979=FACE_BOUND('',#2665,.T.);
#2980=FACE_BOUND('',#2666,.T.);
#2981=FACE_BOUND('',#2667,.T.);
#2982=FACE_BOUND('',#2668,.T.);
#2983=FACE_BOUND('',#2669,.T.);
#2984=FACE_BOUND('',#2670,.T.);
#2985=FACE_BOUND('',#2671,.T.);
#2986=FACE_BOUND('',#2672,.T.);
#2987=FACE_BOUND('',#2673,.T.);
#2988=FACE_BOUND('',#2674,.T.);
#2989=FACE_BOUND('',#2675,.T.);
#2990=FACE_BOUND('',#2676,.T.);
#2991=FACE_BOUND('',#2677,.T.);
#2992=FACE_BOUND('',#2678,.T.);
#2993=FACE_BOUND('',#2679,.T.);
#2994=FACE_BOUND('',#2680,.T.);
#2995=FACE_BOUND('',#2681,.T.);
#2996=FACE_BOUND('',#2682,.T.);
#2997=FACE_BOUND('',#2683,.T.);
#2998=FACE_BOUND('',#2684,.T.);
#2999=FACE_BOUND('',#2685,.T.);
#3000=FACE_BOUND('',#2686,.T.);
#3001=FACE_BOUND('',#2687,.T.);
#3002=FACE_BOUND('',#2688,.T.);
#3003=FACE_BOUND('',#2689,.T.);
#3004=FACE_BOUND('',#2690,.T.);
#3005=FACE_BOUND('',#2691,.T.);
#3006=FACE_BOUND('',#2692,.T.);
#3007=FACE_BOUND('',#2693,.T.);
#3008=FACE_BOUND('',#2694,.T.);
#3009=FACE_BOUND('',#2695,.T.);
#3010=FACE_BOUND('',#2696,.T.);
#3011=FACE_BOUND('',#2697,.T.);
#3012=FACE_BOUND('',#2698,.T.);
#3013=FACE_BOUND('',#2699,.T.);
#3014=FACE_BOUND('',#2700,.T.);
#3015=FACE_BOUND('',#2701,.T.);
#3016=FACE_BOUND('',#2702,.T.);
#3017=FACE_BOUND('',#2703,.T.);
#3018=FACE_BOUND('',#2704,.T.);
#3019=FACE_BOUND('',#2705,.T.);
#3020=FACE_BOUND('',#2706,.T.);
#3021=FACE_BOUND('',#2707,.T.);
#3022=FACE_BOUND('',#2708,.T.);
#3023=FACE_BOUND('',#2709,.T.);
#3024=FACE_BOUND('',#2710,.T.);
#3025=FACE_BOUND('',#2711,.T.);
#3026=FACE_BOUND('',#2712,.T.);
#3027=FACE_BOUND('',#2713,.T.);
#3028=FACE_BOUND('',#2714,.T.);
#3029=FACE_BOUND('',#2715,.T.);
#3030=FACE_BOUND('',#2716,.T.);
#3031=FACE_BOUND('',#2717,.T.);
#3032=FACE_BOUND('',#2718,.T.);
#3033=FACE_BOUND('',#2719,.T.);
#3034=FACE_BOUND('',#2720,.T.);
#3035=FACE_BOUND('',#2721,.T.);
#3036=FACE_BOUND('',#2722,.T.);
#3037=FACE_BOUND('',#2723,.T.);
#3038=FACE_BOUND('',#2724,.T.);
#3039=FACE_BOUND('',#2725,.T.);
#3040=FACE_BOUND('',#2726,.T.);
#3041=FACE_BOUND('',#2727,.T.);
#3042=FACE_BOUND('',#2728,.T.);
#3043=FACE_BOUND('',#2729,.T.);
#3044=FACE_BOUND('',#2730,.T.);
#3045=FACE_BOUND('',#2731,.T.);
#3046=FACE_BOUND('',#2732,.T.);
#3047=FACE_BOUND('',#2733,.T.);
#3048=FACE_BOUND('',#2734,.T.);
#3049=FACE_BOUND('',#2735,.T.);
#3050=FACE_BOUND('',#2736,.T.);
#3051=FACE_BOUND('',#2737,.T.);
#3052=FACE_BOUND('',#2738,.T.);
#3053=FACE_BOUND('',#2739,.T.);
#3054=FACE_BOUND('',#2740,.T.);
#3055=FACE_BOUND('',#2741,.T.);
#3056=FACE_BOUND('',#2742,.T.);
#3057=FACE_BOUND('',#2743,.T.);
#3058=FACE_BOUND('',#2744,.T.);
#3059=FACE_BOUND('',#2745,.T.);
#3060=FACE_BOUND('',#2746,.T.);
#3061=FACE_BOUND('',#2747,.T.);
#3062=FACE_BOUND('',#2748,.T.);
#3063=FACE_BOUND('',#2749,.T.);
#3064=FACE_BOUND('',#2750,.T.);
#3065=FACE_BOUND('',#2751,.T.);
#3066=FACE_BOUND('',#2752,.T.);
#3067=FACE_BOUND('',#2753,.T.);
#3068=FACE_BOUND('',#2754,.T.);
#3069=FACE_BOUND('',#2755,.T.);
#3070=FACE_BOUND('',#2756,.T.);
#3071=FACE_BOUND('',#2757,.T.);
#3072=FACE_BOUND('',#2758,.T.);
#3073=FACE_BOUND('',#2759,.T.);
#3074=FACE_BOUND('',#2760,.T.);
#3075=FACE_BOUND('',#2761,.T.);
#3076=FACE_BOUND('',#2762,.T.);
#3077=FACE_BOUND('',#2763,.T.);
#3078=FACE_BOUND('',#2764,.T.);
#3079=FACE_BOUND('',#2765,.T.);
#3080=FACE_BOUND('',#2766,.T.);
#3081=FACE_BOUND('',#2767,.T.);
#3082=FACE_BOUND('',#2768,.T.);
#3083=FACE_BOUND('',#2769,.T.);
#3084=FACE_BOUND('',#2770,.T.);
#3085=FACE_BOUND('',#2771,.T.);
#3086=FACE_BOUND('',#2772,.T.);
#3087=FACE_BOUND('',#2773,.T.);
#3088=FACE_BOUND('',#2774,.T.);
#3089=FACE_BOUND('',#2775,.T.);
#3090=FACE_BOUND('',#2776,.T.);
#3091=FACE_BOUND('',#2777,.T.);
#3092=FACE_BOUND('',#2778,.T.);
#3093=FACE_BOUND('',#2779,.T.);
#3094=FACE_BOUND('',#2780,.T.);
#3095=FACE_BOUND('',#2781,.T.);
#3096=FACE_BOUND('',#2782,.T.);
#3097=FACE_BOUND('',#2783,.T.);
#3098=FACE_BOUND('',#2784,.T.);
#3099=FACE_BOUND('',#2785,.T.);
#3100=FACE_BOUND('',#2786,.T.);
#3101=FACE_BOUND('',#2787,.T.);
#3102=FACE_BOUND('',#2788,.T.);
#3103=FACE_BOUND('',#2789,.T.);
#3104=FACE_BOUND('',#2790,.T.);
#3105=FACE_BOUND('',#2791,.T.);
#3106=FACE_BOUND('',#2792,.T.);
#3107=FACE_BOUND('',#2793,.T.);
#3108=FACE_BOUND('',#2794,.T.);
#3109=FACE_BOUND('',#2795,.T.);
#3110=FACE_BOUND('',#2796,.T.);
#3111=FACE_BOUND('',#2797,.T.);
#3112=FACE_BOUND('',#2798,.T.);
#3113=FACE_BOUND('',#2799,.T.);
#3114=FACE_BOUND('',#2800,.T.);
#3115=FACE_BOUND('',#2801,.T.);
#3116=FACE_BOUND('',#2802,.T.);
#3117=FACE_BOUND('',#2803,.T.);
#3118=FACE_BOUND('',#2804,.T.);
#3119=FACE_BOUND('',#2805,.T.);
#3120=FACE_BOUND('',#2806,.T.);
#3121=FACE_BOUND('',#2807,.T.);
#3122=FACE_BOUND('',#2808,.T.);
#3123=FACE_BOUND('',#2809,.T.);
#3124=FACE_BOUND('',#2810,.T.);
#3125=FACE_BOUND('',#2811,.T.);
#3126=FACE_BOUND('',#2812,.T.);
#3127=FACE_BOUND('',#2813,.T.);
#3128=FACE_BOUND('',#2814,.T.);
#3129=FACE_BOUND('',#2815,.T.);
#3130=FACE_BOUND('',#2816,.T.);
#3131=FACE_BOUND('',#2817,.T.);
#3132=FACE_BOUND('',#2818,.T.);
#3133=FACE_BOUND('',#2819,.T.);
#3134=FACE_BOUND('',#2820,.T.);
#3135=FACE_BOUND('',#2821,.T.);
#3136=FACE_BOUND('',#2822,.T.);
#3137=FACE_BOUND('',#2823,.T.);
#3138=FACE_BOUND('',#2824,.T.);
#3139=FACE_BOUND('',#2825,.T.);
#3140=FACE_BOUND('',#2826,.T.);
#3141=FACE_BOUND('',#2827,.T.);
#3142=FACE_BOUND('',#2828,.T.);
#3143=FACE_BOUND('',#2829,.T.);
#3144=FACE_BOUND('',#2830,.T.);
#3145=FACE_BOUND('',#2831,.T.);
#3146=FACE_BOUND('',#2832,.T.);
#3147=FACE_BOUND('',#2833,.T.);
#3148=FACE_BOUND('',#2834,.T.);
#3149=FACE_BOUND('',#2835,.T.);
#3150=FACE_BOUND('',#2836,.T.);
#3151=FACE_BOUND('',#2837,.T.);
#3152=FACE_BOUND('',#2838,.T.);
#3153=FACE_BOUND('',#2839,.T.);
#3154=FACE_BOUND('',#2840,.T.);
#3155=FACE_BOUND('',#2841,.T.);
#3156=FACE_BOUND('',#2842,.T.);
#3157=FACE_BOUND('',#2843,.T.);
#3158=FACE_BOUND('',#2844,.T.);
#3159=FACE_BOUND('',#2845,.T.);
#3160=FACE_BOUND('',#2846,.T.);
#3161=FACE_BOUND('',#2847,.T.);
#3162=FACE_BOUND('',#2848,.T.);
#3163=FACE_BOUND('',#2849,.T.);
#3164=FACE_BOUND('',#2850,.T.);
#3165=FACE_BOUND('',#2851,.T.);
#3166=FACE_BOUND('',#2852,.T.);
#3167=FACE_BOUND('',#2853,.T.);
#3168=FACE_BOUND('',#2854,.T.);
#3169=FACE_BOUND('',#2855,.T.);
#3170=FACE_BOUND('',#2856,.T.);
#3171=FACE_BOUND('',#2857,.T.);
#3172=FACE_BOUND('',#2858,.T.);
#3173=FACE_BOUND('',#2859,.T.);
#3174=FACE_BOUND('',#2860,.T.);
#3175=FACE_BOUND('',#2861,.T.);
#3176=FACE_BOUND('',#2862,.T.);
#3177=FACE_BOUND('',#2863,.T.);
#3178=FACE_BOUND('',#2864,.T.);
#3179=FACE_BOUND('',#2865,.T.);
#3180=FACE_BOUND('',#2866,.T.);
#3181=FACE_BOUND('',#2867,.T.);
#3182=FACE_BOUND('',#2868,.T.);
#3183=FACE_BOUND('',#2869,.T.);
#3184=FACE_BOUND('',#2870,.T.);
#3185=FACE_BOUND('',#2871,.T.);
#3186=FACE_BOUND('',#2872,.T.);
#3187=FACE_BOUND('',#2873,.T.);
#3188=FACE_BOUND('',#2874,.T.);
#3189=FACE_BOUND('',#2875,.T.);
#3190=FACE_BOUND('',#2876,.T.);
#3191=FACE_BOUND('',#2877,.T.);
#3192=FACE_BOUND('',#2878,.T.);
#3193=FACE_BOUND('',#2879,.T.);
#3194=FACE_BOUND('',#2880,.T.);
#3195=FACE_BOUND('',#2881,.T.);
#3196=FACE_BOUND('',#2882,.T.);
#3197=FACE_BOUND('',#2883,.T.);
#3198=FACE_BOUND('',#2884,.T.);
#3199=FACE_BOUND('',#2885,.T.);
#3200=FACE_BOUND('',#2886,.T.);
#3201=FACE_BOUND('',#2887,.T.);
#3202=FACE_BOUND('',#2888,.T.);
#3203=FACE_BOUND('',#2889,.T.);
#3204=FACE_BOUND('',#2890,.T.);
#3205=FACE_BOUND('',#2891,.T.);
#3206=FACE_BOUND('',#2892,.T.);
#3207=FACE_BOUND('',#2893,.T.);
#3208=FACE_BOUND('',#2894,.T.);
#3209=FACE_BOUND('',#2895,.T.);
#3210=FACE_BOUND('',#2896,.T.);
#3211=FACE_BOUND('',#2897,.T.);
#3212=FACE_BOUND('',#2898,.T.);
#3213=FACE_BOUND('',#2899,.T.);
#3214=FACE_BOUND('',#2900,.T.);
#3215=FACE_BOUND('',#2901,.T.);
#3216=FACE_BOUND('',#2902,.T.);
#3217=FACE_BOUND('',#2903,.T.);
#3218=FACE_BOUND('',#2904,.T.);
#3219=FACE_BOUND('',#2905,.T.);
#3220=FACE_BOUND('',#2906,.T.);
#3221=FACE_BOUND('',#2907,.T.);
#3222=FACE_BOUND('',#2908,.T.);
#3223=FACE_BOUND('',#2909,.T.);
#3224=FACE_BOUND('',#2910,.T.);
#3225=FACE_BOUND('',#2911,.T.);
#3226=FACE_BOUND('',#2912,.T.);
#3227=FACE_BOUND('',#2913,.T.);
#3228=FACE_BOUND('',#2914,.T.);
#3229=FACE_BOUND('',#2915,.T.);
#3230=FACE_BOUND('',#2916,.T.);
#3231=FACE_BOUND('',#2917,.T.);
#3232=FACE_BOUND('',#2918,.T.);
#3233=FACE_BOUND('',#2919,.T.);
#3234=FACE_BOUND('',#2920,.T.);
#3235=FACE_BOUND('',#2921,.T.);
#3236=FACE_BOUND('',#2922,.T.);
#3237=FACE_BOUND('',#2923,.T.);
#3238=FACE_BOUND('',#2924,.T.);
#3239=FACE_BOUND('',#2925,.T.);
#3240=FACE_BOUND('',#2926,.T.);
#3241=FACE_BOUND('',#2927,.T.);
#3242=FACE_BOUND('',#2928,.T.);
#3243=FACE_BOUND('',#2929,.T.);
#3244=FACE_BOUND('',#2930,.T.);
#3245=FACE_BOUND('',#2931,.T.);
#3246=FACE_BOUND('',#2932,.T.);
#3247=FACE_BOUND('',#2933,.T.);
#3248=FACE_BOUND('',#2934,.T.);
#3249=FACE_BOUND('',#2935,.T.);
#3250=FACE_BOUND('',#2936,.T.);
#3251=FACE_BOUND('',#2937,.T.);
#3252=FACE_BOUND('',#2938,.T.);
#3253=FACE_BOUND('',#2939,.T.);
#3254=FACE_BOUND('',#2940,.T.);
#3255=FACE_BOUND('',#2941,.T.);
#3256=FACE_BOUND('',#2942,.T.);
#3257=FACE_BOUND('',#2943,.T.);
#3258=FACE_BOUND('',#2944,.T.);
#3259=FACE_BOUND('',#2945,.T.);
#3260=FACE_BOUND('',#2946,.T.);
#3261=FACE_BOUND('',#2947,.T.);
#3262=FACE_BOUND('',#2948,.T.);
#3263=FACE_BOUND('',#2949,.T.);
#3264=FACE_BOUND('',#2950,.T.);
#3265=FACE_BOUND('',#2951,.T.);
#3266=FACE_BOUND('',#2952,.T.);
#3267=FACE_BOUND('',#2953,.T.);
#3268=FACE_BOUND('',#2954,.T.);
#3269=FACE_BOUND('',#2955,.T.);
#3270=FACE_BOUND('',#2956,.T.);
#3271=FACE_BOUND('',#2957,.T.);
#3272=FACE_BOUND('',#2958,.T.);
#3273=FACE_BOUND('',#2959,.T.);
#3274=FACE_BOUND('',#2960,.T.);
#3275=FACE_BOUND('',#2961,.T.);
#3276=FACE_BOUND('',#2962,.T.);
#3277=FACE_BOUND('',#2963,.T.);
#3278=FACE_BOUND('',#2964,.T.);
#3279=FACE_BOUND('',#2965,.T.);
#3280=FACE_BOUND('',#2966,.T.);
#3281=FACE_BOUND('',#2967,.T.);
#3282=FACE_BOUND('',#2968,.T.);
#3283=FACE_BOUND('',#2969,.T.);
#3284=FACE_BOUND('',#2970,.T.);
#3285=FACE_BOUND('',#2971,.T.);
#3286=FACE_BOUND('',#2972,.T.);
#3287=FACE_BOUND('',#2973,.T.);
#3288=FACE_BOUND('',#2974,.T.);
#3289=PLANE('',#3641);
#3290=PLANE('',#3642);
#3291=PLANE('',#3644);
#3292=PLANE('',#3654);
#3293=PLANE('',#3655);
#3294=PLANE('',#3666);
#3295=PLANE('',#3667);
#3296=PLANE('',#3670);
#3297=PLANE('',#3674);
#3298=PLANE('',#3686);
#3299=PLANE('',#3688);
#3300=PLANE('',#3693);
#3301=PLANE('',#3697);
#3302=PLANE('',#3701);
#3303=PLANE('',#3705);
#3304=PLANE('',#3714);
#3305=PLANE('',#3716);
#3306=PLANE('',#3720);
#3307=PLANE('',#3722);
#3308=PLANE('',#3725);
#3309=PLANE('',#3728);
#3310=PLANE('',#3730);
#3311=PLANE('',#3733);
#3312=PLANE('',#3736);
#3313=PLANE('',#3739);
#3314=PLANE('',#3741);
#3315=PLANE('',#3748);
#3316=PLANE('',#3754);
#3317=PLANE('',#3764);
#3318=PLANE('',#3770);
#3319=PLANE('',#3776);
#3320=PLANE('',#3796);
#3321=PLANE('',#3798);
#3322=PLANE('',#3801);
#3323=PLANE('',#3803);
#3324=PLANE('',#3806);
#3325=PLANE('',#3808);
#3326=PLANE('',#3811);
#3327=PLANE('',#3813);
#3328=PLANE('',#3816);
#3329=PLANE('',#3823);
#3330=PLANE('',#3824);
#3331=PLANE('',#3825);
#3332=PLANE('',#3826);
#3333=PLANE('',#3827);
#3334=PLANE('',#3828);
#3335=PLANE('',#3829);
#3336=PLANE('',#3830);
#3337=PLANE('',#3831);
#3338=PLANE('',#3832);
#3339=PLANE('',#3833);
#3340=PLANE('',#3834);
#3341=PLANE('',#3835);
#3342=PLANE('',#3836);
#3343=PLANE('',#3837);
#3344=PLANE('',#3838);
#3345=PLANE('',#3839);
#3346=PLANE('',#3840);
#3347=PLANE('',#3859);
#3348=PLANE('',#3860);
#3349=PLANE('',#3861);
#3350=PLANE('',#3862);
#3351=PLANE('',#3863);
#3352=PLANE('',#3865);
#3353=PLANE('',#3866);
#3354=PLANE('',#3868);
#3355=PLANE('',#3870);
#3356=PLANE('',#3871);
#3357=PLANE('',#3878);
#3358=PLANE('',#3879);
#3359=PLANE('',#3890);
#3360=PLANE('',#3898);
#3361=PLANE('',#3905);
#3362=PLANE('',#3911);
#3363=PLANE('',#3912);
#3364=PLANE('',#3916);
#3365=PLANE('',#3922);
#3366=PLANE('',#3923);
#3367=PLANE('',#3925);
#3368=PLANE('',#3926);
#3369=PLANE('',#3927);
#3370=PLANE('',#3929);
#3371=PLANE('',#3938);
#3372=PLANE('',#3940);
#3373=PLANE('',#3946);
#3374=PLANE('',#3950);
#3375=PLANE('',#3954);
#3376=PLANE('',#3958);
#3377=PLANE('',#3966);
#3378=PLANE('',#3967);
#3379=PLANE('',#3971);
#3380=PLANE('',#3975);
#3381=PLANE('',#3979);
#3382=PLANE('',#3983);
#3383=PLANE('',#3987);
#3384=PLANE('',#3991);
#3385=PLANE('',#3995);
#3386=PLANE('',#3999);
#3387=PLANE('',#4050);
#3388=PLANE('',#4053);
#3389=ADVANCED_FACE('',(#2975),#3289,.F.);
#3390=ADVANCED_FACE('',(#2976),#3290,.F.);
#3391=ADVANCED_FACE('',(#2977,#2978,#2979,#2980,#2981),#3291,.F.);
#3392=ADVANCED_FACE('',(#2982),#3292,.T.);
#3393=ADVANCED_FACE('',(#2983,#2984,#2985,#2986,#2987,#2988,#2989,#2990,
#2991),#3293,.T.);
#3394=ADVANCED_FACE('',(#2992),#3294,.F.);
#3395=ADVANCED_FACE('',(#2993,#2994),#3295,.F.);
#3396=ADVANCED_FACE('',(#2995,#2996),#3296,.F.);
#3397=ADVANCED_FACE('',(#2997),#95,.T.);
#3398=ADVANCED_FACE('',(#2998),#3297,.T.);
#3399=ADVANCED_FACE('',(#2999,#3000),#96,.F.);
#3400=ADVANCED_FACE('',(#3001,#3002),#97,.F.);
#3401=ADVANCED_FACE('',(#3003,#3004),#98,.F.);
#3402=ADVANCED_FACE('',(#3005),#99,.T.);
#3403=ADVANCED_FACE('',(#3006,#3007),#100,.F.);
#3404=ADVANCED_FACE('',(#3008,#3009),#101,.F.);
#3405=ADVANCED_FACE('',(#3010,#3011),#102,.F.);
#3406=ADVANCED_FACE('',(#3012),#3298,.F.);
#3407=ADVANCED_FACE('',(#3013),#3299,.F.);
#3408=ADVANCED_FACE('',(#3014,#3015),#103,.F.);
#3409=ADVANCED_FACE('',(#3016),#3300,.T.);
#3410=ADVANCED_FACE('',(#3017,#3018),#104,.F.);
#3411=ADVANCED_FACE('',(#3019),#3301,.T.);
#3412=ADVANCED_FACE('',(#3020,#3021),#105,.F.);
#3413=ADVANCED_FACE('',(#3022),#3302,.T.);
#3414=ADVANCED_FACE('',(#3023,#3024),#106,.F.);
#3415=ADVANCED_FACE('',(#3025),#3303,.T.);
#3416=ADVANCED_FACE('',(#3026,#3027),#68,.F.);
#3417=ADVANCED_FACE('',(#3028,#3029),#69,.F.);
#3418=ADVANCED_FACE('',(#3030,#3031),#70,.F.);
#3419=ADVANCED_FACE('',(#3032,#3033),#71,.F.);
#3420=ADVANCED_FACE('',(#3034,#3035),#72,.F.);
#3421=ADVANCED_FACE('',(#3036,#3037),#73,.F.);
#3422=ADVANCED_FACE('',(#3038,#3039),#74,.F.);
#3423=ADVANCED_FACE('',(#3040,#3041),#75,.F.);
#3424=ADVANCED_FACE('',(#3042),#3304,.F.);
#3425=ADVANCED_FACE('',(#3043),#76,.F.);
#3426=ADVANCED_FACE('',(#3044),#3305,.T.);
#3427=ADVANCED_FACE('',(#3045,#3046),#77,.F.);
#3428=ADVANCED_FACE('',(#3047,#3048),#78,.F.);
#3429=ADVANCED_FACE('',(#3049),#3306,.T.);
#3430=ADVANCED_FACE('',(#3050),#3307,.T.);
#3431=ADVANCED_FACE('',(#3051),#3308,.T.);
#3432=ADVANCED_FACE('',(#3052),#3309,.F.);
#3433=ADVANCED_FACE('',(#3053),#3310,.F.);
#3434=ADVANCED_FACE('',(#3054),#3311,.F.);
#3435=ADVANCED_FACE('',(#3055),#3312,.F.);
#3436=ADVANCED_FACE('',(#3056),#3313,.F.);
#3437=ADVANCED_FACE('',(#3057),#3314,.F.);
#3438=ADVANCED_FACE('',(#3058,#3059),#107,.F.);
#3439=ADVANCED_FACE('',(#3060,#3061),#3315,.F.);
#3440=ADVANCED_FACE('',(#3062,#3063),#3316,.T.);
#3441=ADVANCED_FACE('',(#3064,#3065,#3066,#3067,#3068),#3317,.T.);
#3442=ADVANCED_FACE('',(#3069,#3070,#3071,#3072,#3073),#3318,.F.);
#3443=ADVANCED_FACE('',(#3074,#3075,#3076,#3077,#3078),#3319,.F.);
#3444=ADVANCED_FACE('',(#3079),#108,.F.);
#3445=ADVANCED_FACE('',(#3080),#109,.F.);
#3446=ADVANCED_FACE('',(#3081),#110,.F.);
#3447=ADVANCED_FACE('',(#3082),#111,.F.);
#3448=ADVANCED_FACE('',(#3083),#112,.F.);
#3449=ADVANCED_FACE('',(#3084),#113,.F.);
#3450=ADVANCED_FACE('',(#3085),#114,.F.);
#3451=ADVANCED_FACE('',(#3086),#115,.F.);
#3452=ADVANCED_FACE('',(#3087),#116,.F.);
#3453=ADVANCED_FACE('',(#3088),#3320,.F.);
#3454=ADVANCED_FACE('',(#3089),#117,.F.);
#3455=ADVANCED_FACE('',(#3090),#3321,.F.);
#3456=ADVANCED_FACE('',(#3091),#118,.F.);
#3457=ADVANCED_FACE('',(#3092,#3093,#3094,#3095,#3096),#3322,.T.);
#3458=ADVANCED_FACE('',(#3097),#3323,.T.);
#3459=ADVANCED_FACE('',(#3098),#3324,.F.);
#3460=ADVANCED_FACE('',(#3099),#3325,.F.);
#3461=ADVANCED_FACE('',(#3100),#3326,.F.);
#3462=ADVANCED_FACE('',(#3101),#3327,.F.);
#3463=ADVANCED_FACE('',(#3102),#3328,.F.);
#3464=ADVANCED_FACE('',(#3103),#79,.F.);
#3465=ADVANCED_FACE('',(#3104),#80,.F.);
#3466=ADVANCED_FACE('',(#3105),#3329,.F.);
#3467=ADVANCED_FACE('',(#3106),#3330,.T.);
#3468=ADVANCED_FACE('',(#3107),#3331,.T.);
#3469=ADVANCED_FACE('',(#3108),#3332,.T.);
#3470=ADVANCED_FACE('',(#3109),#3333,.T.);
#3471=ADVANCED_FACE('',(#3110),#3334,.T.);
#3472=ADVANCED_FACE('',(#3111),#3335,.T.);
#3473=ADVANCED_FACE('',(#3112),#3336,.T.);
#3474=ADVANCED_FACE('',(#3113),#3337,.T.);
#3475=ADVANCED_FACE('',(#3114),#3338,.T.);
#3476=ADVANCED_FACE('',(#3115),#3339,.T.);
#3477=ADVANCED_FACE('',(#3116),#3340,.T.);
#3478=ADVANCED_FACE('',(#3117),#3341,.T.);
#3479=ADVANCED_FACE('',(#3118),#3342,.T.);
#3480=ADVANCED_FACE('',(#3119),#3343,.T.);
#3481=ADVANCED_FACE('',(#3120),#3344,.T.);
#3482=ADVANCED_FACE('',(#3121),#3345,.T.);
#3483=ADVANCED_FACE('',(#3122),#3346,.T.);
#3484=ADVANCED_FACE('',(#3123),#119,.T.);
#3485=ADVANCED_FACE('',(#3124),#120,.T.);
#3486=ADVANCED_FACE('',(#3125),#121,.T.);
#3487=ADVANCED_FACE('',(#3126),#122,.T.);
#3488=ADVANCED_FACE('',(#3127),#123,.T.);
#3489=ADVANCED_FACE('',(#3128),#124,.T.);
#3490=ADVANCED_FACE('',(#3129),#125,.T.);
#3491=ADVANCED_FACE('',(#3130),#28,.T.);
#3492=ADVANCED_FACE('',(#3131),#126,.T.);
#3493=ADVANCED_FACE('',(#3132),#29,.T.);
#3494=ADVANCED_FACE('',(#3133),#3347,.F.);
#3495=ADVANCED_FACE('',(#3134),#3348,.T.);
#3496=ADVANCED_FACE('',(#3135),#3349,.T.);
#3497=ADVANCED_FACE('',(#3136),#3350,.T.);
#3498=ADVANCED_FACE('',(#3137),#3351,.F.);
#3499=ADVANCED_FACE('',(#3138),#3352,.F.);
#3500=ADVANCED_FACE('',(#3139),#3353,.F.);
#3501=ADVANCED_FACE('',(#3140),#3354,.T.);
#3502=ADVANCED_FACE('',(#3141),#3355,.T.);
#3503=ADVANCED_FACE('',(#3142),#3356,.T.);
#3504=ADVANCED_FACE('',(#3143),#127,.T.);
#3505=ADVANCED_FACE('',(#3144),#128,.T.);
#3506=ADVANCED_FACE('',(#3145),#129,.T.);
#3507=ADVANCED_FACE('',(#3146),#130,.T.);
#3508=ADVANCED_FACE('',(#3147),#81,.T.);
#3509=ADVANCED_FACE('',(#3148),#3357,.F.);
#3510=ADVANCED_FACE('',(#3149),#3358,.T.);
#3511=ADVANCED_FACE('',(#3150),#82,.F.);
#3512=ADVANCED_FACE('',(#3151),#131,.T.);
#3513=ADVANCED_FACE('',(#3152),#132,.T.);
#3514=ADVANCED_FACE('',(#3153),#133,.T.);
#3515=ADVANCED_FACE('',(#3154),#134,.T.);
#3516=ADVANCED_FACE('',(#3155),#135,.T.);
#3517=ADVANCED_FACE('',(#3156),#136,.T.);
#3518=ADVANCED_FACE('',(#3157),#137,.T.);
#3519=ADVANCED_FACE('',(#3158),#138,.T.);
#3520=ADVANCED_FACE('',(#3159,#3160),#3359,.T.);
#3521=ADVANCED_FACE('',(#3161,#3162),#3360,.F.);
#3522=ADVANCED_FACE('',(#3163,#3164,#3165,#3166,#3167),#3361,.F.);
#3523=ADVANCED_FACE('',(#3168),#3362,.T.);
#3524=ADVANCED_FACE('',(#3169),#3363,.F.);
#3525=ADVANCED_FACE('',(#3170,#3171,#3172,#3173,#3174),#3364,.F.);
#3526=ADVANCED_FACE('',(#3175),#3365,.F.);
#3527=ADVANCED_FACE('',(#3176),#3366,.F.);
#3528=ADVANCED_FACE('',(#3177),#3367,.F.);
#3529=ADVANCED_FACE('',(#3178),#3368,.T.);
#3530=ADVANCED_FACE('',(#3179),#3369,.T.);
#3531=ADVANCED_FACE('',(#3180,#3181,#3182,#3183,#3184),#3370,.F.);
#3532=ADVANCED_FACE('',(#3185),#139,.F.);
#3533=ADVANCED_FACE('',(#3186),#3371,.T.);
#3534=ADVANCED_FACE('',(#3187),#140,.F.);
#3535=ADVANCED_FACE('',(#3188),#3372,.T.);
#3536=ADVANCED_FACE('',(#3189),#141,.F.);
#3537=ADVANCED_FACE('',(#3190,#3191,#3192,#3193,#3194),#142,.F.);
#3538=ADVANCED_FACE('',(#3195,#3196),#143,.F.);
#3539=ADVANCED_FACE('',(#3197,#3198),#3373,.T.);
#3540=ADVANCED_FACE('',(#3199,#3200),#144,.F.);
#3541=ADVANCED_FACE('',(#3201,#3202),#3374,.T.);
#3542=ADVANCED_FACE('',(#3203,#3204),#145,.F.);
#3543=ADVANCED_FACE('',(#3205,#3206),#3375,.T.);
#3544=ADVANCED_FACE('',(#3207,#3208),#146,.F.);
#3545=ADVANCED_FACE('',(#3209,#3210),#3376,.T.);
#3546=ADVANCED_FACE('',(#3211,#3212),#147,.F.);
#3547=ADVANCED_FACE('',(#3213,#3214),#148,.F.);
#3548=ADVANCED_FACE('',(#3215,#3216),#149,.F.);
#3549=ADVANCED_FACE('',(#3217,#3218),#150,.F.);
#3550=ADVANCED_FACE('',(#3219),#83,.F.);
#3551=ADVANCED_FACE('',(#3220),#84,.F.);
#3552=ADVANCED_FACE('',(#3221),#3377,.T.);
#3553=ADVANCED_FACE('',(#3222),#3378,.F.);
#3554=ADVANCED_FACE('',(#3223,#3224),#151,.F.);
#3555=ADVANCED_FACE('',(#3225),#3379,.T.);
#3556=ADVANCED_FACE('',(#3226,#3227),#152,.F.);
#3557=ADVANCED_FACE('',(#3228),#3380,.T.);
#3558=ADVANCED_FACE('',(#3229,#3230),#153,.F.);
#3559=ADVANCED_FACE('',(#3231),#3381,.T.);
#3560=ADVANCED_FACE('',(#3232,#3233),#154,.F.);
#3561=ADVANCED_FACE('',(#3234),#3382,.T.);
#3562=ADVANCED_FACE('',(#3235,#3236),#155,.F.);
#3563=ADVANCED_FACE('',(#3237),#3383,.T.);
#3564=ADVANCED_FACE('',(#3238,#3239),#156,.F.);
#3565=ADVANCED_FACE('',(#3240),#3384,.T.);
#3566=ADVANCED_FACE('',(#3241,#3242),#157,.F.);
#3567=ADVANCED_FACE('',(#3243),#3385,.T.);
#3568=ADVANCED_FACE('',(#3244,#3245),#158,.F.);
#3569=ADVANCED_FACE('',(#3246),#3386,.T.);
#3570=ADVANCED_FACE('',(#3247,#3248),#85,.F.);
#3571=ADVANCED_FACE('',(#3249,#3250),#86,.F.);
#3572=ADVANCED_FACE('',(#3251,#3252),#87,.F.);
#3573=ADVANCED_FACE('',(#3253,#3254),#88,.F.);
#3574=ADVANCED_FACE('',(#3255,#3256),#89,.F.);
#3575=ADVANCED_FACE('',(#3257,#3258),#90,.F.);
#3576=ADVANCED_FACE('',(#3259,#3260),#91,.F.);
#3577=ADVANCED_FACE('',(#3261,#3262),#92,.F.);
#3578=ADVANCED_FACE('',(#3263),#159,.T.);
#3579=ADVANCED_FACE('',(#3264),#160,.T.);
#3580=ADVANCED_FACE('',(#3265),#161,.F.);
#3581=ADVANCED_FACE('',(#3266),#162,.F.);
#3582=ADVANCED_FACE('',(#3267),#163,.T.);
#3583=ADVANCED_FACE('',(#3268),#30,.T.);
#3584=ADVANCED_FACE('',(#3269),#164,.T.);
#3585=ADVANCED_FACE('',(#3270),#165,.T.);
#3586=ADVANCED_FACE('',(#3271),#166,.T.);
#3587=ADVANCED_FACE('',(#3272),#31,.T.);
#3588=ADVANCED_FACE('',(#3273),#167,.T.);
#3589=ADVANCED_FACE('',(#3274),#168,.T.);
#3590=ADVANCED_FACE('',(#3275),#169,.T.);
#3591=ADVANCED_FACE('',(#3276),#32,.T.);
#3592=ADVANCED_FACE('',(#3277),#170,.T.);
#3593=ADVANCED_FACE('',(#3278),#10,.T.);
#3594=ADVANCED_FACE('',(#3279),#171,.T.);
#3595=ADVANCED_FACE('',(#3280),#172,.T.);
#3596=ADVANCED_FACE('',(#3281),#33,.T.);
#3597=ADVANCED_FACE('',(#3282),#173,.T.);
#3598=ADVANCED_FACE('',(#3283),#11,.T.);
#3599=ADVANCED_FACE('',(#3284),#174,.T.);
#3600=ADVANCED_FACE('',(#3285),#3387,.T.);
#3601=ADVANCED_FACE('',(#3286),#93,.F.);
#3602=ADVANCED_FACE('',(#3287),#94,.T.);
#3603=ADVANCED_FACE('',(#3288),#3388,.F.);
#3604=CLOSED_SHELL('',(#3389,#3390,#3391,#3392,#3393,#3394,#3395,#3396,
#3397,#3398,#3399,#3400,#3401,#3402,#3403,#3404,#3405,#3406,#3407,#3408,
#3409,#3410,#3411,#3412,#3413,#3414,#3415,#3416,#3417,#3418,#3419,#3420,
#3421,#3422,#3423,#3424,#3425,#3426,#3427,#3428));
#3605=CLOSED_SHELL('',(#3429,#3430,#3431,#3432,#3433,#3434,#3435,#3436,
#3437,#3438,#3439,#3440,#3441,#3442,#3443,#3444,#3445,#3446,#3447,#3448,
#3449,#3450,#3451,#3452,#3453,#3454,#3455,#3456,#3457,#3458,#3459,#3460,
#3461,#3462,#3463,#3464,#3465,#3466,#3467,#3468,#3469,#3470,#3471,#3472,
#3473,#3474,#3475,#3476,#3477,#3478,#3479,#3480,#3481,#3482,#3483,#3484,
#3485,#3486,#3487,#3488,#3489,#3490,#3491,#3492,#3493,#3494,#3495,#3496,
#3497,#3498,#3499,#3500,#3501,#3502,#3503,#3504,#3505,#3506,#3507,#3508,
#3509,#3510,#3511,#3512,#3513,#3514,#3515,#3516,#3517,#3518,#3519));
#3606=CLOSED_SHELL('',(#3520,#3521,#3522,#3523,#3524,#3525,#3526,#3527,
#3528,#3529,#3530,#3531,#3532,#3533,#3534,#3535,#3536,#3537,#3538,#3539,
#3540,#3541,#3542,#3543,#3544,#3545,#3546,#3547,#3548,#3549,#3550,#3551,
#3552,#3553,#3554,#3555,#3556,#3557,#3558,#3559,#3560,#3561,#3562,#3563,
#3564,#3565,#3566,#3567,#3568,#3569,#3570,#3571,#3572,#3573,#3574,#3575,
#3576,#3577,#3578,#3579,#3580,#3581,#3582,#3583,#3584,#3585,#3586,#3587,
#3588,#3589,#3590,#3591,#3592,#3593,#3594,#3595,#3596,#3597,#3598,#3599,
#3600,#3601,#3602,#3603));
#3607=STYLED_ITEM('',(#3610),#3631);
#3608=STYLED_ITEM('',(#3611),#3632);
#3609=STYLED_ITEM('',(#3612),#3633);
#3610=PRESENTATION_STYLE_ASSIGNMENT((#3613));
#3611=PRESENTATION_STYLE_ASSIGNMENT((#3614));
#3612=PRESENTATION_STYLE_ASSIGNMENT((#3615));
#3613=SURFACE_STYLE_USAGE(.BOTH.,#3616);
#3614=SURFACE_STYLE_USAGE(.BOTH.,#3617);
#3615=SURFACE_STYLE_USAGE(.BOTH.,#3618);
#3616=SURFACE_SIDE_STYLE('',(#3619));
#3617=SURFACE_SIDE_STYLE('',(#3620));
#3618=SURFACE_SIDE_STYLE('',(#3621));
#3619=SURFACE_STYLE_FILL_AREA(#3622);
#3620=SURFACE_STYLE_FILL_AREA(#3623);
#3621=SURFACE_STYLE_FILL_AREA(#3624);
#3622=FILL_AREA_STYLE('',(#3625));
#3623=FILL_AREA_STYLE('',(#3626));
#3624=FILL_AREA_STYLE('',(#3627));
#3625=FILL_AREA_STYLE_COLOUR('',#3628);
#3626=FILL_AREA_STYLE_COLOUR('',#3629);
#3627=FILL_AREA_STYLE_COLOUR('',#3630);
#3628=COLOUR_RGB('',0.768627450980392,0.886274509803922,0.952941176470588);
#3629=COLOUR_RGB('',0.980392156862745,0.713725490196078,0.00392156862745098);
#3630=COLOUR_RGB('',0.615686274509804,0.811764705882353,0.929411764705882);
#3631=MANIFOLD_SOLID_BREP('interface-v2',#3604);
#3632=MANIFOLD_SOLID_BREP('top-motor-holder',#3605);
#3633=MANIFOLD_SOLID_BREP('btm-motor-holder',#3606);
#3634=SHAPE_DEFINITION_REPRESENTATION(#6344,#3637);
#3635=SHAPE_DEFINITION_REPRESENTATION(#6345,#3638);
#3636=SHAPE_DEFINITION_REPRESENTATION(#6346,#3639);
#3637=SHAPE_REPRESENTATION('interface-v2',(#3640),#6329);
#3638=SHAPE_REPRESENTATION('top-motor-holder',(#3719),#6330);
#3639=SHAPE_REPRESENTATION('btm-motor-holder',(#3889),#6331);
#3640=AXIS2_PLACEMENT_3D('',#5150,#4054,#4055);
#3641=AXIS2_PLACEMENT_3D('',#5151,#4056,#4057);
#3642=AXIS2_PLACEMENT_3D('',#5162,#4063,#4064);
#3643=AXIS2_PLACEMENT_3D('',#5166,#4066,#4067);
#3644=AXIS2_PLACEMENT_3D('',#5171,#4070,#4071);
#3645=AXIS2_PLACEMENT_3D('',#5172,#4072,#4073);
#3646=AXIS2_PLACEMENT_3D('',#5178,#4076,#4077);
#3647=AXIS2_PLACEMENT_3D('',#5179,#4078,#4079);
#3648=AXIS2_PLACEMENT_3D('',#5183,#4081,#4082);
#3649=AXIS2_PLACEMENT_3D('',#5187,#4084,#4085);
#3650=AXIS2_PLACEMENT_3D('',#5193,#4089,#4090);
#3651=AXIS2_PLACEMENT_3D('',#5195,#4091,#4092);
#3652=AXIS2_PLACEMENT_3D('',#5197,#4093,#4094);
#3653=AXIS2_PLACEMENT_3D('',#5199,#4095,#4096);
#3654=AXIS2_PLACEMENT_3D('',#5201,#4097,#4098);
#3655=AXIS2_PLACEMENT_3D('',#5207,#4102,#4103);
#3656=AXIS2_PLACEMENT_3D('',#5208,#4104,#4105);
#3657=AXIS2_PLACEMENT_3D('',#5212,#4107,#4108);
#3658=AXIS2_PLACEMENT_3D('',#5214,#4110,#4111);
#3659=AXIS2_PLACEMENT_3D('',#5216,#4112,#4113);
#3660=AXIS2_PLACEMENT_3D('',#5218,#4114,#4115);
#3661=AXIS2_PLACEMENT_3D('',#5220,#4116,#4117);
#3662=AXIS2_PLACEMENT_3D('',#5222,#4118,#4119);
#3663=AXIS2_PLACEMENT_3D('',#5224,#4120,#4121);
#3664=AXIS2_PLACEMENT_3D('',#5226,#4122,#4123);
#3665=AXIS2_PLACEMENT_3D('',#5228,#4124,#4125);
#3666=AXIS2_PLACEMENT_3D('',#5230,#4126,#4127);
#3667=AXIS2_PLACEMENT_3D('',#5233,#4130,#4131);
#3668=AXIS2_PLACEMENT_3D('',#5234,#4132,#4133);
#3669=AXIS2_PLACEMENT_3D('',#5236,#4134,#4135);
#3670=AXIS2_PLACEMENT_3D('',#5238,#4136,#4137);
#3671=AXIS2_PLACEMENT_3D('',#5239,#4138,#4139);
#3672=AXIS2_PLACEMENT_3D('',#5241,#4140,#4141);
#3673=AXIS2_PLACEMENT_3D('',#5243,#4142,#4143);
#3674=AXIS2_PLACEMENT_3D('',#5245,#4145,#4146);
#3675=AXIS2_PLACEMENT_3D('',#5247,#4148,#4149);
#3676=AXIS2_PLACEMENT_3D('',#5248,#4150,#4151);
#3677=AXIS2_PLACEMENT_3D('',#5250,#4152,#4153);
#3678=AXIS2_PLACEMENT_3D('',#5251,#4154,#4155);
#3679=AXIS2_PLACEMENT_3D('',#5253,#4156,#4157);
#3680=AXIS2_PLACEMENT_3D('',#5254,#4158,#4159);
#3681=AXIS2_PLACEMENT_3D('',#5256,#4160,#4161);
#3682=AXIS2_PLACEMENT_3D('',#5257,#4162,#4163);
#3683=AXIS2_PLACEMENT_3D('',#5258,#4164,#4165);
#3684=AXIS2_PLACEMENT_3D('',#5260,#4166,#4167);
#3685=AXIS2_PLACEMENT_3D('',#5261,#4168,#4169);
#3686=AXIS2_PLACEMENT_3D('',#5262,#4170,#4171);
#3687=AXIS2_PLACEMENT_3D('',#5263,#4172,#4173);
#3688=AXIS2_PLACEMENT_3D('',#5265,#4174,#4175);
#3689=AXIS2_PLACEMENT_3D('',#5266,#4176,#4177);
#3690=AXIS2_PLACEMENT_3D('',#5268,#4178,#4179);
#3691=AXIS2_PLACEMENT_3D('',#5269,#4180,#4181);
#3692=AXIS2_PLACEMENT_3D('',#5271,#4182,#4183);
#3693=AXIS2_PLACEMENT_3D('',#5273,#4184,#4185);
#3694=AXIS2_PLACEMENT_3D('',#5274,#4186,#4187);
#3695=AXIS2_PLACEMENT_3D('',#5275,#4188,#4189);
#3696=AXIS2_PLACEMENT_3D('',#5277,#4190,#4191);
#3697=AXIS2_PLACEMENT_3D('',#5279,#4192,#4193);
#3698=AXIS2_PLACEMENT_3D('',#5280,#4194,#4195);
#3699=AXIS2_PLACEMENT_3D('',#5281,#4196,#4197);
#3700=AXIS2_PLACEMENT_3D('',#5283,#4198,#4199);
#3701=AXIS2_PLACEMENT_3D('',#5285,#4200,#4201);
#3702=AXIS2_PLACEMENT_3D('',#5286,#4202,#4203);
#3703=AXIS2_PLACEMENT_3D('',#5287,#4204,#4205);
#3704=AXIS2_PLACEMENT_3D('',#5289,#4206,#4207);
#3705=AXIS2_PLACEMENT_3D('',#5291,#4208,#4209);
#3706=AXIS2_PLACEMENT_3D('',#5292,#4210,#4211);
#3707=AXIS2_PLACEMENT_3D('',#5293,#4212,#4213);
#3708=AXIS2_PLACEMENT_3D('',#5294,#4214,#4215);
#3709=AXIS2_PLACEMENT_3D('',#5295,#4216,#4217);
#3710=AXIS2_PLACEMENT_3D('',#5296,#4218,#4219);
#3711=AXIS2_PLACEMENT_3D('',#5297,#4220,#4221);
#3712=AXIS2_PLACEMENT_3D('',#5298,#4222,#4223);
#3713=AXIS2_PLACEMENT_3D('',#5299,#4224,#4225);
#3714=AXIS2_PLACEMENT_3D('',#5300,#4226,#4227);
#3715=AXIS2_PLACEMENT_3D('',#5302,#4229,#4230);
#3716=AXIS2_PLACEMENT_3D('',#5304,#4232,#4233);
#3717=AXIS2_PLACEMENT_3D('',#5305,#4234,#4235);
#3718=AXIS2_PLACEMENT_3D('',#5306,#4236,#4237);
#3719=AXIS2_PLACEMENT_3D('',#5307,#4238,#4239);
#3720=AXIS2_PLACEMENT_3D('',#5308,#4240,#4241);
#3721=AXIS2_PLACEMENT_3D('',#5314,#4244,#4245);
#3722=AXIS2_PLACEMENT_3D('',#5315,#4246,#4247);
#3723=AXIS2_PLACEMENT_3D('',#5318,#4249,#4250);
#3724=AXIS2_PLACEMENT_3D('',#5322,#4252,#4253);
#3725=AXIS2_PLACEMENT_3D('',#5323,#4254,#4255);
#3726=AXIS2_PLACEMENT_3D('',#5326,#4257,#4258);
#3727=AXIS2_PLACEMENT_3D('',#5330,#4260,#4261);
#3728=AXIS2_PLACEMENT_3D('',#5331,#4262,#4263);
#3729=AXIS2_PLACEMENT_3D('',#5332,#4264,#4265);
#3730=AXIS2_PLACEMENT_3D('',#5338,#4268,#4269);
#3731=AXIS2_PLACEMENT_3D('',#5342,#4271,#4272);
#3732=AXIS2_PLACEMENT_3D('',#5345,#4274,#4275);
#3733=AXIS2_PLACEMENT_3D('',#5346,#4276,#4277);
#3734=AXIS2_PLACEMENT_3D('',#5350,#4279,#4280);
#3735=AXIS2_PLACEMENT_3D('',#5353,#4282,#4283);
#3736=AXIS2_PLACEMENT_3D('',#5354,#4284,#4285);
#3737=AXIS2_PLACEMENT_3D('',#5360,#4288,#4289);
#3738=AXIS2_PLACEMENT_3D('',#5364,#4291,#4292);
#3739=AXIS2_PLACEMENT_3D('',#5367,#4294,#4295);
#3740=AXIS2_PLACEMENT_3D('',#5377,#4300,#4301);
#3741=AXIS2_PLACEMENT_3D('',#5378,#4302,#4303);
#3742=AXIS2_PLACEMENT_3D('',#5386,#4307,#4308);
#3743=AXIS2_PLACEMENT_3D('',#5389,#4310,#4311);
#3744=AXIS2_PLACEMENT_3D('',#5390,#4312,#4313);
#3745=AXIS2_PLACEMENT_3D('',#5395,#4315,#4316);
#3746=AXIS2_PLACEMENT_3D('',#5398,#4318,#4319);
#3747=AXIS2_PLACEMENT_3D('',#5402,#4321,#4322);
#3748=AXIS2_PLACEMENT_3D('',#5404,#4324,#4325);
#3749=AXIS2_PLACEMENT_3D('',#5409,#4328,#4329);
#3750=AXIS2_PLACEMENT_3D('',#5413,#4331,#4332);
#3751=AXIS2_PLACEMENT_3D('',#5417,#4334,#4335);
#3752=AXIS2_PLACEMENT_3D('',#5418,#4336,#4337);
#3753=AXIS2_PLACEMENT_3D('',#5423,#4339,#4340);
#3754=AXIS2_PLACEMENT_3D('',#5426,#4342,#4343);
#3755=AXIS2_PLACEMENT_3D('',#5430,#4345,#4346);
#3756=AXIS2_PLACEMENT_3D('',#5434,#4348,#4349);
#3757=AXIS2_PLACEMENT_3D('',#5438,#4351,#4352);
#3758=AXIS2_PLACEMENT_3D('',#5448,#4357,#4358);
#3759=AXIS2_PLACEMENT_3D('',#5452,#4360,#4361);
#3760=AXIS2_PLACEMENT_3D('',#5456,#4363,#4364);
#3761=AXIS2_PLACEMENT_3D('',#5466,#4369,#4370);
#3762=AXIS2_PLACEMENT_3D('',#5470,#4372,#4373);
#3763=AXIS2_PLACEMENT_3D('',#5471,#4374,#4375);
#3764=AXIS2_PLACEMENT_3D('',#5472,#4376,#4377);
#3765=AXIS2_PLACEMENT_3D('',#5476,#4379,#4380);
#3766=AXIS2_PLACEMENT_3D('',#5482,#4383,#4384);
#3767=AXIS2_PLACEMENT_3D('',#5488,#4387,#4388);
#3768=AXIS2_PLACEMENT_3D('',#5494,#4391,#4392);
#3769=AXIS2_PLACEMENT_3D('',#5497,#4394,#4395);
#3770=AXIS2_PLACEMENT_3D('',#5507,#4400,#4401);
#3771=AXIS2_PLACEMENT_3D('',#5511,#4403,#4404);
#3772=AXIS2_PLACEMENT_3D('',#5517,#4407,#4408);
#3773=AXIS2_PLACEMENT_3D('',#5523,#4411,#4412);
#3774=AXIS2_PLACEMENT_3D('',#5529,#4415,#4416);
#3775=AXIS2_PLACEMENT_3D('',#5532,#4418,#4419);
#3776=AXIS2_PLACEMENT_3D('',#5542,#4424,#4425);
#3777=AXIS2_PLACEMENT_3D('',#5546,#4427,#4428);
#3778=AXIS2_PLACEMENT_3D('',#5552,#4431,#4432);
#3779=AXIS2_PLACEMENT_3D('',#5557,#4435,#4436);
#3780=AXIS2_PLACEMENT_3D('',#5566,#4441,#4442);
#3781=AXIS2_PLACEMENT_3D('',#5572,#4445,#4446);
#3782=AXIS2_PLACEMENT_3D('',#5575,#4448,#4449);
#3783=AXIS2_PLACEMENT_3D('',#5578,#4452,#4453);
#3784=AXIS2_PLACEMENT_3D('',#5581,#4456,#4457);
#3785=AXIS2_PLACEMENT_3D('',#5584,#4460,#4461);
#3786=AXIS2_PLACEMENT_3D('',#5587,#4464,#4465);
#3787=AXIS2_PLACEMENT_3D('',#5590,#4467,#4468);
#3788=AXIS2_PLACEMENT_3D('',#5593,#4470,#4471);
#3789=AXIS2_PLACEMENT_3D('',#5596,#4473,#4474);
#3790=AXIS2_PLACEMENT_3D('',#5599,#4476,#4477);
#3791=AXIS2_PLACEMENT_3D('',#5602,#4479,#4480);
#3792=AXIS2_PLACEMENT_3D('',#5605,#4482,#4483);
#3793=AXIS2_PLACEMENT_3D('',#5608,#4485,#4486);
#3794=AXIS2_PLACEMENT_3D('',#5611,#4488,#4489);
#3795=AXIS2_PLACEMENT_3D('',#5614,#4491,#4492);
#3796=AXIS2_PLACEMENT_3D('',#5615,#4493,#4494);
#3797=AXIS2_PLACEMENT_3D('',#5618,#4497,#4498);
#3798=AXIS2_PLACEMENT_3D('',#5620,#4500,#4501);
#3799=AXIS2_PLACEMENT_3D('',#5624,#4504,#4505);
#3800=AXIS2_PLACEMENT_3D('',#5627,#4507,#4508);
#3801=AXIS2_PLACEMENT_3D('',#5628,#4509,#4510);
#3802=AXIS2_PLACEMENT_3D('',#5643,#4520,#4521);
#3803=AXIS2_PLACEMENT_3D('',#5647,#4524,#4525);
#3804=AXIS2_PLACEMENT_3D('',#5660,#4532,#4533);
#3805=AXIS2_PLACEMENT_3D('',#5661,#4534,#4535);
#3806=AXIS2_PLACEMENT_3D('',#5662,#4536,#4537);
#3807=AXIS2_PLACEMENT_3D('',#5667,#4540,#4541);
#3808=AXIS2_PLACEMENT_3D('',#5670,#4543,#4544);
#3809=AXIS2_PLACEMENT_3D('',#5671,#4545,#4546);
#3810=AXIS2_PLACEMENT_3D('',#5680,#4550,#4551);
#3811=AXIS2_PLACEMENT_3D('',#5683,#4553,#4554);
#3812=AXIS2_PLACEMENT_3D('',#5690,#4558,#4559);
#3813=AXIS2_PLACEMENT_3D('',#5691,#4560,#4561);
#3814=AXIS2_PLACEMENT_3D('',#5699,#4565,#4566);
#3815=AXIS2_PLACEMENT_3D('',#5700,#4567,#4568);
#3816=AXIS2_PLACEMENT_3D('',#5706,#4572,#4573);
#3817=AXIS2_PLACEMENT_3D('',#5707,#4574,#4575);
#3818=AXIS2_PLACEMENT_3D('',#5708,#4576,#4577);
#3819=AXIS2_PLACEMENT_3D('',#5709,#4578,#4579);
#3820=AXIS2_PLACEMENT_3D('',#5710,#4580,#4581);
#3821=AXIS2_PLACEMENT_3D('',#5717,#4586,#4587);
#3822=AXIS2_PLACEMENT_3D('',#5718,#4588,#4589);
#3823=AXIS2_PLACEMENT_3D('',#5719,#4590,#4591);
#3824=AXIS2_PLACEMENT_3D('',#5723,#4594,#4595);
#3825=AXIS2_PLACEMENT_3D('',#5727,#4598,#4599);
#3826=AXIS2_PLACEMENT_3D('',#5729,#4601,#4602);
#3827=AXIS2_PLACEMENT_3D('',#5730,#4603,#4604);
#3828=AXIS2_PLACEMENT_3D('',#5732,#4606,#4607);
#3829=AXIS2_PLACEMENT_3D('',#5733,#4608,#4609);
#3830=AXIS2_PLACEMENT_3D('',#5735,#4611,#4612);
#3831=AXIS2_PLACEMENT_3D('',#5736,#4613,#4614);
#3832=AXIS2_PLACEMENT_3D('',#5738,#4616,#4617);
#3833=AXIS2_PLACEMENT_3D('',#5739,#4618,#4619);
#3834=AXIS2_PLACEMENT_3D('',#5741,#4621,#4622);
#3835=AXIS2_PLACEMENT_3D('',#5742,#4623,#4624);
#3836=AXIS2_PLACEMENT_3D('',#5744,#4626,#4627);
#3837=AXIS2_PLACEMENT_3D('',#5745,#4628,#4629);
#3838=AXIS2_PLACEMENT_3D('',#5747,#4631,#4632);
#3839=AXIS2_PLACEMENT_3D('',#5748,#4633,#4634);
#3840=AXIS2_PLACEMENT_3D('',#5750,#4636,#4637);
#3841=AXIS2_PLACEMENT_3D('',#5751,#4638,#4639);
#3842=AXIS2_PLACEMENT_3D('',#5752,#4640,#4641);
#3843=AXIS2_PLACEMENT_3D('',#5753,#4642,#4643);
#3844=AXIS2_PLACEMENT_3D('',#5754,#4644,#4645);
#3845=AXIS2_PLACEMENT_3D('',#5755,#4646,#4647);
#3846=AXIS2_PLACEMENT_3D('',#5756,#4648,#4649);
#3847=AXIS2_PLACEMENT_3D('',#5757,#4650,#4651);
#3848=AXIS2_PLACEMENT_3D('',#5758,#4652,#4653);
#3849=AXIS2_PLACEMENT_3D('',#5759,#4654,#4655);
#3850=AXIS2_PLACEMENT_3D('',#5760,#4656,#4657);
#3851=AXIS2_PLACEMENT_3D('',#5761,#4658,#4659);
#3852=AXIS2_PLACEMENT_3D('',#5762,#4660,#4661);
#3853=AXIS2_PLACEMENT_3D('',#5763,#4662,#4663);
#3854=AXIS2_PLACEMENT_3D('',#5764,#4664,#4665);
#3855=AXIS2_PLACEMENT_3D('',#5765,#4666,#4667);
#3856=AXIS2_PLACEMENT_3D('',#5766,#4668,#4669);
#3857=AXIS2_PLACEMENT_3D('',#5767,#4670,#4671);
#3858=AXIS2_PLACEMENT_3D('',#5768,#4672,#4673);
#3859=AXIS2_PLACEMENT_3D('',#5769,#4674,#4675);
#3860=AXIS2_PLACEMENT_3D('',#5773,#4678,#4679);
#3861=AXIS2_PLACEMENT_3D('',#5777,#4682,#4683);
#3862=AXIS2_PLACEMENT_3D('',#5780,#4686,#4687);
#3863=AXIS2_PLACEMENT_3D('',#5783,#4690,#4691);
#3864=AXIS2_PLACEMENT_3D('',#5784,#4692,#4693);
#3865=AXIS2_PLACEMENT_3D('',#5786,#4695,#4696);
#3866=AXIS2_PLACEMENT_3D('',#5789,#4699,#4700);
#3867=AXIS2_PLACEMENT_3D('',#5790,#4701,#4702);
#3868=AXIS2_PLACEMENT_3D('',#5792,#4704,#4705);
#3869=AXIS2_PLACEMENT_3D('',#5793,#4706,#4707);
#3870=AXIS2_PLACEMENT_3D('',#5795,#4709,#4710);
#3871=AXIS2_PLACEMENT_3D('',#5798,#4713,#4714);
#3872=AXIS2_PLACEMENT_3D('',#5799,#4715,#4716);
#3873=AXIS2_PLACEMENT_3D('',#5801,#4718,#4719);
#3874=AXIS2_PLACEMENT_3D('',#5806,#4720,#4721);
#3875=AXIS2_PLACEMENT_3D('',#5811,#4722,#4723);
#3876=AXIS2_PLACEMENT_3D('',#5816,#4724,#4725);
#3877=AXIS2_PLACEMENT_3D('',#5821,#4726,#4727);
#3878=AXIS2_PLACEMENT_3D('',#5830,#4728,#4729);
#3879=AXIS2_PLACEMENT_3D('',#5835,#4730,#4731);
#3880=AXIS2_PLACEMENT_3D('',#5840,#4732,#4733);
#3881=AXIS2_PLACEMENT_3D('',#5841,#4734,#4735);
#3882=AXIS2_PLACEMENT_3D('',#5842,#4736,#4737);
#3883=AXIS2_PLACEMENT_3D('',#5843,#4738,#4739);
#3884=AXIS2_PLACEMENT_3D('',#5844,#4740,#4741);
#3885=AXIS2_PLACEMENT_3D('',#5845,#4742,#4743);
#3886=AXIS2_PLACEMENT_3D('',#5846,#4744,#4745);
#3887=AXIS2_PLACEMENT_3D('',#5847,#4746,#4747);
#3888=AXIS2_PLACEMENT_3D('',#5848,#4748,#4749);
#3889=AXIS2_PLACEMENT_3D('',#5849,#4750,#4751);
#3890=AXIS2_PLACEMENT_3D('',#5850,#4752,#4753);
#3891=AXIS2_PLACEMENT_3D('',#5851,#4754,#4755);
#3892=AXIS2_PLACEMENT_3D('',#5856,#4757,#4758);
#3893=AXIS2_PLACEMENT_3D('',#5864,#4762,#4763);
#3894=AXIS2_PLACEMENT_3D('',#5872,#4767,#4768);
#3895=AXIS2_PLACEMENT_3D('',#5876,#4770,#4771);
#3896=AXIS2_PLACEMENT_3D('',#5880,#4773,#4774);
#3897=AXIS2_PLACEMENT_3D('',#5888,#4778,#4779);
#3898=AXIS2_PLACEMENT_3D('',#5895,#4783,#4784);
#3899=AXIS2_PLACEMENT_3D('',#5896,#4785,#4786);
#3900=AXIS2_PLACEMENT_3D('',#5901,#4788,#4789);
#3901=AXIS2_PLACEMENT_3D('',#5905,#4791,#4792);
#3902=AXIS2_PLACEMENT_3D('',#5909,#4794,#4795);
#3903=AXIS2_PLACEMENT_3D('',#5912,#4797,#4798);
#3904=AXIS2_PLACEMENT_3D('',#5917,#4800,#4801);
#3905=AXIS2_PLACEMENT_3D('',#5920,#4803,#4804);
#3906=AXIS2_PLACEMENT_3D('',#5921,#4805,#4806);
#3907=AXIS2_PLACEMENT_3D('',#5923,#4807,#4808);
#3908=AXIS2_PLACEMENT_3D('',#5925,#4809,#4810);
#3909=AXIS2_PLACEMENT_3D('',#5927,#4811,#4812);
#3910=AXIS2_PLACEMENT_3D('',#5931,#4814,#4815);
#3911=AXIS2_PLACEMENT_3D('',#5939,#4820,#4821);
#3912=AXIS2_PLACEMENT_3D('',#5943,#4824,#4825);
#3913=AXIS2_PLACEMENT_3D('',#5951,#4829,#4830);
#3914=AXIS2_PLACEMENT_3D('',#5956,#4833,#4834);
#3915=AXIS2_PLACEMENT_3D('',#5968,#4840,#4841);
#3916=AXIS2_PLACEMENT_3D('',#5969,#4842,#4843);
#3917=AXIS2_PLACEMENT_3D('',#5970,#4844,#4845);
#3918=AXIS2_PLACEMENT_3D('',#5972,#4846,#4847);
#3919=AXIS2_PLACEMENT_3D('',#5974,#4848,#4849);
#3920=AXIS2_PLACEMENT_3D('',#5976,#4850,#4851);
#3921=AXIS2_PLACEMENT_3D('',#5978,#4852,#4853);
#3922=AXIS2_PLACEMENT_3D('',#5985,#4858,#4859);
#3923=AXIS2_PLACEMENT_3D('',#5989,#4862,#4863);
#3924=AXIS2_PLACEMENT_3D('',#5993,#4865,#4866);
#3925=AXIS2_PLACEMENT_3D('',#5997,#4869,#4870);
#3926=AXIS2_PLACEMENT_3D('',#6003,#4874,#4875);
#3927=AXIS2_PLACEMENT_3D('',#6012,#4880,#4881);
#3928=AXIS2_PLACEMENT_3D('',#6013,#4882,#4883);
#3929=AXIS2_PLACEMENT_3D('',#6017,#4886,#4887);
#3930=AXIS2_PLACEMENT_3D('',#6018,#4888,#4889);
#3931=AXIS2_PLACEMENT_3D('',#6019,#4890,#4891);
#3932=AXIS2_PLACEMENT_3D('',#6020,#4892,#4893);
#3933=AXIS2_PLACEMENT_3D('',#6022,#4894,#4895);
#3934=AXIS2_PLACEMENT_3D('',#6024,#4896,#4897);
#3935=AXIS2_PLACEMENT_3D('',#6026,#4898,#4899);
#3936=AXIS2_PLACEMENT_3D('',#6028,#4900,#4901);
#3937=AXIS2_PLACEMENT_3D('',#6031,#4903,#4904);
#3938=AXIS2_PLACEMENT_3D('',#6032,#4905,#4906);
#3939=AXIS2_PLACEMENT_3D('',#6035,#4909,#4910);
#3940=AXIS2_PLACEMENT_3D('',#6037,#4912,#4913);
#3941=AXIS2_PLACEMENT_3D('',#6041,#4916,#4917);
#3942=AXIS2_PLACEMENT_3D('',#6042,#4918,#4919);
#3943=AXIS2_PLACEMENT_3D('',#6043,#4920,#4921);
#3944=AXIS2_PLACEMENT_3D('',#6118,#4922,#4923);
#3945=AXIS2_PLACEMENT_3D('',#6119,#4924,#4925);
#3946=AXIS2_PLACEMENT_3D('',#6121,#4926,#4927);
#3947=AXIS2_PLACEMENT_3D('',#6122,#4928,#4929);
#3948=AXIS2_PLACEMENT_3D('',#6124,#4930,#4931);
#3949=AXIS2_PLACEMENT_3D('',#6125,#4932,#4933);
#3950=AXIS2_PLACEMENT_3D('',#6127,#4934,#4935);
#3951=AXIS2_PLACEMENT_3D('',#6128,#4936,#4937);
#3952=AXIS2_PLACEMENT_3D('',#6130,#4938,#4939);
#3953=AXIS2_PLACEMENT_3D('',#6131,#4940,#4941);
#3954=AXIS2_PLACEMENT_3D('',#6133,#4942,#4943);
#3955=AXIS2_PLACEMENT_3D('',#6134,#4944,#4945);
#3956=AXIS2_PLACEMENT_3D('',#6136,#4946,#4947);
#3957=AXIS2_PLACEMENT_3D('',#6137,#4948,#4949);
#3958=AXIS2_PLACEMENT_3D('',#6139,#4950,#4951);
#3959=AXIS2_PLACEMENT_3D('',#6140,#4952,#4953);
#3960=AXIS2_PLACEMENT_3D('',#6142,#4954,#4955);
#3961=AXIS2_PLACEMENT_3D('',#6143,#4956,#4957);
#3962=AXIS2_PLACEMENT_3D('',#6144,#4958,#4959);
#3963=AXIS2_PLACEMENT_3D('',#6145,#4960,#4961);
#3964=AXIS2_PLACEMENT_3D('',#6146,#4962,#4963);
#3965=AXIS2_PLACEMENT_3D('',#6147,#4964,#4965);
#3966=AXIS2_PLACEMENT_3D('',#6148,#4966,#4967);
#3967=AXIS2_PLACEMENT_3D('',#6157,#4972,#4973);
#3968=AXIS2_PLACEMENT_3D('',#6166,#4978,#4979);
#3969=AXIS2_PLACEMENT_3D('',#6167,#4980,#4981);
#3970=AXIS2_PLACEMENT_3D('',#6169,#4982,#4983);
#3971=AXIS2_PLACEMENT_3D('',#6171,#4984,#4985);
#3972=AXIS2_PLACEMENT_3D('',#6172,#4986,#4987);
#3973=AXIS2_PLACEMENT_3D('',#6173,#4988,#4989);
#3974=AXIS2_PLACEMENT_3D('',#6175,#4990,#4991);
#3975=AXIS2_PLACEMENT_3D('',#6177,#4992,#4993);
#3976=AXIS2_PLACEMENT_3D('',#6178,#4994,#4995);
#3977=AXIS2_PLACEMENT_3D('',#6179,#4996,#4997);
#3978=AXIS2_PLACEMENT_3D('',#6181,#4998,#4999);
#3979=AXIS2_PLACEMENT_3D('',#6183,#5000,#5001);
#3980=AXIS2_PLACEMENT_3D('',#6184,#5002,#5003);
#3981=AXIS2_PLACEMENT_3D('',#6185,#5004,#5005);
#3982=AXIS2_PLACEMENT_3D('',#6187,#5006,#5007);
#3983=AXIS2_PLACEMENT_3D('',#6189,#5008,#5009);
#3984=AXIS2_PLACEMENT_3D('',#6190,#5010,#5011);
#3985=AXIS2_PLACEMENT_3D('',#6191,#5012,#5013);
#3986=AXIS2_PLACEMENT_3D('',#6193,#5014,#5015);
#3987=AXIS2_PLACEMENT_3D('',#6195,#5016,#5017);
#3988=AXIS2_PLACEMENT_3D('',#6196,#5018,#5019);
#3989=AXIS2_PLACEMENT_3D('',#6197,#5020,#5021);
#3990=AXIS2_PLACEMENT_3D('',#6199,#5022,#5023);
#3991=AXIS2_PLACEMENT_3D('',#6201,#5024,#5025);
#3992=AXIS2_PLACEMENT_3D('',#6202,#5026,#5027);
#3993=AXIS2_PLACEMENT_3D('',#6203,#5028,#5029);
#3994=AXIS2_PLACEMENT_3D('',#6205,#5030,#5031);
#3995=AXIS2_PLACEMENT_3D('',#6207,#5032,#5033);
#3996=AXIS2_PLACEMENT_3D('',#6208,#5034,#5035);
#3997=AXIS2_PLACEMENT_3D('',#6209,#5036,#5037);
#3998=AXIS2_PLACEMENT_3D('',#6211,#5038,#5039);
#3999=AXIS2_PLACEMENT_3D('',#6213,#5040,#5041);
#4000=AXIS2_PLACEMENT_3D('',#6214,#5042,#5043);
#4001=AXIS2_PLACEMENT_3D('',#6215,#5044,#5045);
#4002=AXIS2_PLACEMENT_3D('',#6216,#5046,#5047);
#4003=AXIS2_PLACEMENT_3D('',#6217,#5048,#5049);
#4004=AXIS2_PLACEMENT_3D('',#6218,#5050,#5051);
#4005=AXIS2_PLACEMENT_3D('',#6219,#5052,#5053);
#4006=AXIS2_PLACEMENT_3D('',#6220,#5054,#5055);
#4007=AXIS2_PLACEMENT_3D('',#6221,#5056,#5057);
#4008=AXIS2_PLACEMENT_3D('',#6222,#5058,#5059);
#4009=AXIS2_PLACEMENT_3D('',#6223,#5060,#5061);
#4010=AXIS2_PLACEMENT_3D('',#6224,#5062,#5063);
#4011=AXIS2_PLACEMENT_3D('',#6225,#5064,#5065);
#4012=AXIS2_PLACEMENT_3D('',#6226,#5066,#5067);
#4013=AXIS2_PLACEMENT_3D('',#6227,#5068,#5069);
#4014=AXIS2_PLACEMENT_3D('',#6228,#5070,#5071);
#4015=AXIS2_PLACEMENT_3D('',#6229,#5072,#5073);
#4016=AXIS2_PLACEMENT_3D('',#6230,#5074,#5075);
#4017=AXIS2_PLACEMENT_3D('',#6231,#5076,#5077);
#4018=AXIS2_PLACEMENT_3D('',#6232,#5078,#5079);
#4019=AXIS2_PLACEMENT_3D('',#6233,#5080,#5081);
#4020=AXIS2_PLACEMENT_3D('',#6234,#5082,#5083);
#4021=AXIS2_PLACEMENT_3D('',#6235,#5084,#5085);
#4022=AXIS2_PLACEMENT_3D('',#6236,#5086,#5087);
#4023=AXIS2_PLACEMENT_3D('',#6237,#5088,#5089);
#4024=AXIS2_PLACEMENT_3D('',#6238,#5090,#5091);
#4025=AXIS2_PLACEMENT_3D('',#6239,#5092,#5093);
#4026=AXIS2_PLACEMENT_3D('',#6240,#5094,#5095);
#4027=AXIS2_PLACEMENT_3D('',#6241,#5096,#5097);
#4028=AXIS2_PLACEMENT_3D('',#6242,#5098,#5099);
#4029=AXIS2_PLACEMENT_3D('',#6243,#5100,#5101);
#4030=AXIS2_PLACEMENT_3D('',#6244,#5102,#5103);
#4031=AXIS2_PLACEMENT_3D('',#6245,#5104,#5105);
#4032=AXIS2_PLACEMENT_3D('',#6246,#5106,#5107);
#4033=AXIS2_PLACEMENT_3D('',#6247,#5108,#5109);
#4034=AXIS2_PLACEMENT_3D('',#6248,#5110,#5111);
#4035=AXIS2_PLACEMENT_3D('',#6249,#5112,#5113);
#4036=AXIS2_PLACEMENT_3D('',#6250,#5114,#5115);
#4037=AXIS2_PLACEMENT_3D('',#6251,#5116,#5117);
#4038=AXIS2_PLACEMENT_3D('',#6252,#5118,#5119);
#4039=AXIS2_PLACEMENT_3D('',#6253,#5120,#5121);
#4040=AXIS2_PLACEMENT_3D('',#6275,#5122,#5123);
#4041=AXIS2_PLACEMENT_3D('',#6276,#5124,#5125);
#4042=AXIS2_PLACEMENT_3D('',#6277,#5126,#5127);
#4043=AXIS2_PLACEMENT_3D('',#6278,#5128,#5129);
#4044=AXIS2_PLACEMENT_3D('',#6279,#5130,#5131);
#4045=AXIS2_PLACEMENT_3D('',#6280,#5132,#5133);
#4046=AXIS2_PLACEMENT_3D('',#6281,#5134,#5135);
#4047=AXIS2_PLACEMENT_3D('',#6282,#5136,#5137);
#4048=AXIS2_PLACEMENT_3D('',#6304,#5138,#5139);
#4049=AXIS2_PLACEMENT_3D('',#6305,#5140,#5141);
#4050=AXIS2_PLACEMENT_3D('',#6306,#5142,#5143);
#4051=AXIS2_PLACEMENT_3D('',#6315,#5144,#5145);
#4052=AXIS2_PLACEMENT_3D('',#6320,#5146,#5147);
#4053=AXIS2_PLACEMENT_3D('',#6325,#5148,#5149);
#4054=DIRECTION('',(0.,0.,1.));
#4055=DIRECTION('',(1.,0.,0.));
#4056=DIRECTION('',(1.,0.,0.));
#4057=DIRECTION('',(0.,0.,-1.));
#4058=DIRECTION('',(0.,1.,0.));
#4059=DIRECTION('',(0.,0.,-1.));
#4060=DIRECTION('',(0.,1.,0.));
#4061=DIRECTION('',(0.,1.,0.));
#4062=DIRECTION('',(0.,0.,-1.));
#4063=DIRECTION('',(0.,0.,1.));
#4064=DIRECTION('',(1.,0.,0.));
#4065=DIRECTION('',(0.,1.,0.));
#4066=DIRECTION('',(0.,0.,1.));
#4067=DIRECTION('',(1.,0.,0.));
#4068=DIRECTION('',(0.,1.,0.));
#4069=DIRECTION('',(1.,0.,0.));
#4070=DIRECTION('',(0.,0.,1.));
#4071=DIRECTION('',(1.,0.,0.));
#4072=DIRECTION('',(0.,0.,1.));
#4073=DIRECTION('',(1.,0.,0.));
#4074=DIRECTION('',(0.,-1.,0.));
#4075=DIRECTION('',(1.,0.,0.));
#4076=DIRECTION('',(0.,0.,1.));
#4077=DIRECTION('',(1.,0.,0.));
#4078=DIRECTION('',(0.,0.,1.));
#4079=DIRECTION('',(1.,0.,0.));
#4080=DIRECTION('',(1.,0.,0.));
#4081=DIRECTION('',(0.,0.,1.));
#4082=DIRECTION('',(1.,0.,0.));
#4083=DIRECTION('',(0.,1.,0.));
#4084=DIRECTION('',(0.,0.,1.));
#4085=DIRECTION('',(1.,0.,0.));
#4086=DIRECTION('',(0.,1.,0.));
#4087=DIRECTION('',(1.,0.,0.));
#4088=DIRECTION('',(0.,1.,0.));
#4089=DIRECTION('',(0.,0.,1.));
#4090=DIRECTION('',(1.,0.,0.));
#4091=DIRECTION('',(0.,0.,1.));
#4092=DIRECTION('',(1.,0.,0.));
#4093=DIRECTION('',(0.,0.,1.));
#4094=DIRECTION('',(1.,0.,0.));
#4095=DIRECTION('',(0.,0.,1.));
#4096=DIRECTION('',(1.,0.,0.));
#4097=DIRECTION('',(1.,0.,0.));
#4098=DIRECTION('',(0.,0.,-1.));
#4099=DIRECTION('',(0.,0.,-1.));
#4100=DIRECTION('',(0.,1.,0.));
#4101=DIRECTION('',(0.,0.,-1.));
#4102=DIRECTION('',(0.,0.,1.));
#4103=DIRECTION('',(1.,0.,0.));
#4104=DIRECTION('',(0.,0.,1.));
#4105=DIRECTION('',(1.,0.,0.));
#4106=DIRECTION('',(1.,0.,0.));
#4107=DIRECTION('',(0.,0.,1.));
#4108=DIRECTION('',(1.,0.,0.));
#4109=DIRECTION('',(1.,0.,0.));
#4110=DIRECTION('',(0.,0.,1.));
#4111=DIRECTION('',(1.,0.,0.));
#4112=DIRECTION('',(0.,0.,1.));
#4113=DIRECTION('',(1.,0.,0.));
#4114=DIRECTION('',(0.,0.,1.));
#4115=DIRECTION('',(1.,0.,0.));
#4116=DIRECTION('',(0.,0.,1.));
#4117=DIRECTION('',(1.,0.,0.));
#4118=DIRECTION('',(0.,0.,1.));
#4119=DIRECTION('',(1.,0.,0.));
#4120=DIRECTION('',(0.,0.,1.));
#4121=DIRECTION('',(1.,0.,0.));
#4122=DIRECTION('',(0.,0.,1.));
#4123=DIRECTION('',(1.,0.,0.));
#4124=DIRECTION('',(0.,0.,1.));
#4125=DIRECTION('',(1.,0.,0.));
#4126=DIRECTION('',(0.,1.,0.));
#4127=DIRECTION('',(0.,0.,1.));
#4128=DIRECTION('',(0.212429644331043,0.,0.977176363922801));
#4129=DIRECTION('',(-0.212429644331043,0.,0.977176363922801));
#4130=DIRECTION('',(0.,0.,1.));
#4131=DIRECTION('',(1.,0.,0.));
#4132=DIRECTION('',(0.,0.,1.));
#4133=DIRECTION('',(1.,0.,0.));
#4134=DIRECTION('',(0.,0.,1.));
#4135=DIRECTION('',(1.,0.,0.));
#4136=DIRECTION('',(0.,0.,1.));
#4137=DIRECTION('',(1.,0.,0.));
#4138=DIRECTION('',(0.,0.,1.));
#4139=DIRECTION('',(1.,0.,0.));
#4140=DIRECTION('',(0.,0.,1.));
#4141=DIRECTION('',(1.,0.,0.));
#4142=DIRECTION('',(0.,0.,-1.));
#4143=DIRECTION('',(-1.,0.,0.));
#4144=DIRECTION('',(0.,0.,-1.));
#4145=DIRECTION('',(0.,1.,0.));
#4146=DIRECTION('',(0.,0.,1.));
#4147=DIRECTION('',(0.,0.,-1.));
#4148=DIRECTION('',(0.,0.,-1.));
#4149=DIRECTION('',(-1.,0.,0.));
#4150=DIRECTION('',(0.,0.,1.));
#4151=DIRECTION('',(1.,0.,0.));
#4152=DIRECTION('',(0.,0.,-1.));
#4153=DIRECTION('',(-1.,0.,0.));
#4154=DIRECTION('',(0.,0.,1.));
#4155=DIRECTION('',(1.,0.,0.));
#4156=DIRECTION('',(0.,0.,-1.));
#4157=DIRECTION('',(-1.,0.,0.));
#4158=DIRECTION('',(0.,0.,1.));
#4159=DIRECTION('',(1.,0.,0.));
#4160=DIRECTION('',(0.,0.,-1.));
#4161=DIRECTION('',(-1.,0.,0.));
#4162=DIRECTION('',(0.,0.,-1.));
#4163=DIRECTION('',(-1.,0.,0.));
#4164=DIRECTION('',(0.,0.,1.));
#4165=DIRECTION('',(1.,0.,0.));
#4166=DIRECTION('',(0.,0.,-1.));
#4167=DIRECTION('',(-1.,0.,0.));
#4168=DIRECTION('',(0.,0.,-1.));
#4169=DIRECTION('',(-1.,0.,0.));
#4170=DIRECTION('',(0.,0.,1.));
#4171=DIRECTION('',(1.,0.,0.));
#4172=DIRECTION('',(0.,0.,1.));
#4173=DIRECTION('',(1.,0.,0.));
#4174=DIRECTION('',(0.,0.,1.));
#4175=DIRECTION('',(1.,0.,0.));
#4176=DIRECTION('',(0.,0.,1.));
#4177=DIRECTION('',(1.,0.,0.));
#4178=DIRECTION('',(0.,0.,1.));
#4179=DIRECTION('',(1.,0.,0.));
#4180=DIRECTION('',(0.,0.,1.));
#4181=DIRECTION('',(1.,0.,0.));
#4182=DIRECTION('',(0.,0.,1.));
#4183=DIRECTION('',(1.,0.,0.));
#4184=DIRECTION('',(0.,0.,1.));
#4185=DIRECTION('',(1.,0.,0.));
#4186=DIRECTION('',(0.,0.,1.));
#4187=DIRECTION('',(1.,0.,0.));
#4188=DIRECTION('',(0.,0.,1.));
#4189=DIRECTION('',(1.,0.,0.));
#4190=DIRECTION('',(0.,0.,1.));
#4191=DIRECTION('',(1.,0.,0.));
#4192=DIRECTION('',(0.,0.,1.));
#4193=DIRECTION('',(1.,0.,0.));
#4194=DIRECTION('',(0.,0.,1.));
#4195=DIRECTION('',(1.,0.,0.));
#4196=DIRECTION('',(0.,0.,1.));
#4197=DIRECTION('',(1.,0.,0.));
#4198=DIRECTION('',(0.,0.,-1.));
#4199=DIRECTION('',(1.,0.,0.));
#4200=DIRECTION('',(0.,0.,1.));
#4201=DIRECTION('',(1.,0.,0.));
#4202=DIRECTION('',(0.,0.,1.));
#4203=DIRECTION('',(1.,0.,0.));
#4204=DIRECTION('',(0.,0.,1.));
#4205=DIRECTION('',(1.,0.,0.));
#4206=DIRECTION('',(0.,0.,-1.));
#4207=DIRECTION('',(1.,0.,0.));
#4208=DIRECTION('',(0.,0.,1.));
#4209=DIRECTION('',(1.,0.,0.));
#4210=DIRECTION('',(0.,0.,1.));
#4211=DIRECTION('',(1.,0.,0.));
#4212=DIRECTION('',(0.,0.,1.));
#4213=DIRECTION('',(1.,0.,0.));
#4214=DIRECTION('',(0.,0.,1.));
#4215=DIRECTION('',(1.,0.,0.));
#4216=DIRECTION('',(0.,0.,1.));
#4217=DIRECTION('',(1.,0.,0.));
#4218=DIRECTION('',(0.,0.,1.));
#4219=DIRECTION('',(1.,0.,0.));
#4220=DIRECTION('',(0.,0.,1.));
#4221=DIRECTION('',(1.,0.,0.));
#4222=DIRECTION('',(0.,0.,1.));
#4223=DIRECTION('',(1.,0.,0.));
#4224=DIRECTION('',(0.,0.,1.));
#4225=DIRECTION('',(1.,0.,0.));
#4226=DIRECTION('',(0.977176363922801,0.,0.212429644331043));
#4227=DIRECTION('',(0.,1.,0.));
#4228=DIRECTION('',(-0.212429644331044,0.,0.977176363922801));
#4229=DIRECTION('',(0.,0.,-1.));
#4230=DIRECTION('',(-1.,0.,0.));
#4231=DIRECTION('',(0.212429644331043,0.,0.977176363922801));
#4232=DIRECTION('',(0.977176363922801,0.,-0.212429644331043));
#4233=DIRECTION('',(0.,-1.,0.));
#4234=DIRECTION('',(0.,0.,-1.));
#4235=DIRECTION('',(-1.,0.,0.));
#4236=DIRECTION('',(0.,0.,-1.));
#4237=DIRECTION('',(-1.,0.,0.));
#4238=DIRECTION('',(0.,0.,1.));
#4239=DIRECTION('',(1.,0.,0.));
#4240=DIRECTION('',(0.,-1.,0.));
#4241=DIRECTION('',(0.,0.,-1.));
#4242=DIRECTION('',(1.,0.,0.));
#4243=DIRECTION('',(-0.707106781186548,0.,0.707106781186548));
#4244=DIRECTION('',(0.,-1.,0.));
#4245=DIRECTION('',(0.,0.,-1.));
#4246=DIRECTION('',(0.,-1.,0.));
#4247=DIRECTION('',(0.,0.,-1.));
#4248=DIRECTION('',(-0.707106781186548,0.,0.707106781186548));
#4249=DIRECTION('',(0.,-1.,0.));
#4250=DIRECTION('',(-0.382683432365089,0.,-0.923879532511287));
#4251=DIRECTION('',(-1.,0.,0.));
#4252=DIRECTION('',(0.,-1.,0.));
#4253=DIRECTION('',(0.,0.,-1.));
#4254=DIRECTION('',(0.,-1.,0.));
#4255=DIRECTION('',(0.,0.,-1.));
#4256=DIRECTION('',(-1.,0.,0.));
#4257=DIRECTION('',(0.,-1.,0.));
#4258=DIRECTION('',(0.38268343236509,0.,-0.923879532511287));
#4259=DIRECTION('',(-0.707106781186548,0.,-0.707106781186548));
#4260=DIRECTION('',(0.,-1.,0.));
#4261=DIRECTION('',(0.,0.,-1.));
#4262=DIRECTION('',(0.,-1.,0.));
#4263=DIRECTION('',(0.,0.,-1.));
#4264=DIRECTION('',(0.,-1.,0.));
#4265=DIRECTION('',(0.,0.,-1.));
#4266=DIRECTION('',(0.707106781186548,0.,-0.707106781186548));
#4267=DIRECTION('',(1.,0.,0.));
#4268=DIRECTION('',(0.,-1.,0.));
#4269=DIRECTION('',(0.,0.,-1.));
#4270=DIRECTION('',(1.,0.,0.));
#4271=DIRECTION('',(0.,-1.,0.));
#4272=DIRECTION('',(0.38268343236509,0.,0.923879532511287));
#4273=DIRECTION('',(0.707106781186548,0.,-0.707106781186548));
#4274=DIRECTION('',(0.,-1.,0.));
#4275=DIRECTION('',(0.,0.,-1.));
#4276=DIRECTION('',(0.,-1.,0.));
#4277=DIRECTION('',(0.,0.,-1.));
#4278=DIRECTION('',(0.707106781186548,0.,0.707106781186548));
#4279=DIRECTION('',(0.,-1.,0.));
#4280=DIRECTION('',(-0.38268343236509,0.,0.923879532511287));
#4281=DIRECTION('',(1.,0.,0.));
#4282=DIRECTION('',(0.,-1.,0.));
#4283=DIRECTION('',(0.,0.,-1.));
#4284=DIRECTION('',(0.,0.,-1.));
#4285=DIRECTION('',(-1.,0.,0.));
#4286=DIRECTION('',(-1.,2.16164919124835E-16,0.));
#4287=DIRECTION('',(2.16164919124835E-16,1.,0.));
#4288=DIRECTION('',(0.,0.,-1.));
#4289=DIRECTION('',(0.38268343236509,-0.923879532511287,0.));
#4290=DIRECTION('',(-1.,0.,0.));
#4291=DIRECTION('',(0.,0.,-1.));
#4292=DIRECTION('',(-0.38268343236509,-0.923879532511287,0.));
#4293=DIRECTION('',(2.16164919124835E-16,1.,0.));
#4294=DIRECTION('',(-0.707106781186548,1.52851680167813E-16,-0.707106781186548));
#4295=DIRECTION('',(-0.707106781186548,0.,0.707106781186548));
#4296=DIRECTION('',(0.707106781186548,0.,-0.707106781186548));
#4297=DIRECTION('',(2.16164919124835E-16,1.,8.71576399210525E-33));
#4298=DIRECTION('',(-0.707106781186548,1.52851680167813E-16,0.707106781186548));
#4299=DIRECTION('',(2.16164919124835E-16,1.,-8.71576399210524E-33));
#4300=DIRECTION('',(-0.707106781186548,1.52851680167813E-16,-0.707106781186548));
#4301=DIRECTION('',(0.270598050073099,-0.923879532511286,-0.2705980500731));
#4302=DIRECTION('',(0.707106781186548,-1.52851680167813E-16,-0.707106781186548));
#4303=DIRECTION('',(-0.707106781186548,0.,-0.707106781186548));
#4304=DIRECTION('',(-0.707106781186548,1.52851680167813E-16,-0.707106781186548));
#4305=DIRECTION('',(2.16164919124835E-16,1.,7.07835114187489E-32));
#4306=DIRECTION('',(0.707106781186548,0.,0.707106781186548));
#4307=DIRECTION('',(0.707106781186548,-1.52851680167813E-16,-0.707106781186548));
#4308=DIRECTION('',(-0.270598050073099,-0.923879532511287,-0.270598050073099));
#4309=DIRECTION('',(2.16164919124835E-16,1.,0.));
#4310=DIRECTION('',(-2.16164919124835E-16,-1.,0.));
#4311=DIRECTION('',(1.,-2.16164919124835E-16,0.));
#4312=DIRECTION('',(2.16164919124835E-16,1.,0.));
#4313=DIRECTION('',(1.,-2.16164919124835E-16,0.));
#4314=DIRECTION('',(-2.16164919124835E-16,-1.,0.));
#4315=DIRECTION('',(2.16164919124835E-16,1.,0.));
#4316=DIRECTION('',(1.,-2.16164919124835E-16,0.));
#4317=DIRECTION('',(-2.16164919124835E-16,-1.,0.));
#4318=DIRECTION('',(0.,-1.,0.));
#4319=DIRECTION('',(0.,0.,-1.));
#4320=DIRECTION('',(-2.16164919124835E-16,-1.,0.));
#4321=DIRECTION('',(0.,-1.,0.));
#4322=DIRECTION('',(0.,0.,-1.));
#4323=DIRECTION('',(-2.16164919124835E-16,-1.,0.));
#4324=DIRECTION('',(-2.16164919124835E-16,-1.,0.));
#4325=DIRECTION('',(1.,-2.16164919124835E-16,0.));
#4326=DIRECTION('',(1.,-2.16164919124835E-16,0.));
#4327=DIRECTION('',(-1.,2.16164919124835E-16,0.));
#4328=DIRECTION('',(-2.16164919124835E-16,-1.,0.));
#4329=DIRECTION('',(1.,-2.16164919124835E-16,0.));
#4330=DIRECTION('',(1.,-2.16164919124835E-16,0.));
#4331=DIRECTION('',(-2.16164919124835E-16,-1.,0.));
#4332=DIRECTION('',(1.,-2.16164919124835E-16,0.));
#4333=DIRECTION('',(1.,-2.16164919124835E-16,0.));
#4334=DIRECTION('',(2.16164919124835E-16,1.,0.));
#4335=DIRECTION('',(1.,-2.16164919124835E-16,0.));
#4336=DIRECTION('',(-2.16164919124835E-16,-1.,0.));
#4337=DIRECTION('',(1.,-2.16164919124835E-16,0.));
#4338=DIRECTION('',(-1.,2.16164919124835E-16,0.));
#4339=DIRECTION('',(-2.16164919124835E-16,-1.,0.));
#4340=DIRECTION('',(1.,-2.16164919124835E-16,0.));
#4341=DIRECTION('',(1.,-2.16164919124835E-16,0.));
#4342=DIRECTION('',(-2.16164919124835E-16,-1.,0.));
#4343=DIRECTION('',(1.,-2.16164919124835E-16,0.));
#4344=DIRECTION('',(-1.,2.16164919124835E-16,0.));
#4345=DIRECTION('',(-2.16164919124835E-16,-1.,0.));
#4346=DIRECTION('',(1.,-2.16164919124835E-16,0.));
#4347=DIRECTION('',(-1.,2.16164919124835E-16,0.));
#4348=DIRECTION('',(-2.16164919124835E-16,-1.,0.));
#4349=DIRECTION('',(1.,-2.16164919124835E-16,0.));
#4350=DIRECTION('',(-0.707106781186548,1.52851680167813E-16,-0.707106781186548));
#4351=DIRECTION('',(-2.16164919124835E-16,-1.,0.));
#4352=DIRECTION('',(1.,-2.16164919124835E-16,0.));
#4353=DIRECTION('',(0.,0.,-1.));
#4354=DIRECTION('',(1.,-2.16164919124835E-16,0.));
#4355=DIRECTION('',(0.,0.,1.));
#4356=DIRECTION('',(1.,-2.16164919124835E-16,0.));
#4357=DIRECTION('',(-2.16164919124835E-16,-1.,0.));
#4358=DIRECTION('',(1.,-2.16164919124835E-16,0.));
#4359=DIRECTION('',(1.,-2.16164919124835E-16,0.));
#4360=DIRECTION('',(-2.16164919124835E-16,-1.,0.));
#4361=DIRECTION('',(1.,-2.16164919124835E-16,0.));
#4362=DIRECTION('',(1.,-2.16164919124835E-16,0.));
#4363=DIRECTION('',(-2.16164919124835E-16,-1.,0.));
#4364=DIRECTION('',(1.,-2.16164919124835E-16,0.));
#4365=DIRECTION('',(-1.,2.16164919124835E-16,0.));
#4366=DIRECTION('',(0.,0.,1.));
#4367=DIRECTION('',(-1.,2.16164919124835E-16,0.));
#4368=DIRECTION('',(0.,0.,-1.));
#4369=DIRECTION('',(-2.16164919124835E-16,-1.,0.));
#4370=DIRECTION('',(1.,-2.16164919124835E-16,0.));
#4371=DIRECTION('',(-0.707106781186548,1.52851680167813E-16,0.707106781186548));
#4372=DIRECTION('',(-2.16164919124835E-16,-1.,0.));
#4373=DIRECTION('',(1.,-2.16164919124835E-16,0.));
#4374=DIRECTION('',(-2.16164919124835E-16,-1.,0.));
#4375=DIRECTION('',(1.,-2.16164919124835E-16,0.));
#4376=DIRECTION('',(0.,0.,1.));
#4377=DIRECTION('',(1.,0.,0.));
#4378=DIRECTION('',(-0.866025403784439,0.5,0.));
#4379=DIRECTION('',(0.,0.,1.));
#4380=DIRECTION('',(1.,0.,0.));
#4381=DIRECTION('',(0.866025403784438,0.5,0.));
#4382=DIRECTION('',(-0.866025403784439,0.5,0.));
#4383=DIRECTION('',(0.,0.,1.));
#4384=DIRECTION('',(1.,0.,0.));
#4385=DIRECTION('',(0.866025403784438,0.5,0.));
#4386=DIRECTION('',(-0.866025403784439,0.5,0.));
#4387=DIRECTION('',(0.,0.,1.));
#4388=DIRECTION('',(1.,0.,0.));
#4389=DIRECTION('',(0.866025403784438,0.5,0.));
#4390=DIRECTION('',(-0.866025403784439,0.5,0.));
#4391=DIRECTION('',(0.,0.,1.));
#4392=DIRECTION('',(1.,0.,0.));
#4393=DIRECTION('',(0.866025403784439,0.5,0.));
#4394=DIRECTION('',(0.,0.,1.));
#4395=DIRECTION('',(1.,0.,0.));
#4396=DIRECTION('',(-2.16164919124835E-16,-1.,0.));
#4397=DIRECTION('',(1.,-2.16164919124835E-16,0.));
#4398=DIRECTION('',(2.16164919124835E-16,1.,0.));
#4399=DIRECTION('',(1.,-2.16164919124835E-16,0.));
#4400=DIRECTION('',(0.,0.,-1.));
#4401=DIRECTION('',(-1.,0.,0.));
#4402=DIRECTION('',(-0.866025403784439,0.5,0.));
#4403=DIRECTION('',(0.,0.,1.));
#4404=DIRECTION('',(1.,0.,0.));
#4405=DIRECTION('',(0.866025403784438,0.5,0.));
#4406=DIRECTION('',(-0.866025403784439,0.5,0.));
#4407=DIRECTION('',(0.,0.,1.));
#4408=DIRECTION('',(1.,0.,0.));
#4409=DIRECTION('',(0.866025403784439,0.5,0.));
#4410=DIRECTION('',(-0.866025403784439,0.5,0.));
#4411=DIRECTION('',(0.,0.,1.));
#4412=DIRECTION('',(1.,0.,0.));
#4413=DIRECTION('',(0.866025403784438,0.5,0.));
#4414=DIRECTION('',(-0.866025403784439,0.5,0.));
#4415=DIRECTION('',(0.,0.,1.));
#4416=DIRECTION('',(1.,0.,0.));
#4417=DIRECTION('',(0.866025403784438,0.5,0.));
#4418=DIRECTION('',(0.,0.,-1.));
#4419=DIRECTION('',(-1.,0.,0.));
#4420=DIRECTION('',(-1.,2.16164919124835E-16,0.));
#4421=DIRECTION('',(2.16164919124835E-16,1.,0.));
#4422=DIRECTION('',(-1.,2.16164919124835E-16,0.));
#4423=DIRECTION('',(-2.16164919124835E-16,-1.,0.));
#4424=DIRECTION('',(0.,0.,1.));
#4425=DIRECTION('',(1.,0.,0.));
#4426=DIRECTION('',(0.866025403784439,0.5,0.));
#4427=DIRECTION('',(0.,0.,1.));
#4428=DIRECTION('',(1.,0.,0.));
#4429=DIRECTION('',(-0.866025403784438,0.5,0.));
#4430=DIRECTION('',(0.866025403784439,0.5,0.));
#4431=DIRECTION('',(0.,0.,1.));
#4432=DIRECTION('',(1.,0.,0.));
#4433=DIRECTION('',(-0.866025403784438,0.5,0.));
#4434=DIRECTION('',(-2.16164919124835E-16,-1.,0.));
#4435=DIRECTION('',(0.,0.,1.));
#4436=DIRECTION('',(1.,0.,0.));
#4437=DIRECTION('',(1.,-2.16164919124835E-16,0.));
#4438=DIRECTION('',(2.16164919124835E-16,1.,0.));
#4439=DIRECTION('',(-0.707106781186548,-0.707106781186547,0.));
#4440=DIRECTION('',(0.866025403784439,0.5,0.));
#4441=DIRECTION('',(0.,0.,1.));
#4442=DIRECTION('',(1.,0.,0.));
#4443=DIRECTION('',(-0.866025403784438,0.5,0.));
#4444=DIRECTION('',(0.866025403784439,0.5,0.));
#4445=DIRECTION('',(0.,0.,1.));
#4446=DIRECTION('',(1.,0.,0.));
#4447=DIRECTION('',(-0.866025403784439,0.5,0.));
#4448=DIRECTION('',(0.,0.,1.));
#4449=DIRECTION('',(1.,0.,0.));
#4450=DIRECTION('',(0.,0.,1.));
#4451=DIRECTION('',(0.,0.,-1.));
#4452=DIRECTION('',(0.,0.,1.));
#4453=DIRECTION('',(1.,0.,0.));
#4454=DIRECTION('',(0.,0.,1.));
#4455=DIRECTION('',(0.,0.,-1.));
#4456=DIRECTION('',(0.,0.,1.));
#4457=DIRECTION('',(1.,0.,0.));
#4458=DIRECTION('',(0.,0.,1.));
#4459=DIRECTION('',(0.,0.,-1.));
#4460=DIRECTION('',(0.,0.,1.));
#4461=DIRECTION('',(1.,0.,0.));
#4462=DIRECTION('',(0.,0.,1.));
#4463=DIRECTION('',(0.,0.,-1.));
#4464=DIRECTION('',(0.,0.,1.));
#4465=DIRECTION('',(1.,0.,0.));
#4466=DIRECTION('',(0.,0.,1.));
#4467=DIRECTION('',(0.,0.,-1.));
#4468=DIRECTION('',(-1.,0.,0.));
#4469=DIRECTION('',(0.,0.,-1.));
#4470=DIRECTION('',(0.,0.,1.));
#4471=DIRECTION('',(1.,0.,0.));
#4472=DIRECTION('',(0.,0.,1.));
#4473=DIRECTION('',(0.,0.,-1.));
#4474=DIRECTION('',(-1.,0.,0.));
#4475=DIRECTION('',(0.,0.,-1.));
#4476=DIRECTION('',(0.,0.,1.));
#4477=DIRECTION('',(1.,0.,0.));
#4478=DIRECTION('',(0.,0.,1.));
#4479=DIRECTION('',(0.,0.,-1.));
#4480=DIRECTION('',(-1.,0.,0.));
#4481=DIRECTION('',(0.,0.,-1.));
#4482=DIRECTION('',(0.,0.,1.));
#4483=DIRECTION('',(1.,0.,0.));
#4484=DIRECTION('',(0.,0.,1.));
#4485=DIRECTION('',(0.,0.,-1.));
#4486=DIRECTION('',(-1.,0.,0.));
#4487=DIRECTION('',(0.,0.,-1.));
#4488=DIRECTION('',(2.16164919124835E-16,1.,0.));
#4489=DIRECTION('',(-1.,2.16164919124835E-16,0.));
#4490=DIRECTION('',(2.16164919124835E-16,1.,0.));
#4491=DIRECTION('',(0.,-1.,0.));
#4492=DIRECTION('',(0.,0.,-1.));
#4493=DIRECTION('',(0.,0.,1.));
#4494=DIRECTION('',(1.,0.,0.));
#4495=DIRECTION('',(-0.707106781186548,0.707106781186547,0.));
#4496=DIRECTION('',(2.16164919124835E-16,1.,0.));
#4497=DIRECTION('',(2.16164919124835E-16,1.,0.));
#4498=DIRECTION('',(-1.,2.16164919124835E-16,0.));
#4499=DIRECTION('',(2.16164919124835E-16,1.,0.));
#4500=DIRECTION('',(0.,0.,1.));
#4501=DIRECTION('',(1.,0.,0.));
#4502=DIRECTION('',(2.16164919124835E-16,1.,0.));
#4503=DIRECTION('',(-0.707106781186548,-0.707106781186547,0.));
#4504=DIRECTION('',(2.16164919124835E-16,1.,0.));
#4505=DIRECTION('',(-1.,2.16164919124835E-16,0.));
#4506=DIRECTION('',(2.16164919124835E-16,1.,0.));
#4507=DIRECTION('',(0.,-1.,0.));
#4508=DIRECTION('',(0.,0.,-1.));
#4509=DIRECTION('',(0.,0.,-1.));
#4510=DIRECTION('',(-1.,0.,0.));
#4511=DIRECTION('',(0.866025403784439,0.5,0.));
#4512=DIRECTION('',(-0.866025403784438,0.5,0.));
#4513=DIRECTION('',(0.866025403784439,0.5,0.));
#4514=DIRECTION('',(-0.866025403784438,0.5,0.));
#4515=DIRECTION('',(0.866025403784439,0.5,0.));
#4516=DIRECTION('',(-0.866025403784439,0.5,0.));
#4517=DIRECTION('',(0.866025403784439,0.5,0.));
#4518=DIRECTION('',(-0.866025403784438,0.5,0.));
#4519=DIRECTION('',(-1.,2.16164919124835E-16,0.));
#4520=DIRECTION('',(0.,0.,-1.));
#4521=DIRECTION('',(-1.,0.,0.));
#4522=DIRECTION('',(-2.16164919124835E-16,-1.,0.));
#4523=DIRECTION('',(0.707106781186548,-0.707106781186547,0.));
#4524=DIRECTION('',(1.,-2.16164919124835E-16,0.));
#4525=DIRECTION('',(2.16164919124835E-16,1.,0.));
#4526=DIRECTION('',(0.,0.,-1.));
#4527=DIRECTION('',(2.16164919124835E-16,1.,0.));
#4528=DIRECTION('',(-1.24802874246078E-16,-0.577350269189626,-0.816496580927726));
#4529=DIRECTION('',(-2.16164919124835E-16,-1.,0.));
#4530=DIRECTION('',(1.24802874246077E-16,0.577350269189626,-0.816496580927726));
#4531=DIRECTION('',(2.16164919124835E-16,1.,0.));
#4532=DIRECTION('',(1.,-2.16164919124835E-16,0.));
#4533=DIRECTION('',(2.16164919124835E-16,1.,0.));
#4534=DIRECTION('',(1.,-2.16164919124835E-16,0.));
#4535=DIRECTION('',(2.16164919124835E-16,1.,0.));
#4536=DIRECTION('',(-0.707106781186548,1.52851680167813E-16,-0.707106781186548));
#4537=DIRECTION('',(-0.707106781186548,0.,0.707106781186548));
#4538=DIRECTION('',(2.16164919124835E-16,1.,8.71576399210525E-33));
#4539=DIRECTION('',(-0.707106781186548,0.,0.707106781186548));
#4540=DIRECTION('',(-0.707106781186548,1.52851680167813E-16,-0.707106781186548));
#4541=DIRECTION('',(-0.270598050073099,-0.923879532511287,0.270598050073099));
#4542=DIRECTION('',(2.16164919124835E-16,1.,-8.71576399210524E-33));
#4543=DIRECTION('',(0.,0.,-1.));
#4544=DIRECTION('',(-1.,0.,0.));
#4545=DIRECTION('',(0.,0.,-1.));
#4546=DIRECTION('',(-0.38268343236509,-0.923879532511287,0.));
#4547=DIRECTION('',(2.16164919124835E-16,1.,0.));
#4548=DIRECTION('',(-1.,2.16164919124835E-16,0.));
#4549=DIRECTION('',(2.16164919124835E-16,1.,0.));
#4550=DIRECTION('',(0.,0.,-1.));
#4551=DIRECTION('',(0.38268343236509,-0.923879532511287,0.));
#4552=DIRECTION('',(1.,0.,0.));
#4553=DIRECTION('',(0.707106781186548,-1.52851680167813E-16,-0.707106781186548));
#4554=DIRECTION('',(-0.707106781186548,0.,-0.707106781186548));
#4555=DIRECTION('',(-0.707106781186548,0.,-0.707106781186548));
#4556=DIRECTION('',(2.16164919124835E-16,1.,7.07835114187489E-32));
#4557=DIRECTION('',(2.16164919124835E-16,1.,0.));
#4558=DIRECTION('',(0.707106781186548,-1.52851680167813E-16,-0.707106781186548));
#4559=DIRECTION('',(0.270598050073099,-0.923879532511287,0.270598050073099));
#4560=DIRECTION('',(1.,-2.16164919124835E-16,0.));
#4561=DIRECTION('',(2.16164919124835E-16,1.,0.));
#4562=DIRECTION('',(1.24802874246077E-16,0.577350269189625,0.816496580927726));
#4563=DIRECTION('',(2.16164919124835E-16,1.,7.18409109006559E-32));
#4564=DIRECTION('',(0.,0.,-1.));
#4565=DIRECTION('',(1.,-2.16164919124835E-16,0.));
#4566=DIRECTION('',(2.16164919124835E-16,1.,0.));
#4567=DIRECTION('',(1.,-2.16164919124835E-16,0.));
#4568=DIRECTION('',(2.16164919124835E-16,1.,0.));
#4569=DIRECTION('',(2.16164919124835E-16,1.,7.18409109006559E-32));
#4570=DIRECTION('',(-1.24802874246078E-16,-0.577350269189626,0.816496580927726));
#4571=DIRECTION('',(-2.16164919124835E-16,-1.,0.));
#4572=DIRECTION('',(-2.16164919124835E-16,-1.,0.));
#4573=DIRECTION('',(1.,-2.16164919124835E-16,0.));
#4574=DIRECTION('',(-2.16164919124835E-16,-1.,0.));
#4575=DIRECTION('',(1.,-2.16164919124835E-16,0.));
#4576=DIRECTION('',(-2.16164919124835E-16,-1.,0.));
#4577=DIRECTION('',(1.,-2.16164919124835E-16,0.));
#4578=DIRECTION('',(-2.16164919124835E-16,-1.,0.));
#4579=DIRECTION('',(1.,-2.16164919124835E-16,0.));
#4580=DIRECTION('',(-2.16164919124835E-16,-1.,0.));
#4581=DIRECTION('',(1.,-2.16164919124835E-16,0.));
#4582=DIRECTION('',(-1.,2.16164919124835E-16,0.));
#4583=DIRECTION('',(0.,0.,1.));
#4584=DIRECTION('',(0.,0.,1.));
#4585=DIRECTION('',(1.,-2.16164919124835E-16,0.));
#4586=DIRECTION('',(0.,-1.,0.));
#4587=DIRECTION('',(0.,0.,-1.));
#4588=DIRECTION('',(0.,-1.,0.));
#4589=DIRECTION('',(0.,0.,-1.));
#4590=DIRECTION('',(1.,-2.16164919124835E-16,0.));
#4591=DIRECTION('',(2.16164919124835E-16,1.,0.));
#4592=DIRECTION('',(-2.16164919124835E-16,-1.,0.));
#4593=DIRECTION('',(0.,0.,1.));
#4594=DIRECTION('',(1.,-2.16164919124835E-16,0.));
#4595=DIRECTION('',(2.16164919124835E-16,1.,0.));
#4596=DIRECTION('',(0.,0.,1.));
#4597=DIRECTION('',(-2.16164919124835E-16,-1.,0.));
#4598=DIRECTION('',(0.5,-0.866025403784439,0.));
#4599=DIRECTION('',(0.866025403784439,0.5,0.));
#4600=DIRECTION('',(0.,0.,1.));
#4601=DIRECTION('',(-0.5,-0.866025403784439,0.));
#4602=DIRECTION('',(0.866025403784439,-0.5,0.));
#4603=DIRECTION('',(0.5,-0.866025403784439,0.));
#4604=DIRECTION('',(0.866025403784439,0.5,0.));
#4605=DIRECTION('',(0.,0.,1.));
#4606=DIRECTION('',(-0.5,-0.866025403784439,0.));
#4607=DIRECTION('',(0.866025403784439,-0.5,0.));
#4608=DIRECTION('',(0.5,-0.866025403784439,0.));
#4609=DIRECTION('',(0.866025403784439,0.5,0.));
#4610=DIRECTION('',(0.,0.,1.));
#4611=DIRECTION('',(-0.5,-0.866025403784439,0.));
#4612=DIRECTION('',(0.866025403784439,-0.5,0.));
#4613=DIRECTION('',(0.5,-0.866025403784439,0.));
#4614=DIRECTION('',(0.866025403784439,0.5,0.));
#4615=DIRECTION('',(0.,0.,1.));
#4616=DIRECTION('',(-0.5,-0.866025403784439,0.));
#4617=DIRECTION('',(0.866025403784439,-0.5,0.));
#4618=DIRECTION('',(0.5,-0.866025403784439,0.));
#4619=DIRECTION('',(0.866025403784439,0.5,0.));
#4620=DIRECTION('',(0.,0.,1.));
#4621=DIRECTION('',(-0.5,-0.866025403784439,0.));
#4622=DIRECTION('',(0.866025403784439,-0.5,0.));
#4623=DIRECTION('',(0.5,-0.866025403784439,0.));
#4624=DIRECTION('',(0.866025403784439,0.5,0.));
#4625=DIRECTION('',(0.,0.,1.));
#4626=DIRECTION('',(-0.5,-0.866025403784439,0.));
#4627=DIRECTION('',(0.866025403784439,-0.5,0.));
#4628=DIRECTION('',(0.5,-0.866025403784439,0.));
#4629=DIRECTION('',(0.866025403784439,0.5,0.));
#4630=DIRECTION('',(0.,0.,1.));
#4631=DIRECTION('',(-0.5,-0.866025403784439,0.));
#4632=DIRECTION('',(0.866025403784439,-0.5,0.));
#4633=DIRECTION('',(0.5,-0.866025403784439,0.));
#4634=DIRECTION('',(0.866025403784439,0.5,0.));
#4635=DIRECTION('',(0.,0.,1.));
#4636=DIRECTION('',(-0.5,-0.866025403784439,0.));
#4637=DIRECTION('',(0.866025403784439,-0.5,0.));
#4638=DIRECTION('',(1.,-2.16164919124835E-16,0.));
#4639=DIRECTION('',(2.16164919124835E-16,1.,0.));
#4640=DIRECTION('',(0.707106781186548,0.707106781186547,0.));
#4641=DIRECTION('',(0.707106781186547,-0.707106781186548,0.));
#4642=DIRECTION('',(2.16164919124835E-16,1.,0.));
#4643=DIRECTION('',(-1.,2.16164919124835E-16,0.));
#4644=DIRECTION('',(0.,-1.,0.));
#4645=DIRECTION('',(0.,0.,-1.));
#4646=DIRECTION('',(-1.,2.16164919124835E-16,0.));
#4647=DIRECTION('',(-2.16164919124835E-16,-1.,0.));
#4648=DIRECTION('',(-1.,0.,0.));
#4649=DIRECTION('',(0.,0.,1.));
#4650=DIRECTION('',(1.,-2.16164919124835E-16,0.));
#4651=DIRECTION('',(2.16164919124835E-16,1.,0.));
#4652=DIRECTION('',(-0.707106781186547,0.707106781186548,0.));
#4653=DIRECTION('',(0.707106781186548,0.707106781186547,0.));
#4654=DIRECTION('',(2.16164919124835E-16,1.,0.));
#4655=DIRECTION('',(-1.,2.16164919124835E-16,0.));
#4656=DIRECTION('',(0.,-1.,0.));
#4657=DIRECTION('',(0.,0.,-1.));
#4658=DIRECTION('',(-1.,2.16164919124835E-16,0.));
#4659=DIRECTION('',(-2.16164919124835E-16,-1.,0.));
#4660=DIRECTION('',(1.,0.,0.));
#4661=DIRECTION('',(0.,0.,-1.));
#4662=DIRECTION('',(0.,0.,-1.));
#4663=DIRECTION('',(-1.,0.,0.));
#4664=DIRECTION('',(0.,0.,-1.));
#4665=DIRECTION('',(-1.,0.,0.));
#4666=DIRECTION('',(0.,0.,-1.));
#4667=DIRECTION('',(-1.,0.,0.));
#4668=DIRECTION('',(0.,0.,1.));
#4669=DIRECTION('',(1.,0.,0.));
#4670=DIRECTION('',(0.,0.,1.));
#4671=DIRECTION('',(1.,0.,0.));
#4672=DIRECTION('',(0.,0.,1.));
#4673=DIRECTION('',(1.,0.,0.));
#4674=DIRECTION('',(0.,-1.,0.));
#4675=DIRECTION('',(0.,0.,-1.));
#4676=DIRECTION('',(1.,0.,0.));
#4677=DIRECTION('',(0.707106781186548,0.,0.707106781186548));
#4678=DIRECTION('',(0.,-1.,0.));
#4679=DIRECTION('',(0.,0.,-1.));
#4680=DIRECTION('',(-0.707106781186548,0.,-0.707106781186548));
#4681=DIRECTION('',(1.,0.,0.));
#4682=DIRECTION('',(0.,0.,1.));
#4683=DIRECTION('',(1.,0.,0.));
#4684=DIRECTION('',(-0.816496580927726,-0.577350269189626,0.));
#4685=DIRECTION('',(-0.816496580927726,0.577350269189625,0.));
#4686=DIRECTION('',(0.,0.,1.));
#4687=DIRECTION('',(1.,0.,0.));
#4688=DIRECTION('',(-0.816496580927726,0.577350269189626,0.));
#4689=DIRECTION('',(-0.816496580927726,-0.577350269189626,0.));
#4690=DIRECTION('',(0.5,-0.707106781186548,-0.5));
#4691=DIRECTION('',(-0.707106781186548,0.,-0.707106781186548));
#4692=DIRECTION('',(0.5,-0.707106781186548,-0.5));
#4693=DIRECTION('',(0.5,0.707106781186547,-0.5));
#4694=DIRECTION('',(0.28108463771482,0.678598344545847,-0.678598344545847));
#4695=DIRECTION('',(0.,-0.707106781186548,-0.707106781186547));
#4696=DIRECTION('',(1.,0.,0.));
#4697=DIRECTION('',(0.28108463771482,0.678598344545847,-0.678598344545847));
#4698=DIRECTION('',(-0.28108463771482,0.678598344545847,-0.678598344545847));
#4699=DIRECTION('',(-0.5,-0.707106781186548,-0.5));
#4700=DIRECTION('',(-0.707106781186548,0.,0.707106781186548));
#4701=DIRECTION('',(-0.5,-0.707106781186548,-0.5));
#4702=DIRECTION('',(0.5,-0.707106781186548,0.5));
#4703=DIRECTION('',(-0.28108463771482,0.678598344545847,-0.678598344545847));
#4704=DIRECTION('',(-0.5,-0.707106781186548,0.5));
#4705=DIRECTION('',(0.707106781186548,0.,0.707106781186548));
#4706=DIRECTION('',(-0.5,-0.707106781186548,0.5));
#4707=DIRECTION('',(-0.5,0.707106781186547,0.5));
#4708=DIRECTION('',(0.281084637714821,-0.678598344545847,-0.678598344545848));
#4709=DIRECTION('',(0.,-0.707106781186548,0.707106781186547));
#4710=DIRECTION('',(-1.,0.,0.));
#4711=DIRECTION('',(-0.28108463771482,-0.678598344545847,-0.678598344545848));
#4712=DIRECTION('',(0.281084637714821,-0.678598344545847,-0.678598344545848));
#4713=DIRECTION('',(0.5,-0.707106781186548,0.5));
#4714=DIRECTION('',(0.707106781186548,0.,-0.707106781186548));
#4715=DIRECTION('',(0.5,-0.707106781186548,0.5));
#4716=DIRECTION('',(-0.5,-0.707106781186548,-0.5));
#4717=DIRECTION('',(-0.28108463771482,-0.678598344545847,-0.678598344545848));
#4718=DIRECTION('',(-0.28108463771482,-0.678598344545847,-0.678598344545848));
#4719=DIRECTION('',(0.,0.707106781186548,-0.707106781186547));
#4720=DIRECTION('',(0.28108463771482,-0.678598344545847,-0.678598344545847));
#4721=DIRECTION('',(0.,0.707106781186548,-0.707106781186547));
#4722=DIRECTION('',(-0.28108463771482,-0.678598344545847,0.678598344545847));
#4723=DIRECTION('',(0.,-0.707106781186548,-0.707106781186547));
#4724=DIRECTION('',(0.28108463771482,-0.678598344545847,0.678598344545847));
#4725=DIRECTION('',(0.,-0.707106781186548,-0.707106781186547));
#4726=DIRECTION('',(2.16164919124836E-16,1.,0.));
#4727=DIRECTION('',(-1.,2.16164919124836E-16,0.));
#4728=DIRECTION('',(9.66718907027752E-17,0.447213595499958,-0.894427190999916));
#4729=DIRECTION('',(-1.,2.16164919124835E-16,0.));
#4730=DIRECTION('',(-9.66718907027752E-17,-0.447213595499957,0.894427190999916));
#4731=DIRECTION('',(-1.,2.16164919124835E-16,0.));
#4732=DIRECTION('',(-2.16164919124835E-16,-1.,0.));
#4733=DIRECTION('',(1.,-2.16164919124835E-16,0.));
#4734=DIRECTION('',(2.16164919124835E-16,1.,7.18409109006559E-32));
#4735=DIRECTION('',(-1.,2.16164919124835E-16,0.));
#4736=DIRECTION('',(2.16164919124835E-16,1.,7.18409109006559E-32));
#4737=DIRECTION('',(-1.,2.16164919124835E-16,0.));
#4738=DIRECTION('',(-2.16164919124835E-16,-1.,0.));
#4739=DIRECTION('',(1.,-2.16164919124835E-16,0.));
#4740=DIRECTION('',(-2.16164919124835E-16,-1.,0.));
#4741=DIRECTION('',(1.,-2.16164919124835E-16,0.));
#4742=DIRECTION('',(2.16164919124835E-16,1.,0.));
#4743=DIRECTION('',(-1.,2.16164919124835E-16,0.));
#4744=DIRECTION('',(2.16164919124835E-16,1.,0.));
#4745=DIRECTION('',(-1.,2.16164919124835E-16,0.));
#4746=DIRECTION('',(2.16164919124835E-16,1.,0.));
#4747=DIRECTION('',(-1.,2.16164919124835E-16,0.));
#4748=DIRECTION('',(2.16164919124835E-16,1.,0.));
#4749=DIRECTION('',(-1.,2.16164919124835E-16,0.));
#4750=DIRECTION('',(0.,0.,1.));
#4751=DIRECTION('',(1.,0.,0.));
#4752=DIRECTION('',(-2.16164919124835E-16,-1.,0.));
#4753=DIRECTION('',(1.,-2.16164919124835E-16,0.));
#4754=DIRECTION('',(-2.16164919124835E-16,-1.,0.));
#4755=DIRECTION('',(1.,-2.16164919124835E-16,0.));
#4756=DIRECTION('',(1.,-2.16164919124835E-16,0.));
#4757=DIRECTION('',(-2.16164919124835E-16,-1.,0.));
#4758=DIRECTION('',(1.,-2.16164919124835E-16,0.));
#4759=DIRECTION('',(1.,-2.16164919124835E-16,0.));
#4760=DIRECTION('',(0.,0.,1.));
#4761=DIRECTION('',(-0.371224760860922,8.02457704086377E-17,0.928543039887625));
#4762=DIRECTION('',(-2.16164919124835E-16,-1.,0.));
#4763=DIRECTION('',(1.,-2.16164919124835E-16,0.));
#4764=DIRECTION('',(-1.,2.16164919124835E-16,0.));
#4765=DIRECTION('',(0.,0.,1.));
#4766=DIRECTION('',(1.,-2.16164919124835E-16,0.));
#4767=DIRECTION('',(-2.16164919124835E-16,-1.,0.));
#4768=DIRECTION('',(1.,-2.16164919124835E-16,0.));
#4769=DIRECTION('',(1.,-2.16164919124835E-16,0.));
#4770=DIRECTION('',(-2.16164919124835E-16,-1.,0.));
#4771=DIRECTION('',(1.,-2.16164919124835E-16,0.));
#4772=DIRECTION('',(1.,-2.16164919124835E-16,0.));
#4773=DIRECTION('',(-2.16164919124835E-16,-1.,0.));
#4774=DIRECTION('',(1.,-2.16164919124835E-16,0.));
#4775=DIRECTION('',(1.,-2.16164919124835E-16,0.));
#4776=DIRECTION('',(0.,0.,1.));
#4777=DIRECTION('',(1.,-2.16164919124835E-16,0.));
#4778=DIRECTION('',(-2.16164919124835E-16,-1.,0.));
#4779=DIRECTION('',(1.,-2.16164919124835E-16,0.));
#4780=DIRECTION('',(0.371224760860922,-8.02457704086377E-17,0.928543039887625));
#4781=DIRECTION('',(0.,0.,1.));
#4782=DIRECTION('',(1.,-2.16164919124835E-16,0.));
#4783=DIRECTION('',(-2.16164919124835E-16,-1.,0.));
#4784=DIRECTION('',(1.,-2.16164919124835E-16,0.));
#4785=DIRECTION('',(-2.16164919124835E-16,-1.,0.));
#4786=DIRECTION('',(1.,-2.16164919124835E-16,0.));
#4787=DIRECTION('',(1.,-2.16164919124835E-16,0.));
#4788=DIRECTION('',(2.16164919124835E-16,1.,0.));
#4789=DIRECTION('',(1.,-2.16164919124835E-16,0.));
#4790=DIRECTION('',(1.,-2.16164919124835E-16,0.));
#4791=DIRECTION('',(-2.16164919124835E-16,-1.,0.));
#4792=DIRECTION('',(1.,-2.16164919124835E-16,0.));
#4793=DIRECTION('',(1.,-2.16164919124835E-16,0.));
#4794=DIRECTION('',(-2.16164919124835E-16,-1.,0.));
#4795=DIRECTION('',(1.,-2.16164919124835E-16,0.));
#4796=DIRECTION('',(-1.,2.16164919124835E-16,0.));
#4797=DIRECTION('',(-2.16164919124835E-16,-1.,0.));
#4798=DIRECTION('',(1.,-2.16164919124835E-16,0.));
#4799=DIRECTION('',(-1.,2.16164919124835E-16,0.));
#4800=DIRECTION('',(-2.16164919124835E-16,-1.,0.));
#4801=DIRECTION('',(1.,-2.16164919124835E-16,0.));
#4802=DIRECTION('',(1.,-2.16164919124835E-16,0.));
#4803=DIRECTION('',(0.,0.,-1.));
#4804=DIRECTION('',(-1.,0.,0.));
#4805=DIRECTION('',(0.,0.,-1.));
#4806=DIRECTION('',(-1.,0.,0.));
#4807=DIRECTION('',(0.,0.,-1.));
#4808=DIRECTION('',(-1.,0.,0.));
#4809=DIRECTION('',(0.,0.,-1.));
#4810=DIRECTION('',(-1.,0.,0.));
#4811=DIRECTION('',(0.,0.,-1.));
#4812=DIRECTION('',(-1.,0.,0.));
#4813=DIRECTION('',(-2.16164919124835E-16,-1.,0.));
#4814=DIRECTION('',(0.,0.,-1.));
#4815=DIRECTION('',(-1.,0.,0.));
#4816=DIRECTION('',(1.,-2.16164919124835E-16,0.));
#4817=DIRECTION('',(-2.16164919124835E-16,-1.,0.));
#4818=DIRECTION('',(2.16164919124835E-16,1.,0.));
#4819=DIRECTION('',(0.707106781186548,-0.707106781186547,0.));
#4820=DIRECTION('',(1.,-2.16164919124835E-16,0.));
#4821=DIRECTION('',(2.16164919124835E-16,1.,0.));
#4822=DIRECTION('',(-2.16164919124835E-16,-1.,0.));
#4823=DIRECTION('',(0.,0.,1.));
#4824=DIRECTION('',(-2.16164919124835E-16,-1.,0.));
#4825=DIRECTION('',(1.,-2.16164919124835E-16,0.));
#4826=DIRECTION('',(1.,-2.16164919124835E-16,0.));
#4827=DIRECTION('',(0.,0.,1.));
#4828=DIRECTION('',(1.,-2.16164919124835E-16,0.));
#4829=DIRECTION('',(-2.16164919124835E-16,-1.,0.));
#4830=DIRECTION('',(1.,-2.16164919124835E-16,0.));
#4831=DIRECTION('',(0.,0.,1.));
#4832=DIRECTION('',(-1.,2.16164919124835E-16,0.));
#4833=DIRECTION('',(-2.16164919124835E-16,-1.,0.));
#4834=DIRECTION('',(1.,-2.16164919124835E-16,0.));
#4835=DIRECTION('',(0.371224760860922,-8.02457704086377E-17,-0.928543039887625));
#4836=DIRECTION('',(0.,0.,1.));
#4837=DIRECTION('',(1.,-2.16164919124835E-16,0.));
#4838=DIRECTION('',(0.,0.,1.));
#4839=DIRECTION('',(-0.371224760860922,8.02457704086377E-17,-0.928543039887625));
#4840=DIRECTION('',(-2.16164919124835E-16,-1.,0.));
#4841=DIRECTION('',(1.,-2.16164919124835E-16,0.));
#4842=DIRECTION('',(0.,0.,-1.));
#4843=DIRECTION('',(-1.,0.,0.));
#4844=DIRECTION('',(0.,0.,-1.));
#4845=DIRECTION('',(-1.,0.,0.));
#4846=DIRECTION('',(0.,0.,-1.));
#4847=DIRECTION('',(-1.,0.,0.));
#4848=DIRECTION('',(0.,0.,-1.));
#4849=DIRECTION('',(-1.,0.,0.));
#4850=DIRECTION('',(0.,0.,-1.));
#4851=DIRECTION('',(-1.,0.,0.));
#4852=DIRECTION('',(0.,0.,-1.));
#4853=DIRECTION('',(-1.,0.,0.));
#4854=DIRECTION('',(-2.16164919124835E-16,-1.,0.));
#4855=DIRECTION('',(-0.707106781186548,-0.707106781186547,0.));
#4856=DIRECTION('',(2.16164919124835E-16,1.,0.));
#4857=DIRECTION('',(-2.16164919124835E-16,-1.,0.));
#4858=DIRECTION('',(1.,-2.16164919124835E-16,0.));
#4859=DIRECTION('',(2.16164919124835E-16,1.,0.));
#4860=DIRECTION('',(0.,0.,1.));
#4861=DIRECTION('',(-2.16164919124835E-16,-1.,0.));
#4862=DIRECTION('',(-1.,2.16164919124835E-16,0.));
#4863=DIRECTION('',(-2.16164919124835E-16,-1.,0.));
#4864=DIRECTION('',(2.16164919124835E-16,1.,0.));
#4865=DIRECTION('',(-1.,2.16164919124835E-16,0.));
#4866=DIRECTION('',(0.,0.,-1.));
#4867=DIRECTION('',(2.16164919124835E-16,1.,0.));
#4868=DIRECTION('',(0.,0.,1.));
#4869=DIRECTION('',(-0.928543039887625,2.00718431121237E-16,-0.371224760860922));
#4870=DIRECTION('',(-0.371224760860922,0.,0.928543039887625));
#4871=DIRECTION('',(0.371224760860922,-8.02457704086377E-17,-0.928543039887625));
#4872=DIRECTION('',(-2.16164919124835E-16,-1.,0.));
#4873=DIRECTION('',(-0.371224760860922,8.02457704086377E-17,0.928543039887625));
#4874=DIRECTION('',(-0.928543039887625,2.00718431121237E-16,0.371224760860922));
#4875=DIRECTION('',(0.371224760860922,0.,0.928543039887625));
#4876=DIRECTION('',(-2.16164919124835E-16,-1.,7.16544832964507E-34));
#4877=DIRECTION('',(-0.371224760860922,8.02457704086377E-17,-0.928543039887625));
#4878=DIRECTION('',(2.16164919124835E-16,1.,0.));
#4879=DIRECTION('',(0.371224760860922,-8.02457704086377E-17,0.928543039887625));
#4880=DIRECTION('',(-1.,2.16164919124835E-16,0.));
#4881=DIRECTION('',(-2.16164919124835E-16,-1.,0.));
#4882=DIRECTION('',(-1.,2.16164919124835E-16,0.));
#4883=DIRECTION('',(0.,0.,1.));
#4884=DIRECTION('',(0.,0.,1.));
#4885=DIRECTION('',(2.16164919124835E-16,1.,0.));
#4886=DIRECTION('',(0.,0.,1.));
#4887=DIRECTION('',(1.,0.,0.));
#4888=DIRECTION('',(0.,0.,1.));
#4889=DIRECTION('',(1.,0.,0.));
#4890=DIRECTION('',(0.,0.,1.));
#4891=DIRECTION('',(1.,0.,0.));
#4892=DIRECTION('',(0.,0.,-1.));
#4893=DIRECTION('',(-1.,0.,0.));
#4894=DIRECTION('',(0.,0.,-1.));
#4895=DIRECTION('',(-1.,0.,0.));
#4896=DIRECTION('',(0.,0.,-1.));
#4897=DIRECTION('',(-1.,0.,0.));
#4898=DIRECTION('',(0.,0.,-1.));
#4899=DIRECTION('',(-1.,0.,0.));
#4900=DIRECTION('',(2.16164919124835E-16,1.,0.));
#4901=DIRECTION('',(-1.,2.16164919124835E-16,0.));
#4902=DIRECTION('',(2.16164919124835E-16,1.,0.));
#4903=DIRECTION('',(0.,-1.,0.));
#4904=DIRECTION('',(0.,0.,-1.));
#4905=DIRECTION('',(0.,0.,1.));
#4906=DIRECTION('',(1.,0.,0.));
#4907=DIRECTION('',(-0.707106781186548,-0.707106781186547,0.));
#4908=DIRECTION('',(2.16164919124835E-16,1.,0.));
#4909=DIRECTION('',(2.16164919124835E-16,1.,0.));
#4910=DIRECTION('',(-1.,2.16164919124835E-16,0.));
#4911=DIRECTION('',(2.16164919124835E-16,1.,0.));
#4912=DIRECTION('',(0.,0.,1.));
#4913=DIRECTION('',(1.,0.,0.));
#4914=DIRECTION('',(2.16164919124835E-16,1.,0.));
#4915=DIRECTION('',(-0.707106781186548,0.707106781186547,0.));
#4916=DIRECTION('',(2.16164919124835E-16,1.,0.));
#4917=DIRECTION('',(-1.,2.16164919124835E-16,0.));
#4918=DIRECTION('',(0.,-1.,0.));
#4919=DIRECTION('',(0.,0.,-1.));
#4920=DIRECTION('',(-2.16164919124835E-16,-1.,0.));
#4921=DIRECTION('',(1.,-2.16164919124835E-16,0.));
#4922=DIRECTION('',(0.,0.,1.));
#4923=DIRECTION('',(1.,0.,0.));
#4924=DIRECTION('',(0.,0.,1.));
#4925=DIRECTION('',(1.,0.,0.));
#4926=DIRECTION('',(0.,0.,1.));
#4927=DIRECTION('',(1.,0.,0.));
#4928=DIRECTION('',(0.,0.,1.));
#4929=DIRECTION('',(1.,0.,0.));
#4930=DIRECTION('',(0.,0.,1.));
#4931=DIRECTION('',(1.,0.,0.));
#4932=DIRECTION('',(0.,0.,1.));
#4933=DIRECTION('',(1.,0.,0.));
#4934=DIRECTION('',(0.,0.,1.));
#4935=DIRECTION('',(1.,0.,0.));
#4936=DIRECTION('',(0.,0.,1.));
#4937=DIRECTION('',(1.,0.,0.));
#4938=DIRECTION('',(0.,0.,1.));
#4939=DIRECTION('',(1.,0.,0.));
#4940=DIRECTION('',(0.,0.,1.));
#4941=DIRECTION('',(1.,0.,0.));
#4942=DIRECTION('',(0.,0.,1.));
#4943=DIRECTION('',(1.,0.,0.));
#4944=DIRECTION('',(0.,0.,1.));
#4945=DIRECTION('',(1.,0.,0.));
#4946=DIRECTION('',(0.,0.,1.));
#4947=DIRECTION('',(1.,0.,0.));
#4948=DIRECTION('',(0.,0.,1.));
#4949=DIRECTION('',(1.,0.,0.));
#4950=DIRECTION('',(0.,0.,1.));
#4951=DIRECTION('',(1.,0.,0.));
#4952=DIRECTION('',(0.,0.,1.));
#4953=DIRECTION('',(1.,0.,0.));
#4954=DIRECTION('',(0.,0.,1.));
#4955=DIRECTION('',(1.,0.,0.));
#4956=DIRECTION('',(0.,0.,1.));
#4957=DIRECTION('',(1.,0.,0.));
#4958=DIRECTION('',(0.,0.,1.));
#4959=DIRECTION('',(1.,0.,0.));
#4960=DIRECTION('',(0.,0.,1.));
#4961=DIRECTION('',(1.,0.,0.));
#4962=DIRECTION('',(0.,-1.,0.));
#4963=DIRECTION('',(0.,0.,-1.));
#4964=DIRECTION('',(0.,-1.,0.));
#4965=DIRECTION('',(0.,0.,-1.));
#4966=DIRECTION('',(0.,0.,-1.));
#4967=DIRECTION('',(-1.,0.,0.));
#4968=DIRECTION('',(-2.16164919124835E-16,-1.,0.));
#4969=DIRECTION('',(1.,-2.16164919124835E-16,0.));
#4970=DIRECTION('',(-2.16164919124835E-16,-1.,0.));
#4971=DIRECTION('',(1.,-2.16164919124835E-16,0.));
#4972=DIRECTION('',(0.,0.,1.));
#4973=DIRECTION('',(1.,0.,0.));
#4974=DIRECTION('',(-2.16164919124835E-16,-1.,0.));
#4975=DIRECTION('',(-1.,2.16164919124835E-16,0.));
#4976=DIRECTION('',(-2.16164919124835E-16,-1.,0.));
#4977=DIRECTION('',(-1.,2.16164919124835E-16,0.));
#4978=DIRECTION('',(0.,0.,1.));
#4979=DIRECTION('',(1.,0.,0.));
#4980=DIRECTION('',(0.,0.,-1.));
#4981=DIRECTION('',(-1.,0.,0.));
#4982=DIRECTION('',(0.,0.,1.));
#4983=DIRECTION('',(1.,0.,0.));
#4984=DIRECTION('',(0.,0.,1.));
#4985=DIRECTION('',(1.,0.,0.));
#4986=DIRECTION('',(0.,0.,1.));
#4987=DIRECTION('',(1.,0.,0.));
#4988=DIRECTION('',(0.,0.,-1.));
#4989=DIRECTION('',(-1.,0.,0.));
#4990=DIRECTION('',(0.,0.,1.));
#4991=DIRECTION('',(1.,0.,0.));
#4992=DIRECTION('',(0.,0.,1.));
#4993=DIRECTION('',(1.,0.,0.));
#4994=DIRECTION('',(0.,0.,1.));
#4995=DIRECTION('',(1.,0.,0.));
#4996=DIRECTION('',(0.,0.,-1.));
#4997=DIRECTION('',(-1.,0.,0.));
#4998=DIRECTION('',(0.,0.,1.));
#4999=DIRECTION('',(1.,0.,0.));
#5000=DIRECTION('',(0.,0.,1.));
#5001=DIRECTION('',(1.,0.,0.));
#5002=DIRECTION('',(0.,0.,1.));
#5003=DIRECTION('',(1.,0.,0.));
#5004=DIRECTION('',(0.,0.,-1.));
#5005=DIRECTION('',(-1.,0.,0.));
#5006=DIRECTION('',(0.,0.,1.));
#5007=DIRECTION('',(1.,0.,0.));
#5008=DIRECTION('',(0.,0.,1.));
#5009=DIRECTION('',(1.,0.,0.));
#5010=DIRECTION('',(0.,0.,1.));
#5011=DIRECTION('',(1.,0.,0.));
#5012=DIRECTION('',(0.,0.,-1.));
#5013=DIRECTION('',(-1.,0.,0.));
#5014=DIRECTION('',(0.,0.,1.));
#5015=DIRECTION('',(1.,0.,0.));
#5016=DIRECTION('',(0.,0.,1.));
#5017=DIRECTION('',(1.,0.,0.));
#5018=DIRECTION('',(0.,0.,1.));
#5019=DIRECTION('',(1.,0.,0.));
#5020=DIRECTION('',(0.,0.,-1.));
#5021=DIRECTION('',(-1.,0.,0.));
#5022=DIRECTION('',(0.,0.,1.));
#5023=DIRECTION('',(1.,0.,0.));
#5024=DIRECTION('',(0.,0.,1.));
#5025=DIRECTION('',(1.,0.,0.));
#5026=DIRECTION('',(0.,0.,1.));
#5027=DIRECTION('',(1.,0.,0.));
#5028=DIRECTION('',(0.,0.,-1.));
#5029=DIRECTION('',(-1.,0.,0.));
#5030=DIRECTION('',(0.,0.,1.));
#5031=DIRECTION('',(1.,0.,0.));
#5032=DIRECTION('',(0.,0.,1.));
#5033=DIRECTION('',(1.,0.,0.));
#5034=DIRECTION('',(0.,0.,1.));
#5035=DIRECTION('',(1.,0.,0.));
#5036=DIRECTION('',(0.,0.,-1.));
#5037=DIRECTION('',(-1.,0.,0.));
#5038=DIRECTION('',(0.,0.,1.));
#5039=DIRECTION('',(1.,0.,0.));
#5040=DIRECTION('',(0.,0.,1.));
#5041=DIRECTION('',(1.,0.,0.));
#5042=DIRECTION('',(0.,0.,1.));
#5043=DIRECTION('',(1.,0.,0.));
#5044=DIRECTION('',(0.,0.,1.));
#5045=DIRECTION('',(1.,0.,0.));
#5046=DIRECTION('',(0.,0.,1.));
#5047=DIRECTION('',(1.,0.,0.));
#5048=DIRECTION('',(0.,0.,1.));
#5049=DIRECTION('',(1.,0.,0.));
#5050=DIRECTION('',(0.,0.,1.));
#5051=DIRECTION('',(1.,0.,0.));
#5052=DIRECTION('',(0.,0.,1.));
#5053=DIRECTION('',(1.,0.,0.));
#5054=DIRECTION('',(0.,0.,1.));
#5055=DIRECTION('',(1.,0.,0.));
#5056=DIRECTION('',(0.,0.,1.));
#5057=DIRECTION('',(1.,0.,0.));
#5058=DIRECTION('',(0.,0.,1.));
#5059=DIRECTION('',(1.,0.,0.));
#5060=DIRECTION('',(-0.189019787472602,4.08594470720086E-17,0.981973278630235));
#5061=DIRECTION('',(0.981973278630235,-2.12268174357854E-16,0.189019787472602));
#5062=DIRECTION('',(0.,0.,-1.));
#5063=DIRECTION('',(-1.,0.,0.));
#5064=DIRECTION('',(-0.189019787472602,4.08594470720086E-17,-0.981973278630235));
#5065=DIRECTION('',(0.981973278630235,-2.12268174357854E-16,-0.189019787472602));
#5066=DIRECTION('',(2.16164919124835E-16,1.,0.));
#5067=DIRECTION('',(-1.,2.16164919124835E-16,0.));
#5068=DIRECTION('',(-2.16164919124835E-16,-1.,0.));
#5069=DIRECTION('',(1.,-2.16164919124835E-16,0.));
#5070=DIRECTION('',(-2.16164919124835E-16,-1.,0.));
#5071=DIRECTION('',(1.,-2.16164919124835E-16,0.));
#5072=DIRECTION('',(2.16164919124835E-16,1.,0.));
#5073=DIRECTION('',(-1.,2.16164919124835E-16,0.));
#5074=DIRECTION('',(-2.16164919124835E-16,-1.,0.));
#5075=DIRECTION('',(1.,-2.16164919124835E-16,0.));
#5076=DIRECTION('',(-2.16164919124835E-16,-1.,0.));
#5077=DIRECTION('',(1.,-2.16164919124835E-16,0.));
#5078=DIRECTION('',(0.371224760860922,-8.02457704086377E-17,-0.928543039887625));
#5079=DIRECTION('',(-0.928543039887625,0.,-0.371224760860922));
#5080=DIRECTION('',(-0.371224760860922,0.,0.928543039887624));
#5081=DIRECTION('',(0.928543039887625,0.,0.371224760860922));
#5082=DIRECTION('',(-2.16164919124835E-16,-1.,0.));
#5083=DIRECTION('',(1.,-2.16164919124835E-16,0.));
#5084=DIRECTION('',(1.,0.,0.));
#5085=DIRECTION('',(0.,0.,-1.));
#5086=DIRECTION('',(1.,-2.16164919124835E-16,0.));
#5087=DIRECTION('',(2.16164919124835E-16,1.,0.));
#5088=DIRECTION('',(0.707106781186548,0.707106781186547,0.));
#5089=DIRECTION('',(0.707106781186547,-0.707106781186548,0.));
#5090=DIRECTION('',(2.16164919124835E-16,1.,0.));
#5091=DIRECTION('',(-1.,2.16164919124835E-16,0.));
#5092=DIRECTION('',(0.,-1.,0.));
#5093=DIRECTION('',(0.,0.,-1.));
#5094=DIRECTION('',(0.371224760860922,-8.02457704086377E-17,0.928543039887625));
#5095=DIRECTION('',(0.928543039887625,0.,-0.371224760860922));
#5096=DIRECTION('',(0.371224760860922,0.,0.928543039887624));
#5097=DIRECTION('',(0.928543039887625,0.,-0.371224760860922));
#5098=DIRECTION('',(-2.16164919124835E-16,-1.,0.));
#5099=DIRECTION('',(1.,-2.16164919124835E-16,0.));
#5100=DIRECTION('',(-1.,0.,0.));
#5101=DIRECTION('',(0.,0.,1.));
#5102=DIRECTION('',(1.,-2.16164919124835E-16,0.));
#5103=DIRECTION('',(2.16164919124835E-16,1.,0.));
#5104=DIRECTION('',(0.707106781186547,-0.707106781186548,0.));
#5105=DIRECTION('',(0.707106781186548,0.707106781186547,0.));
#5106=DIRECTION('',(2.16164919124835E-16,1.,0.));
#5107=DIRECTION('',(-1.,2.16164919124835E-16,0.));
#5108=DIRECTION('',(0.,-1.,-3.46944695195363E-15));
#5109=DIRECTION('',(0.,3.46944695195363E-15,-1.));
#5110=DIRECTION('',(0.371224760860922,-8.02457704086377E-17,0.928543039887625));
#5111=DIRECTION('',(0.928543039887625,0.,-0.371224760860922));
#5112=DIRECTION('',(0.371224760860922,0.,0.928543039887625));
#5113=DIRECTION('',(0.928543039887625,0.,-0.371224760860922));
#5114=DIRECTION('',(-2.16164919124835E-16,-1.,0.));
#5115=DIRECTION('',(1.,-2.16164919124835E-16,0.));
#5116=DIRECTION('',(-1.,0.,0.));
#5117=DIRECTION('',(0.,0.,1.));
#5118=DIRECTION('',(-1.,2.16164919124835E-16,0.));
#5119=DIRECTION('',(-2.16164919124835E-16,-1.,0.));
#5120=DIRECTION('',(0.768221279597376,-1.66062490774144E-16,-0.64018439966448));
#5121=DIRECTION('',(0.64018439966448,0.,0.768221279597376));
#5122=DIRECTION('',(0.64018439966448,-1.38385408978454E-16,-0.768221279597376));
#5123=DIRECTION('',(0.768221279597376,0.,0.64018439966448));
#5124=DIRECTION('',(0.,0.,1.));
#5125=DIRECTION('',(1.,0.,0.));
#5126=DIRECTION('',(0.371224760860922,-8.02457704086377E-17,-0.928543039887625));
#5127=DIRECTION('',(-0.928543039887625,0.,-0.371224760860922));
#5128=DIRECTION('',(-0.371224760860922,0.,0.928543039887625));
#5129=DIRECTION('',(0.928543039887625,0.,0.371224760860922));
#5130=DIRECTION('',(-2.16164919124835E-16,-1.,0.));
#5131=DIRECTION('',(1.,-2.16164919124835E-16,0.));
#5132=DIRECTION('',(1.,0.,0.));
#5133=DIRECTION('',(0.,0.,-1.));
#5134=DIRECTION('',(-1.,2.16164919124835E-16,0.));
#5135=DIRECTION('',(-2.16164919124835E-16,-1.,0.));
#5136=DIRECTION('',(0.768221279597376,-1.66062490774144E-16,0.64018439966448));
#5137=DIRECTION('',(-0.64018439966448,0.,0.768221279597376));
#5138=DIRECTION('',(0.64018439966448,-1.38385408978454E-16,0.768221279597376));
#5139=DIRECTION('',(-0.768221279597376,0.,0.64018439966448));
#5140=DIRECTION('',(0.,0.,-1.));
#5141=DIRECTION('',(-1.,0.,0.));
#5142=DIRECTION('',(-9.66718907027755E-17,-0.447213595499959,-0.894427190999916));
#5143=DIRECTION('',(1.,-2.16164919124835E-16,0.));
#5144=DIRECTION('',(-2.16164919124836E-16,-1.,0.));
#5145=DIRECTION('',(1.,-2.16164919124836E-16,0.));
#5146=DIRECTION('',(2.16164919124836E-16,1.,0.));
#5147=DIRECTION('',(-1.,2.16164919124836E-16,0.));
#5148=DIRECTION('',(9.66718907027754E-17,0.447213595499958,0.894427190999916));
#5149=DIRECTION('',(1.,-2.16164919124835E-16,0.));
#5150=CARTESIAN_POINT('',(0.,0.,0.));
#5151=CARTESIAN_POINT('',(-0.0321,-0.02945,0.0136));
#5152=CARTESIAN_POINT('',(-0.0321,-0.02945,0.0136));
#5153=CARTESIAN_POINT('',(-0.0321,-0.02945,0.0136));
#5154=CARTESIAN_POINT('',(-0.0321,0.0356,0.0136));
#5155=CARTESIAN_POINT('',(-0.0321,0.0356,0.0136));
#5156=CARTESIAN_POINT('',(-0.0321,0.0356,0.0026));
#5157=CARTESIAN_POINT('',(-0.0321,-0.02945,0.0026));
#5158=CARTESIAN_POINT('',(-0.0321,0.01705,0.0026));
#5159=CARTESIAN_POINT('',(-0.0321,-0.02945,0.0026));
#5160=CARTESIAN_POINT('',(-0.0321,-0.02945,0.0026));
#5161=CARTESIAN_POINT('',(-0.0321,-0.02945,0.0136));
#5162=CARTESIAN_POINT('',(-0.01855,-0.02945,0.0072));
#5163=CARTESIAN_POINT('',(-0.005,-0.02945,0.0072));
#5164=CARTESIAN_POINT('',(-0.005,-0.02945,0.0072));
#5165=CARTESIAN_POINT('',(-0.005,-0.02505,0.0072));
#5166=CARTESIAN_POINT('',(5.20417042793042E-18,-0.02505,0.0072));
#5167=CARTESIAN_POINT('',(0.005,-0.02505,0.0072));
#5168=CARTESIAN_POINT('',(0.005,-0.02945,0.0072));
#5169=CARTESIAN_POINT('',(0.005,-0.02945,0.0072));
#5170=CARTESIAN_POINT('',(-0.01855,-0.02945,0.0072));
#5171=CARTESIAN_POINT('',(0.01855,-0.02945,0.0026));
#5172=CARTESIAN_POINT('',(5.20417042793042E-18,-0.02505,0.0026));
#5173=CARTESIAN_POINT('',(0.006,-0.02505,0.0026));
#5174=CARTESIAN_POINT('',(-0.006,-0.02505,0.0026));
#5175=CARTESIAN_POINT('',(-0.006,-0.02945,0.0026));
#5176=CARTESIAN_POINT('',(-0.006,-0.02945,0.0026));
#5177=CARTESIAN_POINT('',(-0.01855,-0.02945,0.0026));
#5178=CARTESIAN_POINT('',(-0.0261,0.01705,0.0026));
#5179=CARTESIAN_POINT('',(-0.0261,0.0356,0.0026));
#5180=CARTESIAN_POINT('',(-0.0261,0.0416,0.0026));
#5181=CARTESIAN_POINT('',(3.46944695195361E-18,0.0416,0.0026));
#5182=CARTESIAN_POINT('',(0.0261,0.0416,0.0026));
#5183=CARTESIAN_POINT('',(0.0261,0.0356,0.0026));
#5184=CARTESIAN_POINT('',(0.0321,0.0356,0.0026));
#5185=CARTESIAN_POINT('',(0.0321,-0.02945,0.0026));
#5186=CARTESIAN_POINT('',(0.0321,0.01705,0.0026));
#5187=CARTESIAN_POINT('',(0.0261,0.01705,0.0026));
#5188=CARTESIAN_POINT('',(0.0321,-0.02945,0.0026));
#5189=CARTESIAN_POINT('',(0.0321,-0.02945,0.0026));
#5190=CARTESIAN_POINT('',(0.01855,-0.02945,0.0026));
#5191=CARTESIAN_POINT('',(0.006,-0.02945,0.0026));
#5192=CARTESIAN_POINT('',(0.006,-0.02945,0.0026));
#5193=CARTESIAN_POINT('',(-0.00235,0.00875,0.0026));
#5194=CARTESIAN_POINT('',(-0.0006,0.00875,0.0026));
#5195=CARTESIAN_POINT('',(-0.0201,-0.01025,0.0026));
#5196=CARTESIAN_POINT('',(-0.01835,-0.01025,0.0026));
#5197=CARTESIAN_POINT('',(0.00855,-0.0018,0.0026));
#5198=CARTESIAN_POINT('',(0.01145,-0.0018,0.0026));
#5199=CARTESIAN_POINT('',(0.02255,-0.0018,0.0026));
#5200=CARTESIAN_POINT('',(0.02545,-0.0018,0.0026));
#5201=CARTESIAN_POINT('',(0.0321,-0.02945,0.0136));
#5202=CARTESIAN_POINT('',(0.0321,0.0356,0.0136));
#5203=CARTESIAN_POINT('',(0.0321,0.0356,0.0136));
#5204=CARTESIAN_POINT('',(0.0321,-0.02945,0.0136));
#5205=CARTESIAN_POINT('',(0.0321,-0.02945,0.0136));
#5206=CARTESIAN_POINT('',(0.0321,-0.02945,0.0136));
#5207=CARTESIAN_POINT('',(-0.01855,-0.02945,0.0136));
#5208=CARTESIAN_POINT('',(0.0261,0.0356,0.0136));
#5209=CARTESIAN_POINT('',(0.0261,0.0416,0.0136));
#5210=CARTESIAN_POINT('',(3.46944695195361E-18,0.0416,0.0136));
#5211=CARTESIAN_POINT('',(-0.0261,0.0416,0.0136));
#5212=CARTESIAN_POINT('',(-0.0261,0.0356,0.0136));
#5213=CARTESIAN_POINT('',(-0.01855,-0.02945,0.0136));
#5214=CARTESIAN_POINT('',(0.02255,-0.0018,0.0136));
#5215=CARTESIAN_POINT('',(0.0258,-0.0018,0.0136));
#5216=CARTESIAN_POINT('',(0.00855,-0.0018,0.0136));
#5217=CARTESIAN_POINT('',(0.0118,-0.0018,0.0136));
#5218=CARTESIAN_POINT('',(-0.0201,-0.01025,0.0136));
#5219=CARTESIAN_POINT('',(-0.01685,-0.01025,0.0136));
#5220=CARTESIAN_POINT('',(-0.00235,0.00875,0.0136));
#5221=CARTESIAN_POINT('',(0.0009,0.00875,0.0136));
#5222=CARTESIAN_POINT('',(0.0116224139928818,-0.00743275877311828,0.0136));
#5223=CARTESIAN_POINT('',(0.0137724139928818,-0.00743275877311828,0.0136));
#5224=CARTESIAN_POINT('',(-0.0116224139928818,-0.00743275877311827,0.0136));
#5225=CARTESIAN_POINT('',(-0.00947241399288176,-0.00743275877311827,0.0136));
#5226=CARTESIAN_POINT('',(0.0116224139928818,0.0246327587731183,0.0136));
#5227=CARTESIAN_POINT('',(0.0137724139928818,0.0246327587731183,0.0136));
#5228=CARTESIAN_POINT('',(-0.0116224139928818,0.0246327587731183,0.0136));
#5229=CARTESIAN_POINT('',(-0.00947241399288176,0.0246327587731183,0.0136));
#5230=CARTESIAN_POINT('',(-0.01855,-0.02945,0.0136));
#5231=CARTESIAN_POINT('',(-0.005,-0.02945,0.0072));
#5232=CARTESIAN_POINT('',(0.006,-0.02945,0.0026));
#5233=CARTESIAN_POINT('',(-6.93889390390723E-18,-0.0026,0.0072));
#5234=CARTESIAN_POINT('',(0.00855,-0.0018,0.0072));
#5235=CARTESIAN_POINT('',(0.0103,-0.0018,0.0072));
#5236=CARTESIAN_POINT('',(0.00855,-0.0018,0.0072));
#5237=CARTESIAN_POINT('',(0.01145,-0.0018,0.0072));
#5238=CARTESIAN_POINT('',(-6.93889390390723E-18,-0.0026,0.0072));
#5239=CARTESIAN_POINT('',(0.02255,-0.0018,0.0072));
#5240=CARTESIAN_POINT('',(0.0243,-0.0018,0.0072));
#5241=CARTESIAN_POINT('',(0.02255,-0.0018,0.0072));
#5242=CARTESIAN_POINT('',(0.02545,-0.0018,0.0072));
#5243=CARTESIAN_POINT('',(0.0261,0.0356,0.0136));
#5244=CARTESIAN_POINT('',(0.0261,0.0416,0.0136));
#5245=CARTESIAN_POINT('',(3.46944695195361E-18,0.0416,0.0136));
#5246=CARTESIAN_POINT('',(-0.0261,0.0416,0.0136));
#5247=CARTESIAN_POINT('',(0.02255,-0.0018,0.0136));
#5248=CARTESIAN_POINT('',(0.02255,-0.0018,0.0121));
#5249=CARTESIAN_POINT('',(0.0243,-0.0018,0.0121));
#5250=CARTESIAN_POINT('',(-0.0201,-0.01025,0.0136));
#5251=CARTESIAN_POINT('',(-0.0201,-0.01025,0.0121));
#5252=CARTESIAN_POINT('',(-0.01835,-0.01025,0.0121));
#5253=CARTESIAN_POINT('',(-0.00235,0.00875,0.0136));
#5254=CARTESIAN_POINT('',(-0.00235,0.00875,0.0121));
#5255=CARTESIAN_POINT('',(-0.0006,0.00875,0.0121));
#5256=CARTESIAN_POINT('',(-0.0261,0.0356,0.0136));
#5257=CARTESIAN_POINT('',(0.00855,-0.0018,0.0136));
#5258=CARTESIAN_POINT('',(0.00855,-0.0018,0.0121));
#5259=CARTESIAN_POINT('',(0.0103,-0.0018,0.0121));
#5260=CARTESIAN_POINT('',(0.02255,-0.0018,0.0072));
#5261=CARTESIAN_POINT('',(0.00855,-0.0018,0.0072));
#5262=CARTESIAN_POINT('',(-6.93889390390723E-18,-0.0026,0.0072));
#5263=CARTESIAN_POINT('',(0.0261,0.01705,0.0072));
#5264=CARTESIAN_POINT('',(0.0311,0.01705,0.0072));
#5265=CARTESIAN_POINT('',(-6.93889390390723E-18,-0.0026,0.0072));
#5266=CARTESIAN_POINT('',(-0.0261,0.01705,0.0072));
#5267=CARTESIAN_POINT('',(-0.0211,0.01705,0.0072));
#5268=CARTESIAN_POINT('',(-0.0116224139928818,0.0246327587731183,0.0096));
#5269=CARTESIAN_POINT('',(-0.0116224139928818,0.0246327587731183,0.01285));
#5270=CARTESIAN_POINT('',(-0.00977241399288176,0.0246327587731183,0.01285));
#5271=CARTESIAN_POINT('',(-0.0116224139928818,0.0246327587731183,0.0096));
#5272=CARTESIAN_POINT('',(-0.00977241399288176,0.0246327587731183,0.0096));
#5273=CARTESIAN_POINT('',(1.38777878078145E-17,0.008275,0.0096));
#5274=CARTESIAN_POINT('',(0.0116224139928818,-0.00743275877311828,0.0096));
#5275=CARTESIAN_POINT('',(0.0116224139928818,-0.00743275877311828,0.01285));
#5276=CARTESIAN_POINT('',(0.0134724139928818,-0.00743275877311828,0.01285));
#5277=CARTESIAN_POINT('',(0.0116224139928818,-0.00743275877311828,0.0096));
#5278=CARTESIAN_POINT('',(0.0134724139928818,-0.00743275877311828,0.0096));
#5279=CARTESIAN_POINT('',(1.38777878078145E-17,0.008275,0.0096));
#5280=CARTESIAN_POINT('',(-0.0116224139928818,-0.00743275877311827,0.0096));
#5281=CARTESIAN_POINT('',(-0.0116224139928818,-0.00743275877311827,0.01285));
#5282=CARTESIAN_POINT('',(-0.00977241399288176,-0.00743275877311827,0.01285));
#5283=CARTESIAN_POINT('',(-0.0116224139928818,-0.00743275877311827,0.0096));
#5284=CARTESIAN_POINT('',(-0.00977241399288176,-0.00743275877311827,0.0096));
#5285=CARTESIAN_POINT('',(1.38777878078145E-17,0.008275,0.0096));
#5286=CARTESIAN_POINT('',(0.0116224139928818,0.0246327587731183,0.0096));
#5287=CARTESIAN_POINT('',(0.0116224139928818,0.0246327587731183,0.01285));
#5288=CARTESIAN_POINT('',(0.0134724139928818,0.0246327587731183,0.01285));
#5289=CARTESIAN_POINT('',(0.0116224139928818,0.0246327587731183,0.0096));
#5290=CARTESIAN_POINT('',(0.0134724139928818,0.0246327587731183,0.0096));
#5291=CARTESIAN_POINT('',(1.38777878078145E-17,0.008275,0.0096));
#5292=CARTESIAN_POINT('',(0.0116224139928818,-0.00743275877311828,0.01285));
#5293=CARTESIAN_POINT('',(-0.0116224139928818,-0.00743275877311827,0.0136));
#5294=CARTESIAN_POINT('',(0.0116224139928818,0.0246327587731183,0.0136));
#5295=CARTESIAN_POINT('',(-0.0116224139928818,0.0246327587731183,0.01285));
#5296=CARTESIAN_POINT('',(0.02255,-0.0018,0.0121));
#5297=CARTESIAN_POINT('',(0.00855,-0.0018,0.0121));
#5298=CARTESIAN_POINT('',(-0.0201,-0.01025,0.0121));
#5299=CARTESIAN_POINT('',(-0.00235,0.00875,0.0121));
#5300=CARTESIAN_POINT('',(0.006,-0.02945,0.0026));
#5301=CARTESIAN_POINT('',(0.006,-0.02505,0.0026));
#5302=CARTESIAN_POINT('',(5.20417042793042E-18,-0.02505,0.0026));
#5303=CARTESIAN_POINT('',(-0.006,-0.02505,0.0026));
#5304=CARTESIAN_POINT('',(-0.005,-0.02945,0.0072));
#5305=CARTESIAN_POINT('',(0.0261,0.01705,0.0026));
#5306=CARTESIAN_POINT('',(-0.0261,0.01705,0.0026));
#5307=CARTESIAN_POINT('',(0.,0.,0.));
#5308=CARTESIAN_POINT('',(-6.93889390390723E-18,0.02655,0.0476));
#5309=CARTESIAN_POINT('',(-6.93889390390723E-18,0.02655,0.0476));
#5310=CARTESIAN_POINT('',(0.0208566536146142,0.02655,0.0476));
#5311=CARTESIAN_POINT('',(0.0241126983722081,0.02655,0.0476));
#5312=CARTESIAN_POINT('',(0.00764823227814083,0.02655,0.0640644660940673));
#5313=CARTESIAN_POINT('',(0.015556349186104,0.02655,0.056156349186104));
#5314=CARTESIAN_POINT('',(1.04341002461905E-17,0.02655,0.0406));
#5315=CARTESIAN_POINT('',(-6.93889390390723E-18,0.02655,0.0476));
#5316=CARTESIAN_POINT('',(0.00764823227814083,0.02655,0.0640644660940673));
#5317=CARTESIAN_POINT('',(0.013254833995939,0.02655,0.0584578643762691));
#5318=CARTESIAN_POINT('',(-0.00260303038032999,0.02655,0.0343157287525381));
#5319=CARTESIAN_POINT('',(0.00325483399593905,0.02655,0.0626));
#5320=CARTESIAN_POINT('',(-0.0111837661840735,0.02655,0.0626));
#5321=CARTESIAN_POINT('',(1.04341002461905E-17,0.02655,0.0626));
#5322=CARTESIAN_POINT('',(1.04341002461905E-17,0.02655,0.0406));
#5323=CARTESIAN_POINT('',(-6.93889390390723E-18,0.02655,0.0476));
#5324=CARTESIAN_POINT('',(-0.0111837661840735,0.02655,0.0626));
#5325=CARTESIAN_POINT('',(-0.00325483399593904,0.02655,0.0626));
#5326=CARTESIAN_POINT('',(0.00260303038033001,0.02655,0.0343157287525381));
#5327=CARTESIAN_POINT('',(-0.013254833995939,0.02655,0.0584578643762691));
#5328=CARTESIAN_POINT('',(-0.0234644660940673,0.02655,0.0482482322781408));
#5329=CARTESIAN_POINT('',(-0.015556349186104,0.02655,0.0561563491861041));
#5330=CARTESIAN_POINT('',(1.04341002461905E-17,0.02655,0.0406));
#5331=CARTESIAN_POINT('',(-2.60208521396521E-18,0.01855,0.0476));
#5332=CARTESIAN_POINT('',(8.70478089319187E-18,0.01855,0.0406));
#5333=CARTESIAN_POINT('',(0.0208566536146142,0.01855,0.0476));
#5334=CARTESIAN_POINT('',(0.015556349186104,0.01855,0.056156349186104));
#5335=CARTESIAN_POINT('',(0.012056349186104,0.01855,0.0596563491861041));
#5336=CARTESIAN_POINT('',(0.0241126983722081,0.01855,0.0476));
#5337=CARTESIAN_POINT('',(-2.60208521396521E-18,0.01855,0.0476));
#5338=CARTESIAN_POINT('',(-2.60208521396521E-18,0.01855,0.0476));
#5339=CARTESIAN_POINT('',(-2.60208521396521E-18,0.01855,0.0626));
#5340=CARTESIAN_POINT('',(8.70478089319187E-18,0.01855,0.0626));
#5341=CARTESIAN_POINT('',(0.00325483399593904,0.01855,0.0626));
#5342=CARTESIAN_POINT('',(-0.00260303038033001,0.01855,0.0343157287525381));
#5343=CARTESIAN_POINT('',(0.013254833995939,0.01855,0.0584578643762691));
#5344=CARTESIAN_POINT('',(0.012056349186104,0.01855,0.0596563491861041));
#5345=CARTESIAN_POINT('',(8.70478089319187E-18,0.01855,0.0406));
#5346=CARTESIAN_POINT('',(-2.60208521396521E-18,0.01855,0.0476));
#5347=CARTESIAN_POINT('',(-0.012056349186104,0.01855,0.0596563491861041));
#5348=CARTESIAN_POINT('',(-0.015556349186104,0.01855,0.0561563491861041));
#5349=CARTESIAN_POINT('',(-0.013254833995939,0.01855,0.0584578643762691));
#5350=CARTESIAN_POINT('',(0.00260303038033001,0.01855,0.0343157287525381));
#5351=CARTESIAN_POINT('',(-0.00325483399593903,0.01855,0.0626));
#5352=CARTESIAN_POINT('',(-2.60208521396521E-18,0.01855,0.0626));
#5353=CARTESIAN_POINT('',(8.70478089319187E-18,0.01855,0.0406));
#5354=CARTESIAN_POINT('',(6.53898880352629E-19,-0.02945,0.0676));
#5355=CARTESIAN_POINT('',(6.53898880352629E-19,-0.02945,0.0676));
#5356=CARTESIAN_POINT('',(0.00869848480983498,-0.02945,0.0676));
#5357=CARTESIAN_POINT('',(-0.008698484809835,-0.02945,0.0676));
#5358=CARTESIAN_POINT('',(0.00869848480983498,-0.02945,0.0676));
#5359=CARTESIAN_POINT('',(0.00869848480983498,0.0131934246258146,0.0676));
#5360=CARTESIAN_POINT('',(0.0111837661840735,-0.0147342712474619,0.0676));
#5361=CARTESIAN_POINT('',(0.00532590180780451,0.01355,0.0676));
#5362=CARTESIAN_POINT('',(6.53898880352629E-19,0.01355,0.0676));
#5363=CARTESIAN_POINT('',(-0.00532590180780451,0.01355,0.0676));
#5364=CARTESIAN_POINT('',(-0.0111837661840735,-0.0147342712474619,0.0676));
#5365=CARTESIAN_POINT('',(-0.00869848480983499,0.0131934246258146,0.0676));
#5366=CARTESIAN_POINT('',(-0.008698484809835,-0.02945,0.0676));
#5367=CARTESIAN_POINT('',(0.0190918830920368,-0.02945,0.0596918830920368));
#5368=CARTESIAN_POINT('',(0.027,0.03155,0.0517837661840736));
#5369=CARTESIAN_POINT('',(0.0153259018078045,0.03155,0.0634578643762691));
#5370=CARTESIAN_POINT('',(0.0252426406871193,0.03155,0.0535411254969543));
#5371=CARTESIAN_POINT('',(0.0252426406871193,0.04155,0.0535411254969543));
#5372=CARTESIAN_POINT('',(0.0252426406871193,0.04155,0.0535411254969543));
#5373=CARTESIAN_POINT('',(0.0190918830920368,0.04155,0.0596918830920368));
#5374=CARTESIAN_POINT('',(0.0129411254969543,0.04155,0.0658426406871193));
#5375=CARTESIAN_POINT('',(0.0129411254969543,-0.02945,0.0658426406871193));
#5376=CARTESIAN_POINT('',(0.0129411254969543,0.0319065753741853,0.0658426406871193));
#5377=CARTESIAN_POINT('',(0.0111837661840736,0.0598342712474619,0.0676));
#5378=CARTESIAN_POINT('',(-0.0190918830920368,-0.02945,0.0596918830920368));
#5379=CARTESIAN_POINT('',(-0.0190918830920368,0.04155,0.0596918830920368));
#5380=CARTESIAN_POINT('',(-0.0129411254969543,0.04155,0.0658426406871193));
#5381=CARTESIAN_POINT('',(-0.0252426406871193,0.04155,0.0535411254969543));
#5382=CARTESIAN_POINT('',(-0.0252426406871193,-0.02945,0.0535411254969543));
#5383=CARTESIAN_POINT('',(-0.0252426406871193,0.03155,0.0535411254969543));
#5384=CARTESIAN_POINT('',(-0.0111837661840736,0.03155,0.0676));
#5385=CARTESIAN_POINT('',(-0.0153259018078045,0.03155,0.0634578643762691));
#5386=CARTESIAN_POINT('',(-0.0111837661840736,0.0598342712474619,0.0676));
#5387=CARTESIAN_POINT('',(-0.0129411254969543,0.0319065753741853,0.0658426406871193));
#5388=CARTESIAN_POINT('',(-0.0129411254969543,-0.02945,0.0658426406871193));
#5389=CARTESIAN_POINT('',(1.36765740330631E-17,0.04155,0.0406));
#5390=CARTESIAN_POINT('',(-5.90310629176067E-19,-0.02445,0.0406));
#5391=CARTESIAN_POINT('',(-0.022,-0.02445,0.0406));
#5392=CARTESIAN_POINT('',(0.022,-0.02445,0.0406));
#5393=CARTESIAN_POINT('',(-0.022,0.04155,0.0406));
#5394=CARTESIAN_POINT('',(-0.022,0.04155,0.0406));
#5395=CARTESIAN_POINT('',(1.36765740330631E-17,0.04155,0.0406));
#5396=CARTESIAN_POINT('',(0.022,0.04155,0.0406));
#5397=CARTESIAN_POINT('',(0.022,0.04155,0.0406));
#5398=CARTESIAN_POINT('',(1.04341002461905E-17,0.02655,0.0406));
#5399=CARTESIAN_POINT('',(-0.0208566536146142,0.02655,0.0476));
#5400=CARTESIAN_POINT('',(-0.0208566536146142,0.04155,0.0476));
#5401=CARTESIAN_POINT('',(-0.0208566536146142,0.01855,0.0476));
#5402=CARTESIAN_POINT('',(8.70478089319187E-18,0.01855,0.0406));
#5403=CARTESIAN_POINT('',(0.0208566536146143,0.04155,0.0476));
#5404=CARTESIAN_POINT('',(-2.34538937250446E-18,-0.02445,0.0376));
#5405=CARTESIAN_POINT('',(-0.02955,-0.02445,0.0406));
#5406=CARTESIAN_POINT('',(-0.01615,-0.02445,0.0406));
#5407=CARTESIAN_POINT('',(0.0245,-0.02445,0.0406));
#5408=CARTESIAN_POINT('',(0.01615,-0.02445,0.0406));
#5409=CARTESIAN_POINT('',(0.01415,-0.02445,0.0406));
#5410=CARTESIAN_POINT('',(0.01215,-0.02445,0.0406));
#5411=CARTESIAN_POINT('',(0.01055,-0.02445,0.0406));
#5412=CARTESIAN_POINT('',(0.00895,-0.02445,0.0406));
#5413=CARTESIAN_POINT('',(-3.46944695195361E-18,-0.02445,0.0406));
#5414=CARTESIAN_POINT('',(-0.00895,-0.02445,0.0406));
#5415=CARTESIAN_POINT('',(-0.01055,-0.02445,0.0406));
#5416=CARTESIAN_POINT('',(-0.01215,-0.02445,0.0406));
#5417=CARTESIAN_POINT('',(-0.01415,-0.02445,0.0406));
#5418=CARTESIAN_POINT('',(-1.71799166959559E-17,-0.02445,0.0439964363019634));
#5419=CARTESIAN_POINT('',(0.0112974286762828,-0.02445,0.0472390224470189));
#5420=CARTESIAN_POINT('',(-0.0112974286762828,-0.02445,0.0472390224470189));
#5421=CARTESIAN_POINT('',(-2.34538937250446E-18,-0.02445,0.0472390224470189));
#5422=CARTESIAN_POINT('',(0.0162974286762828,-0.02445,0.0472390224470189));
#5423=CARTESIAN_POINT('',(-1.23484210050062E-18,-0.02445,0.0441652379375094));
#5424=CARTESIAN_POINT('',(-0.0162974286762828,-0.02445,0.0472390224470189));
#5425=CARTESIAN_POINT('',(-2.34538937250446E-18,-0.02445,0.0472390224470189));
#5426=CARTESIAN_POINT('',(-3.42621396812864E-18,-0.02945,0.0376));
#5427=CARTESIAN_POINT('',(-0.0162974286762828,-0.02945,0.044739022447019));
#5428=CARTESIAN_POINT('',(-0.00922371979901775,-0.02945,0.044739022447019));
#5429=CARTESIAN_POINT('',(-0.0190761346797124,-0.02945,0.044739022447019));
#5430=CARTESIAN_POINT('',(-2.3156666961248E-18,-0.02945,0.0441652379375094));
#5431=CARTESIAN_POINT('',(0.0190761346797124,-0.02945,0.044739022447019));
#5432=CARTESIAN_POINT('',(-3.42621396812864E-18,-0.02945,0.044739022447019));
#5433=CARTESIAN_POINT('',(0.00922371979901772,-0.02945,0.044739022447019));
#5434=CARTESIAN_POINT('',(-1.82607412915801E-17,-0.02945,0.0439964363019634));
#5435=CARTESIAN_POINT('',(-0.0190918830920368,-0.02945,0.0596918830920368));
#5436=CARTESIAN_POINT('',(-0.0129411254969543,-0.02945,0.0658426406871193));
#5437=CARTESIAN_POINT('',(-0.0252426406871193,-0.02945,0.0535411254969543));
#5438=CARTESIAN_POINT('',(-0.021,-0.02945,0.049298484809835));
#5439=CARTESIAN_POINT('',(-0.027,-0.02945,0.049298484809835));
#5440=CARTESIAN_POINT('',(-0.027,-0.02945,0.0481918830920368));
#5441=CARTESIAN_POINT('',(-0.027,-0.02945,0.0436));
#5442=CARTESIAN_POINT('',(-3.42621396812864E-18,-0.02945,0.0436));
#5443=CARTESIAN_POINT('',(-0.0381,-0.02945,0.0436));
#5444=CARTESIAN_POINT('',(-0.0381,-0.02945,0.0426));
#5445=CARTESIAN_POINT('',(-0.0381,-0.02945,0.0406));
#5446=CARTESIAN_POINT('',(-0.02955,-0.02945,0.0406));
#5447=CARTESIAN_POINT('',(-0.01765,-0.02945,0.0406));
#5448=CARTESIAN_POINT('',(-0.01415,-0.02945,0.0406));
#5449=CARTESIAN_POINT('',(-0.01065,-0.02945,0.0406));
#5450=CARTESIAN_POINT('',(-0.01055,-0.02945,0.0406));
#5451=CARTESIAN_POINT('',(-0.00895,-0.02945,0.0406));
#5452=CARTESIAN_POINT('',(-4.55027154757779E-18,-0.02945,0.0406));
#5453=CARTESIAN_POINT('',(0.00895,-0.02945,0.0406));
#5454=CARTESIAN_POINT('',(0.01055,-0.02945,0.0406));
#5455=CARTESIAN_POINT('',(0.01065,-0.02945,0.0406));
#5456=CARTESIAN_POINT('',(0.01415,-0.02945,0.0406));
#5457=CARTESIAN_POINT('',(0.01765,-0.02945,0.0406));
#5458=CARTESIAN_POINT('',(0.0245,-0.02945,0.0406));
#5459=CARTESIAN_POINT('',(0.0381,-0.02945,0.0406));
#5460=CARTESIAN_POINT('',(0.0381,-0.02945,0.0426));
#5461=CARTESIAN_POINT('',(0.0381,-0.02945,0.0436));
#5462=CARTESIAN_POINT('',(0.027,-0.02945,0.0436));
#5463=CARTESIAN_POINT('',(0.027,-0.02945,0.0436));
#5464=CARTESIAN_POINT('',(0.027,-0.02945,0.0481918830920368));
#5465=CARTESIAN_POINT('',(0.027,-0.02945,0.049298484809835));
#5466=CARTESIAN_POINT('',(0.021,-0.02945,0.049298484809835));
#5467=CARTESIAN_POINT('',(0.0252426406871193,-0.02945,0.0535411254969543));
#5468=CARTESIAN_POINT('',(0.0190918830920368,-0.02945,0.0596918830920368));
#5469=CARTESIAN_POINT('',(0.0129411254969543,-0.02945,0.0658426406871193));
#5470=CARTESIAN_POINT('',(0.00869848480983498,-0.02945,0.0616));
#5471=CARTESIAN_POINT('',(-0.008698484809835,-0.02945,0.0616));
#5472=CARTESIAN_POINT('',(-0.02955,-0.02945,0.0446));
#5473=CARTESIAN_POINT('',(-0.031425,-0.017501442841485,0.0446));
#5474=CARTESIAN_POINT('',(-0.0314249490015282,-0.0175013540729048,0.0446004139583346));
#5475=CARTESIAN_POINT('',(-0.03255,-0.0168519237886467,0.0446));
#5476=CARTESIAN_POINT('',(-0.03255,-0.01945,0.0446));
#5477=CARTESIAN_POINT('',(-0.033676194706248,-0.0175019581807138,0.0446000517541548));
#5478=CARTESIAN_POINT('',(-0.033675,-0.017501442841485,0.0446));
#5479=CARTESIAN_POINT('',(-0.031425,0.033498557158515,0.0446));
#5480=CARTESIAN_POINT('',(-0.031424949001528,0.0334986459270955,0.0446004139583343));
#5481=CARTESIAN_POINT('',(-0.03255,0.0341480762113534,0.0446));
#5482=CARTESIAN_POINT('',(-0.03255,0.03155,0.0446));
#5483=CARTESIAN_POINT('',(-0.0336761947062462,0.0334980418192871,0.0446000517541549));
#5484=CARTESIAN_POINT('',(-0.033675,0.033498557158515,0.0446));
#5485=CARTESIAN_POINT('',(-0.031425,0.017248557158515,0.0446));
#5486=CARTESIAN_POINT('',(-0.031424949001528,0.0172486459270954,0.0446004139583344));
#5487=CARTESIAN_POINT('',(-0.03255,0.0178980762113534,0.0446));
#5488=CARTESIAN_POINT('',(-0.03255,0.0153,0.0446));
#5489=CARTESIAN_POINT('',(-0.0336761947062477,0.017248041819286,0.0446000517541549));
#5490=CARTESIAN_POINT('',(-0.033675,0.017248557158515,0.0446));
#5491=CARTESIAN_POINT('',(-0.031425,-0.00125144284148501,0.0446));
#5492=CARTESIAN_POINT('',(-0.0314249490015281,-0.00125135407290476,0.0446004139583345));
#5493=CARTESIAN_POINT('',(-0.03255,-0.00060192378864668,0.0446));
#5494=CARTESIAN_POINT('',(-0.03255,-0.0032,0.0446));
#5495=CARTESIAN_POINT('',(-0.0336761947062478,-0.00125195818071392,0.0446000517541548));
#5496=CARTESIAN_POINT('',(-0.033675,-0.00125144284148501,0.0446));
#5497=CARTESIAN_POINT('',(-0.0321,0.03555,0.0446));
#5498=CARTESIAN_POINT('',(-0.0371,0.03555,0.0446));
#5499=CARTESIAN_POINT('',(-0.0321,0.04055,0.0446));
#5500=CARTESIAN_POINT('',(-0.0371,-0.02945,0.0446));
#5501=CARTESIAN_POINT('',(-0.0371,-0.02845,0.0446));
#5502=CARTESIAN_POINT('',(-0.02955,-0.02845,0.0446));
#5503=CARTESIAN_POINT('',(-0.027,-0.02845,0.0446));
#5504=CARTESIAN_POINT('',(-0.027,-0.02945,0.0446));
#5505=CARTESIAN_POINT('',(-0.027,0.04055,0.0446));
#5506=CARTESIAN_POINT('',(-0.0381,0.04055,0.0446));
#5507=CARTESIAN_POINT('',(0.02955,-0.02945,0.0446));
#5508=CARTESIAN_POINT('',(0.0578387748154254,0.0195475952641917,0.0446));
#5509=CARTESIAN_POINT('',(0.0336750509984721,0.0334986459270955,0.0446004139583343));
#5510=CARTESIAN_POINT('',(0.03255,0.0341480762113533,0.0446));
#5511=CARTESIAN_POINT('',(0.03255,0.03155,0.0446));
#5512=CARTESIAN_POINT('',(0.031423805293753,0.0334980418192866,0.0446000517541548));
#5513=CARTESIAN_POINT('',(0.031425,0.033498557158515,0.0446));
#5514=CARTESIAN_POINT('',(0.0427915834246708,-0.00651490473580837,0.0446));
#5515=CARTESIAN_POINT('',(0.0336750509984719,-0.00125135407290477,0.0446004139583345));
#5516=CARTESIAN_POINT('',(0.03255,-0.00060192378864669,0.0446));
#5517=CARTESIAN_POINT('',(0.03255,-0.0032,0.0446));
#5518=CARTESIAN_POINT('',(0.0314238052937513,-0.00125195818071435,0.0446000517541547));
#5519=CARTESIAN_POINT('',(0.031425,-0.00125144284148502,0.0446));
#5520=CARTESIAN_POINT('',(0.0357551270189222,-0.0187024047358084,0.0446));
#5521=CARTESIAN_POINT('',(0.0336750509984719,-0.0175013540729048,0.0446004139583346));
#5522=CARTESIAN_POINT('',(0.03255,-0.0168519237886467,0.0446));
#5523=CARTESIAN_POINT('',(0.03255,-0.01945,0.0446));
#5524=CARTESIAN_POINT('',(0.0314238052937512,-0.0175019581807142,0.0446000517541547));
#5525=CARTESIAN_POINT('',(0.031425,-0.017501442841485,0.0446));
#5526=CARTESIAN_POINT('',(0.0508023184096768,0.00736009526419163,0.0446));
#5527=CARTESIAN_POINT('',(0.033675050998472,0.0172486459270954,0.0446004139583344));
#5528=CARTESIAN_POINT('',(0.03255,0.0178980762113533,0.0446));
#5529=CARTESIAN_POINT('',(0.03255,0.0153,0.0446));
#5530=CARTESIAN_POINT('',(0.0314238052937515,0.0172480418192855,0.0446000517541548));
#5531=CARTESIAN_POINT('',(0.031425,0.017248557158515,0.0446));
#5532=CARTESIAN_POINT('',(0.0321,0.03555,0.0446));
#5533=CARTESIAN_POINT('',(0.0321,0.04055,0.0446));
#5534=CARTESIAN_POINT('',(0.0371,0.03555,0.0446));
#5535=CARTESIAN_POINT('',(0.02955,0.04055,0.0446));
#5536=CARTESIAN_POINT('',(0.027,0.04055,0.0446));
#5537=CARTESIAN_POINT('',(0.027,-0.02945,0.0446));
#5538=CARTESIAN_POINT('',(0.027,-0.02845,0.0446));
#5539=CARTESIAN_POINT('',(0.0381,-0.02845,0.0446));
#5540=CARTESIAN_POINT('',(0.0371,-0.02845,0.0446));
#5541=CARTESIAN_POINT('',(0.0371,0.04155,0.0446));
#5542=CARTESIAN_POINT('',(-0.02955,-0.02945,0.0406));
#5543=CARTESIAN_POINT('',(-0.0508023184096769,0.00736009526419164,0.0406));
#5544=CARTESIAN_POINT('',(-0.0336750460403488,0.0172486372968929,0.0406014128030636));
#5545=CARTESIAN_POINT('',(-0.03255,0.0178980762113534,0.0406));
#5546=CARTESIAN_POINT('',(-0.03255,0.0153,0.0406));
#5547=CARTESIAN_POINT('',(-0.0314240795654842,0.0172481601531659,0.0406008079111618));
#5548=CARTESIAN_POINT('',(-0.031425,0.017248557158515,0.0406));
#5549=CARTESIAN_POINT('',(-0.0357551270189222,-0.0187024047358084,0.0406));
#5550=CARTESIAN_POINT('',(-0.0336750460403487,-0.0175013627031073,0.0406014128030638));
#5551=CARTESIAN_POINT('',(-0.03255,-0.0168519237886467,0.0406));
#5552=CARTESIAN_POINT('',(-0.03255,-0.01945,0.0406));
#5553=CARTESIAN_POINT('',(-0.0314240795654839,-0.0175018398468339,0.0406008079111616));
#5554=CARTESIAN_POINT('',(-0.031425,-0.017501442841485,0.0406));
#5555=CARTESIAN_POINT('',(-0.0381,0.04155,0.0406));
#5556=CARTESIAN_POINT('',(-0.0381,0.03555,0.0406));
#5557=CARTESIAN_POINT('',(-0.0321,0.03555,0.0406));
#5558=CARTESIAN_POINT('',(-0.0321,0.04155,0.0406));
#5559=CARTESIAN_POINT('',(-0.02955,0.04155,0.0406));
#5560=CARTESIAN_POINT('',(-0.01615,-0.02945,0.0406));
#5561=CARTESIAN_POINT('',(-0.01615,-0.02795,0.0406));
#5562=CARTESIAN_POINT('',(-0.01415,-0.02595,0.0406));
#5563=CARTESIAN_POINT('',(-0.0578387748154254,0.0195475952641917,0.0406));
#5564=CARTESIAN_POINT('',(-0.0336750460403488,0.033498637296893,0.0406014128030636));
#5565=CARTESIAN_POINT('',(-0.03255,0.0341480762113534,0.0406));
#5566=CARTESIAN_POINT('',(-0.03255,0.03155,0.0406));
#5567=CARTESIAN_POINT('',(-0.0314240795654854,0.0334981601531668,0.0406008079111623));
#5568=CARTESIAN_POINT('',(-0.031425,0.033498557158515,0.0406));
#5569=CARTESIAN_POINT('',(-0.0427915834246708,-0.00651490473580835,0.0406));
#5570=CARTESIAN_POINT('',(-0.0336750460403488,-0.00125136270310721,0.0406014128030638));
#5571=CARTESIAN_POINT('',(-0.03255,-0.000601923788646677,0.0406));
#5572=CARTESIAN_POINT('',(-0.03255,-0.0032,0.0406));
#5573=CARTESIAN_POINT('',(-0.031424079565484,-0.00125183984683404,0.0406008079111616));
#5574=CARTESIAN_POINT('',(-0.031425,-0.00125144284148501,0.0406));
#5575=CARTESIAN_POINT('',(-0.03255,-0.01945,0.0304));
#5576=CARTESIAN_POINT('',(-0.031425,-0.017501442841485,0.040603));
#5577=CARTESIAN_POINT('',(-0.033675,-0.017501442841485,0.040603));
#5578=CARTESIAN_POINT('',(-0.03255,-0.0032,0.0304));
#5579=CARTESIAN_POINT('',(-0.031425,-0.00125144284148501,0.040603));
#5580=CARTESIAN_POINT('',(-0.033675,-0.00125144284148501,0.040603));
#5581=CARTESIAN_POINT('',(-0.03255,0.0153,0.0304));
#5582=CARTESIAN_POINT('',(-0.031425,0.017248557158515,0.040603));
#5583=CARTESIAN_POINT('',(-0.033675,0.017248557158515,0.040603));
#5584=CARTESIAN_POINT('',(-0.03255,0.03155,0.0304));
#5585=CARTESIAN_POINT('',(-0.031425,0.033498557158515,0.040603));
#5586=CARTESIAN_POINT('',(-0.033675,0.033498557158515,0.040603));
#5587=CARTESIAN_POINT('',(0.03255,-0.01945,0.0281));
#5588=CARTESIAN_POINT('',(0.033675,-0.017501442841485,0.040603));
#5589=CARTESIAN_POINT('',(0.0336759206189224,-0.0175018399525291,0.0406008078969545));
#5590=CARTESIAN_POINT('',(0.03255,-0.01945,0.0406));
#5591=CARTESIAN_POINT('',(0.0314249539596908,-0.0175013627031451,0.0406014128030637));
#5592=CARTESIAN_POINT('',(0.031425,-0.017501442841485,0.040603));
#5593=CARTESIAN_POINT('',(0.03255,-0.0032,0.0281));
#5594=CARTESIAN_POINT('',(0.033675,-0.00125144284148502,0.040603));
#5595=CARTESIAN_POINT('',(0.0336759206189223,-0.00125183995252921,0.0406008078969545));
#5596=CARTESIAN_POINT('',(0.03255,-0.0032,0.0406));
#5597=CARTESIAN_POINT('',(0.0314249539596908,-0.00125136270314508,0.0406014128030636));
#5598=CARTESIAN_POINT('',(0.031425,-0.00125144284148502,0.040603));
#5599=CARTESIAN_POINT('',(0.03255,0.0153,0.0281));
#5600=CARTESIAN_POINT('',(0.033675,0.017248557158515,0.040603));
#5601=CARTESIAN_POINT('',(0.0336759206189222,0.0172481600474707,0.0406008078969547));
#5602=CARTESIAN_POINT('',(0.03255,0.0153,0.0406));
#5603=CARTESIAN_POINT('',(0.0314249539596907,0.0172486372968551,0.0406014128030635));
#5604=CARTESIAN_POINT('',(0.031425,0.017248557158515,0.040603));
#5605=CARTESIAN_POINT('',(0.03255,0.03155,0.0281));
#5606=CARTESIAN_POINT('',(0.033675,0.033498557158515,0.040603));
#5607=CARTESIAN_POINT('',(0.0336759206189209,0.0334981600474716,0.0406008078969552));
#5608=CARTESIAN_POINT('',(0.03255,0.03155,0.0406));
#5609=CARTESIAN_POINT('',(0.0314249539596907,0.0334986372968551,0.0406014128030634));
#5610=CARTESIAN_POINT('',(0.031425,0.033498557158515,0.040603));
#5611=CARTESIAN_POINT('',(-0.01415,-0.02945,0.0406));
#5612=CARTESIAN_POINT('',(-0.01215,-0.02945,0.0406));
#5613=CARTESIAN_POINT('',(-0.01215,-0.02795,0.0406));
#5614=CARTESIAN_POINT('',(-0.01415,-0.02795,0.0406));
#5615=CARTESIAN_POINT('',(-0.01055,-0.02945,0.0406));
#5616=CARTESIAN_POINT('',(-0.01415,-0.02595,0.0406));
#5617=CARTESIAN_POINT('',(-0.00895,-0.02945,0.0406));
#5618=CARTESIAN_POINT('',(-4.55027154757779E-18,-0.02945,0.0406));
#5619=CARTESIAN_POINT('',(0.00895,-0.02945,0.0406));
#5620=CARTESIAN_POINT('',(0.01055,-0.02945,0.0406));
#5621=CARTESIAN_POINT('',(0.01215,-0.02945,0.0406));
#5622=CARTESIAN_POINT('',(0.01215,-0.02795,0.0406));
#5623=CARTESIAN_POINT('',(0.01415,-0.02595,0.0406));
#5624=CARTESIAN_POINT('',(0.01415,-0.02945,0.0406));
#5625=CARTESIAN_POINT('',(0.01615,-0.02945,0.0406));
#5626=CARTESIAN_POINT('',(0.01615,-0.02795,0.0406));
#5627=CARTESIAN_POINT('',(0.01415,-0.02795,0.0406));
#5628=CARTESIAN_POINT('',(0.0245,-0.02945,0.0406));
#5629=CARTESIAN_POINT('',(0.031425,0.033498557158515,0.0406));
#5630=CARTESIAN_POINT('',(0.03255,0.0341480762113533,0.0406));
#5631=CARTESIAN_POINT('',(0.033675,0.033498557158515,0.0406));
#5632=CARTESIAN_POINT('',(0.031425,0.017248557158515,0.0406));
#5633=CARTESIAN_POINT('',(0.03255,0.0178980762113533,0.0406));
#5634=CARTESIAN_POINT('',(0.033675,0.017248557158515,0.0406));
#5635=CARTESIAN_POINT('',(0.031425,-0.00125144284148502,0.0406));
#5636=CARTESIAN_POINT('',(0.03255,-0.000601923788646694,0.0406));
#5637=CARTESIAN_POINT('',(0.033675,-0.00125144284148502,0.0406));
#5638=CARTESIAN_POINT('',(0.031425,-0.017501442841485,0.0406));
#5639=CARTESIAN_POINT('',(0.03255,-0.0168519237886467,0.0406));
#5640=CARTESIAN_POINT('',(0.033675,-0.017501442841485,0.0406));
#5641=CARTESIAN_POINT('',(0.0245,0.04155,0.0406));
#5642=CARTESIAN_POINT('',(0.0321,0.04155,0.0406));
#5643=CARTESIAN_POINT('',(0.0321,0.03555,0.0406));
#5644=CARTESIAN_POINT('',(0.0381,0.03555,0.0406));
#5645=CARTESIAN_POINT('',(0.0381,0.04155,0.0406));
#5646=CARTESIAN_POINT('',(0.01415,-0.02595,0.0406));
#5647=CARTESIAN_POINT('',(0.027,-0.02945,0.0481918830920368));
#5648=CARTESIAN_POINT('',(0.027,0.04155,0.0481918830920368));
#5649=CARTESIAN_POINT('',(0.027,0.04155,0.049298484809835));
#5650=CARTESIAN_POINT('',(0.027,0.04155,0.0436));
#5651=CARTESIAN_POINT('',(0.027,0.03155,0.049298484809835));
#5652=CARTESIAN_POINT('',(0.027,0.0297926406871192,0.049298484809835));
#5653=CARTESIAN_POINT('',(0.027,0.00952343673892765,0.0206335016877961));
#5654=CARTESIAN_POINT('',(0.027,0.0285916305603426,0.0476));
#5655=CARTESIAN_POINT('',(0.027,-0.02945,0.0476));
#5656=CARTESIAN_POINT('',(0.027,0.0165083694396574,0.0476));
#5657=CARTESIAN_POINT('',(0.027,0.000909896594405664,0.0696595718500634));
#5658=CARTESIAN_POINT('',(0.027,0.0153073593128807,0.049298484809835));
#5659=CARTESIAN_POINT('',(0.027,-0.02945,0.049298484809835));
#5660=CARTESIAN_POINT('',(0.027,-0.02845,0.0436));
#5661=CARTESIAN_POINT('',(0.027,0.04055,0.0436));
#5662=CARTESIAN_POINT('',(0.0190918830920368,-0.02945,0.0596918830920368));
#5663=CARTESIAN_POINT('',(0.0252426406871193,0.01355,0.0535411254969543));
#5664=CARTESIAN_POINT('',(0.0252426406871193,0.01355,0.0535411254969543));
#5665=CARTESIAN_POINT('',(0.0190918830920368,0.01355,0.0596918830920368));
#5666=CARTESIAN_POINT('',(0.0153259018078045,0.01355,0.0634578643762691));
#5667=CARTESIAN_POINT('',(0.0111837661840735,-0.0147342712474619,0.0676));
#5668=CARTESIAN_POINT('',(0.0129411254969543,0.0131934246258146,0.0658426406871193));
#5669=CARTESIAN_POINT('',(0.0129411254969543,-0.02945,0.0658426406871193));
#5670=CARTESIAN_POINT('',(6.53898880352629E-19,-0.02945,0.0676));
#5671=CARTESIAN_POINT('',(0.0111837661840735,0.0598342712474619,0.0676));
#5672=CARTESIAN_POINT('',(0.00532590180780453,0.03155,0.0676));
#5673=CARTESIAN_POINT('',(0.008698484809835,0.0319065753741853,0.0676));
#5674=CARTESIAN_POINT('',(0.00869848480983498,-0.02945,0.0676));
#5675=CARTESIAN_POINT('',(0.008698484809835,0.04155,0.0676));
#5676=CARTESIAN_POINT('',(1.60016081382159E-17,0.04155,0.0676));
#5677=CARTESIAN_POINT('',(-0.00869848480983498,0.04155,0.0676));
#5678=CARTESIAN_POINT('',(-0.008698484809835,-0.02945,0.0676));
#5679=CARTESIAN_POINT('',(-0.00869848480983498,0.0319065753741853,0.0676));
#5680=CARTESIAN_POINT('',(-0.0111837661840736,0.0598342712474619,0.0676));
#5681=CARTESIAN_POINT('',(-0.00532590180780452,0.03155,0.0676));
#5682=CARTESIAN_POINT('',(0.0111837661840736,0.03155,0.0676));
#5683=CARTESIAN_POINT('',(-0.0190918830920368,-0.02945,0.0596918830920368));
#5684=CARTESIAN_POINT('',(-0.0190918830920368,0.01355,0.0596918830920368));
#5685=CARTESIAN_POINT('',(-0.0153259018078045,0.01355,0.0634578643762691));
#5686=CARTESIAN_POINT('',(-0.0252426406871193,0.01355,0.0535411254969543));
#5687=CARTESIAN_POINT('',(-0.0252426406871193,-0.02945,0.0535411254969543));
#5688=CARTESIAN_POINT('',(-0.0129411254969543,-0.02945,0.0658426406871193));
#5689=CARTESIAN_POINT('',(-0.0129411254969543,0.0131934246258146,0.0658426406871193));
#5690=CARTESIAN_POINT('',(-0.0111837661840735,-0.0147342712474619,0.0676));
#5691=CARTESIAN_POINT('',(-0.027,-0.02945,0.0481918830920368));
#5692=CARTESIAN_POINT('',(-0.027,0.0335945045507931,0.0546751322481387));
#5693=CARTESIAN_POINT('',(-0.027,0.0285916305603426,0.0476));
#5694=CARTESIAN_POINT('',(-0.027,0.0297926406871192,0.049298484809835));
#5695=CARTESIAN_POINT('',(-0.027,-0.02945,0.049298484809835));
#5696=CARTESIAN_POINT('',(-0.027,0.04155,0.049298484809835));
#5697=CARTESIAN_POINT('',(-0.027,0.04155,0.0481918830920368));
#5698=CARTESIAN_POINT('',(-0.027,0.04155,0.0436));
#5699=CARTESIAN_POINT('',(-0.027,0.04055,0.0436));
#5700=CARTESIAN_POINT('',(-0.027,-0.02845,0.0436));
#5701=CARTESIAN_POINT('',(-0.027,-0.02945,0.049298484809835));
#5702=CARTESIAN_POINT('',(-0.027,0.0153073593128807,0.049298484809835));
#5703=CARTESIAN_POINT('',(-0.027,0.00982207793864213,0.0570558441227157));
#5704=CARTESIAN_POINT('',(-0.027,0.0165083694396574,0.0476));
#5705=CARTESIAN_POINT('',(-0.027,-0.02945,0.0476));
#5706=CARTESIAN_POINT('',(1.19214952897347E-17,0.04155,0.0376));
#5707=CARTESIAN_POINT('',(-0.021,0.04155,0.049298484809835));
#5708=CARTESIAN_POINT('',(-0.00869848480983498,0.04155,0.0616));
#5709=CARTESIAN_POINT('',(0.008698484809835,0.04155,0.0616));
#5710=CARTESIAN_POINT('',(0.021,0.04155,0.049298484809835));
#5711=CARTESIAN_POINT('',(1.19214952897347E-17,0.04155,0.0436));
#5712=CARTESIAN_POINT('',(0.0321,0.04155,0.0436));
#5713=CARTESIAN_POINT('',(0.0321,0.04155,0.0406));
#5714=CARTESIAN_POINT('',(-0.0321,0.04155,0.0376));
#5715=CARTESIAN_POINT('',(-0.0321,0.04155,0.0436));
#5716=CARTESIAN_POINT('',(-0.027,0.04155,0.0436));
#5717=CARTESIAN_POINT('',(-0.01415,-0.02945,0.0406));
#5718=CARTESIAN_POINT('',(0.01415,-0.02795,0.0406));
#5719=CARTESIAN_POINT('',(-0.0381,0.04155,0.0426));
#5720=CARTESIAN_POINT('',(-0.0381,0.04155,0.0436));
#5721=CARTESIAN_POINT('',(-0.0381,0.03555,0.0436));
#5722=CARTESIAN_POINT('',(-0.0381,0.03555,0.0426));
#5723=CARTESIAN_POINT('',(0.0381,0.04155,0.0426));
#5724=CARTESIAN_POINT('',(0.0381,0.03555,0.0436));
#5725=CARTESIAN_POINT('',(0.0381,0.03555,0.0436));
#5726=CARTESIAN_POINT('',(0.0381,-0.02945,0.0436));
#5727=CARTESIAN_POINT('',(-0.033675,-0.017501442841485,0.040603));
#5728=CARTESIAN_POINT('',(-0.03255,-0.0168519237886467,0.040603));
#5729=CARTESIAN_POINT('',(-0.031425,-0.017501442841485,0.040603));
#5730=CARTESIAN_POINT('',(-0.033675,0.033498557158515,0.040603));
#5731=CARTESIAN_POINT('',(-0.03255,0.0341480762113534,0.040603));
#5732=CARTESIAN_POINT('',(-0.031425,0.033498557158515,0.040603));
#5733=CARTESIAN_POINT('',(-0.033675,0.017248557158515,0.040603));
#5734=CARTESIAN_POINT('',(-0.03255,0.0178980762113534,0.040603));
#5735=CARTESIAN_POINT('',(-0.031425,0.017248557158515,0.040603));
#5736=CARTESIAN_POINT('',(-0.033675,-0.00125144284148501,0.040603));
#5737=CARTESIAN_POINT('',(-0.03255,-0.00060192378864668,0.040603));
#5738=CARTESIAN_POINT('',(-0.031425,-0.00125144284148501,0.040603));
#5739=CARTESIAN_POINT('',(0.031425,-0.017501442841485,0.040603));
#5740=CARTESIAN_POINT('',(0.03255,-0.0168519237886467,0.040603));
#5741=CARTESIAN_POINT('',(0.033675,-0.017501442841485,0.040603));
#5742=CARTESIAN_POINT('',(0.031425,-0.00125144284148502,0.040603));
#5743=CARTESIAN_POINT('',(0.03255,-0.000601923788646694,0.040603));
#5744=CARTESIAN_POINT('',(0.033675,-0.00125144284148502,0.040603));
#5745=CARTESIAN_POINT('',(0.031425,0.017248557158515,0.040603));
#5746=CARTESIAN_POINT('',(0.03255,0.0178980762113533,0.040603));
#5747=CARTESIAN_POINT('',(0.033675,0.017248557158515,0.040603));
#5748=CARTESIAN_POINT('',(0.031425,0.033498557158515,0.040603));
#5749=CARTESIAN_POINT('',(0.03255,0.0341480762113533,0.040603));
#5750=CARTESIAN_POINT('',(0.033675,0.033498557158515,0.040603));
#5751=CARTESIAN_POINT('',(-3.21004904900381E-18,-0.02845,0.0436));
#5752=CARTESIAN_POINT('',(0.0371,-0.02845,0.0436));
#5753=CARTESIAN_POINT('',(0.0371,0.04155,0.0436));
#5754=CARTESIAN_POINT('',(0.0371,0.03555,0.0436));
#5755=CARTESIAN_POINT('',(0.02955,0.04055,0.0436));
#5756=CARTESIAN_POINT('',(0.0321,0.04055,0.0436));
#5757=CARTESIAN_POINT('',(-0.02955,-0.02845,0.0436));
#5758=CARTESIAN_POINT('',(-0.0371,-0.02845,0.0436));
#5759=CARTESIAN_POINT('',(-0.0371,-0.02945,0.0436));
#5760=CARTESIAN_POINT('',(-0.0371,0.03555,0.0436));
#5761=CARTESIAN_POINT('',(1.17053303706099E-17,0.04055,0.0436));
#5762=CARTESIAN_POINT('',(-0.0321,0.04055,0.0436));
#5763=CARTESIAN_POINT('',(0.0321,0.03555,0.0426));
#5764=CARTESIAN_POINT('',(0.0321,0.03555,0.0436));
#5765=CARTESIAN_POINT('',(0.0321,0.03555,0.0436));
#5766=CARTESIAN_POINT('',(-0.0321,0.03555,0.0376));
#5767=CARTESIAN_POINT('',(-0.0321,0.03555,0.0436));
#5768=CARTESIAN_POINT('',(-0.0321,0.03555,0.0436));
#5769=CARTESIAN_POINT('',(-2.60208521396521E-18,0.01855,0.0476));
#5770=CARTESIAN_POINT('',(-2.60208521396521E-18,0.01855,0.0476));
#5771=CARTESIAN_POINT('',(-0.0241126983722081,0.01855,0.0476));
#5772=CARTESIAN_POINT('',(-0.012056349186104,0.01855,0.0596563491861041));
#5773=CARTESIAN_POINT('',(-6.93889390390723E-18,0.02655,0.0476));
#5774=CARTESIAN_POINT('',(-0.0234644660940673,0.02655,0.0482482322781408));
#5775=CARTESIAN_POINT('',(-0.0241126983722081,0.02655,0.0476));
#5776=CARTESIAN_POINT('',(-6.93889390390723E-18,0.02655,0.0476));
#5777=CARTESIAN_POINT('',(-1.38777878078145E-17,0.00605,0.0476));
#5778=CARTESIAN_POINT('',(-0.0231225107893824,0.0192501683544627,0.0476));
#5779=CARTESIAN_POINT('',(-0.0160751322481387,0.0208665824894353,0.0476));
#5780=CARTESIAN_POINT('',(-1.38777878078145E-17,0.00605,0.0476));
#5781=CARTESIAN_POINT('',(0.0231225107893824,0.0192501683544627,0.0476));
#5782=CARTESIAN_POINT('',(0.0160751322481388,0.0208665824894353,0.0476));
#5783=CARTESIAN_POINT('',(-0.0190918830920368,0.01355,0.0596918830920368));
#5784=CARTESIAN_POINT('',(-0.021,0.01955,0.049298484809835));
#5785=CARTESIAN_POINT('',(-0.0149051099030531,0.0145658815233876,0.0624419828528815));
#5786=CARTESIAN_POINT('',(-2.60208521396521E-18,0.01855,0.0626));
#5787=CARTESIAN_POINT('',(-0.00299767420474767,0.0191708386555912,0.0619791613444088));
#5788=CARTESIAN_POINT('',(0.00299767420474767,0.0191708386555912,0.0619791613444088));
#5789=CARTESIAN_POINT('',(0.0190918830920368,0.01355,0.0596918830920368));
#5790=CARTESIAN_POINT('',(0.021,0.01955,0.049298484809835));
#5791=CARTESIAN_POINT('',(0.0149051099030531,0.0145658815233876,0.0624419828528815));
#5792=CARTESIAN_POINT('',(-0.012056349186104,0.02655,0.059656349186104));
#5793=CARTESIAN_POINT('',(-0.021,0.02555,0.049298484809835));
#5794=CARTESIAN_POINT('',(-0.0133887466916971,0.0268732938462731,0.0587811582225422));
#5795=CARTESIAN_POINT('',(6.53898880352629E-19,0.03155,0.0676));
#5796=CARTESIAN_POINT('',(0.00490510990305315,0.0305341184766124,0.0665841184766124));
#5797=CARTESIAN_POINT('',(-0.00490510990305314,0.0305341184766124,0.0665841184766124));
#5798=CARTESIAN_POINT('',(0.012056349186104,0.02655,0.0596563491861041));
#5799=CARTESIAN_POINT('',(0.021,0.02555,0.049298484809835));
#5800=CARTESIAN_POINT('',(0.0133887466916971,0.0268732938462731,0.0587811582225422));
#5801=CARTESIAN_POINT('',(0.00338874669169715,0.041015429470004,0.0487811582225422));
#5802=CARTESIAN_POINT('',(0.0129411254969543,0.0319065753741853,0.0658426406871193));
#5803=CARTESIAN_POINT('',(0.0118373286085482,0.0322315583791765,0.0669464375755254));
#5804=CARTESIAN_POINT('',(0.0102596885359646,0.0322315998495608,0.0676));
#5805=CARTESIAN_POINT('',(0.008698484809835,0.0319065753741853,0.0676));
#5806=CARTESIAN_POINT('',(-0.00490510990305314,0.0446762541003434,0.0524419828528815));
#5807=CARTESIAN_POINT('',(-0.00869848480983498,0.0319065753741853,0.0676));
#5808=CARTESIAN_POINT('',(-0.0102594893395241,0.0322315583791765,0.0676));
#5809=CARTESIAN_POINT('',(-0.0118371877553943,0.0322315998495608,0.0669465784286792));
#5810=CARTESIAN_POINT('',(-0.0129411254969543,0.0319065753741853,0.0658426406871193));
#5811=CARTESIAN_POINT('',(-0.00299767420474767,0.00502870303186026,0.0478370257206778));
#5812=CARTESIAN_POINT('',(-0.0129411254969543,0.0131934246258146,0.0658426406871193));
#5813=CARTESIAN_POINT('',(-0.0118373286085481,0.0128684416208235,0.0669464375755254));
#5814=CARTESIAN_POINT('',(-0.0102596885359646,0.0128684001504392,0.0676));
#5815=CARTESIAN_POINT('',(-0.00869848480983499,0.0131934246258146,0.0676));
#5816=CARTESIAN_POINT('',(0.00490510990305313,0.000423745899656626,0.0524419828528815));
#5817=CARTESIAN_POINT('',(0.00869848480983499,0.0131934246258146,0.0676));
#5818=CARTESIAN_POINT('',(0.0102594893395241,0.0128684416208235,0.0676));
#5819=CARTESIAN_POINT('',(0.0118371877553943,0.0128684001504392,0.0669465784286793));
#5820=CARTESIAN_POINT('',(0.0129411254969543,0.0131934246258146,0.0658426406871193));
#5821=CARTESIAN_POINT('',(-1.82607412915801E-17,-0.02945,0.0439964363019634));
#5822=CARTESIAN_POINT('',(-0.00922371979901775,-0.02945,0.044739022447019));
#5823=CARTESIAN_POINT('',(-0.00998234365529826,-0.0278056920836359,0.045561176405201));
#5824=CARTESIAN_POINT('',(-0.0106625847395373,-0.0261353772792388,0.0463963338073995));
#5825=CARTESIAN_POINT('',(-0.0112974286762828,-0.02445,0.0472390224470189));
#5826=CARTESIAN_POINT('',(0.00922371979901772,-0.02945,0.044739022447019));
#5827=CARTESIAN_POINT('',(0.00998234365529823,-0.027805692083636,0.045561176405201));
#5828=CARTESIAN_POINT('',(0.0106625847395373,-0.0261353772792388,0.0463963338073995));
#5829=CARTESIAN_POINT('',(0.0112974286762828,-0.02445,0.0472390224470189));
#5830=CARTESIAN_POINT('',(-3.42621396812864E-18,-0.02945,0.044739022447019));
#5831=CARTESIAN_POINT('',(0.0190761346797124,-0.02945,0.044739022447019));
#5832=CARTESIAN_POINT('',(0.0182047854255512,-0.027758931368393,0.0455845567628224));
#5833=CARTESIAN_POINT('',(0.0172859294363014,-0.0260889838967851,0.0464195304986263));
#5834=CARTESIAN_POINT('',(0.0162974286762828,-0.02445,0.0472390224470189));
#5835=CARTESIAN_POINT('',(-0.0137974286762828,-0.02445,0.0472390224470189));
#5836=CARTESIAN_POINT('',(-0.0162974286762828,-0.02445,0.0472390224470189));
#5837=CARTESIAN_POINT('',(-0.0172859294363014,-0.0260889838967851,0.0464195304986263));
#5838=CARTESIAN_POINT('',(-0.0182047854255512,-0.027758931368393,0.0455845567628224));
#5839=CARTESIAN_POINT('',(-0.0190761346797124,-0.02945,0.044739022447019));
#5840=CARTESIAN_POINT('',(-1.23484210050062E-18,-0.02445,0.0441652379375094));
#5841=CARTESIAN_POINT('',(-0.021,-0.02945,0.049298484809835));
#5842=CARTESIAN_POINT('',(-0.021,-0.02945,0.049298484809835));
#5843=CARTESIAN_POINT('',(0.021,-0.02945,0.049298484809835));
#5844=CARTESIAN_POINT('',(0.021,-0.02945,0.049298484809835));
#5845=CARTESIAN_POINT('',(0.00869848480983498,-0.02945,0.0616));
#5846=CARTESIAN_POINT('',(-0.008698484809835,-0.02945,0.0616));
#5847=CARTESIAN_POINT('',(0.00869848480983498,-0.02945,0.0616));
#5848=CARTESIAN_POINT('',(-0.008698484809835,-0.02945,0.0616));
#5849=CARTESIAN_POINT('',(0.,0.,0.));
#5850=CARTESIAN_POINT('',(-3.42621396812864E-18,-0.02945,0.0376));
#5851=CARTESIAN_POINT('',(-2.77555756156289E-17,-0.02945,0.0370347620624905));
#5852=CARTESIAN_POINT('',(0.0190761346797124,-0.02945,0.0364609775529811));
#5853=CARTESIAN_POINT('',(-0.0190761346797124,-0.02945,0.0364609775529811));
#5854=CARTESIAN_POINT('',(-3.42621396812864E-18,-0.02945,0.0364609775529811));
#5855=CARTESIAN_POINT('',(-0.00922371979901773,-0.02945,0.0364609775529811));
#5856=CARTESIAN_POINT('',(6.07153216591882E-18,-0.02945,0.0372035636980366));
#5857=CARTESIAN_POINT('',(0.00922371979901774,-0.02945,0.0364609775529811));
#5858=CARTESIAN_POINT('',(0.0162974286762828,-0.02945,0.0364609775529811));
#5859=CARTESIAN_POINT('',(0.0321,-0.02945,0.0136));
#5860=CARTESIAN_POINT('',(0.0321,-0.02945,0.0136));
#5861=CARTESIAN_POINT('',(0.0321,-0.02945,0.0159062141714877));
#5862=CARTESIAN_POINT('',(0.0280185612377193,-0.02945,0.0261151009565563));
#5863=CARTESIAN_POINT('',(0.0280185612377193,-0.02945,0.0261151009565564));
#5864=CARTESIAN_POINT('',(0.0317327333972698,-0.02945,0.0276));
#5865=CARTESIAN_POINT('',(0.0317327333972698,-0.02945,0.0316));
#5866=CARTESIAN_POINT('',(0.0381,-0.02945,0.0316));
#5867=CARTESIAN_POINT('',(0.0381,-0.02945,0.0316));
#5868=CARTESIAN_POINT('',(0.0381,-0.02945,0.0386));
#5869=CARTESIAN_POINT('',(0.0381,-0.02945,0.0406));
#5870=CARTESIAN_POINT('',(0.0351,-0.02945,0.0406));
#5871=CARTESIAN_POINT('',(0.01765,-0.02945,0.0406));
#5872=CARTESIAN_POINT('',(0.01415,-0.02945,0.0406));
#5873=CARTESIAN_POINT('',(0.01065,-0.02945,0.0406));
#5874=CARTESIAN_POINT('',(0.01055,-0.02945,0.0406));
#5875=CARTESIAN_POINT('',(0.00895,-0.02945,0.0406));
#5876=CARTESIAN_POINT('',(-4.55027154757779E-18,-0.02945,0.0406));
#5877=CARTESIAN_POINT('',(-0.00895,-0.02945,0.0406));
#5878=CARTESIAN_POINT('',(-0.01055,-0.02945,0.0406));
#5879=CARTESIAN_POINT('',(-0.01065,-0.02945,0.0406));
#5880=CARTESIAN_POINT('',(-0.01415,-0.02945,0.0406));
#5881=CARTESIAN_POINT('',(-0.01765,-0.02945,0.0406));
#5882=CARTESIAN_POINT('',(-0.0351,-0.02945,0.0406));
#5883=CARTESIAN_POINT('',(-0.0381,-0.02945,0.0406));
#5884=CARTESIAN_POINT('',(-0.0381,-0.02945,0.0386));
#5885=CARTESIAN_POINT('',(-0.0381,-0.02945,0.0316));
#5886=CARTESIAN_POINT('',(-3.42621396812864E-18,-0.02945,0.0316));
#5887=CARTESIAN_POINT('',(-0.0317327333972698,-0.02945,0.0316));
#5888=CARTESIAN_POINT('',(-0.0317327333972698,-0.02945,0.0276));
#5889=CARTESIAN_POINT('',(-0.0280185612377193,-0.02945,0.0261151009565564));
#5890=CARTESIAN_POINT('',(-0.0201985606486691,-0.02945,0.0456752377912869));
#5891=CARTESIAN_POINT('',(-0.0321,-0.02945,0.0159062141714877));
#5892=CARTESIAN_POINT('',(-0.0321,-0.02945,0.0136));
#5893=CARTESIAN_POINT('',(-0.0321,-0.02945,0.0136));
#5894=CARTESIAN_POINT('',(-1.08082459562418E-18,-0.02945,0.0136));
#5895=CARTESIAN_POINT('',(0.,-0.02445,0.0136));
#5896=CARTESIAN_POINT('',(-1.17171974757535E-17,-0.02445,0.0406));
#5897=CARTESIAN_POINT('',(-0.022,-0.02445,0.0406));
#5898=CARTESIAN_POINT('',(0.022,-0.02445,0.0406));
#5899=CARTESIAN_POINT('',(-0.02955,-0.02445,0.0406));
#5900=CARTESIAN_POINT('',(-0.01615,-0.02445,0.0406));
#5901=CARTESIAN_POINT('',(-0.01415,-0.02445,0.0406));
#5902=CARTESIAN_POINT('',(-0.01215,-0.02445,0.0406));
#5903=CARTESIAN_POINT('',(-0.01055,-0.02445,0.0406));
#5904=CARTESIAN_POINT('',(-0.00895,-0.02445,0.0406));
#5905=CARTESIAN_POINT('',(-3.46944695195361E-18,-0.02445,0.0406));
#5906=CARTESIAN_POINT('',(0.00895,-0.02445,0.0406));
#5907=CARTESIAN_POINT('',(0.01055,-0.02445,0.0406));
#5908=CARTESIAN_POINT('',(0.01215,-0.02445,0.0406));
#5909=CARTESIAN_POINT('',(0.01415,-0.02445,0.0406));
#5910=CARTESIAN_POINT('',(0.01615,-0.02445,0.0406));
#5911=CARTESIAN_POINT('',(0.02955,-0.02445,0.0406));
#5912=CARTESIAN_POINT('',(-2.66747510200047E-17,-0.02445,0.0370347620624905));
#5913=CARTESIAN_POINT('',(0.0162974286762828,-0.02445,0.0339609775529811));
#5914=CARTESIAN_POINT('',(-0.0162974286762828,-0.02445,0.0339609775529811));
#5915=CARTESIAN_POINT('',(0.,-0.02445,0.0339609775529811));
#5916=CARTESIAN_POINT('',(0.0112974286762828,-0.02445,0.0339609775529811));
#5917=CARTESIAN_POINT('',(7.152356761543E-18,-0.02445,0.0372035636980366));
#5918=CARTESIAN_POINT('',(-0.0112974286762828,-0.02445,0.0339609775529811));
#5919=CARTESIAN_POINT('',(0.,-0.02445,0.0339609775529811));
#5920=CARTESIAN_POINT('',(0.0351,0.04155,0.0406));
#5921=CARTESIAN_POINT('',(0.03255,-0.01945,0.0406));
#5922=CARTESIAN_POINT('',(0.0294,-0.01945,0.0406));
#5923=CARTESIAN_POINT('',(0.03255,-0.00395,0.0406));
#5924=CARTESIAN_POINT('',(0.0294,-0.00395,0.0406));
#5925=CARTESIAN_POINT('',(0.03255,0.01605,0.0406));
#5926=CARTESIAN_POINT('',(0.0294,0.01605,0.0406));
#5927=CARTESIAN_POINT('',(0.03255,0.03155,0.0406));
#5928=CARTESIAN_POINT('',(0.0294,0.03155,0.0406));
#5929=CARTESIAN_POINT('',(0.0381,0.04155,0.0406));
#5930=CARTESIAN_POINT('',(0.0381,0.03555,0.0406));
#5931=CARTESIAN_POINT('',(0.0321,0.03555,0.0406));
#5932=CARTESIAN_POINT('',(0.0321,0.04155,0.0406));
#5933=CARTESIAN_POINT('',(0.0351,0.04155,0.0406));
#5934=CARTESIAN_POINT('',(0.022,0.04155,0.0406));
#5935=CARTESIAN_POINT('',(0.022,0.04155,0.0406));
#5936=CARTESIAN_POINT('',(0.01615,-0.02945,0.0406));
#5937=CARTESIAN_POINT('',(0.01615,-0.02795,0.0406));
#5938=CARTESIAN_POINT('',(0.01415,-0.02595,0.0406));
#5939=CARTESIAN_POINT('',(0.0381,0.04155,0.0386));
#5940=CARTESIAN_POINT('',(0.0381,0.04155,0.0316));
#5941=CARTESIAN_POINT('',(0.0381,0.03555,0.0316));
#5942=CARTESIAN_POINT('',(0.0381,0.03555,0.0406));
#5943=CARTESIAN_POINT('',(1.19214952897347E-17,0.04155,0.0376));
#5944=CARTESIAN_POINT('',(-0.0371,0.04155,0.0366));
#5945=CARTESIAN_POINT('',(-0.0317327333972698,0.04155,0.0366));
#5946=CARTESIAN_POINT('',(-0.0321,0.04155,0.0366));
#5947=CARTESIAN_POINT('',(-0.0321,0.04155,0.0376));
#5948=CARTESIAN_POINT('',(-0.0321,0.04155,0.0406));
#5949=CARTESIAN_POINT('',(-0.0351,0.04155,0.0406));
#5950=CARTESIAN_POINT('',(-0.022,0.04155,0.0406));
#5951=CARTESIAN_POINT('',(2.54968718648565E-18,0.04155,0.0406));
#5952=CARTESIAN_POINT('',(0.0321,0.04155,0.0316));
#5953=CARTESIAN_POINT('',(0.0321,0.04155,0.0366));
#5954=CARTESIAN_POINT('',(1.19214952897347E-17,0.04155,0.0366));
#5955=CARTESIAN_POINT('',(0.0317327333972699,0.04155,0.0366));
#5956=CARTESIAN_POINT('',(0.0317327333972699,0.04155,0.0276));
#5957=CARTESIAN_POINT('',(0.0233758460382812,0.04155,0.0242589771522517));
#5958=CARTESIAN_POINT('',(0.0155558454492309,0.04155,0.0438191139869823));
#5959=CARTESIAN_POINT('',(0.0261,0.04155,0.0174450615210043));
#5960=CARTESIAN_POINT('',(0.0261,0.04155,0.0376));
#5961=CARTESIAN_POINT('',(0.0261,0.04155,0.0136));
#5962=CARTESIAN_POINT('',(1.42668846622392E-17,0.04155,0.0136));
#5963=CARTESIAN_POINT('',(-0.0261,0.04155,0.0136));
#5964=CARTESIAN_POINT('',(-0.0261,0.04155,0.0186));
#5965=CARTESIAN_POINT('',(-0.0261,0.04155,0.0174450615210043));
#5966=CARTESIAN_POINT('',(-0.0211236630366176,0.04155,0.029892353670289));
#5967=CARTESIAN_POINT('',(-0.0233758460382811,0.04155,0.0242589771522517));
#5968=CARTESIAN_POINT('',(-0.0317327333972698,0.04155,0.0276));
#5969=CARTESIAN_POINT('',(-0.0351,0.04155,0.0406));
#5970=CARTESIAN_POINT('',(-0.03255,-0.01945,0.0406));
#5971=CARTESIAN_POINT('',(-0.0357,-0.01945,0.0406));
#5972=CARTESIAN_POINT('',(-0.03255,-0.00395,0.0406));
#5973=CARTESIAN_POINT('',(-0.0357,-0.00395,0.0406));
#5974=CARTESIAN_POINT('',(-0.03255,0.01605,0.0406));
#5975=CARTESIAN_POINT('',(-0.0357,0.01605,0.0406));
#5976=CARTESIAN_POINT('',(-0.03255,0.03155,0.0406));
#5977=CARTESIAN_POINT('',(-0.0357,0.03155,0.0406));
#5978=CARTESIAN_POINT('',(-0.0321,0.03555,0.0406));
#5979=CARTESIAN_POINT('',(-0.0381,0.03555,0.0406));
#5980=CARTESIAN_POINT('',(-0.0381,0.04155,0.0406));
#5981=CARTESIAN_POINT('',(-0.01415,-0.02595,0.0406));
#5982=CARTESIAN_POINT('',(-0.01615,-0.02795,0.0406));
#5983=CARTESIAN_POINT('',(-0.01615,-0.02945,0.0406));
#5984=CARTESIAN_POINT('',(-0.022,0.04155,0.0406));
#5985=CARTESIAN_POINT('',(-0.0381,0.04155,0.0386));
#5986=CARTESIAN_POINT('',(-0.0381,0.03555,0.0386));
#5987=CARTESIAN_POINT('',(-0.0381,0.03555,0.0316));
#5988=CARTESIAN_POINT('',(-0.0381,-0.02945,0.0316));
#5989=CARTESIAN_POINT('',(0.0321,-0.02945,0.0136));
#5990=CARTESIAN_POINT('',(0.0321,-0.02945,0.0186));
#5991=CARTESIAN_POINT('',(0.0321,-0.02845,0.0186));
#5992=CARTESIAN_POINT('',(0.0321,0.03555,0.0186));
#5993=CARTESIAN_POINT('',(0.0321,-0.02845,0.0159062141714877));
#5994=CARTESIAN_POINT('',(0.0321,-0.02945,0.0136));
#5995=CARTESIAN_POINT('',(0.0321,0.03555,0.0136));
#5996=CARTESIAN_POINT('',(0.0321,0.03555,0.0136));
#5997=CARTESIAN_POINT('',(0.0297012435940125,-0.02945,0.0246));
#5998=CARTESIAN_POINT('',(0.0297012435940125,0.03555,0.0246));
#5999=CARTESIAN_POINT('',(0.0289471042776069,0.03555,0.0264863257174173));
#6000=CARTESIAN_POINT('',(0.0289471042776069,-0.02945,0.0264863257174173));
#6001=CARTESIAN_POINT('',(0.0289471042776069,-0.02845,0.0264863257174173));
#6002=CARTESIAN_POINT('',(0.0321,-0.02845,0.0186));
#6003=CARTESIAN_POINT('',(-0.0266949212759433,-0.02945,0.0321197022354546));
#6004=CARTESIAN_POINT('',(-0.0289471042776069,0.0414282671394414,0.0264863257174173));
#6005=CARTESIAN_POINT('',(-0.0289471042776069,-0.02845,0.0264863257174173));
#6006=CARTESIAN_POINT('',(-0.0289471042776069,0.03555,0.0264863257174173));
#6007=CARTESIAN_POINT('',(-0.0266949212759433,0.03555,0.0321197022354546));
#6008=CARTESIAN_POINT('',(-0.0321,0.03555,0.0186));
#6009=CARTESIAN_POINT('',(-0.0321,-0.02945,0.0186));
#6010=CARTESIAN_POINT('',(-0.0321,-0.02845,0.0186));
#6011=CARTESIAN_POINT('',(-0.0266949212759433,-0.02845,0.0321197022354546));
#6012=CARTESIAN_POINT('',(-0.0321,-0.02945,0.0136));
#6013=CARTESIAN_POINT('',(-0.0321,-0.02845,0.0159062141714877));
#6014=CARTESIAN_POINT('',(-0.0321,0.03555,0.0136));
#6015=CARTESIAN_POINT('',(-0.0321,0.03555,0.0136));
#6016=CARTESIAN_POINT('',(-0.0321,-0.02945,0.0136));
#6017=CARTESIAN_POINT('',(-1.08082459562418E-18,-0.02945,0.0136));
#6018=CARTESIAN_POINT('',(0.0261,0.03555,0.0136));
#6019=CARTESIAN_POINT('',(-0.0261,0.03555,0.0136));
#6020=CARTESIAN_POINT('',(-0.0116224139928817,-0.00748275877311828,0.0136));
#6021=CARTESIAN_POINT('',(-0.0134724139928817,-0.00748275877311828,0.0136));
#6022=CARTESIAN_POINT('',(0.0116224139928818,-0.00748275877311828,0.0136));
#6023=CARTESIAN_POINT('',(0.00977241399288182,-0.00748275877311828,0.0136));
#6024=CARTESIAN_POINT('',(-0.0116224139928817,0.0245827587731182,0.0136));
#6025=CARTESIAN_POINT('',(-0.0134724139928817,0.0245827587731182,0.0136));
#6026=CARTESIAN_POINT('',(0.0116224139928818,0.0245827587731182,0.0136));
#6027=CARTESIAN_POINT('',(0.00977241399288184,0.0245827587731182,0.0136));
#6028=CARTESIAN_POINT('',(0.01415,-0.02945,0.0406));
#6029=CARTESIAN_POINT('',(0.01215,-0.02945,0.0406));
#6030=CARTESIAN_POINT('',(0.01215,-0.02795,0.0406));
#6031=CARTESIAN_POINT('',(0.01415,-0.02795,0.0406));
#6032=CARTESIAN_POINT('',(0.01055,-0.02945,0.0406));
#6033=CARTESIAN_POINT('',(0.01415,-0.02595,0.0406));
#6034=CARTESIAN_POINT('',(0.00895,-0.02945,0.0406));
#6035=CARTESIAN_POINT('',(-4.55027154757779E-18,-0.02945,0.0406));
#6036=CARTESIAN_POINT('',(-0.00895,-0.02945,0.0406));
#6037=CARTESIAN_POINT('',(-0.01055,-0.02945,0.0406));
#6038=CARTESIAN_POINT('',(-0.01215,-0.02945,0.0406));
#6039=CARTESIAN_POINT('',(-0.01215,-0.02795,0.0406));
#6040=CARTESIAN_POINT('',(-0.01415,-0.02595,0.0406));
#6041=CARTESIAN_POINT('',(-0.01415,-0.02945,0.0406));
#6042=CARTESIAN_POINT('',(-0.01415,-0.02795,0.0406));
#6043=CARTESIAN_POINT('',(2.54968718648565E-18,0.04155,0.0406));
#6044=CARTESIAN_POINT('',(0.0144260031384729,0.0258708914093327,0.0239855766079907));
#6045=CARTESIAN_POINT('',(0.0147204158386341,0.0245816696834726,0.0242510476353531));
#6046=CARTESIAN_POINT('',(0.0144268174642818,0.0232989824954863,0.0239864004126521));
#6047=CARTESIAN_POINT('',(0.0137306288304481,0.022352964279066,0.0233996265933702));
#6048=CARTESIAN_POINT('',(0.0128045640396936,0.021756584736766,0.0226964732253041));
#6049=CARTESIAN_POINT('',(0.0113944327032098,0.0214382992803226,0.0217437886154797));
#6050=CARTESIAN_POINT('',(0.00985149982309833,0.0219244381658948,0.0209080345669003));
#6051=CARTESIAN_POINT('',(0.00881995588390705,0.0232758888660476,0.0204429797912903));
#6052=CARTESIAN_POINT('',(0.00852694389502411,0.0245678205996592,0.0203201168462094));
#6053=CARTESIAN_POINT('',(0.00880697041174181,0.025860809274216,0.0204371826763466));
#6054=CARTESIAN_POINT('',(0.00957098738235147,0.0268851918908785,0.0207820005840621));
#6055=CARTESIAN_POINT('',(0.0106166697487196,0.0274872800941275,0.0213173601116119));
#6056=CARTESIAN_POINT('',(0.0117368766343541,0.027646912988822,0.0219769029994228));
#6057=CARTESIAN_POINT('',(0.0128023956550674,0.0274105189652536,0.0226944765254591));
#6058=CARTESIAN_POINT('',(0.013724964968997,0.0268171652212187,0.0233952364663556));
#6059=CARTESIAN_POINT('',(0.0144260031384729,0.0258708914093327,0.0239855766079907));
#6060=CARTESIAN_POINT('',(0.0147204158386341,0.0245816696834726,0.0242510476353531));
#6061=CARTESIAN_POINT('',(0.0144268174642818,0.0232989824954863,0.0239864004126521));
#6062=CARTESIAN_POINT('',(0.0146224139928818,0.0245827587731182,0.0241626945936758));
#6063=CARTESIAN_POINT('',(-0.00881409550352534,-0.00618765671417019,0.0204404983547392));
#6064=CARTESIAN_POINT('',(-0.00852691349789996,-0.00748389839020929,0.0203200251978348));
#6065=CARTESIAN_POINT('',(-0.00881273446216517,-0.00877330236370232,0.0204399378706195));
#6066=CARTESIAN_POINT('',(-0.00983855764814485,-0.0101347468894365,0.0209015599275681));
#6067=CARTESIAN_POINT('',(-0.0113925709224651,-0.0106291694448511,0.0217421946281555));
#6068=CARTESIAN_POINT('',(-0.0128068021931726,-0.010307261454504,0.0226981977225222));
#6069=CARTESIAN_POINT('',(-0.0137261315451132,-0.009716675155701,0.0233960763246338));
#6070=CARTESIAN_POINT('',(-0.0144273440430433,-0.00876621385649209,0.023986773117996));
#6071=CARTESIAN_POINT('',(-0.0147201693068812,-0.00748688873111622,0.0242508348006297));
#6072=CARTESIAN_POINT('',(-0.0144264580783483,-0.00619566413136791,0.0239860511419899));
#6073=CARTESIAN_POINT('',(-0.0137274882968487,-0.00525027075330121,0.023397080066426));
#6074=CARTESIAN_POINT('',(-0.0128009153943888,-0.00465490254744636,0.022693834989723));
#6075=CARTESIAN_POINT('',(-0.011387143924675,-0.0043379668273454,0.0217391863208723));
#6076=CARTESIAN_POINT('',(-0.00984129469583789,-0.00483070386846063,0.0209030025963817));
#6077=CARTESIAN_POINT('',(-0.00881409550352534,-0.00618765671417019,0.0204404983547392));
#6078=CARTESIAN_POINT('',(-0.00852691349789996,-0.00748389839020929,0.0203200251978348));
#6079=CARTESIAN_POINT('',(-0.00881273446216517,-0.00877330236370232,0.0204399378706195));
#6080=CARTESIAN_POINT('',(-0.00862241399288173,-0.00748275877311828,0.020360089502783));
#6081=CARTESIAN_POINT('',(0.0144260031384729,-0.00619462613690385,0.0239855766079907));
#6082=CARTESIAN_POINT('',(0.0147204158386341,-0.00748384786276391,0.0242510476353531));
#6083=CARTESIAN_POINT('',(0.0144268174642818,-0.0087665350507502,0.0239864004126521));
#6084=CARTESIAN_POINT('',(0.0137306288304481,-0.00971255326717057,0.0233996265933702));
#6085=CARTESIAN_POINT('',(0.0128045640396936,-0.0103089328094705,0.0226964732253041));
#6086=CARTESIAN_POINT('',(0.0113944327032098,-0.0106272182659139,0.0217437886154796));
#6087=CARTESIAN_POINT('',(0.00985149982309832,-0.0101410793803418,0.0209080345669003));
#6088=CARTESIAN_POINT('',(0.00881995588390702,-0.00878962868018894,0.0204429797912903));
#6089=CARTESIAN_POINT('',(0.00852694389502409,-0.00749769694657736,0.0203201168462094));
#6090=CARTESIAN_POINT('',(0.00880697041174179,-0.00620470827202051,0.0204371826763466));
#6091=CARTESIAN_POINT('',(0.00957098738235145,-0.005180325655358,0.0207820005840621));
#6092=CARTESIAN_POINT('',(0.0106166697487196,-0.00457823745210898,0.0213173601116119));
#6093=CARTESIAN_POINT('',(0.0117368766343541,-0.00441860455741454,0.0219769029994228));
#6094=CARTESIAN_POINT('',(0.0128023956550674,-0.00465499858098295,0.0226944765254591));
#6095=CARTESIAN_POINT('',(0.013724964968997,-0.00524835232501782,0.0233952364663556));
#6096=CARTESIAN_POINT('',(0.0144260031384729,-0.00619462613690385,0.0239855766079907));
#6097=CARTESIAN_POINT('',(0.0147204158386341,-0.00748384786276391,0.0242510476353531));
#6098=CARTESIAN_POINT('',(0.0144268174642818,-0.0087665350507502,0.0239864004126521));
#6099=CARTESIAN_POINT('',(0.0146224139928818,-0.00748275877311828,0.0241626945936758));
#6100=CARTESIAN_POINT('',(-0.00881409550352533,0.0258778608320664,0.0204404983547392));
#6101=CARTESIAN_POINT('',(-0.00852691349789998,0.0245816191560272,0.0203200251978348));
#6102=CARTESIAN_POINT('',(-0.00881273446216514,0.0232922151825342,0.0204399378706195));
#6103=CARTESIAN_POINT('',(-0.00983855764814483,0.0219307706568,0.0209015599275681));
#6104=CARTESIAN_POINT('',(-0.0113925709224651,0.0214363481013854,0.0217421946281555));
#6105=CARTESIAN_POINT('',(-0.0128068021931726,0.0217582560917325,0.0226981977225221));
#6106=CARTESIAN_POINT('',(-0.0137261315451132,0.0223488423905355,0.0233960763246338));
#6107=CARTESIAN_POINT('',(-0.0144273440430432,0.0232993036897444,0.023986773117996));
#6108=CARTESIAN_POINT('',(-0.0147201693068812,0.0245786288151203,0.0242508348006297));
#6109=CARTESIAN_POINT('',(-0.0144264580783483,0.0258698534148686,0.0239860511419899));
#6110=CARTESIAN_POINT('',(-0.0137274882968487,0.0268152467929353,0.023397080066426));
#6111=CARTESIAN_POINT('',(-0.0128009153943888,0.0274106149987902,0.022693834989723));
#6112=CARTESIAN_POINT('',(-0.011387143924675,0.0277275507188911,0.0217391863208723));
#6113=CARTESIAN_POINT('',(-0.00984129469583786,0.0272348136777759,0.0209030025963817));
#6114=CARTESIAN_POINT('',(-0.00881409550352533,0.0258778608320664,0.0204404983547392));
#6115=CARTESIAN_POINT('',(-0.00852691349789998,0.0245816191560272,0.0203200251978348));
#6116=CARTESIAN_POINT('',(-0.00881273446216514,0.0232922151825342,0.0204399378706195));
#6117=CARTESIAN_POINT('',(-0.00862241399288173,0.0245827587731182,0.020360089502783));
#6118=CARTESIAN_POINT('',(-0.0116224139928817,0.0245827587731182,0.0166));
#6119=CARTESIAN_POINT('',(-0.0116224139928817,0.0245827587731182,0.0166));
#6120=CARTESIAN_POINT('',(-0.00862241399288172,0.0245827587731182,0.0166));
#6121=CARTESIAN_POINT('',(5.55111512312578E-17,0.00855,0.0166));
#6122=CARTESIAN_POINT('',(-0.0116224139928817,0.0245827587731182,0.0166));
#6123=CARTESIAN_POINT('',(-0.00977241399288172,0.0245827587731182,0.0166));
#6124=CARTESIAN_POINT('',(0.0116224139928818,-0.00748275877311828,0.0166));
#6125=CARTESIAN_POINT('',(0.0116224139928818,-0.00748275877311828,0.0166));
#6126=CARTESIAN_POINT('',(0.0146224139928818,-0.00748275877311828,0.0166));
#6127=CARTESIAN_POINT('',(5.55111512312578E-17,0.00855,0.0166));
#6128=CARTESIAN_POINT('',(0.0116224139928818,-0.00748275877311828,0.0166));
#6129=CARTESIAN_POINT('',(0.0134724139928818,-0.00748275877311828,0.0166));
#6130=CARTESIAN_POINT('',(-0.0116224139928817,-0.00748275877311828,0.0166));
#6131=CARTESIAN_POINT('',(-0.0116224139928817,-0.00748275877311828,0.0166));
#6132=CARTESIAN_POINT('',(-0.00862241399288174,-0.00748275877311828,0.0166));
#6133=CARTESIAN_POINT('',(5.55111512312578E-17,0.00855,0.0166));
#6134=CARTESIAN_POINT('',(-0.0116224139928817,-0.00748275877311828,0.0166));
#6135=CARTESIAN_POINT('',(-0.00977241399288174,-0.00748275877311828,0.0166));
#6136=CARTESIAN_POINT('',(0.0116224139928818,0.0245827587731182,0.0166));
#6137=CARTESIAN_POINT('',(0.0116224139928818,0.0245827587731182,0.0166));
#6138=CARTESIAN_POINT('',(0.0146224139928818,0.0245827587731182,0.0166));
#6139=CARTESIAN_POINT('',(5.55111512312578E-17,0.00855,0.0166));
#6140=CARTESIAN_POINT('',(0.0116224139928818,0.0245827587731182,0.0166));
#6141=CARTESIAN_POINT('',(0.0134724139928818,0.0245827587731182,0.0166));
#6142=CARTESIAN_POINT('',(0.0116224139928818,0.0245827587731182,-0.0068));
#6143=CARTESIAN_POINT('',(-0.0116224139928817,-0.00748275877311828,-0.0068));
#6144=CARTESIAN_POINT('',(0.0116224139928818,-0.00748275877311828,-0.0068));
#6145=CARTESIAN_POINT('',(-0.0116224139928817,0.0245827587731182,-0.0068));
#6146=CARTESIAN_POINT('',(-0.01415,-0.02945,0.0406));
#6147=CARTESIAN_POINT('',(0.01415,-0.02795,0.0406));
#6148=CARTESIAN_POINT('',(-0.0327012435940125,0.04155,0.0306));
#6149=CARTESIAN_POINT('',(-0.0371,0.04155,0.0306));
#6150=CARTESIAN_POINT('',(-0.0371,-0.02845,0.0306));
#6151=CARTESIAN_POINT('',(-0.0371,0.03555,0.0306));
#6152=CARTESIAN_POINT('',(-0.0261,0.03555,0.0306));
#6153=CARTESIAN_POINT('',(-0.0317327333972698,0.03555,0.0306));
#6154=CARTESIAN_POINT('',(-0.0317327333972698,-0.02945,0.0306));
#6155=CARTESIAN_POINT('',(-0.0317327333972698,-0.02845,0.0306));
#6156=CARTESIAN_POINT('',(-0.0327012435940125,-0.02845,0.0306));
#6157=CARTESIAN_POINT('',(0.0327012435940125,0.04155,0.0306));
#6158=CARTESIAN_POINT('',(0.0317327333972699,0.0414282671394413,0.0306));
#6159=CARTESIAN_POINT('',(0.0317327333972698,-0.02845,0.0306));
#6160=CARTESIAN_POINT('',(0.0317327333972699,0.03555,0.0306));
#6161=CARTESIAN_POINT('',(0.0327012435940125,0.03555,0.0306));
#6162=CARTESIAN_POINT('',(0.0371,0.03555,0.0306));
#6163=CARTESIAN_POINT('',(0.0371,-0.02945,0.0306));
#6164=CARTESIAN_POINT('',(0.0371,-0.02845,0.0306));
#6165=CARTESIAN_POINT('',(0.0317327333972698,-0.02845,0.0306));
#6166=CARTESIAN_POINT('',(-0.03255,-0.01945,0.0336));
#6167=CARTESIAN_POINT('',(-0.03255,-0.01945,0.0391));
#6168=CARTESIAN_POINT('',(-0.03534,-0.01945,0.0391));
#6169=CARTESIAN_POINT('',(-0.03255,-0.01945,0.0336));
#6170=CARTESIAN_POINT('',(-0.02976,-0.01945,0.0336));
#6171=CARTESIAN_POINT('',(6.93889390390723E-18,0.00605,0.0336));
#6172=CARTESIAN_POINT('',(-0.03255,-0.00395,0.0336));
#6173=CARTESIAN_POINT('',(-0.03255,-0.00395,0.0391));
#6174=CARTESIAN_POINT('',(-0.03534,-0.00395,0.0391));
#6175=CARTESIAN_POINT('',(-0.03255,-0.00395,0.0336));
#6176=CARTESIAN_POINT('',(-0.02976,-0.00395,0.0336));
#6177=CARTESIAN_POINT('',(6.93889390390723E-18,0.00605,0.0336));
#6178=CARTESIAN_POINT('',(-0.03255,0.01605,0.0336));
#6179=CARTESIAN_POINT('',(-0.03255,0.01605,0.0391));
#6180=CARTESIAN_POINT('',(-0.03534,0.01605,0.0391));
#6181=CARTESIAN_POINT('',(-0.03255,0.01605,0.0336));
#6182=CARTESIAN_POINT('',(-0.02976,0.01605,0.0336));
#6183=CARTESIAN_POINT('',(6.93889390390723E-18,0.00605,0.0336));
#6184=CARTESIAN_POINT('',(-0.03255,0.03155,0.0336));
#6185=CARTESIAN_POINT('',(-0.03255,0.03155,0.0391));
#6186=CARTESIAN_POINT('',(-0.03534,0.03155,0.0391));
#6187=CARTESIAN_POINT('',(-0.03255,0.03155,0.0336));
#6188=CARTESIAN_POINT('',(-0.02976,0.03155,0.0336));
#6189=CARTESIAN_POINT('',(6.93889390390723E-18,0.00605,0.0336));
#6190=CARTESIAN_POINT('',(0.03255,0.03155,0.0336));
#6191=CARTESIAN_POINT('',(0.03255,0.03155,0.0391));
#6192=CARTESIAN_POINT('',(0.02976,0.03155,0.0391));
#6193=CARTESIAN_POINT('',(0.03255,0.03155,0.0336));
#6194=CARTESIAN_POINT('',(0.03534,0.03155,0.0336));
#6195=CARTESIAN_POINT('',(6.93889390390723E-18,0.00605,0.0336));
#6196=CARTESIAN_POINT('',(0.03255,0.01605,0.0336));
#6197=CARTESIAN_POINT('',(0.03255,0.01605,0.0391));
#6198=CARTESIAN_POINT('',(0.02976,0.01605,0.0391));
#6199=CARTESIAN_POINT('',(0.03255,0.01605,0.0336));
#6200=CARTESIAN_POINT('',(0.03534,0.01605,0.0336));
#6201=CARTESIAN_POINT('',(6.93889390390723E-18,0.00605,0.0336));
#6202=CARTESIAN_POINT('',(0.03255,-0.00395,0.0336));
#6203=CARTESIAN_POINT('',(0.03255,-0.00395,0.0391));
#6204=CARTESIAN_POINT('',(0.02976,-0.00395,0.0391));
#6205=CARTESIAN_POINT('',(0.03255,-0.00395,0.0336));
#6206=CARTESIAN_POINT('',(0.03534,-0.00395,0.0336));
#6207=CARTESIAN_POINT('',(6.93889390390723E-18,0.00605,0.0336));
#6208=CARTESIAN_POINT('',(0.03255,-0.01945,0.0336));
#6209=CARTESIAN_POINT('',(0.03255,-0.01945,0.0391));
#6210=CARTESIAN_POINT('',(0.02976,-0.01945,0.0391));
#6211=CARTESIAN_POINT('',(0.03255,-0.01945,0.0336));
#6212=CARTESIAN_POINT('',(0.03534,-0.01945,0.0336));
#6213=CARTESIAN_POINT('',(6.93889390390723E-18,0.00605,0.0336));
#6214=CARTESIAN_POINT('',(0.03255,-0.01945,0.0391));
#6215=CARTESIAN_POINT('',(0.03255,-0.00395,0.0391));
#6216=CARTESIAN_POINT('',(0.03255,0.01605,0.0391));
#6217=CARTESIAN_POINT('',(0.03255,0.03155,0.0391));
#6218=CARTESIAN_POINT('',(-0.03255,-0.01945,0.0391));
#6219=CARTESIAN_POINT('',(-0.03255,-0.00395,0.0391));
#6220=CARTESIAN_POINT('',(-0.03255,0.01605,0.0391));
#6221=CARTESIAN_POINT('',(-0.03255,0.03155,0.0391));
#6222=CARTESIAN_POINT('',(0.0261,0.03555,0.0136));
#6223=CARTESIAN_POINT('',(0.0261,0.03555,0.0174450615210042));
#6224=CARTESIAN_POINT('',(-0.0261,0.03555,0.0376));
#6225=CARTESIAN_POINT('',(-0.0261,0.03555,0.0174450615210043));
#6226=CARTESIAN_POINT('',(0.0317327333972698,-0.02945,0.0276));
#6227=CARTESIAN_POINT('',(0.0317327333972699,0.03555,0.0276));
#6228=CARTESIAN_POINT('',(0.0317327333972698,-0.02845,0.0276));
#6229=CARTESIAN_POINT('',(-0.0317327333972698,0.04155,0.0276));
#6230=CARTESIAN_POINT('',(-0.0317327333972698,0.03555,0.0276));
#6231=CARTESIAN_POINT('',(-0.0317327333972698,-0.02845,0.0276));
#6232=CARTESIAN_POINT('',(0.0201985606486691,-0.02845,0.0456752377912869));
#6233=CARTESIAN_POINT('',(0.0280185612377193,-0.02845,0.0261151009565564));
#6234=CARTESIAN_POINT('',(0.0317327333972698,-0.02845,0.0276));
#6235=CARTESIAN_POINT('',(0.0317327333972698,-0.02845,0.0316));
#6236=CARTESIAN_POINT('',(0.0327012435940125,-0.02845,0.0316));
#6237=CARTESIAN_POINT('',(0.0371,-0.02845,0.0316));
#6238=CARTESIAN_POINT('',(0.0371,0.04155,0.0316));
#6239=CARTESIAN_POINT('',(0.0371,0.03555,0.0316));
#6240=CARTESIAN_POINT('',(-0.0257663782360557,-0.02845,0.0317484774745937));
#6241=CARTESIAN_POINT('',(-0.0280185612377193,-0.02845,0.0261151009565564));
#6242=CARTESIAN_POINT('',(-0.0317327333972698,-0.02845,0.0276));
#6243=CARTESIAN_POINT('',(-0.0317327333972698,-0.02845,0.0316));
#6244=CARTESIAN_POINT('',(-3.21004904900381E-18,-0.02845,0.0316));
#6245=CARTESIAN_POINT('',(-0.0371,-0.02845,0.0316));
#6246=CARTESIAN_POINT('',(-0.0371,0.04155,0.0316));
#6247=CARTESIAN_POINT('',(-0.0371,0.03555,0.0316));
#6248=CARTESIAN_POINT('',(-0.0211236630366176,0.03555,0.029892353670289));
#6249=CARTESIAN_POINT('',(-0.0233758460382811,0.03555,0.0242589771522517));
#6250=CARTESIAN_POINT('',(-0.0317327333972698,0.03555,0.0276));
#6251=CARTESIAN_POINT('',(-0.0317327333972698,0.03555,0.0366));
#6252=CARTESIAN_POINT('',(-0.0327012435940125,0.03555,0.0366));
#6253=CARTESIAN_POINT('',(-0.0321,0.03555,0.0366));
#6254=CARTESIAN_POINT('',(-0.0321,0.04155,0.0366));
#6255=CARTESIAN_POINT('',(-0.0321,0.04155,0.0366));
#6256=CARTESIAN_POINT('',(-0.0321,0.04155,0.0366));
#6257=CARTESIAN_POINT('',(-0.0327544984738654,0.04155,0.0358146018313686));
#6258=CARTESIAN_POINT('',(-0.0328199483284516,0.0415500000000043,0.0358800516715523));
#6259=CARTESIAN_POINT('',(-0.0328853981686346,0.04155,0.0359455015261378));
#6260=CARTESIAN_POINT('',(-0.034063190293637,0.0412375874545266,0.0342441716476321));
#6261=CARTESIAN_POINT('',(-0.0343147593541116,0.0412741123332611,0.0343852406458864));
#6262=CARTESIAN_POINT('',(-0.0344558283523664,0.0412375874545266,0.0346368097063615));
#6263=CARTESIAN_POINT('',(-0.0357275892324251,0.0399031070795634,0.0322468929210915));
#6264=CARTESIAN_POINT('',(-0.0362642438086958,0.0400811300470336,0.0324357561913056));
#6265=CARTESIAN_POINT('',(-0.0364531070789089,0.0399031070795634,0.0329724107675753));
#6266=CARTESIAN_POINT('',(-0.0368396562122591,0.0379058283499356,0.0309124125452864));
#6267=CARTESIAN_POINT('',(-0.0377113530251214,0.0381581863830951,0.0309886469748747));
#6268=CARTESIAN_POINT('',(-0.0377875874547135,0.0379058283499356,0.0318603437877408));
#6269=CARTESIAN_POINT('',(-0.0371000000000045,0.0363353981738701,0.0306));
#6270=CARTESIAN_POINT('',(-0.0381000000000089,0.0364662978538016,0.0305999999999995));
#6271=CARTESIAN_POINT('',(-0.0381,0.0363353981738701,0.0315999999999955));
#6272=CARTESIAN_POINT('',(-0.0371,0.03555,0.0306));
#6273=CARTESIAN_POINT('',(-0.0381,0.03555,0.0306));
#6274=CARTESIAN_POINT('',(-0.0381,0.03555,0.0316));
#6275=CARTESIAN_POINT('',(-0.0321,0.03555,0.0366));
#6276=CARTESIAN_POINT('',(-0.0321,0.03555,0.0376));
#6277=CARTESIAN_POINT('',(0.0155558454492309,0.03555,0.0438191139869823));
#6278=CARTESIAN_POINT('',(0.0233758460382812,0.03555,0.0242589771522517));
#6279=CARTESIAN_POINT('',(0.0317327333972699,0.03555,0.0276));
#6280=CARTESIAN_POINT('',(0.0317327333972699,0.03555,0.0366));
#6281=CARTESIAN_POINT('',(1.06245057749857E-17,0.03555,0.0366));
#6282=CARTESIAN_POINT('',(0.0321,0.03555,0.0366));
#6283=CARTESIAN_POINT('',(0.0321,0.04155,0.0366));
#6284=CARTESIAN_POINT('',(0.0321,0.04155,0.0366));
#6285=CARTESIAN_POINT('',(0.0321,0.04155,0.0366));
#6286=CARTESIAN_POINT('',(0.0328853981686314,0.04155,0.0359455015261346));
#6287=CARTESIAN_POINT('',(0.0328199483284451,0.0415500000000043,0.0358800516715459));
#6288=CARTESIAN_POINT('',(0.0327544984738622,0.04155,0.0358146018313654));
#6289=CARTESIAN_POINT('',(0.0344558283523679,0.0412375874545266,0.034636809706363));
#6290=CARTESIAN_POINT('',(0.0343147593541146,0.0412741123332611,0.0343852406458894));
#6291=CARTESIAN_POINT('',(0.0340631902936385,0.0412375874545266,0.0342441716476336));
#6292=CARTESIAN_POINT('',(0.0364531070789085,0.0399031070795631,0.0329724107675749));
#6293=CARTESIAN_POINT('',(0.0362642438086949,0.0400811300470336,0.0324357561913047));
#6294=CARTESIAN_POINT('',(0.0357275892324247,0.0399031070795631,0.0322468929210911));
#6295=CARTESIAN_POINT('',(0.0377875874547137,0.0379058283499367,0.031860343787741));
#6296=CARTESIAN_POINT('',(0.0377113530251217,0.0381581863830951,0.030988646974875));
#6297=CARTESIAN_POINT('',(0.0368396562122592,0.0379058283499367,0.0309124125452865));
#6298=CARTESIAN_POINT('',(0.0381,0.0363353981738678,0.0315999999999955));
#6299=CARTESIAN_POINT('',(0.0381000000000089,0.0364662978538016,0.0305999999999995));
#6300=CARTESIAN_POINT('',(0.0371000000000045,0.0363353981738678,0.0306));
#6301=CARTESIAN_POINT('',(0.0381,0.03555,0.0316));
#6302=CARTESIAN_POINT('',(0.0381,0.03555,0.0306));
#6303=CARTESIAN_POINT('',(0.0371,0.03555,0.0306));
#6304=CARTESIAN_POINT('',(0.0321,0.03555,0.0366));
#6305=CARTESIAN_POINT('',(0.0321,0.03555,0.0386));
#6306=CARTESIAN_POINT('',(0.0137974286762828,-0.02445,0.0339609775529811));
#6307=CARTESIAN_POINT('',(0.00922371979901774,-0.02945,0.0364609775529811));
#6308=CARTESIAN_POINT('',(0.00998234365529826,-0.0278056920836359,0.0356388235947991));
#6309=CARTESIAN_POINT('',(0.0106625847395373,-0.0261353772792388,0.0348036661926005));
#6310=CARTESIAN_POINT('',(0.0112974286762828,-0.02445,0.0339609775529811));
#6311=CARTESIAN_POINT('',(0.0190761346797124,-0.02945,0.0364609775529811));
#6312=CARTESIAN_POINT('',(0.0182047854255511,-0.0277589313683931,0.0356154432371776));
#6313=CARTESIAN_POINT('',(0.0172859294363014,-0.0260889838967851,0.0347804695013737));
#6314=CARTESIAN_POINT('',(0.0162974286762828,-0.02445,0.0339609775529811));
#6315=CARTESIAN_POINT('',(-2.77555756156289E-17,-0.02945,0.0370347620624905));
#6316=CARTESIAN_POINT('',(-0.0162974286762828,-0.02445,0.0339609775529811));
#6317=CARTESIAN_POINT('',(-0.0172859294363014,-0.0260889838967851,0.0347804695013737));
#6318=CARTESIAN_POINT('',(-0.0182047854255512,-0.0277589313683931,0.0356154432371776));
#6319=CARTESIAN_POINT('',(-0.0190761346797124,-0.02945,0.0364609775529811));
#6320=CARTESIAN_POINT('',(7.152356761543E-18,-0.02445,0.0372035636980366));
#6321=CARTESIAN_POINT('',(-0.00922371979901773,-0.02945,0.0364609775529811));
#6322=CARTESIAN_POINT('',(-0.00998234365529825,-0.0278056920836359,0.0356388235947991));
#6323=CARTESIAN_POINT('',(-0.0106625847395373,-0.0261353772792388,0.0348036661926005));
#6324=CARTESIAN_POINT('',(-0.0112974286762828,-0.02445,0.0339609775529811));
#6325=CARTESIAN_POINT('',(-3.42621396812864E-18,-0.02945,0.0364609775529811));
#6326=MECHANICAL_DESIGN_GEOMETRIC_PRESENTATION_REPRESENTATION('',(#3607),
#6329);
#6327=MECHANICAL_DESIGN_GEOMETRIC_PRESENTATION_REPRESENTATION('',(#3608),
#6330);
#6328=MECHANICAL_DESIGN_GEOMETRIC_PRESENTATION_REPRESENTATION('',(#3609),
#6331);
#6329=(
GEOMETRIC_REPRESENTATION_CONTEXT(3)
GLOBAL_UNCERTAINTY_ASSIGNED_CONTEXT((#6332))
GLOBAL_UNIT_ASSIGNED_CONTEXT((#6341,#6338,#6335))
REPRESENTATION_CONTEXT('interface-v2','TOP_LEVEL_ASSEMBLY_PART')
);
#6330=(
GEOMETRIC_REPRESENTATION_CONTEXT(3)
GLOBAL_UNCERTAINTY_ASSIGNED_CONTEXT((#6333))
GLOBAL_UNIT_ASSIGNED_CONTEXT((#6342,#6339,#6336))
REPRESENTATION_CONTEXT('top-motor-holder','TOP_LEVEL_ASSEMBLY_PART')
);
#6331=(
GEOMETRIC_REPRESENTATION_CONTEXT(3)
GLOBAL_UNCERTAINTY_ASSIGNED_CONTEXT((#6334))
GLOBAL_UNIT_ASSIGNED_CONTEXT((#6343,#6340,#6337))
REPRESENTATION_CONTEXT('btm-motor-holder','TOP_LEVEL_ASSEMBLY_PART')
);
#6332=UNCERTAINTY_MEASURE_WITH_UNIT(LENGTH_MEASURE(1.E-8),#6341,
'DISTANCE_ACCURACY_VALUE','Maximum Tolerance applied to model');
#6333=UNCERTAINTY_MEASURE_WITH_UNIT(LENGTH_MEASURE(2.58210173797677E-5),
#6342,'DISTANCE_ACCURACY_VALUE','Maximum Tolerance applied to model');
#6334=UNCERTAINTY_MEASURE_WITH_UNIT(LENGTH_MEASURE(2.E-5),#6343,
'DISTANCE_ACCURACY_VALUE','Maximum Tolerance applied to model');
#6335=(
NAMED_UNIT(*)
SI_UNIT($,.STERADIAN.)
SOLID_ANGLE_UNIT()
);
#6336=(
NAMED_UNIT(*)
SI_UNIT($,.STERADIAN.)
SOLID_ANGLE_UNIT()
);
#6337=(
NAMED_UNIT(*)
SI_UNIT($,.STERADIAN.)
SOLID_ANGLE_UNIT()
);
#6338=(
NAMED_UNIT(*)
PLANE_ANGLE_UNIT()
SI_UNIT($,.RADIAN.)
);
#6339=(
NAMED_UNIT(*)
PLANE_ANGLE_UNIT()
SI_UNIT($,.RADIAN.)
);
#6340=(
NAMED_UNIT(*)
PLANE_ANGLE_UNIT()
SI_UNIT($,.RADIAN.)
);
#6341=(
LENGTH_UNIT()
NAMED_UNIT(*)
SI_UNIT($,.METRE.)
);
#6342=(
LENGTH_UNIT()
NAMED_UNIT(*)
SI_UNIT($,.METRE.)
);
#6343=(
LENGTH_UNIT()
NAMED_UNIT(*)
SI_UNIT($,.METRE.)
);
#6344=PRODUCT_DEFINITION_SHAPE('','',#6347);
#6345=PRODUCT_DEFINITION_SHAPE('','',#6348);
#6346=PRODUCT_DEFINITION_SHAPE('','',#6349);
#6347=PRODUCT_DEFINITION('','',#6353,#6350);
#6348=PRODUCT_DEFINITION('','',#6354,#6351);
#6349=PRODUCT_DEFINITION('','',#6355,#6352);
#6350=PRODUCT_DEFINITION_CONTEXT('',#6371,'design');
#6351=PRODUCT_DEFINITION_CONTEXT('',#6372,'design');
#6352=PRODUCT_DEFINITION_CONTEXT('',#6373,'design');
#6353=PRODUCT_DEFINITION_FORMATION_WITH_SPECIFIED_SOURCE('','',#6359,
 .NOT_KNOWN.);
#6354=PRODUCT_DEFINITION_FORMATION_WITH_SPECIFIED_SOURCE('','',#6360,
 .NOT_KNOWN.);
#6355=PRODUCT_DEFINITION_FORMATION_WITH_SPECIFIED_SOURCE('','',#6361,
 .NOT_KNOWN.);
#6356=PRODUCT_RELATED_PRODUCT_CATEGORY('','',(#6359));
#6357=PRODUCT_RELATED_PRODUCT_CATEGORY('','',(#6360));
#6358=PRODUCT_RELATED_PRODUCT_CATEGORY('','',(#6361));
#6359=PRODUCT('interface-v2','interface-v2','interface-v2',(#6365));
#6360=PRODUCT('top-motor-holder','top-motor-holder','top-motor-holder',
(#6366));
#6361=PRODUCT('btm-motor-holder','btm-motor-holder','btm-motor-holder',
(#6367));
#6362=PRODUCT_CATEGORY('','');
#6363=PRODUCT_CATEGORY('','');
#6364=PRODUCT_CATEGORY('','');
#6365=PRODUCT_CONTEXT('',#6371,'mechanical');
#6366=PRODUCT_CONTEXT('',#6372,'mechanical');
#6367=PRODUCT_CONTEXT('',#6373,'mechanical');
#6368=APPLICATION_PROTOCOL_DEFINITION('international standard',
'ap242_managed_model_based_3d_engineering',2020,#6371);
#6369=APPLICATION_PROTOCOL_DEFINITION('international standard',
'ap242_managed_model_based_3d_engineering',2020,#6372);
#6370=APPLICATION_PROTOCOL_DEFINITION('international standard',
'ap242_managed_model_based_3d_engineering',2020,#6373);
#6371=APPLICATION_CONTEXT('managed model based 3d engineering');
#6372=APPLICATION_CONTEXT('managed model based 3d engineering');
#6373=APPLICATION_CONTEXT('managed model based 3d engineering');
ENDSEC;
END-ISO-10303-21;
