ISO-10303-21;
HEADER;
/* Generated by software containing ST-Developer
 * from STEP Tools, Inc. (www.steptools.com) 
 */
/* OPTION: using custom renumber hook */

FILE_DESCRIPTION(
/* description */ ('STEP AP242 Edition 2',
'CAx-IF Rec.Pracs.---Representation and Presentation of Product Manufa
cturing Information (PMI)---4.0---2014-10-13',
'CAx-IF Rec.Pracs.---3D Tessellated Geometry---0.4---2014-09-14','2;1',
'CAx-IF Rec.Pracs.---User Defined Attributes---1.5---2016-08-15'),
/* implementation_level */ '2;1');

FILE_NAME(
/* name */ 'Assembly',
/* time_stamp */ '2026-09-18T12:54:14Z',
/* author */ (''),
/* organization */ (''),
/* preprocessor_version */ 'ST-DEVELOPER v20',
/* originating_system */ 'ONSHAPE BY PTC INC, 1.220',
/* authorisation */ '  ');

FILE_SCHEMA (('AP242_MANAGED_MODEL_BASED_3D_ENGINEERING_MIM_LF { 1 0 10303 442 3 1 4 }'));
ENDSEC;

DATA;
#10=(
BOUNDED_SURFACE()
B_SPLINE_SURFACE(3,2,((#5258,#5259,#5260),(#5261,#5262,#5263),(#5264,#5265,
#5266),(#5267,#5268,#5269),(#5270,#5271,#5272),(#5273,#5274,#5275),(#5276,
#5277,#5278)),.UNSPECIFIED.,.F.,.F.,.F.)
B_SPLINE_SURFACE_WITH_KNOTS((4,1,1,1,4),(3,3),(1.5707963267949,1.96349540849362,
2.35619449019234,2.74889357189107,3.14159265358979),(0.,1.),
 .UNSPECIFIED.)
GEOMETRIC_REPRESENTATION_ITEM()
RATIONAL_B_SPLINE_SURFACE(((1.,1.,1.),(1.,0.999999999999897,1.),(1.,0.973464424251641,
1.),(1.,0.869029034406348,1.),(1.,0.746571860829597,1.),(1.,0.707106781187783,
1.),(1.,0.707106781186548,1.)))
REPRESENTATION_ITEM('')
SURFACE()
);
#11=(
BOUNDED_SURFACE()
B_SPLINE_SURFACE(3,2,((#5287,#5288,#5289),(#5290,#5291,#5292),(#5293,#5294,
#5295),(#5296,#5297,#5298),(#5299,#5300,#5301),(#5302,#5303,#5304),(#5305,
#5306,#5307)),.UNSPECIFIED.,.F.,.F.,.F.)
B_SPLINE_SURFACE_WITH_KNOTS((4,1,1,1,4),(3,3),(1.5707963267949,1.96349540849362,
2.35619449019234,2.74889357189107,3.14159265358979),(0.,1.),
 .UNSPECIFIED.)
GEOMETRIC_REPRESENTATION_ITEM()
RATIONAL_B_SPLINE_SURFACE(((1.,1.,1.),(1.,0.999999999999897,1.),(1.,0.973464424251642,
1.),(1.,0.869029034406348,1.),(1.,0.746571860829597,1.),(1.,0.707106781187783,
1.),(1.,0.707106781186548,1.)))
REPRESENTATION_ITEM('')
SURFACE()
);
#12=SHAPE_REPRESENTATION_RELATIONSHIP('','',#3062,#14);
#13=SHAPE_REPRESENTATION_RELATIONSHIP('','',#3063,#15);
#14=ADVANCED_BREP_SHAPE_REPRESENTATION('',(#3058),#5332);
#15=ADVANCED_BREP_SHAPE_REPRESENTATION('',(#3059),#5333);
#16=B_SPLINE_CURVE_WITH_KNOTS('',3,(#4806,#4807,#4808,#4809),
 .UNSPECIFIED.,.F.,.F.,(4,4),(0.,0.00471681256779398),.UNSPECIFIED.);
#17=B_SPLINE_CURVE_WITH_KNOTS('',3,(#4811,#4812,#4813,#4814),
 .UNSPECIFIED.,.F.,.F.,(4,4),(0.,0.00471681256779401),.UNSPECIFIED.);
#18=B_SPLINE_CURVE_WITH_KNOTS('',3,(#4816,#4817,#4818,#4819),
 .UNSPECIFIED.,.F.,.F.,(4,4),(0.,0.00471681256779397),.UNSPECIFIED.);
#19=B_SPLINE_CURVE_WITH_KNOTS('',3,(#4821,#4822,#4823,#4824),
 .UNSPECIFIED.,.F.,.F.,(4,4),(1.05519109601004E-17,0.00471681256779401),
 .UNSPECIFIED.);
#20=B_SPLINE_CURVE_WITH_KNOTS('',3,(#4826,#4827,#4828,#4829),
 .UNSPECIFIED.,.F.,.F.,(4,4),(0.,0.0053579920587385),.UNSPECIFIED.);
#21=B_SPLINE_CURVE_WITH_KNOTS('',3,(#4830,#4831,#4832,#4833),
 .UNSPECIFIED.,.F.,.F.,(4,4),(3.87895961444886E-18,0.00535799205873849),
 .UNSPECIFIED.);
#22=B_SPLINE_CURVE_WITH_KNOTS('',3,(#4835,#4836,#4837,#4838),
 .UNSPECIFIED.,.F.,.F.,(4,4),(0.,0.00549836708454755),.UNSPECIFIED.);
#23=B_SPLINE_CURVE_WITH_KNOTS('',3,(#4840,#4841,#4842,#4843),
 .UNSPECIFIED.,.F.,.F.,(4,4),(0.,0.00549836708454757),.UNSPECIFIED.);
#24=B_SPLINE_CURVE_WITH_KNOTS('',3,(#5048,#5049,#5050,#5051,#5052,#5053,
#5054,#5055,#5056,#5057,#5058,#5059,#5060,#5061,#5062,#5063,#5064,#5065),
 .UNSPECIFIED.,.T.,.F.,(1,1,1,1,1,1,1,1,1,1,1,1,1,1,1,1,1,1,1,1,1,1),(-0.00385197420980954,
-0.00256798280653969,-0.00128399140326985,0.,0.00128399140326985,0.00256798280653969,
0.00385197420980954,0.00513596561307939,0.00770394841961908,0.00898793982288893,
0.0102719312261588,0.0115559226294286,0.0128399140326985,0.0141239054359683,
0.0154078968392382,0.016691888242508,0.0179758796457779,0.0192598710490477,
0.0205438624523176,0.0218278538555874,0.0231118452588572,0.0243958366621271),
 .UNSPECIFIED.);
#25=B_SPLINE_CURVE_WITH_KNOTS('',3,(#5067,#5068,#5069,#5070,#5071,#5072,
#5073,#5074,#5075,#5076,#5077,#5078,#5079,#5080,#5081,#5082,#5083),
 .UNSPECIFIED.,.T.,.F.,(1,1,1,1,1,1,1,1,1,1,1,1,1,1,1,1,1,1,1,1,1),(-0.00513980587718972,
-0.00256990293859486,-0.00128495146929743,0.,0.00128495146929743,0.00256990293859486,
0.00513980587718973,0.00642475734648716,0.00770970881578459,0.00899466028508202,
0.0102796117543795,0.0115645632236769,0.0128495146929743,0.0141344661622717,
0.0154194176315692,0.017989320570164,0.0192742720394615,0.0205592235087589,
0.0218441749780563,0.0231291264473538,0.0256990293859486),.UNSPECIFIED.);
#26=B_SPLINE_CURVE_WITH_KNOTS('',3,(#5085,#5086,#5087,#5088,#5089,#5090,
#5091,#5092,#5093,#5094,#5095,#5096,#5097,#5098,#5099,#5100,#5101,#5102),
 .UNSPECIFIED.,.T.,.F.,(1,1,1,1,1,1,1,1,1,1,1,1,1,1,1,1,1,1,1,1,1,1),(-0.00385197420980953,
-0.00256798280653969,-0.00128399140326984,0.,0.00128399140326984,0.00256798280653969,
0.00385197420980953,0.00513596561307937,0.00770394841961906,0.0089879398228889,
0.0102719312261587,0.0115559226294286,0.0128399140326984,0.0141239054359683,
0.0154078968392381,0.016691888242508,0.0179758796457778,0.0192598710490476,
0.0205438624523175,0.0218278538555873,0.0231118452588572,0.024395836662127),
 .UNSPECIFIED.);
#27=B_SPLINE_CURVE_WITH_KNOTS('',3,(#5104,#5105,#5106,#5107,#5108,#5109,
#5110,#5111,#5112,#5113,#5114,#5115,#5116,#5117,#5118,#5119,#5120),
 .UNSPECIFIED.,.T.,.F.,(1,1,1,1,1,1,1,1,1,1,1,1,1,1,1,1,1,1,1,1,1),(-0.00513980587718969,
-0.00256990293859484,-0.00128495146929742,0.,0.00128495146929742,0.00256990293859484,
0.00513980587718969,0.00642475734648711,0.00770970881578453,0.00899466028508195,
0.0102796117543794,0.0115645632236768,0.0128495146929742,0.0141344661622716,
0.0154194176315691,0.0179893205701639,0.0192742720394613,0.0205592235087587,
0.0218441749780562,0.0231291264473536,0.0256990293859484),.UNSPECIFIED.);
#28=B_SPLINE_CURVE_WITH_KNOTS('',3,(#5311,#5312,#5313,#5314),
 .UNSPECIFIED.,.F.,.F.,(4,4),(0.,0.0053579920587385),.UNSPECIFIED.);
#29=B_SPLINE_CURVE_WITH_KNOTS('',3,(#5315,#5316,#5317,#5318),
 .UNSPECIFIED.,.F.,.F.,(4,4),(0.,0.00549836708454754),.UNSPECIFIED.);
#30=B_SPLINE_CURVE_WITH_KNOTS('',3,(#5320,#5321,#5322,#5323),
 .UNSPECIFIED.,.F.,.F.,(4,4),(3.46944695195361E-18,0.00549836708454757),
 .UNSPECIFIED.);
#31=B_SPLINE_CURVE_WITH_KNOTS('',3,(#5325,#5326,#5327,#5328),
 .UNSPECIFIED.,.F.,.F.,(4,4),(3.87895961444886E-18,0.00535799205873848),
 .UNSPECIFIED.);
#32=TOROIDAL_SURFACE('',#3200,0.005,0.001);
#33=TOROIDAL_SURFACE('',#3203,0.005,0.001);
#34=TOROIDAL_SURFACE('',#3365,0.004,0.001);
#35=TOROIDAL_SURFACE('',#3373,0.004,0.001);
#36=TOROIDAL_SURFACE('',#3381,0.009,0.006);
#37=TOROIDAL_SURFACE('',#3389,0.009,0.006);
#38=CONICAL_SURFACE('',#3166,0.0035,0.785398163397449);
#39=CONICAL_SURFACE('',#3167,0.002,0.785398163397449);
#40=CONICAL_SURFACE('',#3222,0.0107282537347683,0.291456794477867);
#41=CONICAL_SURFACE('',#3225,0.0160958040224446,0.291456794477867);
#42=CONICAL_SURFACE('',#3309,0.0035,0.785398163397449);
#43=CONICAL_SURFACE('',#3310,0.002,0.785398163397449);
#44=CONICAL_SURFACE('',#3345,0.00279,0.235544980720864);
#45=CONICAL_SURFACE('',#3346,0.00279,0.235544980720864);
#46=CONICAL_SURFACE('',#3347,0.00279,0.235544980720864);
#47=CONICAL_SURFACE('',#3348,0.00279,0.235544980720864);
#48=CONICAL_SURFACE('',#3349,0.00279,0.235544980720863);
#49=CONICAL_SURFACE('',#3350,0.00279,0.235544980720863);
#50=CONICAL_SURFACE('',#3351,0.00279,0.235544980720863);
#51=CONICAL_SURFACE('',#3352,0.00279,0.235544980720863);
#52=CONICAL_SURFACE('',#3396,0.0175958040224446,0.291456794477867);
#53=CONICAL_SURFACE('',#3397,0.0122282537347683,0.291456794477867);
#54=CYLINDRICAL_SURFACE('',#3088,0.022);
#55=CYLINDRICAL_SURFACE('',#3127,0.00225);
#56=CYLINDRICAL_SURFACE('',#3128,0.00225);
#57=CYLINDRICAL_SURFACE('',#3129,0.00225);
#58=CYLINDRICAL_SURFACE('',#3130,0.00225);
#59=CYLINDRICAL_SURFACE('',#3131,0.00225);
#60=CYLINDRICAL_SURFACE('',#3133,0.00225);
#61=CYLINDRICAL_SURFACE('',#3135,0.00225);
#62=CYLINDRICAL_SURFACE('',#3137,0.00225);
#63=CYLINDRICAL_SURFACE('',#3139,0.002);
#64=CYLINDRICAL_SURFACE('',#3142,0.00895);
#65=CYLINDRICAL_SURFACE('',#3144,0.002);
#66=CYLINDRICAL_SURFACE('',#3186,0.001);
#67=CYLINDRICAL_SURFACE('',#3188,0.001);
#68=CYLINDRICAL_SURFACE('',#3190,0.001);
#69=CYLINDRICAL_SURFACE('',#3192,0.001);
#70=CYLINDRICAL_SURFACE('',#3194,0.001);
#71=CYLINDRICAL_SURFACE('',#3196,0.001);
#72=CYLINDRICAL_SURFACE('',#3198,0.006);
#73=CYLINDRICAL_SURFACE('',#3201,0.006);
#74=CYLINDRICAL_SURFACE('',#3218,0.02);
#75=CYLINDRICAL_SURFACE('',#3219,0.02);
#76=CYLINDRICAL_SURFACE('',#3220,0.02);
#77=CYLINDRICAL_SURFACE('',#3221,0.02);
#78=CYLINDRICAL_SURFACE('',#3226,0.006);
#79=CYLINDRICAL_SURFACE('',#3227,0.006);
#80=CYLINDRICAL_SURFACE('',#3228,0.006);
#81=CYLINDRICAL_SURFACE('',#3229,0.006);
#82=CYLINDRICAL_SURFACE('',#3230,0.006);
#83=CYLINDRICAL_SURFACE('',#3231,0.006);
#84=CYLINDRICAL_SURFACE('',#3232,0.006);
#85=CYLINDRICAL_SURFACE('',#3233,0.006);
#86=CYLINDRICAL_SURFACE('',#3281,0.002);
#87=CYLINDRICAL_SURFACE('',#3284,0.00895);
#88=CYLINDRICAL_SURFACE('',#3286,0.002);
#89=CYLINDRICAL_SURFACE('',#3288,0.022);
#90=CYLINDRICAL_SURFACE('',#3289,0.003);
#91=CYLINDRICAL_SURFACE('',#3293,0.003);
#92=CYLINDRICAL_SURFACE('',#3297,0.003);
#93=CYLINDRICAL_SURFACE('',#3301,0.003);
#94=CYLINDRICAL_SURFACE('',#3305,0.00185);
#95=CYLINDRICAL_SURFACE('',#3306,0.00185);
#96=CYLINDRICAL_SURFACE('',#3307,0.00185);
#97=CYLINDRICAL_SURFACE('',#3308,0.00185);
#98=CYLINDRICAL_SURFACE('',#3313,0.00279);
#99=CYLINDRICAL_SURFACE('',#3317,0.00279);
#100=CYLINDRICAL_SURFACE('',#3321,0.00279);
#101=CYLINDRICAL_SURFACE('',#3325,0.00279);
#102=CYLINDRICAL_SURFACE('',#3329,0.00279);
#103=CYLINDRICAL_SURFACE('',#3333,0.00279);
#104=CYLINDRICAL_SURFACE('',#3337,0.00279);
#105=CYLINDRICAL_SURFACE('',#3341,0.00279);
#106=CYLINDRICAL_SURFACE('',#3353,0.006);
#107=CYLINDRICAL_SURFACE('',#3355,0.006);
#108=CYLINDRICAL_SURFACE('',#3357,0.003);
#109=CYLINDRICAL_SURFACE('',#3360,0.003);
#110=CYLINDRICAL_SURFACE('',#3363,0.001);
#111=CYLINDRICAL_SURFACE('',#3367,0.001);
#112=CYLINDRICAL_SURFACE('',#3369,0.001);
#113=CYLINDRICAL_SURFACE('',#3371,0.001);
#114=CYLINDRICAL_SURFACE('',#3375,0.001);
#115=CYLINDRICAL_SURFACE('',#3377,0.001);
#116=CYLINDRICAL_SURFACE('',#3379,0.006);
#117=CYLINDRICAL_SURFACE('',#3383,0.006);
#118=CYLINDRICAL_SURFACE('',#3386,0.006);
#119=CYLINDRICAL_SURFACE('',#3387,0.006);
#120=CYLINDRICAL_SURFACE('',#3391,0.006);
#121=CYLINDRICAL_SURFACE('',#3394,0.006);
#122=ELLIPSE('',#3068,0.029472515164158,0.02);
#123=ELLIPSE('',#3071,0.029472515164158,0.02);
#124=ELLIPSE('',#3076,0.029472515164158,0.02);
#125=ELLIPSE('',#3079,0.029472515164158,0.02);
#126=ELLIPSE('',#3082,0.029472515164158,0.02);
#127=ELLIPSE('',#3083,0.029472515164158,0.02);
#128=ELLIPSE('',#3085,0.029472515164158,0.02);
#129=ELLIPSE('',#3087,0.029472515164158,0.02);
#130=ELLIPSE('',#3152,0.029472515164158,0.02);
#131=ELLIPSE('',#3154,0.029472515164158,0.02);
#132=ELLIPSE('',#3155,0.029472515164158,0.02);
#133=ELLIPSE('',#3157,0.029472515164158,0.02);
#134=ELLIPSE('',#3187,0.00141421356237309,0.001);
#135=ELLIPSE('',#3193,0.00141421356237309,0.001);
#136=ELLIPSE('',#3209,0.00848528137423857,0.006);
#137=ELLIPSE('',#3212,0.00848528137423857,0.006);
#138=ELLIPSE('',#3214,0.00848528137423857,0.006);
#139=ELLIPSE('',#3217,0.00848528137423857,0.006);
#140=ELLIPSE('',#3269,0.00269378582851225,0.001);
#141=ELLIPSE('',#3273,0.00269378582851225,0.001);
#142=ELLIPSE('',#3354,0.0061101458976251,0.006);
#143=ELLIPSE('',#3356,0.0061101458976251,0.006);
#144=ELLIPSE('',#3368,0.00141421356237309,0.001);
#145=ELLIPSE('',#3376,0.00141421356237309,0.001);
#146=ELLIPSE('',#3384,0.00781024967590665,0.006);
#147=ELLIPSE('',#3385,0.00781024967590665,0.006);
#148=ELLIPSE('',#3392,0.00781024967590665,0.006);
#149=ELLIPSE('',#3393,0.00781024967590665,0.006);
#150=CIRCLE('',#3066,0.022);
#151=CIRCLE('',#3069,0.022);
#152=CIRCLE('',#3072,0.022);
#153=CIRCLE('',#3074,0.022);
#154=CIRCLE('',#3077,0.022);
#155=CIRCLE('',#3080,0.022);
#156=CIRCLE('',#3089,0.022);
#157=CIRCLE('',#3090,0.022);
#158=CIRCLE('',#3091,0.022);
#159=CIRCLE('',#3092,0.022);
#160=CIRCLE('',#3094,0.002);
#161=CIRCLE('',#3095,0.00895);
#162=CIRCLE('',#3096,0.002);
#163=CIRCLE('',#3097,0.0122282537347683);
#164=CIRCLE('',#3098,0.0160958040224446);
#165=CIRCLE('',#3100,0.0175958040224446);
#166=CIRCLE('',#3101,0.0107282537347683);
#167=CIRCLE('',#3102,0.006);
#168=CIRCLE('',#3103,0.0035);
#169=CIRCLE('',#3104,0.00895);
#170=CIRCLE('',#3105,0.0035);
#171=CIRCLE('',#3106,0.006);
#172=CIRCLE('',#3107,0.006);
#173=CIRCLE('',#3108,0.006);
#174=CIRCLE('',#3110,0.00225);
#175=CIRCLE('',#3111,0.00225);
#176=CIRCLE('',#3112,0.00225);
#177=CIRCLE('',#3113,0.00225);
#178=CIRCLE('',#3114,0.005);
#179=CIRCLE('',#3116,0.00225);
#180=CIRCLE('',#3117,0.00225);
#181=CIRCLE('',#3118,0.00225);
#182=CIRCLE('',#3119,0.00225);
#183=CIRCLE('',#3120,0.005);
#184=CIRCLE('',#3122,0.00225);
#185=CIRCLE('',#3123,0.00225);
#186=CIRCLE('',#3124,0.006);
#187=CIRCLE('',#3125,0.00225);
#188=CIRCLE('',#3126,0.00225);
#189=CIRCLE('',#3132,0.00225);
#190=CIRCLE('',#3134,0.00225);
#191=CIRCLE('',#3136,0.00225);
#192=CIRCLE('',#3138,0.00225);
#193=CIRCLE('',#3140,0.002);
#194=CIRCLE('',#3145,0.002);
#195=CIRCLE('',#3147,0.006);
#196=CIRCLE('',#3149,0.001);
#197=CIRCLE('',#3150,0.001);
#198=CIRCLE('',#3159,0.001);
#199=CIRCLE('',#3160,0.001);
#200=CIRCLE('',#3162,0.006);
#201=CIRCLE('',#3163,0.006);
#202=CIRCLE('',#3164,0.006);
#203=CIRCLE('',#3165,0.006);
#204=CIRCLE('',#3189,0.001);
#205=CIRCLE('',#3191,0.001);
#206=CIRCLE('',#3195,0.001);
#207=CIRCLE('',#3197,0.001);
#208=CIRCLE('',#3199,0.006);
#209=CIRCLE('',#3202,0.006);
#210=CIRCLE('',#3236,0.0175958040224446);
#211=CIRCLE('',#3237,0.0107282537347683);
#212=CIRCLE('',#3238,0.004);
#213=CIRCLE('',#3239,0.0035);
#214=CIRCLE('',#3240,0.00895);
#215=CIRCLE('',#3241,0.0035);
#216=CIRCLE('',#3242,0.004);
#217=CIRCLE('',#3244,0.022);
#218=CIRCLE('',#3245,0.002);
#219=CIRCLE('',#3246,0.00895);
#220=CIRCLE('',#3247,0.002);
#221=CIRCLE('',#3248,0.0160958040224446);
#222=CIRCLE('',#3249,0.0122282537347683);
#223=CIRCLE('',#3251,0.00315);
#224=CIRCLE('',#3252,0.00315);
#225=CIRCLE('',#3253,0.00315);
#226=CIRCLE('',#3254,0.00315);
#227=CIRCLE('',#3255,0.006);
#228=CIRCLE('',#3258,0.022);
#229=CIRCLE('',#3259,0.009);
#230=CIRCLE('',#3260,0.009);
#231=CIRCLE('',#3262,0.00315);
#232=CIRCLE('',#3263,0.00315);
#233=CIRCLE('',#3264,0.00315);
#234=CIRCLE('',#3265,0.00315);
#235=CIRCLE('',#3266,0.006);
#236=CIRCLE('',#3275,0.006);
#237=CIRCLE('',#3276,0.006);
#238=CIRCLE('',#3277,0.00185);
#239=CIRCLE('',#3278,0.00185);
#240=CIRCLE('',#3279,0.00185);
#241=CIRCLE('',#3280,0.00185);
#242=CIRCLE('',#3282,0.002);
#243=CIRCLE('',#3287,0.002);
#244=CIRCLE('',#3290,0.003);
#245=CIRCLE('',#3292,0.00185);
#246=CIRCLE('',#3294,0.003);
#247=CIRCLE('',#3296,0.00185);
#248=CIRCLE('',#3298,0.003);
#249=CIRCLE('',#3300,0.00185);
#250=CIRCLE('',#3302,0.003);
#251=CIRCLE('',#3304,0.00185);
#252=CIRCLE('',#3314,0.00279);
#253=CIRCLE('',#3315,0.00279);
#254=CIRCLE('',#3318,0.00279);
#255=CIRCLE('',#3319,0.00279);
#256=CIRCLE('',#3322,0.00279);
#257=CIRCLE('',#3323,0.00279);
#258=CIRCLE('',#3326,0.00279);
#259=CIRCLE('',#3327,0.00279);
#260=CIRCLE('',#3330,0.00279);
#261=CIRCLE('',#3331,0.00279);
#262=CIRCLE('',#3334,0.00279);
#263=CIRCLE('',#3335,0.00279);
#264=CIRCLE('',#3338,0.00279);
#265=CIRCLE('',#3339,0.00279);
#266=CIRCLE('',#3342,0.00279);
#267=CIRCLE('',#3343,0.00279);
#268=CIRCLE('',#3358,0.003);
#269=CIRCLE('',#3359,0.003);
#270=CIRCLE('',#3361,0.003);
#271=CIRCLE('',#3362,0.003);
#272=CIRCLE('',#3364,0.001);
#273=CIRCLE('',#3366,0.001);
#274=CIRCLE('',#3370,0.001);
#275=CIRCLE('',#3372,0.001);
#276=CIRCLE('',#3374,0.001);
#277=CIRCLE('',#3378,0.001);
#278=CIRCLE('',#3380,0.006);
#279=CIRCLE('',#3382,0.006);
#280=CIRCLE('',#3388,0.006);
#281=CIRCLE('',#3390,0.006);
#282=ORIENTED_EDGE('',*,*,#1118,.T.);
#283=ORIENTED_EDGE('',*,*,#1119,.T.);
#284=ORIENTED_EDGE('',*,*,#1120,.F.);
#285=ORIENTED_EDGE('',*,*,#1121,.T.);
#286=ORIENTED_EDGE('',*,*,#1122,.T.);
#287=ORIENTED_EDGE('',*,*,#1123,.T.);
#288=ORIENTED_EDGE('',*,*,#1124,.F.);
#289=ORIENTED_EDGE('',*,*,#1125,.T.);
#290=ORIENTED_EDGE('',*,*,#1126,.T.);
#291=ORIENTED_EDGE('',*,*,#1127,.T.);
#292=ORIENTED_EDGE('',*,*,#1128,.F.);
#293=ORIENTED_EDGE('',*,*,#1129,.T.);
#294=ORIENTED_EDGE('',*,*,#1130,.T.);
#295=ORIENTED_EDGE('',*,*,#1131,.F.);
#296=ORIENTED_EDGE('',*,*,#1132,.T.);
#297=ORIENTED_EDGE('',*,*,#1133,.T.);
#298=ORIENTED_EDGE('',*,*,#1134,.T.);
#299=ORIENTED_EDGE('',*,*,#1135,.T.);
#300=ORIENTED_EDGE('',*,*,#1136,.T.);
#301=ORIENTED_EDGE('',*,*,#1137,.T.);
#302=ORIENTED_EDGE('',*,*,#1138,.T.);
#303=ORIENTED_EDGE('',*,*,#1139,.T.);
#304=ORIENTED_EDGE('',*,*,#1140,.F.);
#305=ORIENTED_EDGE('',*,*,#1141,.T.);
#306=ORIENTED_EDGE('',*,*,#1142,.T.);
#307=ORIENTED_EDGE('',*,*,#1143,.T.);
#308=ORIENTED_EDGE('',*,*,#1144,.T.);
#309=ORIENTED_EDGE('',*,*,#1145,.T.);
#310=ORIENTED_EDGE('',*,*,#1146,.T.);
#311=ORIENTED_EDGE('',*,*,#1147,.T.);
#312=ORIENTED_EDGE('',*,*,#1148,.T.);
#313=ORIENTED_EDGE('',*,*,#1149,.T.);
#314=ORIENTED_EDGE('',*,*,#1150,.T.);
#315=ORIENTED_EDGE('',*,*,#1151,.T.);
#316=ORIENTED_EDGE('',*,*,#1152,.T.);
#317=ORIENTED_EDGE('',*,*,#1153,.T.);
#318=ORIENTED_EDGE('',*,*,#1154,.T.);
#319=ORIENTED_EDGE('',*,*,#1155,.T.);
#320=ORIENTED_EDGE('',*,*,#1156,.F.);
#321=ORIENTED_EDGE('',*,*,#1157,.F.);
#322=ORIENTED_EDGE('',*,*,#1158,.T.);
#323=ORIENTED_EDGE('',*,*,#1159,.T.);
#324=ORIENTED_EDGE('',*,*,#1120,.T.);
#325=ORIENTED_EDGE('',*,*,#1124,.T.);
#326=ORIENTED_EDGE('',*,*,#1128,.T.);
#327=ORIENTED_EDGE('',*,*,#1160,.T.);
#328=ORIENTED_EDGE('',*,*,#1161,.T.);
#329=ORIENTED_EDGE('',*,*,#1162,.F.);
#330=ORIENTED_EDGE('',*,*,#1139,.F.);
#331=ORIENTED_EDGE('',*,*,#1135,.F.);
#332=ORIENTED_EDGE('',*,*,#1129,.F.);
#333=ORIENTED_EDGE('',*,*,#1163,.T.);
#334=ORIENTED_EDGE('',*,*,#1164,.F.);
#335=ORIENTED_EDGE('',*,*,#1156,.T.);
#336=ORIENTED_EDGE('',*,*,#1165,.T.);
#337=ORIENTED_EDGE('',*,*,#1166,.T.);
#338=ORIENTED_EDGE('',*,*,#1167,.F.);
#339=ORIENTED_EDGE('',*,*,#1168,.T.);
#340=ORIENTED_EDGE('',*,*,#1169,.F.);
#341=ORIENTED_EDGE('',*,*,#1170,.F.);
#342=ORIENTED_EDGE('',*,*,#1171,.F.);
#343=ORIENTED_EDGE('',*,*,#1172,.F.);
#344=ORIENTED_EDGE('',*,*,#1173,.T.);
#345=ORIENTED_EDGE('',*,*,#1174,.T.);
#346=ORIENTED_EDGE('',*,*,#1175,.T.);
#347=ORIENTED_EDGE('',*,*,#1176,.T.);
#348=ORIENTED_EDGE('',*,*,#1177,.T.);
#349=ORIENTED_EDGE('',*,*,#1178,.T.);
#350=ORIENTED_EDGE('',*,*,#1179,.T.);
#351=ORIENTED_EDGE('',*,*,#1180,.T.);
#352=ORIENTED_EDGE('',*,*,#1181,.T.);
#353=ORIENTED_EDGE('',*,*,#1182,.T.);
#354=ORIENTED_EDGE('',*,*,#1183,.F.);
#355=ORIENTED_EDGE('',*,*,#1184,.T.);
#356=ORIENTED_EDGE('',*,*,#1185,.T.);
#357=ORIENTED_EDGE('',*,*,#1186,.T.);
#358=ORIENTED_EDGE('',*,*,#1187,.F.);
#359=ORIENTED_EDGE('',*,*,#1188,.T.);
#360=ORIENTED_EDGE('',*,*,#1189,.T.);
#361=ORIENTED_EDGE('',*,*,#1190,.F.);
#362=ORIENTED_EDGE('',*,*,#1191,.T.);
#363=ORIENTED_EDGE('',*,*,#1192,.T.);
#364=ORIENTED_EDGE('',*,*,#1193,.F.);
#365=ORIENTED_EDGE('',*,*,#1194,.T.);
#366=ORIENTED_EDGE('',*,*,#1195,.T.);
#367=ORIENTED_EDGE('',*,*,#1196,.T.);
#368=ORIENTED_EDGE('',*,*,#1140,.T.);
#369=ORIENTED_EDGE('',*,*,#1197,.T.);
#370=ORIENTED_EDGE('',*,*,#1198,.F.);
#371=ORIENTED_EDGE('',*,*,#1199,.F.);
#372=ORIENTED_EDGE('',*,*,#1200,.T.);
#373=ORIENTED_EDGE('',*,*,#1201,.F.);
#374=ORIENTED_EDGE('',*,*,#1202,.F.);
#375=ORIENTED_EDGE('',*,*,#1203,.T.);
#376=ORIENTED_EDGE('',*,*,#1204,.F.);
#377=ORIENTED_EDGE('',*,*,#1205,.F.);
#378=ORIENTED_EDGE('',*,*,#1206,.T.);
#379=ORIENTED_EDGE('',*,*,#1207,.F.);
#380=ORIENTED_EDGE('',*,*,#1208,.F.);
#381=ORIENTED_EDGE('',*,*,#1209,.T.);
#382=ORIENTED_EDGE('',*,*,#1210,.F.);
#383=ORIENTED_EDGE('',*,*,#1211,.T.);
#384=ORIENTED_EDGE('',*,*,#1212,.T.);
#385=ORIENTED_EDGE('',*,*,#1213,.T.);
#386=ORIENTED_EDGE('',*,*,#1214,.T.);
#387=ORIENTED_EDGE('',*,*,#1215,.F.);
#388=ORIENTED_EDGE('',*,*,#1216,.F.);
#389=ORIENTED_EDGE('',*,*,#1217,.T.);
#390=ORIENTED_EDGE('',*,*,#1218,.F.);
#391=ORIENTED_EDGE('',*,*,#1219,.F.);
#392=ORIENTED_EDGE('',*,*,#1220,.T.);
#393=ORIENTED_EDGE('',*,*,#1221,.F.);
#394=ORIENTED_EDGE('',*,*,#1222,.F.);
#395=ORIENTED_EDGE('',*,*,#1223,.T.);
#396=ORIENTED_EDGE('',*,*,#1224,.F.);
#397=ORIENTED_EDGE('',*,*,#1225,.F.);
#398=ORIENTED_EDGE('',*,*,#1226,.T.);
#399=ORIENTED_EDGE('',*,*,#1227,.F.);
#400=ORIENTED_EDGE('',*,*,#1228,.T.);
#401=ORIENTED_EDGE('',*,*,#1229,.F.);
#402=ORIENTED_EDGE('',*,*,#1230,.T.);
#403=ORIENTED_EDGE('',*,*,#1231,.T.);
#404=ORIENTED_EDGE('',*,*,#1232,.F.);
#405=ORIENTED_EDGE('',*,*,#1233,.T.);
#406=ORIENTED_EDGE('',*,*,#1234,.T.);
#407=ORIENTED_EDGE('',*,*,#1235,.F.);
#408=ORIENTED_EDGE('',*,*,#1236,.T.);
#409=ORIENTED_EDGE('',*,*,#1237,.T.);
#410=ORIENTED_EDGE('',*,*,#1238,.F.);
#411=ORIENTED_EDGE('',*,*,#1239,.T.);
#412=ORIENTED_EDGE('',*,*,#1240,.T.);
#413=ORIENTED_EDGE('',*,*,#1157,.T.);
#414=ORIENTED_EDGE('',*,*,#1164,.T.);
#415=ORIENTED_EDGE('',*,*,#1241,.F.);
#416=ORIENTED_EDGE('',*,*,#1242,.T.);
#417=ORIENTED_EDGE('',*,*,#1184,.F.);
#418=ORIENTED_EDGE('',*,*,#1243,.F.);
#419=ORIENTED_EDGE('',*,*,#1244,.T.);
#420=ORIENTED_EDGE('',*,*,#1245,.T.);
#421=ORIENTED_EDGE('',*,*,#1246,.F.);
#422=ORIENTED_EDGE('',*,*,#1247,.T.);
#423=ORIENTED_EDGE('',*,*,#1248,.T.);
#424=ORIENTED_EDGE('',*,*,#1249,.F.);
#425=ORIENTED_EDGE('',*,*,#1236,.F.);
#426=ORIENTED_EDGE('',*,*,#1250,.F.);
#427=ORIENTED_EDGE('',*,*,#1199,.T.);
#428=ORIENTED_EDGE('',*,*,#1251,.F.);
#429=ORIENTED_EDGE('',*,*,#1247,.F.);
#430=ORIENTED_EDGE('',*,*,#1252,.F.);
#431=ORIENTED_EDGE('',*,*,#1208,.T.);
#432=ORIENTED_EDGE('',*,*,#1253,.F.);
#433=ORIENTED_EDGE('',*,*,#1233,.F.);
#434=ORIENTED_EDGE('',*,*,#1254,.F.);
#435=ORIENTED_EDGE('',*,*,#1205,.T.);
#436=ORIENTED_EDGE('',*,*,#1255,.F.);
#437=ORIENTED_EDGE('',*,*,#1244,.F.);
#438=ORIENTED_EDGE('',*,*,#1256,.F.);
#439=ORIENTED_EDGE('',*,*,#1202,.T.);
#440=ORIENTED_EDGE('',*,*,#1257,.F.);
#441=ORIENTED_EDGE('',*,*,#1258,.T.);
#442=ORIENTED_EDGE('',*,*,#1259,.F.);
#443=ORIENTED_EDGE('',*,*,#1222,.T.);
#444=ORIENTED_EDGE('',*,*,#1260,.F.);
#445=ORIENTED_EDGE('',*,*,#1261,.T.);
#446=ORIENTED_EDGE('',*,*,#1262,.F.);
#447=ORIENTED_EDGE('',*,*,#1219,.T.);
#448=ORIENTED_EDGE('',*,*,#1263,.F.);
#449=ORIENTED_EDGE('',*,*,#1264,.T.);
#450=ORIENTED_EDGE('',*,*,#1265,.F.);
#451=ORIENTED_EDGE('',*,*,#1225,.T.);
#452=ORIENTED_EDGE('',*,*,#1266,.F.);
#453=ORIENTED_EDGE('',*,*,#1267,.T.);
#454=ORIENTED_EDGE('',*,*,#1268,.F.);
#455=ORIENTED_EDGE('',*,*,#1216,.T.);
#456=ORIENTED_EDGE('',*,*,#1269,.F.);
#457=ORIENTED_EDGE('',*,*,#1270,.T.);
#458=ORIENTED_EDGE('',*,*,#1241,.T.);
#459=ORIENTED_EDGE('',*,*,#1170,.T.);
#460=ORIENTED_EDGE('',*,*,#1186,.F.);
#461=ORIENTED_EDGE('',*,*,#1271,.T.);
#462=ORIENTED_EDGE('',*,*,#1269,.T.);
#463=ORIENTED_EDGE('',*,*,#1169,.T.);
#464=ORIENTED_EDGE('',*,*,#1272,.F.);
#465=ORIENTED_EDGE('',*,*,#1168,.F.);
#466=ORIENTED_EDGE('',*,*,#1273,.F.);
#467=ORIENTED_EDGE('',*,*,#1187,.T.);
#468=ORIENTED_EDGE('',*,*,#1272,.T.);
#469=ORIENTED_EDGE('',*,*,#1274,.F.);
#470=ORIENTED_EDGE('',*,*,#1275,.T.);
#471=ORIENTED_EDGE('',*,*,#1188,.F.);
#472=ORIENTED_EDGE('',*,*,#1273,.T.);
#473=ORIENTED_EDGE('',*,*,#1167,.T.);
#474=ORIENTED_EDGE('',*,*,#1276,.F.);
#475=ORIENTED_EDGE('',*,*,#1277,.T.);
#476=ORIENTED_EDGE('',*,*,#1274,.T.);
#477=ORIENTED_EDGE('',*,*,#1166,.F.);
#478=ORIENTED_EDGE('',*,*,#1278,.F.);
#479=ORIENTED_EDGE('',*,*,#1267,.F.);
#480=ORIENTED_EDGE('',*,*,#1279,.T.);
#481=ORIENTED_EDGE('',*,*,#1280,.F.);
#482=ORIENTED_EDGE('',*,*,#1264,.F.);
#483=ORIENTED_EDGE('',*,*,#1281,.T.);
#484=ORIENTED_EDGE('',*,*,#1282,.F.);
#485=ORIENTED_EDGE('',*,*,#1261,.F.);
#486=ORIENTED_EDGE('',*,*,#1283,.T.);
#487=ORIENTED_EDGE('',*,*,#1284,.F.);
#488=ORIENTED_EDGE('',*,*,#1258,.F.);
#489=ORIENTED_EDGE('',*,*,#1285,.T.);
#490=ORIENTED_EDGE('',*,*,#1286,.F.);
#491=ORIENTED_EDGE('',*,*,#1287,.T.);
#492=ORIENTED_EDGE('',*,*,#1288,.T.);
#493=ORIENTED_EDGE('',*,*,#1190,.T.);
#494=ORIENTED_EDGE('',*,*,#1289,.T.);
#495=ORIENTED_EDGE('',*,*,#1276,.T.);
#496=ORIENTED_EDGE('',*,*,#1165,.F.);
#497=ORIENTED_EDGE('',*,*,#1159,.F.);
#498=ORIENTED_EDGE('',*,*,#1290,.F.);
#499=ORIENTED_EDGE('',*,*,#1291,.T.);
#500=ORIENTED_EDGE('',*,*,#1292,.T.);
#501=ORIENTED_EDGE('',*,*,#1293,.T.);
#502=ORIENTED_EDGE('',*,*,#1294,.T.);
#503=ORIENTED_EDGE('',*,*,#1295,.T.);
#504=ORIENTED_EDGE('',*,*,#1193,.T.);
#505=ORIENTED_EDGE('',*,*,#1296,.T.);
#506=ORIENTED_EDGE('',*,*,#1229,.T.);
#507=ORIENTED_EDGE('',*,*,#1297,.T.);
#508=ORIENTED_EDGE('',*,*,#1195,.F.);
#509=ORIENTED_EDGE('',*,*,#1298,.T.);
#510=ORIENTED_EDGE('',*,*,#1299,.T.);
#511=ORIENTED_EDGE('',*,*,#1300,.T.);
#512=ORIENTED_EDGE('',*,*,#1301,.T.);
#513=ORIENTED_EDGE('',*,*,#1302,.T.);
#514=ORIENTED_EDGE('',*,*,#1303,.T.);
#515=ORIENTED_EDGE('',*,*,#1304,.T.);
#516=ORIENTED_EDGE('',*,*,#1305,.T.);
#517=ORIENTED_EDGE('',*,*,#1306,.T.);
#518=ORIENTED_EDGE('',*,*,#1307,.T.);
#519=ORIENTED_EDGE('',*,*,#1308,.T.);
#520=ORIENTED_EDGE('',*,*,#1309,.T.);
#521=ORIENTED_EDGE('',*,*,#1179,.F.);
#522=ORIENTED_EDGE('',*,*,#1310,.T.);
#523=ORIENTED_EDGE('',*,*,#1311,.T.);
#524=ORIENTED_EDGE('',*,*,#1312,.T.);
#525=ORIENTED_EDGE('',*,*,#1313,.T.);
#526=ORIENTED_EDGE('',*,*,#1314,.T.);
#527=ORIENTED_EDGE('',*,*,#1315,.T.);
#528=ORIENTED_EDGE('',*,*,#1213,.F.);
#529=ORIENTED_EDGE('',*,*,#1316,.T.);
#530=ORIENTED_EDGE('',*,*,#1181,.F.);
#531=ORIENTED_EDGE('',*,*,#1317,.T.);
#532=ORIENTED_EDGE('',*,*,#1318,.T.);
#533=ORIENTED_EDGE('',*,*,#1319,.F.);
#534=ORIENTED_EDGE('',*,*,#1314,.F.);
#535=ORIENTED_EDGE('',*,*,#1320,.T.);
#536=ORIENTED_EDGE('',*,*,#1151,.F.);
#537=ORIENTED_EDGE('',*,*,#1321,.T.);
#538=ORIENTED_EDGE('',*,*,#1304,.F.);
#539=ORIENTED_EDGE('',*,*,#1322,.T.);
#540=ORIENTED_EDGE('',*,*,#1148,.F.);
#541=ORIENTED_EDGE('',*,*,#1323,.T.);
#542=ORIENTED_EDGE('',*,*,#1290,.T.);
#543=ORIENTED_EDGE('',*,*,#1324,.T.);
#544=ORIENTED_EDGE('',*,*,#1325,.T.);
#545=ORIENTED_EDGE('',*,*,#1286,.T.);
#546=ORIENTED_EDGE('',*,*,#1158,.F.);
#547=ORIENTED_EDGE('',*,*,#1240,.F.);
#548=ORIENTED_EDGE('',*,*,#1326,.T.);
#549=ORIENTED_EDGE('',*,*,#1327,.T.);
#550=ORIENTED_EDGE('',*,*,#1242,.F.);
#551=ORIENTED_EDGE('',*,*,#1270,.F.);
#552=ORIENTED_EDGE('',*,*,#1271,.F.);
#553=ORIENTED_EDGE('',*,*,#1185,.F.);
#554=ORIENTED_EDGE('',*,*,#1289,.F.);
#555=ORIENTED_EDGE('',*,*,#1189,.F.);
#556=ORIENTED_EDGE('',*,*,#1275,.F.);
#557=ORIENTED_EDGE('',*,*,#1277,.F.);
#558=ORIENTED_EDGE('',*,*,#1328,.T.);
#559=ORIENTED_EDGE('',*,*,#1329,.T.);
#560=ORIENTED_EDGE('',*,*,#1238,.T.);
#561=ORIENTED_EDGE('',*,*,#1183,.T.);
#562=ORIENTED_EDGE('',*,*,#1288,.F.);
#563=ORIENTED_EDGE('',*,*,#1330,.T.);
#564=ORIENTED_EDGE('',*,*,#1331,.T.);
#565=ORIENTED_EDGE('',*,*,#1191,.F.);
#566=ORIENTED_EDGE('',*,*,#1235,.T.);
#567=ORIENTED_EDGE('',*,*,#1332,.T.);
#568=ORIENTED_EDGE('',*,*,#1200,.F.);
#569=ORIENTED_EDGE('',*,*,#1250,.T.);
#570=ORIENTED_EDGE('',*,*,#1332,.F.);
#571=ORIENTED_EDGE('',*,*,#1237,.F.);
#572=ORIENTED_EDGE('',*,*,#1249,.T.);
#573=ORIENTED_EDGE('',*,*,#1198,.T.);
#574=ORIENTED_EDGE('',*,*,#1243,.T.);
#575=ORIENTED_EDGE('',*,*,#1333,.T.);
#576=ORIENTED_EDGE('',*,*,#1203,.F.);
#577=ORIENTED_EDGE('',*,*,#1256,.T.);
#578=ORIENTED_EDGE('',*,*,#1333,.F.);
#579=ORIENTED_EDGE('',*,*,#1245,.F.);
#580=ORIENTED_EDGE('',*,*,#1255,.T.);
#581=ORIENTED_EDGE('',*,*,#1201,.T.);
#582=ORIENTED_EDGE('',*,*,#1232,.T.);
#583=ORIENTED_EDGE('',*,*,#1334,.T.);
#584=ORIENTED_EDGE('',*,*,#1206,.F.);
#585=ORIENTED_EDGE('',*,*,#1254,.T.);
#586=ORIENTED_EDGE('',*,*,#1334,.F.);
#587=ORIENTED_EDGE('',*,*,#1234,.F.);
#588=ORIENTED_EDGE('',*,*,#1253,.T.);
#589=ORIENTED_EDGE('',*,*,#1204,.T.);
#590=ORIENTED_EDGE('',*,*,#1246,.T.);
#591=ORIENTED_EDGE('',*,*,#1335,.T.);
#592=ORIENTED_EDGE('',*,*,#1209,.F.);
#593=ORIENTED_EDGE('',*,*,#1252,.T.);
#594=ORIENTED_EDGE('',*,*,#1335,.F.);
#595=ORIENTED_EDGE('',*,*,#1248,.F.);
#596=ORIENTED_EDGE('',*,*,#1251,.T.);
#597=ORIENTED_EDGE('',*,*,#1207,.T.);
#598=ORIENTED_EDGE('',*,*,#1284,.T.);
#599=ORIENTED_EDGE('',*,*,#1336,.T.);
#600=ORIENTED_EDGE('',*,*,#1223,.F.);
#601=ORIENTED_EDGE('',*,*,#1259,.T.);
#602=ORIENTED_EDGE('',*,*,#1336,.F.);
#603=ORIENTED_EDGE('',*,*,#1285,.F.);
#604=ORIENTED_EDGE('',*,*,#1257,.T.);
#605=ORIENTED_EDGE('',*,*,#1221,.T.);
#606=ORIENTED_EDGE('',*,*,#1282,.T.);
#607=ORIENTED_EDGE('',*,*,#1337,.T.);
#608=ORIENTED_EDGE('',*,*,#1220,.F.);
#609=ORIENTED_EDGE('',*,*,#1262,.T.);
#610=ORIENTED_EDGE('',*,*,#1337,.F.);
#611=ORIENTED_EDGE('',*,*,#1283,.F.);
#612=ORIENTED_EDGE('',*,*,#1260,.T.);
#613=ORIENTED_EDGE('',*,*,#1218,.T.);
#614=ORIENTED_EDGE('',*,*,#1280,.T.);
#615=ORIENTED_EDGE('',*,*,#1338,.T.);
#616=ORIENTED_EDGE('',*,*,#1226,.F.);
#617=ORIENTED_EDGE('',*,*,#1265,.T.);
#618=ORIENTED_EDGE('',*,*,#1338,.F.);
#619=ORIENTED_EDGE('',*,*,#1281,.F.);
#620=ORIENTED_EDGE('',*,*,#1263,.T.);
#621=ORIENTED_EDGE('',*,*,#1224,.T.);
#622=ORIENTED_EDGE('',*,*,#1278,.T.);
#623=ORIENTED_EDGE('',*,*,#1339,.T.);
#624=ORIENTED_EDGE('',*,*,#1217,.F.);
#625=ORIENTED_EDGE('',*,*,#1268,.T.);
#626=ORIENTED_EDGE('',*,*,#1339,.F.);
#627=ORIENTED_EDGE('',*,*,#1279,.F.);
#628=ORIENTED_EDGE('',*,*,#1266,.T.);
#629=ORIENTED_EDGE('',*,*,#1215,.T.);
#630=ORIENTED_EDGE('',*,*,#1296,.F.);
#631=ORIENTED_EDGE('',*,*,#1192,.F.);
#632=ORIENTED_EDGE('',*,*,#1340,.F.);
#633=ORIENTED_EDGE('',*,*,#1230,.F.);
#634=ORIENTED_EDGE('',*,*,#1331,.F.);
#635=ORIENTED_EDGE('',*,*,#1341,.T.);
#636=ORIENTED_EDGE('',*,*,#1231,.F.);
#637=ORIENTED_EDGE('',*,*,#1340,.T.);
#638=ORIENTED_EDGE('',*,*,#1228,.F.);
#639=ORIENTED_EDGE('',*,*,#1342,.T.);
#640=ORIENTED_EDGE('',*,*,#1324,.F.);
#641=ORIENTED_EDGE('',*,*,#1297,.F.);
#642=ORIENTED_EDGE('',*,*,#1316,.F.);
#643=ORIENTED_EDGE('',*,*,#1212,.F.);
#644=ORIENTED_EDGE('',*,*,#1343,.F.);
#645=ORIENTED_EDGE('',*,*,#1182,.F.);
#646=ORIENTED_EDGE('',*,*,#1211,.F.);
#647=ORIENTED_EDGE('',*,*,#1344,.T.);
#648=ORIENTED_EDGE('',*,*,#1328,.F.);
#649=ORIENTED_EDGE('',*,*,#1343,.T.);
#650=ORIENTED_EDGE('',*,*,#1327,.F.);
#651=ORIENTED_EDGE('',*,*,#1345,.T.);
#652=ORIENTED_EDGE('',*,*,#1214,.F.);
#653=ORIENTED_EDGE('',*,*,#1315,.F.);
#654=ORIENTED_EDGE('',*,*,#1287,.F.);
#655=ORIENTED_EDGE('',*,*,#1325,.F.);
#656=ORIENTED_EDGE('',*,*,#1346,.F.);
#657=ORIENTED_EDGE('',*,*,#1330,.F.);
#658=ORIENTED_EDGE('',*,*,#1341,.F.);
#659=ORIENTED_EDGE('',*,*,#1346,.T.);
#660=ORIENTED_EDGE('',*,*,#1342,.F.);
#661=ORIENTED_EDGE('',*,*,#1227,.T.);
#662=ORIENTED_EDGE('',*,*,#1239,.F.);
#663=ORIENTED_EDGE('',*,*,#1329,.F.);
#664=ORIENTED_EDGE('',*,*,#1347,.F.);
#665=ORIENTED_EDGE('',*,*,#1326,.F.);
#666=ORIENTED_EDGE('',*,*,#1344,.F.);
#667=ORIENTED_EDGE('',*,*,#1210,.T.);
#668=ORIENTED_EDGE('',*,*,#1345,.F.);
#669=ORIENTED_EDGE('',*,*,#1347,.T.);
#670=ORIENTED_EDGE('',*,*,#1348,.F.);
#671=ORIENTED_EDGE('',*,*,#1349,.T.);
#672=ORIENTED_EDGE('',*,*,#1162,.T.);
#673=ORIENTED_EDGE('',*,*,#1160,.F.);
#674=ORIENTED_EDGE('',*,*,#1350,.T.);
#675=ORIENTED_EDGE('',*,*,#1351,.T.);
#676=ORIENTED_EDGE('',*,*,#1319,.T.);
#677=ORIENTED_EDGE('',*,*,#1352,.T.);
#678=ORIENTED_EDGE('',*,*,#1348,.T.);
#679=ORIENTED_EDGE('',*,*,#1161,.F.);
#680=ORIENTED_EDGE('',*,*,#1351,.F.);
#681=ORIENTED_EDGE('',*,*,#1353,.T.);
#682=ORIENTED_EDGE('',*,*,#1118,.F.);
#683=ORIENTED_EDGE('',*,*,#1163,.F.);
#684=ORIENTED_EDGE('',*,*,#1131,.T.);
#685=ORIENTED_EDGE('',*,*,#1354,.T.);
#686=ORIENTED_EDGE('',*,*,#1293,.F.);
#687=ORIENTED_EDGE('',*,*,#1355,.T.);
#688=ORIENTED_EDGE('',*,*,#1318,.F.);
#689=ORIENTED_EDGE('',*,*,#1356,.T.);
#690=ORIENTED_EDGE('',*,*,#1308,.F.);
#691=ORIENTED_EDGE('',*,*,#1357,.T.);
#692=ORIENTED_EDGE('',*,*,#1136,.F.);
#693=ORIENTED_EDGE('',*,*,#1349,.F.);
#694=ORIENTED_EDGE('',*,*,#1352,.F.);
#695=ORIENTED_EDGE('',*,*,#1138,.F.);
#696=ORIENTED_EDGE('',*,*,#1358,.T.);
#697=ORIENTED_EDGE('',*,*,#1143,.F.);
#698=ORIENTED_EDGE('',*,*,#1359,.T.);
#699=ORIENTED_EDGE('',*,*,#1132,.F.);
#700=ORIENTED_EDGE('',*,*,#1299,.F.);
#701=ORIENTED_EDGE('',*,*,#1360,.T.);
#702=ORIENTED_EDGE('',*,*,#1294,.F.);
#703=ORIENTED_EDGE('',*,*,#1354,.F.);
#704=ORIENTED_EDGE('',*,*,#1130,.F.);
#705=ORIENTED_EDGE('',*,*,#1134,.F.);
#706=ORIENTED_EDGE('',*,*,#1361,.T.);
#707=ORIENTED_EDGE('',*,*,#1153,.F.);
#708=ORIENTED_EDGE('',*,*,#1362,.T.);
#709=ORIENTED_EDGE('',*,*,#1312,.F.);
#710=ORIENTED_EDGE('',*,*,#1353,.F.);
#711=ORIENTED_EDGE('',*,*,#1350,.F.);
#712=ORIENTED_EDGE('',*,*,#1127,.F.);
#713=ORIENTED_EDGE('',*,*,#1363,.T.);
#714=ORIENTED_EDGE('',*,*,#1123,.F.);
#715=ORIENTED_EDGE('',*,*,#1364,.T.);
#716=ORIENTED_EDGE('',*,*,#1307,.F.);
#717=ORIENTED_EDGE('',*,*,#1365,.T.);
#718=ORIENTED_EDGE('',*,*,#1125,.F.);
#719=ORIENTED_EDGE('',*,*,#1292,.F.);
#720=ORIENTED_EDGE('',*,*,#1366,.T.);
#721=ORIENTED_EDGE('',*,*,#1146,.F.);
#722=ORIENTED_EDGE('',*,*,#1367,.T.);
#723=ORIENTED_EDGE('',*,*,#1121,.F.);
#724=ORIENTED_EDGE('',*,*,#1119,.F.);
#725=ORIENTED_EDGE('',*,*,#1355,.F.);
#726=ORIENTED_EDGE('',*,*,#1150,.F.);
#727=ORIENTED_EDGE('',*,*,#1368,.T.);
#728=ORIENTED_EDGE('',*,*,#1302,.F.);
#729=ORIENTED_EDGE('',*,*,#1364,.F.);
#730=ORIENTED_EDGE('',*,*,#1122,.F.);
#731=ORIENTED_EDGE('',*,*,#1367,.F.);
#732=ORIENTED_EDGE('',*,*,#1306,.F.);
#733=ORIENTED_EDGE('',*,*,#1369,.T.);
#734=ORIENTED_EDGE('',*,*,#1154,.F.);
#735=ORIENTED_EDGE('',*,*,#1363,.F.);
#736=ORIENTED_EDGE('',*,*,#1126,.F.);
#737=ORIENTED_EDGE('',*,*,#1365,.F.);
#738=ORIENTED_EDGE('',*,*,#1311,.F.);
#739=ORIENTED_EDGE('',*,*,#1370,.T.);
#740=ORIENTED_EDGE('',*,*,#1144,.F.);
#741=ORIENTED_EDGE('',*,*,#1358,.F.);
#742=ORIENTED_EDGE('',*,*,#1137,.F.);
#743=ORIENTED_EDGE('',*,*,#1357,.F.);
#744=ORIENTED_EDGE('',*,*,#1142,.F.);
#745=ORIENTED_EDGE('',*,*,#1371,.T.);
#746=ORIENTED_EDGE('',*,*,#1300,.F.);
#747=ORIENTED_EDGE('',*,*,#1361,.F.);
#748=ORIENTED_EDGE('',*,*,#1133,.F.);
#749=ORIENTED_EDGE('',*,*,#1359,.F.);
#750=ORIENTED_EDGE('',*,*,#1372,.F.);
#751=ORIENTED_EDGE('',*,*,#1178,.F.);
#752=ORIENTED_EDGE('',*,*,#1373,.F.);
#753=ORIENTED_EDGE('',*,*,#1171,.T.);
#754=ORIENTED_EDGE('',*,*,#1373,.T.);
#755=ORIENTED_EDGE('',*,*,#1177,.F.);
#756=ORIENTED_EDGE('',*,*,#1374,.F.);
#757=ORIENTED_EDGE('',*,*,#1172,.T.);
#758=ORIENTED_EDGE('',*,*,#1372,.T.);
#759=ORIENTED_EDGE('',*,*,#1174,.F.);
#760=ORIENTED_EDGE('',*,*,#1375,.F.);
#761=ORIENTED_EDGE('',*,*,#1175,.F.);
#762=ORIENTED_EDGE('',*,*,#1374,.T.);
#763=ORIENTED_EDGE('',*,*,#1176,.F.);
#764=ORIENTED_EDGE('',*,*,#1375,.T.);
#765=ORIENTED_EDGE('',*,*,#1173,.F.);
#766=ORIENTED_EDGE('',*,*,#1362,.F.);
#767=ORIENTED_EDGE('',*,*,#1152,.F.);
#768=ORIENTED_EDGE('',*,*,#1320,.F.);
#769=ORIENTED_EDGE('',*,*,#1313,.F.);
#770=ORIENTED_EDGE('',*,*,#1180,.F.);
#771=ORIENTED_EDGE('',*,*,#1309,.F.);
#772=ORIENTED_EDGE('',*,*,#1356,.F.);
#773=ORIENTED_EDGE('',*,*,#1317,.F.);
#774=ORIENTED_EDGE('',*,*,#1366,.F.);
#775=ORIENTED_EDGE('',*,*,#1291,.F.);
#776=ORIENTED_EDGE('',*,*,#1323,.F.);
#777=ORIENTED_EDGE('',*,*,#1147,.F.);
#778=ORIENTED_EDGE('',*,*,#1194,.F.);
#779=ORIENTED_EDGE('',*,*,#1295,.F.);
#780=ORIENTED_EDGE('',*,*,#1360,.F.);
#781=ORIENTED_EDGE('',*,*,#1298,.F.);
#782=ORIENTED_EDGE('',*,*,#1368,.F.);
#783=ORIENTED_EDGE('',*,*,#1149,.F.);
#784=ORIENTED_EDGE('',*,*,#1322,.F.);
#785=ORIENTED_EDGE('',*,*,#1303,.F.);
#786=ORIENTED_EDGE('',*,*,#1369,.F.);
#787=ORIENTED_EDGE('',*,*,#1305,.F.);
#788=ORIENTED_EDGE('',*,*,#1321,.F.);
#789=ORIENTED_EDGE('',*,*,#1155,.F.);
#790=ORIENTED_EDGE('',*,*,#1196,.F.);
#791=ORIENTED_EDGE('',*,*,#1301,.F.);
#792=ORIENTED_EDGE('',*,*,#1371,.F.);
#793=ORIENTED_EDGE('',*,*,#1141,.F.);
#794=ORIENTED_EDGE('',*,*,#1197,.F.);
#795=ORIENTED_EDGE('',*,*,#1145,.F.);
#796=ORIENTED_EDGE('',*,*,#1370,.F.);
#797=ORIENTED_EDGE('',*,*,#1310,.F.);
#798=ORIENTED_EDGE('',*,*,#1376,.T.);
#799=ORIENTED_EDGE('',*,*,#1377,.T.);
#800=ORIENTED_EDGE('',*,*,#1378,.T.);
#801=ORIENTED_EDGE('',*,*,#1379,.T.);
#802=ORIENTED_EDGE('',*,*,#1380,.T.);
#803=ORIENTED_EDGE('',*,*,#1381,.T.);
#804=ORIENTED_EDGE('',*,*,#1382,.T.);
#805=ORIENTED_EDGE('',*,*,#1383,.T.);
#806=ORIENTED_EDGE('',*,*,#1384,.T.);
#807=ORIENTED_EDGE('',*,*,#1385,.F.);
#808=ORIENTED_EDGE('',*,*,#1386,.T.);
#809=ORIENTED_EDGE('',*,*,#1387,.F.);
#810=ORIENTED_EDGE('',*,*,#1388,.F.);
#811=ORIENTED_EDGE('',*,*,#1389,.F.);
#812=ORIENTED_EDGE('',*,*,#1390,.T.);
#813=ORIENTED_EDGE('',*,*,#1391,.F.);
#814=ORIENTED_EDGE('',*,*,#1392,.F.);
#815=ORIENTED_EDGE('',*,*,#1393,.T.);
#816=ORIENTED_EDGE('',*,*,#1394,.T.);
#817=ORIENTED_EDGE('',*,*,#1395,.T.);
#818=ORIENTED_EDGE('',*,*,#1396,.F.);
#819=ORIENTED_EDGE('',*,*,#1397,.T.);
#820=ORIENTED_EDGE('',*,*,#1398,.F.);
#821=ORIENTED_EDGE('',*,*,#1399,.T.);
#822=ORIENTED_EDGE('',*,*,#1400,.F.);
#823=ORIENTED_EDGE('',*,*,#1401,.T.);
#824=ORIENTED_EDGE('',*,*,#1402,.T.);
#825=ORIENTED_EDGE('',*,*,#1403,.T.);
#826=ORIENTED_EDGE('',*,*,#1404,.T.);
#827=ORIENTED_EDGE('',*,*,#1405,.F.);
#828=ORIENTED_EDGE('',*,*,#1406,.F.);
#829=ORIENTED_EDGE('',*,*,#1407,.T.);
#830=ORIENTED_EDGE('',*,*,#1408,.T.);
#831=ORIENTED_EDGE('',*,*,#1409,.F.);
#832=ORIENTED_EDGE('',*,*,#1410,.T.);
#833=ORIENTED_EDGE('',*,*,#1411,.T.);
#834=ORIENTED_EDGE('',*,*,#1412,.T.);
#835=ORIENTED_EDGE('',*,*,#1413,.T.);
#836=ORIENTED_EDGE('',*,*,#1414,.F.);
#837=ORIENTED_EDGE('',*,*,#1415,.T.);
#838=ORIENTED_EDGE('',*,*,#1416,.F.);
#839=ORIENTED_EDGE('',*,*,#1417,.T.);
#840=ORIENTED_EDGE('',*,*,#1405,.T.);
#841=ORIENTED_EDGE('',*,*,#1418,.F.);
#842=ORIENTED_EDGE('',*,*,#1419,.T.);
#843=ORIENTED_EDGE('',*,*,#1385,.T.);
#844=ORIENTED_EDGE('',*,*,#1420,.T.);
#845=ORIENTED_EDGE('',*,*,#1421,.T.);
#846=ORIENTED_EDGE('',*,*,#1414,.T.);
#847=ORIENTED_EDGE('',*,*,#1384,.F.);
#848=ORIENTED_EDGE('',*,*,#1422,.T.);
#849=ORIENTED_EDGE('',*,*,#1423,.T.);
#850=ORIENTED_EDGE('',*,*,#1424,.T.);
#851=ORIENTED_EDGE('',*,*,#1425,.T.);
#852=ORIENTED_EDGE('',*,*,#1416,.T.);
#853=ORIENTED_EDGE('',*,*,#1426,.T.);
#854=ORIENTED_EDGE('',*,*,#1427,.T.);
#855=ORIENTED_EDGE('',*,*,#1428,.T.);
#856=ORIENTED_EDGE('',*,*,#1429,.T.);
#857=ORIENTED_EDGE('',*,*,#1430,.T.);
#858=ORIENTED_EDGE('',*,*,#1431,.F.);
#859=ORIENTED_EDGE('',*,*,#1432,.T.);
#860=ORIENTED_EDGE('',*,*,#1433,.T.);
#861=ORIENTED_EDGE('',*,*,#1434,.T.);
#862=ORIENTED_EDGE('',*,*,#1435,.T.);
#863=ORIENTED_EDGE('',*,*,#1436,.T.);
#864=ORIENTED_EDGE('',*,*,#1437,.T.);
#865=ORIENTED_EDGE('',*,*,#1438,.T.);
#866=ORIENTED_EDGE('',*,*,#1424,.F.);
#867=ORIENTED_EDGE('',*,*,#1439,.T.);
#868=ORIENTED_EDGE('',*,*,#1440,.T.);
#869=ORIENTED_EDGE('',*,*,#1391,.T.);
#870=ORIENTED_EDGE('',*,*,#1441,.T.);
#871=ORIENTED_EDGE('',*,*,#1442,.T.);
#872=ORIENTED_EDGE('',*,*,#1399,.F.);
#873=ORIENTED_EDGE('',*,*,#1443,.F.);
#874=ORIENTED_EDGE('',*,*,#1440,.F.);
#875=ORIENTED_EDGE('',*,*,#1444,.T.);
#876=ORIENTED_EDGE('',*,*,#1445,.T.);
#877=ORIENTED_EDGE('',*,*,#1392,.T.);
#878=ORIENTED_EDGE('',*,*,#1446,.F.);
#879=ORIENTED_EDGE('',*,*,#1447,.T.);
#880=ORIENTED_EDGE('',*,*,#1380,.F.);
#881=ORIENTED_EDGE('',*,*,#1448,.T.);
#882=ORIENTED_EDGE('',*,*,#1449,.T.);
#883=ORIENTED_EDGE('',*,*,#1446,.T.);
#884=ORIENTED_EDGE('',*,*,#1450,.T.);
#885=ORIENTED_EDGE('',*,*,#1451,.T.);
#886=ORIENTED_EDGE('',*,*,#1452,.T.);
#887=ORIENTED_EDGE('',*,*,#1453,.T.);
#888=ORIENTED_EDGE('',*,*,#1454,.T.);
#889=ORIENTED_EDGE('',*,*,#1455,.F.);
#890=ORIENTED_EDGE('',*,*,#1456,.T.);
#891=ORIENTED_EDGE('',*,*,#1396,.T.);
#892=ORIENTED_EDGE('',*,*,#1457,.T.);
#893=ORIENTED_EDGE('',*,*,#1455,.T.);
#894=ORIENTED_EDGE('',*,*,#1458,.T.);
#895=ORIENTED_EDGE('',*,*,#1459,.F.);
#896=ORIENTED_EDGE('',*,*,#1431,.T.);
#897=ORIENTED_EDGE('',*,*,#1460,.T.);
#898=ORIENTED_EDGE('',*,*,#1448,.F.);
#899=ORIENTED_EDGE('',*,*,#1397,.F.);
#900=ORIENTED_EDGE('',*,*,#1459,.T.);
#901=ORIENTED_EDGE('',*,*,#1461,.T.);
#902=ORIENTED_EDGE('',*,*,#1462,.T.);
#903=ORIENTED_EDGE('',*,*,#1463,.F.);
#904=ORIENTED_EDGE('',*,*,#1464,.F.);
#905=ORIENTED_EDGE('',*,*,#1465,.T.);
#906=ORIENTED_EDGE('',*,*,#1466,.F.);
#907=ORIENTED_EDGE('',*,*,#1467,.T.);
#908=ORIENTED_EDGE('',*,*,#1418,.T.);
#909=ORIENTED_EDGE('',*,*,#1404,.F.);
#910=ORIENTED_EDGE('',*,*,#1387,.T.);
#911=ORIENTED_EDGE('',*,*,#1468,.T.);
#912=ORIENTED_EDGE('',*,*,#1466,.T.);
#913=ORIENTED_EDGE('',*,*,#1403,.F.);
#914=ORIENTED_EDGE('',*,*,#1469,.F.);
#915=ORIENTED_EDGE('',*,*,#1402,.F.);
#916=ORIENTED_EDGE('',*,*,#1470,.F.);
#917=ORIENTED_EDGE('',*,*,#1388,.T.);
#918=ORIENTED_EDGE('',*,*,#1469,.T.);
#919=ORIENTED_EDGE('',*,*,#1471,.F.);
#920=ORIENTED_EDGE('',*,*,#1472,.T.);
#921=ORIENTED_EDGE('',*,*,#1389,.T.);
#922=ORIENTED_EDGE('',*,*,#1470,.T.);
#923=ORIENTED_EDGE('',*,*,#1401,.F.);
#924=ORIENTED_EDGE('',*,*,#1442,.F.);
#925=ORIENTED_EDGE('',*,*,#1473,.T.);
#926=ORIENTED_EDGE('',*,*,#1471,.T.);
#927=ORIENTED_EDGE('',*,*,#1400,.T.);
#928=ORIENTED_EDGE('',*,*,#1474,.T.);
#929=ORIENTED_EDGE('',*,*,#1475,.T.);
#930=ORIENTED_EDGE('',*,*,#1476,.T.);
#931=ORIENTED_EDGE('',*,*,#1477,.T.);
#932=ORIENTED_EDGE('',*,*,#1398,.T.);
#933=ORIENTED_EDGE('',*,*,#1417,.F.);
#934=ORIENTED_EDGE('',*,*,#1425,.F.);
#935=ORIENTED_EDGE('',*,*,#1443,.T.);
#936=ORIENTED_EDGE('',*,*,#1478,.F.);
#937=ORIENTED_EDGE('',*,*,#1477,.F.);
#938=ORIENTED_EDGE('',*,*,#1479,.F.);
#939=ORIENTED_EDGE('',*,*,#1478,.T.);
#940=ORIENTED_EDGE('',*,*,#1480,.F.);
#941=ORIENTED_EDGE('',*,*,#1476,.F.);
#942=ORIENTED_EDGE('',*,*,#1481,.F.);
#943=ORIENTED_EDGE('',*,*,#1480,.T.);
#944=ORIENTED_EDGE('',*,*,#1482,.F.);
#945=ORIENTED_EDGE('',*,*,#1475,.F.);
#946=ORIENTED_EDGE('',*,*,#1483,.T.);
#947=ORIENTED_EDGE('',*,*,#1482,.T.);
#948=ORIENTED_EDGE('',*,*,#1484,.F.);
#949=ORIENTED_EDGE('',*,*,#1474,.F.);
#950=ORIENTED_EDGE('',*,*,#1485,.T.);
#951=ORIENTED_EDGE('',*,*,#1484,.T.);
#952=ORIENTED_EDGE('',*,*,#1465,.F.);
#953=ORIENTED_EDGE('',*,*,#1485,.F.);
#954=ORIENTED_EDGE('',*,*,#1462,.F.);
#955=ORIENTED_EDGE('',*,*,#1483,.F.);
#956=ORIENTED_EDGE('',*,*,#1463,.T.);
#957=ORIENTED_EDGE('',*,*,#1481,.T.);
#958=ORIENTED_EDGE('',*,*,#1464,.T.);
#959=ORIENTED_EDGE('',*,*,#1479,.T.);
#960=ORIENTED_EDGE('',*,*,#1472,.F.);
#961=ORIENTED_EDGE('',*,*,#1473,.F.);
#962=ORIENTED_EDGE('',*,*,#1441,.F.);
#963=ORIENTED_EDGE('',*,*,#1390,.F.);
#964=ORIENTED_EDGE('',*,*,#1468,.F.);
#965=ORIENTED_EDGE('',*,*,#1386,.F.);
#966=ORIENTED_EDGE('',*,*,#1419,.F.);
#967=ORIENTED_EDGE('',*,*,#1467,.F.);
#968=ORIENTED_EDGE('',*,*,#1486,.T.);
#969=ORIENTED_EDGE('',*,*,#1487,.T.);
#970=ORIENTED_EDGE('',*,*,#1488,.T.);
#971=ORIENTED_EDGE('',*,*,#1489,.T.);
#972=ORIENTED_EDGE('',*,*,#1490,.T.);
#973=ORIENTED_EDGE('',*,*,#1491,.T.);
#974=ORIENTED_EDGE('',*,*,#1492,.T.);
#975=ORIENTED_EDGE('',*,*,#1493,.T.);
#976=ORIENTED_EDGE('',*,*,#1494,.T.);
#977=ORIENTED_EDGE('',*,*,#1495,.F.);
#978=ORIENTED_EDGE('',*,*,#1495,.T.);
#979=ORIENTED_EDGE('',*,*,#1496,.T.);
#980=ORIENTED_EDGE('',*,*,#1497,.F.);
#981=ORIENTED_EDGE('',*,*,#1497,.T.);
#982=ORIENTED_EDGE('',*,*,#1498,.T.);
#983=ORIENTED_EDGE('',*,*,#1499,.F.);
#984=ORIENTED_EDGE('',*,*,#1499,.T.);
#985=ORIENTED_EDGE('',*,*,#1500,.T.);
#986=ORIENTED_EDGE('',*,*,#1501,.F.);
#987=ORIENTED_EDGE('',*,*,#1501,.T.);
#988=ORIENTED_EDGE('',*,*,#1502,.T.);
#989=ORIENTED_EDGE('',*,*,#1503,.F.);
#990=ORIENTED_EDGE('',*,*,#1503,.T.);
#991=ORIENTED_EDGE('',*,*,#1504,.T.);
#992=ORIENTED_EDGE('',*,*,#1505,.F.);
#993=ORIENTED_EDGE('',*,*,#1505,.T.);
#994=ORIENTED_EDGE('',*,*,#1506,.T.);
#995=ORIENTED_EDGE('',*,*,#1507,.F.);
#996=ORIENTED_EDGE('',*,*,#1507,.T.);
#997=ORIENTED_EDGE('',*,*,#1508,.T.);
#998=ORIENTED_EDGE('',*,*,#1509,.F.);
#999=ORIENTED_EDGE('',*,*,#1509,.T.);
#1000=ORIENTED_EDGE('',*,*,#1410,.F.);
#1001=ORIENTED_EDGE('',*,*,#1508,.F.);
#1002=ORIENTED_EDGE('',*,*,#1411,.F.);
#1003=ORIENTED_EDGE('',*,*,#1506,.F.);
#1004=ORIENTED_EDGE('',*,*,#1412,.F.);
#1005=ORIENTED_EDGE('',*,*,#1504,.F.);
#1006=ORIENTED_EDGE('',*,*,#1413,.F.);
#1007=ORIENTED_EDGE('',*,*,#1502,.F.);
#1008=ORIENTED_EDGE('',*,*,#1435,.F.);
#1009=ORIENTED_EDGE('',*,*,#1494,.F.);
#1010=ORIENTED_EDGE('',*,*,#1436,.F.);
#1011=ORIENTED_EDGE('',*,*,#1496,.F.);
#1012=ORIENTED_EDGE('',*,*,#1437,.F.);
#1013=ORIENTED_EDGE('',*,*,#1498,.F.);
#1014=ORIENTED_EDGE('',*,*,#1438,.F.);
#1015=ORIENTED_EDGE('',*,*,#1500,.F.);
#1016=ORIENTED_EDGE('',*,*,#1430,.F.);
#1017=ORIENTED_EDGE('',*,*,#1510,.T.);
#1018=ORIENTED_EDGE('',*,*,#1449,.F.);
#1019=ORIENTED_EDGE('',*,*,#1460,.F.);
#1020=ORIENTED_EDGE('',*,*,#1458,.F.);
#1021=ORIENTED_EDGE('',*,*,#1511,.T.);
#1022=ORIENTED_EDGE('',*,*,#1432,.F.);
#1023=ORIENTED_EDGE('',*,*,#1461,.F.);
#1024=ORIENTED_EDGE('',*,*,#1451,.F.);
#1025=ORIENTED_EDGE('',*,*,#1512,.T.);
#1026=ORIENTED_EDGE('',*,*,#1490,.F.);
#1027=ORIENTED_EDGE('',*,*,#1513,.T.);
#1028=ORIENTED_EDGE('',*,*,#1488,.F.);
#1029=ORIENTED_EDGE('',*,*,#1514,.T.);
#1030=ORIENTED_EDGE('',*,*,#1453,.F.);
#1031=ORIENTED_EDGE('',*,*,#1515,.T.);
#1032=ORIENTED_EDGE('',*,*,#1447,.F.);
#1033=ORIENTED_EDGE('',*,*,#1452,.F.);
#1034=ORIENTED_EDGE('',*,*,#1516,.F.);
#1035=ORIENTED_EDGE('',*,*,#1381,.F.);
#1036=ORIENTED_EDGE('',*,*,#1516,.T.);
#1037=ORIENTED_EDGE('',*,*,#1513,.F.);
#1038=ORIENTED_EDGE('',*,*,#1517,.F.);
#1039=ORIENTED_EDGE('',*,*,#1382,.F.);
#1040=ORIENTED_EDGE('',*,*,#1517,.T.);
#1041=ORIENTED_EDGE('',*,*,#1493,.F.);
#1042=ORIENTED_EDGE('',*,*,#1518,.F.);
#1043=ORIENTED_EDGE('',*,*,#1383,.F.);
#1044=ORIENTED_EDGE('',*,*,#1492,.F.);
#1045=ORIENTED_EDGE('',*,*,#1519,.T.);
#1046=ORIENTED_EDGE('',*,*,#1420,.F.);
#1047=ORIENTED_EDGE('',*,*,#1518,.T.);
#1048=ORIENTED_EDGE('',*,*,#1457,.F.);
#1049=ORIENTED_EDGE('',*,*,#1395,.F.);
#1050=ORIENTED_EDGE('',*,*,#1520,.F.);
#1051=ORIENTED_EDGE('',*,*,#1456,.F.);
#1052=ORIENTED_EDGE('',*,*,#1520,.T.);
#1053=ORIENTED_EDGE('',*,*,#1394,.F.);
#1054=ORIENTED_EDGE('',*,*,#1521,.F.);
#1055=ORIENTED_EDGE('',*,*,#1515,.F.);
#1056=ORIENTED_EDGE('',*,*,#1521,.T.);
#1057=ORIENTED_EDGE('',*,*,#1393,.F.);
#1058=ORIENTED_EDGE('',*,*,#1522,.F.);
#1059=ORIENTED_EDGE('',*,*,#1489,.F.);
#1060=ORIENTED_EDGE('',*,*,#1445,.F.);
#1061=ORIENTED_EDGE('',*,*,#1523,.T.);
#1062=ORIENTED_EDGE('',*,*,#1486,.F.);
#1063=ORIENTED_EDGE('',*,*,#1522,.T.);
#1064=ORIENTED_EDGE('',*,*,#1511,.F.);
#1065=ORIENTED_EDGE('',*,*,#1454,.F.);
#1066=ORIENTED_EDGE('',*,*,#1524,.F.);
#1067=ORIENTED_EDGE('',*,*,#1433,.F.);
#1068=ORIENTED_EDGE('',*,*,#1524,.T.);
#1069=ORIENTED_EDGE('',*,*,#1514,.F.);
#1070=ORIENTED_EDGE('',*,*,#1525,.F.);
#1071=ORIENTED_EDGE('',*,*,#1434,.F.);
#1072=ORIENTED_EDGE('',*,*,#1525,.T.);
#1073=ORIENTED_EDGE('',*,*,#1487,.F.);
#1074=ORIENTED_EDGE('',*,*,#1526,.F.);
#1075=ORIENTED_EDGE('',*,*,#1422,.F.);
#1076=ORIENTED_EDGE('',*,*,#1526,.T.);
#1077=ORIENTED_EDGE('',*,*,#1523,.F.);
#1078=ORIENTED_EDGE('',*,*,#1527,.F.);
#1079=ORIENTED_EDGE('',*,*,#1527,.T.);
#1080=ORIENTED_EDGE('',*,*,#1444,.F.);
#1081=ORIENTED_EDGE('',*,*,#1439,.F.);
#1082=ORIENTED_EDGE('',*,*,#1423,.F.);
#1083=ORIENTED_EDGE('',*,*,#1510,.F.);
#1084=ORIENTED_EDGE('',*,*,#1429,.F.);
#1085=ORIENTED_EDGE('',*,*,#1528,.F.);
#1086=ORIENTED_EDGE('',*,*,#1450,.F.);
#1087=ORIENTED_EDGE('',*,*,#1528,.T.);
#1088=ORIENTED_EDGE('',*,*,#1428,.F.);
#1089=ORIENTED_EDGE('',*,*,#1529,.F.);
#1090=ORIENTED_EDGE('',*,*,#1512,.F.);
#1091=ORIENTED_EDGE('',*,*,#1529,.T.);
#1092=ORIENTED_EDGE('',*,*,#1427,.F.);
#1093=ORIENTED_EDGE('',*,*,#1530,.F.);
#1094=ORIENTED_EDGE('',*,*,#1491,.F.);
#1095=ORIENTED_EDGE('',*,*,#1519,.F.);
#1096=ORIENTED_EDGE('',*,*,#1530,.T.);
#1097=ORIENTED_EDGE('',*,*,#1531,.F.);
#1098=ORIENTED_EDGE('',*,*,#1531,.T.);
#1099=ORIENTED_EDGE('',*,*,#1426,.F.);
#1100=ORIENTED_EDGE('',*,*,#1415,.F.);
#1101=ORIENTED_EDGE('',*,*,#1421,.F.);
#1102=ORIENTED_EDGE('',*,*,#1532,.F.);
#1103=ORIENTED_EDGE('',*,*,#1407,.F.);
#1104=ORIENTED_EDGE('',*,*,#1533,.F.);
#1105=ORIENTED_EDGE('',*,*,#1379,.F.);
#1106=ORIENTED_EDGE('',*,*,#1533,.T.);
#1107=ORIENTED_EDGE('',*,*,#1406,.T.);
#1108=ORIENTED_EDGE('',*,*,#1534,.F.);
#1109=ORIENTED_EDGE('',*,*,#1376,.F.);
#1110=ORIENTED_EDGE('',*,*,#1532,.T.);
#1111=ORIENTED_EDGE('',*,*,#1378,.F.);
#1112=ORIENTED_EDGE('',*,*,#1535,.F.);
#1113=ORIENTED_EDGE('',*,*,#1408,.F.);
#1114=ORIENTED_EDGE('',*,*,#1534,.T.);
#1115=ORIENTED_EDGE('',*,*,#1409,.T.);
#1116=ORIENTED_EDGE('',*,*,#1535,.T.);
#1117=ORIENTED_EDGE('',*,*,#1377,.F.);
#1118=EDGE_CURVE('',#1536,#1537,#1818,.T.);
#1119=EDGE_CURVE('',#1537,#1538,#1819,.T.);
#1120=EDGE_CURVE('',#1536,#1538,#150,.T.);
#1121=EDGE_CURVE('',#1538,#1539,#1820,.T.);
#1122=EDGE_CURVE('',#1539,#1540,#122,.T.);
#1123=EDGE_CURVE('',#1540,#1541,#1821,.T.);
#1124=EDGE_CURVE('',#1538,#1541,#151,.T.);
#1125=EDGE_CURVE('',#1541,#1542,#1822,.T.);
#1126=EDGE_CURVE('',#1542,#1543,#123,.T.);
#1127=EDGE_CURVE('',#1543,#1544,#1823,.T.);
#1128=EDGE_CURVE('',#1541,#1544,#152,.T.);
#1129=EDGE_CURVE('',#1545,#1546,#153,.T.);
#1130=EDGE_CURVE('',#1546,#1547,#1824,.T.);
#1131=EDGE_CURVE('',#1545,#1547,#1825,.T.);
#1132=EDGE_CURVE('',#1548,#1549,#1826,.T.);
#1133=EDGE_CURVE('',#1549,#1550,#124,.F.);
#1134=EDGE_CURVE('',#1550,#1546,#1827,.T.);
#1135=EDGE_CURVE('',#1546,#1548,#154,.T.);
#1136=EDGE_CURVE('',#1551,#1552,#1828,.T.);
#1137=EDGE_CURVE('',#1552,#1553,#125,.F.);
#1138=EDGE_CURVE('',#1553,#1548,#1829,.T.);
#1139=EDGE_CURVE('',#1548,#1551,#155,.T.);
#1140=EDGE_CURVE('',#1554,#1555,#1830,.T.);
#1141=EDGE_CURVE('',#1554,#1556,#1831,.T.);
#1142=EDGE_CURVE('',#1556,#1557,#126,.F.);
#1143=EDGE_CURVE('',#1557,#1558,#1832,.T.);
#1144=EDGE_CURVE('',#1558,#1559,#127,.F.);
#1145=EDGE_CURVE('',#1559,#1555,#1833,.F.);
#1146=EDGE_CURVE('',#1560,#1561,#1834,.T.);
#1147=EDGE_CURVE('',#1561,#1562,#1835,.T.);
#1148=EDGE_CURVE('',#1562,#1563,#1836,.T.);
#1149=EDGE_CURVE('',#1563,#1564,#1837,.F.);
#1150=EDGE_CURVE('',#1564,#1560,#128,.F.);
#1151=EDGE_CURVE('',#1565,#1566,#1838,.T.);
#1152=EDGE_CURVE('',#1566,#1567,#1839,.F.);
#1153=EDGE_CURVE('',#1567,#1568,#1840,.T.);
#1154=EDGE_CURVE('',#1568,#1569,#129,.F.);
#1155=EDGE_CURVE('',#1569,#1565,#1841,.T.);
#1156=EDGE_CURVE('',#1570,#1571,#156,.T.);
#1157=EDGE_CURVE('',#1572,#1570,#1842,.T.);
#1158=EDGE_CURVE('',#1572,#1573,#157,.T.);
#1159=EDGE_CURVE('',#1573,#1571,#1843,.T.);
#1160=EDGE_CURVE('',#1544,#1574,#158,.T.);
#1161=EDGE_CURVE('',#1574,#1575,#1844,.T.);
#1162=EDGE_CURVE('',#1551,#1575,#159,.T.);
#1163=EDGE_CURVE('',#1545,#1536,#1845,.F.);
#1164=EDGE_CURVE('',#1570,#1576,#1846,.T.);
#1165=EDGE_CURVE('',#1571,#1577,#1847,.T.);
#1166=EDGE_CURVE('',#1577,#1578,#160,.T.);
#1167=EDGE_CURVE('',#1579,#1578,#1848,.T.);
#1168=EDGE_CURVE('',#1579,#1580,#161,.T.);
#1169=EDGE_CURVE('',#1581,#1580,#1849,.T.);
#1170=EDGE_CURVE('',#1576,#1581,#162,.T.);
#1171=EDGE_CURVE('',#1582,#1583,#163,.T.);
#1172=EDGE_CURVE('',#1584,#1582,#1850,.T.);
#1173=EDGE_CURVE('',#1584,#1585,#164,.T.);
#1174=EDGE_CURVE('',#1585,#1583,#1851,.T.);
#1175=EDGE_CURVE('',#1586,#1587,#1852,.T.);
#1176=EDGE_CURVE('',#1587,#1588,#165,.F.);
#1177=EDGE_CURVE('',#1588,#1589,#1853,.T.);
#1178=EDGE_CURVE('',#1589,#1586,#166,.T.);
#1179=EDGE_CURVE('',#1590,#1591,#1854,.T.);
#1180=EDGE_CURVE('',#1591,#1592,#167,.T.);
#1181=EDGE_CURVE('',#1592,#1593,#1855,.T.);
#1182=EDGE_CURVE('',#1593,#1594,#1856,.F.);
#1183=EDGE_CURVE('',#1595,#1594,#1857,.T.);
#1184=EDGE_CURVE('',#1595,#1596,#1858,.T.);
#1185=EDGE_CURVE('',#1596,#1597,#168,.F.);
#1186=EDGE_CURVE('',#1597,#1598,#1859,.T.);
#1187=EDGE_CURVE('',#1599,#1598,#169,.T.);
#1188=EDGE_CURVE('',#1599,#1600,#1860,.T.);
#1189=EDGE_CURVE('',#1600,#1601,#170,.F.);
#1190=EDGE_CURVE('',#1602,#1601,#1861,.T.);
#1191=EDGE_CURVE('',#1602,#1603,#1862,.T.);
#1192=EDGE_CURVE('',#1603,#1604,#1863,.T.);
#1193=EDGE_CURVE('',#1605,#1604,#1864,.T.);
#1194=EDGE_CURVE('',#1605,#1606,#171,.T.);
#1195=EDGE_CURVE('',#1606,#1607,#1865,.T.);
#1196=EDGE_CURVE('',#1607,#1554,#172,.T.);
#1197=EDGE_CURVE('',#1555,#1590,#173,.T.);
#1198=EDGE_CURVE('',#1608,#1609,#1866,.T.);
#1199=EDGE_CURVE('',#1610,#1608,#174,.T.);
#1200=EDGE_CURVE('',#1610,#1609,#1867,.T.);
#1201=EDGE_CURVE('',#1611,#1612,#1868,.T.);
#1202=EDGE_CURVE('',#1613,#1611,#175,.T.);
#1203=EDGE_CURVE('',#1613,#1612,#1869,.T.);
#1204=EDGE_CURVE('',#1614,#1615,#1870,.T.);
#1205=EDGE_CURVE('',#1616,#1614,#176,.T.);
#1206=EDGE_CURVE('',#1616,#1615,#1871,.T.);
#1207=EDGE_CURVE('',#1617,#1618,#1872,.T.);
#1208=EDGE_CURVE('',#1619,#1617,#177,.T.);
#1209=EDGE_CURVE('',#1619,#1618,#1873,.T.);
#1210=EDGE_CURVE('',#1620,#1621,#178,.F.);
#1211=EDGE_CURVE('',#1620,#1622,#1874,.T.);
#1212=EDGE_CURVE('',#1622,#1623,#1875,.T.);
#1213=EDGE_CURVE('',#1623,#1624,#1876,.T.);
#1214=EDGE_CURVE('',#1624,#1621,#1877,.F.);
#1215=EDGE_CURVE('',#1625,#1626,#1878,.T.);
#1216=EDGE_CURVE('',#1627,#1625,#179,.T.);
#1217=EDGE_CURVE('',#1627,#1626,#1879,.T.);
#1218=EDGE_CURVE('',#1628,#1629,#1880,.T.);
#1219=EDGE_CURVE('',#1630,#1628,#180,.T.);
#1220=EDGE_CURVE('',#1630,#1629,#1881,.T.);
#1221=EDGE_CURVE('',#1631,#1632,#1882,.T.);
#1222=EDGE_CURVE('',#1633,#1631,#181,.T.);
#1223=EDGE_CURVE('',#1633,#1632,#1883,.T.);
#1224=EDGE_CURVE('',#1634,#1635,#1884,.T.);
#1225=EDGE_CURVE('',#1636,#1634,#182,.T.);
#1226=EDGE_CURVE('',#1636,#1635,#1885,.T.);
#1227=EDGE_CURVE('',#1637,#1638,#183,.T.);
#1228=EDGE_CURVE('',#1637,#1639,#1886,.T.);
#1229=EDGE_CURVE('',#1640,#1639,#1887,.T.);
#1230=EDGE_CURVE('',#1640,#1641,#1888,.F.);
#1231=EDGE_CURVE('',#1641,#1638,#1889,.F.);
#1232=EDGE_CURVE('',#1642,#1643,#1890,.T.);
#1233=EDGE_CURVE('',#1642,#1644,#184,.T.);
#1234=EDGE_CURVE('',#1644,#1643,#1891,.T.);
#1235=EDGE_CURVE('',#1645,#1646,#1892,.T.);
#1236=EDGE_CURVE('',#1645,#1647,#185,.T.);
#1237=EDGE_CURVE('',#1647,#1646,#1893,.T.);
#1238=EDGE_CURVE('',#1648,#1595,#1894,.T.);
#1239=EDGE_CURVE('',#1648,#1649,#186,.F.);
#1240=EDGE_CURVE('',#1649,#1572,#1895,.T.);
#1241=EDGE_CURVE('',#1650,#1576,#1896,.T.);
#1242=EDGE_CURVE('',#1650,#1596,#1897,.T.);
#1243=EDGE_CURVE('',#1651,#1652,#1898,.T.);
#1244=EDGE_CURVE('',#1651,#1653,#187,.T.);
#1245=EDGE_CURVE('',#1653,#1652,#1899,.T.);
#1246=EDGE_CURVE('',#1654,#1655,#1900,.T.);
#1247=EDGE_CURVE('',#1654,#1656,#188,.T.);
#1248=EDGE_CURVE('',#1656,#1655,#1901,.T.);
#1249=EDGE_CURVE('',#1647,#1608,#1902,.T.);
#1250=EDGE_CURVE('',#1610,#1645,#1903,.T.);
#1251=EDGE_CURVE('',#1656,#1617,#1904,.T.);
#1252=EDGE_CURVE('',#1619,#1654,#1905,.T.);
#1253=EDGE_CURVE('',#1644,#1614,#1906,.T.);
#1254=EDGE_CURVE('',#1616,#1642,#1907,.T.);
#1255=EDGE_CURVE('',#1653,#1611,#1908,.T.);
#1256=EDGE_CURVE('',#1613,#1651,#1909,.T.);
#1257=EDGE_CURVE('',#1657,#1631,#1910,.T.);
#1258=EDGE_CURVE('',#1657,#1658,#189,.T.);
#1259=EDGE_CURVE('',#1633,#1658,#1911,.T.);
#1260=EDGE_CURVE('',#1659,#1628,#1912,.T.);
#1261=EDGE_CURVE('',#1659,#1660,#190,.T.);
#1262=EDGE_CURVE('',#1630,#1660,#1913,.T.);
#1263=EDGE_CURVE('',#1661,#1634,#1914,.T.);
#1264=EDGE_CURVE('',#1661,#1662,#191,.T.);
#1265=EDGE_CURVE('',#1636,#1662,#1915,.T.);
#1266=EDGE_CURVE('',#1663,#1625,#1916,.T.);
#1267=EDGE_CURVE('',#1663,#1664,#192,.T.);
#1268=EDGE_CURVE('',#1627,#1664,#1917,.T.);
#1269=EDGE_CURVE('',#1665,#1581,#1918,.T.);
#1270=EDGE_CURVE('',#1665,#1650,#193,.T.);
#1271=EDGE_CURVE('',#1597,#1665,#1919,.T.);
#1272=EDGE_CURVE('',#1598,#1580,#1920,.T.);
#1273=EDGE_CURVE('',#1599,#1579,#1921,.T.);
#1274=EDGE_CURVE('',#1666,#1578,#1922,.T.);
#1275=EDGE_CURVE('',#1666,#1600,#1923,.T.);
#1276=EDGE_CURVE('',#1667,#1577,#1924,.T.);
#1277=EDGE_CURVE('',#1667,#1666,#194,.T.);
#1278=EDGE_CURVE('',#1664,#1668,#1925,.T.);
#1279=EDGE_CURVE('',#1663,#1668,#1926,.T.);
#1280=EDGE_CURVE('',#1662,#1669,#1927,.T.);
#1281=EDGE_CURVE('',#1661,#1669,#1928,.T.);
#1282=EDGE_CURVE('',#1660,#1670,#1929,.T.);
#1283=EDGE_CURVE('',#1659,#1670,#1930,.T.);
#1284=EDGE_CURVE('',#1658,#1671,#1931,.T.);
#1285=EDGE_CURVE('',#1657,#1671,#1932,.T.);
#1286=EDGE_CURVE('',#1672,#1573,#1933,.T.);
#1287=EDGE_CURVE('',#1672,#1673,#195,.T.);
#1288=EDGE_CURVE('',#1673,#1602,#1934,.T.);
#1289=EDGE_CURVE('',#1601,#1667,#1935,.F.);
#1290=EDGE_CURVE('',#1674,#1675,#1936,.T.);
#1291=EDGE_CURVE('',#1674,#1676,#1937,.F.);
#1292=EDGE_CURVE('',#1676,#1677,#1938,.T.);
#1293=EDGE_CURVE('',#1677,#1678,#1939,.T.);
#1294=EDGE_CURVE('',#1678,#1679,#1940,.F.);
#1295=EDGE_CURVE('',#1679,#1605,#1941,.F.);
#1296=EDGE_CURVE('',#1604,#1640,#196,.F.);
#1297=EDGE_CURVE('',#1639,#1675,#197,.F.);
#1298=EDGE_CURVE('',#1606,#1680,#1942,.T.);
#1299=EDGE_CURVE('',#1680,#1681,#1943,.T.);
#1300=EDGE_CURVE('',#1681,#1682,#130,.F.);
#1301=EDGE_CURVE('',#1682,#1607,#1944,.F.);
#1302=EDGE_CURVE('',#1683,#1684,#131,.F.);
#1303=EDGE_CURVE('',#1684,#1685,#1945,.T.);
#1304=EDGE_CURVE('',#1685,#1686,#1946,.T.);
#1305=EDGE_CURVE('',#1686,#1687,#1947,.F.);
#1306=EDGE_CURVE('',#1687,#1688,#132,.F.);
#1307=EDGE_CURVE('',#1688,#1683,#1948,.T.);
#1308=EDGE_CURVE('',#1689,#1690,#1949,.T.);
#1309=EDGE_CURVE('',#1690,#1591,#1950,.F.);
#1310=EDGE_CURVE('',#1590,#1691,#1951,.T.);
#1311=EDGE_CURVE('',#1691,#1689,#133,.F.);
#1312=EDGE_CURVE('',#1692,#1693,#1952,.T.);
#1313=EDGE_CURVE('',#1693,#1694,#1953,.T.);
#1314=EDGE_CURVE('',#1694,#1695,#1954,.T.);
#1315=EDGE_CURVE('',#1695,#1624,#198,.T.);
#1316=EDGE_CURVE('',#1623,#1593,#199,.T.);
#1317=EDGE_CURVE('',#1592,#1696,#1955,.T.);
#1318=EDGE_CURVE('',#1696,#1697,#1956,.F.);
#1319=EDGE_CURVE('',#1692,#1697,#1957,.T.);
#1320=EDGE_CURVE('',#1694,#1566,#200,.F.);
#1321=EDGE_CURVE('',#1565,#1686,#201,.F.);
#1322=EDGE_CURVE('',#1685,#1563,#202,.F.);
#1323=EDGE_CURVE('',#1562,#1674,#203,.F.);
#1324=EDGE_CURVE('',#1675,#1698,#1958,.F.);
#1325=EDGE_CURVE('',#1698,#1672,#1959,.F.);
#1326=EDGE_CURVE('',#1649,#1699,#1960,.T.);
#1327=EDGE_CURVE('',#1699,#1695,#1961,.T.);
#1328=EDGE_CURVE('',#1594,#1700,#1962,.F.);
#1329=EDGE_CURVE('',#1700,#1648,#1963,.F.);
#1330=EDGE_CURVE('',#1673,#1701,#1964,.T.);
#1331=EDGE_CURVE('',#1701,#1603,#1965,.T.);
#1332=EDGE_CURVE('',#1646,#1609,#1966,.T.);
#1333=EDGE_CURVE('',#1652,#1612,#1967,.T.);
#1334=EDGE_CURVE('',#1643,#1615,#1968,.T.);
#1335=EDGE_CURVE('',#1655,#1618,#1969,.T.);
#1336=EDGE_CURVE('',#1671,#1632,#1970,.T.);
#1337=EDGE_CURVE('',#1670,#1629,#1971,.T.);
#1338=EDGE_CURVE('',#1669,#1635,#1972,.T.);
#1339=EDGE_CURVE('',#1668,#1626,#1973,.T.);
#1340=EDGE_CURVE('',#1641,#1603,#134,.T.);
#1341=EDGE_CURVE('',#1701,#1638,#204,.T.);
#1342=EDGE_CURVE('',#1637,#1698,#205,.T.);
#1343=EDGE_CURVE('',#1594,#1622,#135,.T.);
#1344=EDGE_CURVE('',#1620,#1700,#206,.T.);
#1345=EDGE_CURVE('',#1699,#1621,#207,.T.);
#1346=EDGE_CURVE('',#1701,#1698,#208,.F.);
#1347=EDGE_CURVE('',#1699,#1700,#209,.T.);
#1348=EDGE_CURVE('',#1702,#1575,#1974,.T.);
#1349=EDGE_CURVE('',#1702,#1551,#1975,.T.);
#1350=EDGE_CURVE('',#1544,#1703,#1976,.T.);
#1351=EDGE_CURVE('',#1703,#1574,#1977,.T.);
#1352=EDGE_CURVE('',#1697,#1702,#1978,.F.);
#1353=EDGE_CURVE('',#1703,#1692,#1979,.T.);
#1354=EDGE_CURVE('',#1547,#1678,#1980,.F.);
#1355=EDGE_CURVE('',#1677,#1537,#1981,.T.);
#1356=EDGE_CURVE('',#1696,#1690,#136,.F.);
#1357=EDGE_CURVE('',#1689,#1552,#1982,.T.);
#1358=EDGE_CURVE('',#1553,#1558,#1983,.F.);
#1359=EDGE_CURVE('',#1557,#1549,#1984,.T.);
#1360=EDGE_CURVE('',#1680,#1679,#137,.F.);
#1361=EDGE_CURVE('',#1550,#1681,#1985,.F.);
#1362=EDGE_CURVE('',#1567,#1693,#138,.T.);
#1363=EDGE_CURVE('',#1543,#1568,#1986,.F.);
#1364=EDGE_CURVE('',#1540,#1683,#1987,.F.);
#1365=EDGE_CURVE('',#1688,#1542,#1988,.T.);
#1366=EDGE_CURVE('',#1676,#1561,#139,.T.);
#1367=EDGE_CURVE('',#1560,#1539,#1989,.T.);
#1368=EDGE_CURVE('',#1564,#1684,#16,.T.);
#1369=EDGE_CURVE('',#1687,#1569,#17,.T.);
#1370=EDGE_CURVE('',#1691,#1559,#18,.T.);
#1371=EDGE_CURVE('',#1556,#1682,#19,.T.);
#1372=EDGE_CURVE('',#1586,#1583,#20,.T.);
#1373=EDGE_CURVE('',#1582,#1589,#21,.F.);
#1374=EDGE_CURVE('',#1584,#1588,#22,.F.);
#1375=EDGE_CURVE('',#1587,#1585,#23,.F.);
#1376=EDGE_CURVE('',#1704,#1705,#210,.F.);
#1377=EDGE_CURVE('',#1705,#1706,#1990,.T.);
#1378=EDGE_CURVE('',#1706,#1707,#211,.T.);
#1379=EDGE_CURVE('',#1707,#1704,#1991,.T.);
#1380=EDGE_CURVE('',#1708,#1709,#1992,.T.);
#1381=EDGE_CURVE('',#1709,#1710,#1993,.T.);
#1382=EDGE_CURVE('',#1710,#1711,#212,.F.);
#1383=EDGE_CURVE('',#1711,#1712,#1994,.F.);
#1384=EDGE_CURVE('',#1712,#1713,#1995,.T.);
#1385=EDGE_CURVE('',#1714,#1713,#1996,.T.);
#1386=EDGE_CURVE('',#1714,#1715,#213,.F.);
#1387=EDGE_CURVE('',#1716,#1715,#1997,.T.);
#1388=EDGE_CURVE('',#1717,#1716,#214,.T.);
#1389=EDGE_CURVE('',#1718,#1717,#1998,.T.);
#1390=EDGE_CURVE('',#1718,#1719,#215,.F.);
#1391=EDGE_CURVE('',#1720,#1719,#1999,.T.);
#1392=EDGE_CURVE('',#1721,#1720,#2000,.T.);
#1393=EDGE_CURVE('',#1721,#1722,#2001,.T.);
#1394=EDGE_CURVE('',#1722,#1723,#216,.F.);
#1395=EDGE_CURVE('',#1723,#1724,#2002,.F.);
#1396=EDGE_CURVE('',#1725,#1724,#2003,.T.);
#1397=EDGE_CURVE('',#1725,#1708,#2004,.T.);
#1398=EDGE_CURVE('',#1726,#1727,#217,.T.);
#1399=EDGE_CURVE('',#1726,#1728,#2005,.T.);
#1400=EDGE_CURVE('',#1729,#1728,#218,.T.);
#1401=EDGE_CURVE('',#1729,#1730,#2006,.T.);
#1402=EDGE_CURVE('',#1730,#1731,#219,.T.);
#1403=EDGE_CURVE('',#1731,#1732,#2007,.T.);
#1404=EDGE_CURVE('',#1732,#1733,#220,.T.);
#1405=EDGE_CURVE('',#1727,#1733,#2008,.T.);
#1406=EDGE_CURVE('',#1734,#1735,#221,.F.);
#1407=EDGE_CURVE('',#1734,#1736,#2009,.T.);
#1408=EDGE_CURVE('',#1736,#1737,#222,.F.);
#1409=EDGE_CURVE('',#1735,#1737,#2010,.T.);
#1410=EDGE_CURVE('',#1738,#1738,#223,.T.);
#1411=EDGE_CURVE('',#1739,#1739,#224,.T.);
#1412=EDGE_CURVE('',#1740,#1740,#225,.T.);
#1413=EDGE_CURVE('',#1741,#1741,#226,.T.);
#1414=EDGE_CURVE('',#1742,#1713,#2011,.T.);
#1415=EDGE_CURVE('',#1742,#1743,#227,.F.);
#1416=EDGE_CURVE('',#1744,#1743,#2012,.T.);
#1417=EDGE_CURVE('',#1744,#1727,#2013,.T.);
#1418=EDGE_CURVE('',#1745,#1733,#2014,.T.);
#1419=EDGE_CURVE('',#1745,#1714,#2015,.T.);
#1420=EDGE_CURVE('',#1712,#1746,#2016,.F.);
#1421=EDGE_CURVE('',#1746,#1742,#2017,.T.);
#1422=EDGE_CURVE('',#1747,#1748,#2018,.F.);
#1423=EDGE_CURVE('',#1748,#1749,#2019,.T.);
#1424=EDGE_CURVE('',#1749,#1750,#2020,.T.);
#1425=EDGE_CURVE('',#1750,#1744,#228,.T.);
#1426=EDGE_CURVE('',#1743,#1751,#2021,.F.);
#1427=EDGE_CURVE('',#1751,#1752,#2022,.T.);
#1428=EDGE_CURVE('',#1752,#1753,#229,.T.);
#1429=EDGE_CURVE('',#1753,#1754,#2023,.T.);
#1430=EDGE_CURVE('',#1754,#1755,#2024,.F.);
#1431=EDGE_CURVE('',#1756,#1755,#2025,.T.);
#1432=EDGE_CURVE('',#1756,#1757,#2026,.T.);
#1433=EDGE_CURVE('',#1757,#1758,#2027,.F.);
#1434=EDGE_CURVE('',#1758,#1747,#230,.T.);
#1435=EDGE_CURVE('',#1759,#1759,#231,.T.);
#1436=EDGE_CURVE('',#1760,#1760,#232,.T.);
#1437=EDGE_CURVE('',#1761,#1761,#233,.T.);
#1438=EDGE_CURVE('',#1762,#1762,#234,.T.);
#1439=EDGE_CURVE('',#1749,#1763,#235,.F.);
#1440=EDGE_CURVE('',#1763,#1720,#2028,.T.);
#1441=EDGE_CURVE('',#1719,#1764,#2029,.F.);
#1442=EDGE_CURVE('',#1764,#1728,#2030,.T.);
#1443=EDGE_CURVE('',#1750,#1726,#2031,.T.);
#1444=EDGE_CURVE('',#1763,#1765,#2032,.F.);
#1445=EDGE_CURVE('',#1765,#1721,#2033,.T.);
#1446=EDGE_CURVE('',#1766,#1767,#2034,.T.);
#1447=EDGE_CURVE('',#1766,#1709,#140,.F.);
#1448=EDGE_CURVE('',#1708,#1768,#2035,.T.);
#1449=EDGE_CURVE('',#1768,#1767,#2036,.T.);
#1450=EDGE_CURVE('',#1767,#1769,#2037,.F.);
#1451=EDGE_CURVE('',#1769,#1770,#2038,.T.);
#1452=EDGE_CURVE('',#1770,#1766,#2039,.F.);
#1453=EDGE_CURVE('',#1771,#1772,#2040,.F.);
#1454=EDGE_CURVE('',#1772,#1773,#2041,.T.);
#1455=EDGE_CURVE('',#1774,#1773,#2042,.T.);
#1456=EDGE_CURVE('',#1774,#1771,#2043,.T.);
#1457=EDGE_CURVE('',#1724,#1774,#141,.T.);
#1458=EDGE_CURVE('',#1773,#1775,#2044,.F.);
#1459=EDGE_CURVE('',#1725,#1775,#2045,.T.);
#1460=EDGE_CURVE('',#1755,#1768,#236,.F.);
#1461=EDGE_CURVE('',#1775,#1756,#237,.F.);
#1462=EDGE_CURVE('',#1776,#1776,#238,.F.);
#1463=EDGE_CURVE('',#1777,#1777,#239,.T.);
#1464=EDGE_CURVE('',#1778,#1778,#240,.T.);
#1465=EDGE_CURVE('',#1779,#1779,#241,.F.);
#1466=EDGE_CURVE('',#1780,#1732,#2046,.T.);
#1467=EDGE_CURVE('',#1780,#1745,#242,.T.);
#1468=EDGE_CURVE('',#1715,#1780,#2047,.F.);
#1469=EDGE_CURVE('',#1716,#1731,#2048,.T.);
#1470=EDGE_CURVE('',#1717,#1730,#2049,.T.);
#1471=EDGE_CURVE('',#1781,#1729,#2050,.T.);
#1472=EDGE_CURVE('',#1781,#1718,#2051,.F.);
#1473=EDGE_CURVE('',#1764,#1781,#243,.T.);
#1474=EDGE_CURVE('',#1782,#1782,#24,.T.);
#1475=EDGE_CURVE('',#1783,#1783,#25,.T.);
#1476=EDGE_CURVE('',#1784,#1784,#26,.T.);
#1477=EDGE_CURVE('',#1785,#1785,#27,.T.);
#1478=EDGE_CURVE('',#1786,#1786,#244,.T.);
#1479=EDGE_CURVE('',#1787,#1787,#245,.T.);
#1480=EDGE_CURVE('',#1788,#1788,#246,.T.);
#1481=EDGE_CURVE('',#1789,#1789,#247,.T.);
#1482=EDGE_CURVE('',#1790,#1790,#248,.T.);
#1483=EDGE_CURVE('',#1791,#1791,#249,.F.);
#1484=EDGE_CURVE('',#1792,#1792,#250,.T.);
#1485=EDGE_CURVE('',#1793,#1793,#251,.F.);
#1486=EDGE_CURVE('',#1794,#1795,#2052,.F.);
#1487=EDGE_CURVE('',#1795,#1796,#2053,.T.);
#1488=EDGE_CURVE('',#1796,#1797,#2054,.T.);
#1489=EDGE_CURVE('',#1797,#1794,#2055,.F.);
#1490=EDGE_CURVE('',#1798,#1799,#2056,.F.);
#1491=EDGE_CURVE('',#1799,#1800,#2057,.F.);
#1492=EDGE_CURVE('',#1800,#1801,#2058,.T.);
#1493=EDGE_CURVE('',#1801,#1798,#2059,.T.);
#1494=EDGE_CURVE('',#1802,#1802,#252,.F.);
#1495=EDGE_CURVE('',#1803,#1803,#253,.T.);
#1496=EDGE_CURVE('',#1804,#1804,#254,.F.);
#1497=EDGE_CURVE('',#1805,#1805,#255,.T.);
#1498=EDGE_CURVE('',#1806,#1806,#256,.F.);
#1499=EDGE_CURVE('',#1807,#1807,#257,.T.);
#1500=EDGE_CURVE('',#1808,#1808,#258,.F.);
#1501=EDGE_CURVE('',#1809,#1809,#259,.T.);
#1502=EDGE_CURVE('',#1810,#1810,#260,.F.);
#1503=EDGE_CURVE('',#1811,#1811,#261,.T.);
#1504=EDGE_CURVE('',#1812,#1812,#262,.F.);
#1505=EDGE_CURVE('',#1813,#1813,#263,.T.);
#1506=EDGE_CURVE('',#1814,#1814,#264,.F.);
#1507=EDGE_CURVE('',#1815,#1815,#265,.T.);
#1508=EDGE_CURVE('',#1816,#1816,#266,.F.);
#1509=EDGE_CURVE('',#1817,#1817,#267,.T.);
#1510=EDGE_CURVE('',#1754,#1767,#142,.F.);
#1511=EDGE_CURVE('',#1773,#1757,#143,.T.);
#1512=EDGE_CURVE('',#1769,#1799,#268,.F.);
#1513=EDGE_CURVE('',#1798,#1770,#269,.T.);
#1514=EDGE_CURVE('',#1796,#1772,#270,.F.);
#1515=EDGE_CURVE('',#1771,#1797,#271,.T.);
#1516=EDGE_CURVE('',#1710,#1770,#272,.T.);
#1517=EDGE_CURVE('',#1711,#1798,#273,.T.);
#1518=EDGE_CURVE('',#1712,#1801,#144,.T.);
#1519=EDGE_CURVE('',#1800,#1746,#274,.T.);
#1520=EDGE_CURVE('',#1771,#1723,#275,.T.);
#1521=EDGE_CURVE('',#1797,#1722,#276,.T.);
#1522=EDGE_CURVE('',#1794,#1721,#145,.F.);
#1523=EDGE_CURVE('',#1765,#1795,#277,.T.);
#1524=EDGE_CURVE('',#1758,#1772,#278,.T.);
#1525=EDGE_CURVE('',#1747,#1796,#279,.T.);
#1526=EDGE_CURVE('',#1748,#1795,#146,.F.);
#1527=EDGE_CURVE('',#1748,#1765,#147,.F.);
#1528=EDGE_CURVE('',#1769,#1753,#280,.T.);
#1529=EDGE_CURVE('',#1799,#1752,#281,.T.);
#1530=EDGE_CURVE('',#1800,#1751,#148,.T.);
#1531=EDGE_CURVE('',#1746,#1751,#149,.T.);
#1532=EDGE_CURVE('',#1736,#1707,#28,.F.);
#1533=EDGE_CURVE('',#1704,#1734,#29,.T.);
#1534=EDGE_CURVE('',#1705,#1735,#30,.F.);
#1535=EDGE_CURVE('',#1737,#1706,#31,.F.);
#1536=VERTEX_POINT('',#4314);
#1537=VERTEX_POINT('',#4315);
#1538=VERTEX_POINT('',#4317);
#1539=VERTEX_POINT('',#4321);
#1540=VERTEX_POINT('',#4323);
#1541=VERTEX_POINT('',#4325);
#1542=VERTEX_POINT('',#4329);
#1543=VERTEX_POINT('',#4331);
#1544=VERTEX_POINT('',#4333);
#1545=VERTEX_POINT('',#4337);
#1546=VERTEX_POINT('',#4338);
#1547=VERTEX_POINT('',#4340);
#1548=VERTEX_POINT('',#4344);
#1549=VERTEX_POINT('',#4345);
#1550=VERTEX_POINT('',#4347);
#1551=VERTEX_POINT('',#4352);
#1552=VERTEX_POINT('',#4353);
#1553=VERTEX_POINT('',#4355);
#1554=VERTEX_POINT('',#4360);
#1555=VERTEX_POINT('',#4361);
#1556=VERTEX_POINT('',#4363);
#1557=VERTEX_POINT('',#4365);
#1558=VERTEX_POINT('',#4367);
#1559=VERTEX_POINT('',#4369);
#1560=VERTEX_POINT('',#4373);
#1561=VERTEX_POINT('',#4374);
#1562=VERTEX_POINT('',#4376);
#1563=VERTEX_POINT('',#4378);
#1564=VERTEX_POINT('',#4380);
#1565=VERTEX_POINT('',#4384);
#1566=VERTEX_POINT('',#4385);
#1567=VERTEX_POINT('',#4387);
#1568=VERTEX_POINT('',#4389);
#1569=VERTEX_POINT('',#4391);
#1570=VERTEX_POINT('',#4395);
#1571=VERTEX_POINT('',#4396);
#1572=VERTEX_POINT('',#4398);
#1573=VERTEX_POINT('',#4400);
#1574=VERTEX_POINT('',#4403);
#1575=VERTEX_POINT('',#4405);
#1576=VERTEX_POINT('',#4410);
#1577=VERTEX_POINT('',#4412);
#1578=VERTEX_POINT('',#4414);
#1579=VERTEX_POINT('',#4416);
#1580=VERTEX_POINT('',#4418);
#1581=VERTEX_POINT('',#4420);
#1582=VERTEX_POINT('',#4423);
#1583=VERTEX_POINT('',#4424);
#1584=VERTEX_POINT('',#4426);
#1585=VERTEX_POINT('',#4428);
#1586=VERTEX_POINT('',#4432);
#1587=VERTEX_POINT('',#4433);
#1588=VERTEX_POINT('',#4435);
#1589=VERTEX_POINT('',#4437);
#1590=VERTEX_POINT('',#4440);
#1591=VERTEX_POINT('',#4441);
#1592=VERTEX_POINT('',#4443);
#1593=VERTEX_POINT('',#4445);
#1594=VERTEX_POINT('',#4447);
#1595=VERTEX_POINT('',#4449);
#1596=VERTEX_POINT('',#4451);
#1597=VERTEX_POINT('',#4453);
#1598=VERTEX_POINT('',#4455);
#1599=VERTEX_POINT('',#4457);
#1600=VERTEX_POINT('',#4459);
#1601=VERTEX_POINT('',#4461);
#1602=VERTEX_POINT('',#4463);
#1603=VERTEX_POINT('',#4465);
#1604=VERTEX_POINT('',#4467);
#1605=VERTEX_POINT('',#4469);
#1606=VERTEX_POINT('',#4471);
#1607=VERTEX_POINT('',#4473);
#1608=VERTEX_POINT('',#4478);
#1609=VERTEX_POINT('',#4479);
#1610=VERTEX_POINT('',#4481);
#1611=VERTEX_POINT('',#4484);
#1612=VERTEX_POINT('',#4485);
#1613=VERTEX_POINT('',#4487);
#1614=VERTEX_POINT('',#4490);
#1615=VERTEX_POINT('',#4491);
#1616=VERTEX_POINT('',#4493);
#1617=VERTEX_POINT('',#4496);
#1618=VERTEX_POINT('',#4497);
#1619=VERTEX_POINT('',#4499);
#1620=VERTEX_POINT('',#4502);
#1621=VERTEX_POINT('',#4503);
#1622=VERTEX_POINT('',#4505);
#1623=VERTEX_POINT('',#4507);
#1624=VERTEX_POINT('',#4509);
#1625=VERTEX_POINT('',#4513);
#1626=VERTEX_POINT('',#4514);
#1627=VERTEX_POINT('',#4516);
#1628=VERTEX_POINT('',#4519);
#1629=VERTEX_POINT('',#4520);
#1630=VERTEX_POINT('',#4522);
#1631=VERTEX_POINT('',#4525);
#1632=VERTEX_POINT('',#4526);
#1633=VERTEX_POINT('',#4528);
#1634=VERTEX_POINT('',#4531);
#1635=VERTEX_POINT('',#4532);
#1636=VERTEX_POINT('',#4534);
#1637=VERTEX_POINT('',#4537);
#1638=VERTEX_POINT('',#4538);
#1639=VERTEX_POINT('',#4540);
#1640=VERTEX_POINT('',#4542);
#1641=VERTEX_POINT('',#4544);
#1642=VERTEX_POINT('',#4548);
#1643=VERTEX_POINT('',#4549);
#1644=VERTEX_POINT('',#4551);
#1645=VERTEX_POINT('',#4554);
#1646=VERTEX_POINT('',#4555);
#1647=VERTEX_POINT('',#4557);
#1648=VERTEX_POINT('',#4560);
#1649=VERTEX_POINT('',#4562);
#1650=VERTEX_POINT('',#4565);
#1651=VERTEX_POINT('',#4568);
#1652=VERTEX_POINT('',#4569);
#1653=VERTEX_POINT('',#4571);
#1654=VERTEX_POINT('',#4574);
#1655=VERTEX_POINT('',#4575);
#1656=VERTEX_POINT('',#4577);
#1657=VERTEX_POINT('',#4593);
#1658=VERTEX_POINT('',#4595);
#1659=VERTEX_POINT('',#4599);
#1660=VERTEX_POINT('',#4601);
#1661=VERTEX_POINT('',#4605);
#1662=VERTEX_POINT('',#4607);
#1663=VERTEX_POINT('',#4611);
#1664=VERTEX_POINT('',#4613);
#1665=VERTEX_POINT('',#4617);
#1666=VERTEX_POINT('',#4626);
#1667=VERTEX_POINT('',#4630);
#1668=VERTEX_POINT('',#4634);
#1669=VERTEX_POINT('',#4637);
#1670=VERTEX_POINT('',#4640);
#1671=VERTEX_POINT('',#4643);
#1672=VERTEX_POINT('',#4646);
#1673=VERTEX_POINT('',#4648);
#1674=VERTEX_POINT('',#4653);
#1675=VERTEX_POINT('',#4654);
#1676=VERTEX_POINT('',#4656);
#1677=VERTEX_POINT('',#4658);
#1678=VERTEX_POINT('',#4660);
#1679=VERTEX_POINT('',#4662);
#1680=VERTEX_POINT('',#4668);
#1681=VERTEX_POINT('',#4670);
#1682=VERTEX_POINT('',#4672);
#1683=VERTEX_POINT('',#4676);
#1684=VERTEX_POINT('',#4677);
#1685=VERTEX_POINT('',#4679);
#1686=VERTEX_POINT('',#4681);
#1687=VERTEX_POINT('',#4683);
#1688=VERTEX_POINT('',#4685);
#1689=VERTEX_POINT('',#4689);
#1690=VERTEX_POINT('',#4690);
#1691=VERTEX_POINT('',#4693);
#1692=VERTEX_POINT('',#4697);
#1693=VERTEX_POINT('',#4698);
#1694=VERTEX_POINT('',#4700);
#1695=VERTEX_POINT('',#4702);
#1696=VERTEX_POINT('',#4706);
#1697=VERTEX_POINT('',#4708);
#1698=VERTEX_POINT('',#4716);
#1699=VERTEX_POINT('',#4719);
#1700=VERTEX_POINT('',#4725);
#1701=VERTEX_POINT('',#4729);
#1702=VERTEX_POINT('',#4775);
#1703=VERTEX_POINT('',#4779);
#1704=VERTEX_POINT('',#4856);
#1705=VERTEX_POINT('',#4857);
#1706=VERTEX_POINT('',#4859);
#1707=VERTEX_POINT('',#4861);
#1708=VERTEX_POINT('',#4864);
#1709=VERTEX_POINT('',#4865);
#1710=VERTEX_POINT('',#4867);
#1711=VERTEX_POINT('',#4869);
#1712=VERTEX_POINT('',#4871);
#1713=VERTEX_POINT('',#4873);
#1714=VERTEX_POINT('',#4875);
#1715=VERTEX_POINT('',#4877);
#1716=VERTEX_POINT('',#4879);
#1717=VERTEX_POINT('',#4881);
#1718=VERTEX_POINT('',#4883);
#1719=VERTEX_POINT('',#4885);
#1720=VERTEX_POINT('',#4887);
#1721=VERTEX_POINT('',#4889);
#1722=VERTEX_POINT('',#4891);
#1723=VERTEX_POINT('',#4893);
#1724=VERTEX_POINT('',#4895);
#1725=VERTEX_POINT('',#4897);
#1726=VERTEX_POINT('',#4901);
#1727=VERTEX_POINT('',#4902);
#1728=VERTEX_POINT('',#4904);
#1729=VERTEX_POINT('',#4906);
#1730=VERTEX_POINT('',#4908);
#1731=VERTEX_POINT('',#4910);
#1732=VERTEX_POINT('',#4912);
#1733=VERTEX_POINT('',#4914);
#1734=VERTEX_POINT('',#4917);
#1735=VERTEX_POINT('',#4918);
#1736=VERTEX_POINT('',#4920);
#1737=VERTEX_POINT('',#4922);
#1738=VERTEX_POINT('',#4926);
#1739=VERTEX_POINT('',#4928);
#1740=VERTEX_POINT('',#4930);
#1741=VERTEX_POINT('',#4932);
#1742=VERTEX_POINT('',#4934);
#1743=VERTEX_POINT('',#4936);
#1744=VERTEX_POINT('',#4938);
#1745=VERTEX_POINT('',#4941);
#1746=VERTEX_POINT('',#4945);
#1747=VERTEX_POINT('',#4949);
#1748=VERTEX_POINT('',#4950);
#1749=VERTEX_POINT('',#4952);
#1750=VERTEX_POINT('',#4954);
#1751=VERTEX_POINT('',#4957);
#1752=VERTEX_POINT('',#4959);
#1753=VERTEX_POINT('',#4961);
#1754=VERTEX_POINT('',#4963);
#1755=VERTEX_POINT('',#4965);
#1756=VERTEX_POINT('',#4967);
#1757=VERTEX_POINT('',#4969);
#1758=VERTEX_POINT('',#4971);
#1759=VERTEX_POINT('',#4975);
#1760=VERTEX_POINT('',#4977);
#1761=VERTEX_POINT('',#4979);
#1762=VERTEX_POINT('',#4981);
#1763=VERTEX_POINT('',#4983);
#1764=VERTEX_POINT('',#4986);
#1765=VERTEX_POINT('',#4991);
#1766=VERTEX_POINT('',#4995);
#1767=VERTEX_POINT('',#4996);
#1768=VERTEX_POINT('',#4999);
#1769=VERTEX_POINT('',#5003);
#1770=VERTEX_POINT('',#5005);
#1771=VERTEX_POINT('',#5009);
#1772=VERTEX_POINT('',#5010);
#1773=VERTEX_POINT('',#5012);
#1774=VERTEX_POINT('',#5014);
#1775=VERTEX_POINT('',#5019);
#1776=VERTEX_POINT('',#5025);
#1777=VERTEX_POINT('',#5027);
#1778=VERTEX_POINT('',#5029);
#1779=VERTEX_POINT('',#5031);
#1780=VERTEX_POINT('',#5034);
#1781=VERTEX_POINT('',#5043);
#1782=VERTEX_POINT('',#5066);
#1783=VERTEX_POINT('',#5084);
#1784=VERTEX_POINT('',#5103);
#1785=VERTEX_POINT('',#5121);
#1786=VERTEX_POINT('',#5124);
#1787=VERTEX_POINT('',#5127);
#1788=VERTEX_POINT('',#5130);
#1789=VERTEX_POINT('',#5133);
#1790=VERTEX_POINT('',#5136);
#1791=VERTEX_POINT('',#5139);
#1792=VERTEX_POINT('',#5142);
#1793=VERTEX_POINT('',#5145);
#1794=VERTEX_POINT('',#5154);
#1795=VERTEX_POINT('',#5155);
#1796=VERTEX_POINT('',#5157);
#1797=VERTEX_POINT('',#5159);
#1798=VERTEX_POINT('',#5163);
#1799=VERTEX_POINT('',#5164);
#1800=VERTEX_POINT('',#5166);
#1801=VERTEX_POINT('',#5168);
#1802=VERTEX_POINT('',#5172);
#1803=VERTEX_POINT('',#5174);
#1804=VERTEX_POINT('',#5178);
#1805=VERTEX_POINT('',#5180);
#1806=VERTEX_POINT('',#5184);
#1807=VERTEX_POINT('',#5186);
#1808=VERTEX_POINT('',#5190);
#1809=VERTEX_POINT('',#5192);
#1810=VERTEX_POINT('',#5196);
#1811=VERTEX_POINT('',#5198);
#1812=VERTEX_POINT('',#5202);
#1813=VERTEX_POINT('',#5204);
#1814=VERTEX_POINT('',#5208);
#1815=VERTEX_POINT('',#5210);
#1816=VERTEX_POINT('',#5214);
#1817=VERTEX_POINT('',#5216);
#1818=LINE('',#4313,#2060);
#1819=LINE('',#4316,#2061);
#1820=LINE('',#4320,#2062);
#1821=LINE('',#4324,#2063);
#1822=LINE('',#4328,#2064);
#1823=LINE('',#4332,#2065);
#1824=LINE('',#4339,#2066);
#1825=LINE('',#4341,#2067);
#1826=LINE('',#4343,#2068);
#1827=LINE('',#4348,#2069);
#1828=LINE('',#4351,#2070);
#1829=LINE('',#4356,#2071);
#1830=LINE('',#4359,#2072);
#1831=LINE('',#4362,#2073);
#1832=LINE('',#4366,#2074);
#1833=LINE('',#4370,#2075);
#1834=LINE('',#4372,#2076);
#1835=LINE('',#4375,#2077);
#1836=LINE('',#4377,#2078);
#1837=LINE('',#4379,#2079);
#1838=LINE('',#4383,#2080);
#1839=LINE('',#4386,#2081);
#1840=LINE('',#4388,#2082);
#1841=LINE('',#4392,#2083);
#1842=LINE('',#4397,#2084);
#1843=LINE('',#4401,#2085);
#1844=LINE('',#4404,#2086);
#1845=LINE('',#4407,#2087);
#1846=LINE('',#4409,#2088);
#1847=LINE('',#4411,#2089);
#1848=LINE('',#4415,#2090);
#1849=LINE('',#4419,#2091);
#1850=LINE('',#4425,#2092);
#1851=LINE('',#4429,#2093);
#1852=LINE('',#4431,#2094);
#1853=LINE('',#4436,#2095);
#1854=LINE('',#4439,#2096);
#1855=LINE('',#4444,#2097);
#1856=LINE('',#4446,#2098);
#1857=LINE('',#4448,#2099);
#1858=LINE('',#4450,#2100);
#1859=LINE('',#4454,#2101);
#1860=LINE('',#4458,#2102);
#1861=LINE('',#4462,#2103);
#1862=LINE('',#4464,#2104);
#1863=LINE('',#4466,#2105);
#1864=LINE('',#4468,#2106);
#1865=LINE('',#4472,#2107);
#1866=LINE('',#4477,#2108);
#1867=LINE('',#4482,#2109);
#1868=LINE('',#4483,#2110);
#1869=LINE('',#4488,#2111);
#1870=LINE('',#4489,#2112);
#1871=LINE('',#4494,#2113);
#1872=LINE('',#4495,#2114);
#1873=LINE('',#4500,#2115);
#1874=LINE('',#4504,#2116);
#1875=LINE('',#4506,#2117);
#1876=LINE('',#4508,#2118);
#1877=LINE('',#4510,#2119);
#1878=LINE('',#4512,#2120);
#1879=LINE('',#4517,#2121);
#1880=LINE('',#4518,#2122);
#1881=LINE('',#4523,#2123);
#1882=LINE('',#4524,#2124);
#1883=LINE('',#4529,#2125);
#1884=LINE('',#4530,#2126);
#1885=LINE('',#4535,#2127);
#1886=LINE('',#4539,#2128);
#1887=LINE('',#4541,#2129);
#1888=LINE('',#4543,#2130);
#1889=LINE('',#4545,#2131);
#1890=LINE('',#4547,#2132);
#1891=LINE('',#4552,#2133);
#1892=LINE('',#4553,#2134);
#1893=LINE('',#4558,#2135);
#1894=LINE('',#4559,#2136);
#1895=LINE('',#4563,#2137);
#1896=LINE('',#4564,#2138);
#1897=LINE('',#4566,#2139);
#1898=LINE('',#4567,#2140);
#1899=LINE('',#4572,#2141);
#1900=LINE('',#4573,#2142);
#1901=LINE('',#4578,#2143);
#1902=LINE('',#4580,#2144);
#1903=LINE('',#4581,#2145);
#1904=LINE('',#4583,#2146);
#1905=LINE('',#4584,#2147);
#1906=LINE('',#4586,#2148);
#1907=LINE('',#4587,#2149);
#1908=LINE('',#4589,#2150);
#1909=LINE('',#4590,#2151);
#1910=LINE('',#4592,#2152);
#1911=LINE('',#4596,#2153);
#1912=LINE('',#4598,#2154);
#1913=LINE('',#4602,#2155);
#1914=LINE('',#4604,#2156);
#1915=LINE('',#4608,#2157);
#1916=LINE('',#4610,#2158);
#1917=LINE('',#4614,#2159);
#1918=LINE('',#4616,#2160);
#1919=LINE('',#4620,#2161);
#1920=LINE('',#4621,#2162);
#1921=LINE('',#4623,#2163);
#1922=LINE('',#4625,#2164);
#1923=LINE('',#4627,#2165);
#1924=LINE('',#4629,#2166);
#1925=LINE('',#4633,#2167);
#1926=LINE('',#4635,#2168);
#1927=LINE('',#4636,#2169);
#1928=LINE('',#4638,#2170);
#1929=LINE('',#4639,#2171);
#1930=LINE('',#4641,#2172);
#1931=LINE('',#4642,#2173);
#1932=LINE('',#4644,#2174);
#1933=LINE('',#4645,#2175);
#1934=LINE('',#4649,#2176);
#1935=LINE('',#4650,#2177);
#1936=LINE('',#4652,#2178);
#1937=LINE('',#4655,#2179);
#1938=LINE('',#4657,#2180);
#1939=LINE('',#4659,#2181);
#1940=LINE('',#4661,#2182);
#1941=LINE('',#4663,#2183);
#1942=LINE('',#4667,#2184);
#1943=LINE('',#4669,#2185);
#1944=LINE('',#4673,#2186);
#1945=LINE('',#4678,#2187);
#1946=LINE('',#4680,#2188);
#1947=LINE('',#4682,#2189);
#1948=LINE('',#4686,#2190);
#1949=LINE('',#4688,#2191);
#1950=LINE('',#4691,#2192);
#1951=LINE('',#4692,#2193);
#1952=LINE('',#4696,#2194);
#1953=LINE('',#4699,#2195);
#1954=LINE('',#4701,#2196);
#1955=LINE('',#4705,#2197);
#1956=LINE('',#4707,#2198);
#1957=LINE('',#4709,#2199);
#1958=LINE('',#4715,#2200);
#1959=LINE('',#4717,#2201);
#1960=LINE('',#4718,#2202);
#1961=LINE('',#4720,#2203);
#1962=LINE('',#4724,#2204);
#1963=LINE('',#4726,#2205);
#1964=LINE('',#4728,#2206);
#1965=LINE('',#4730,#2207);
#1966=LINE('',#4732,#2208);
#1967=LINE('',#4735,#2209);
#1968=LINE('',#4738,#2210);
#1969=LINE('',#4741,#2211);
#1970=LINE('',#4744,#2212);
#1971=LINE('',#4747,#2213);
#1972=LINE('',#4750,#2214);
#1973=LINE('',#4753,#2215);
#1974=LINE('',#4774,#2216);
#1975=LINE('',#4776,#2217);
#1976=LINE('',#4778,#2218);
#1977=LINE('',#4780,#2219);
#1978=LINE('',#4782,#2220);
#1979=LINE('',#4783,#2221);
#1980=LINE('',#4785,#2222);
#1981=LINE('',#4786,#2223);
#1982=LINE('',#4789,#2224);
#1983=LINE('',#4791,#2225);
#1984=LINE('',#4792,#2226);
#1985=LINE('',#4795,#2227);
#1986=LINE('',#4798,#2228);
#1987=LINE('',#4800,#2229);
#1988=LINE('',#4801,#2230);
#1989=LINE('',#4804,#2231);
#1990=LINE('',#4858,#2232);
#1991=LINE('',#4862,#2233);
#1992=LINE('',#4863,#2234);
#1993=LINE('',#4866,#2235);
#1994=LINE('',#4870,#2236);
#1995=LINE('',#4872,#2237);
#1996=LINE('',#4874,#2238);
#1997=LINE('',#4878,#2239);
#1998=LINE('',#4882,#2240);
#1999=LINE('',#4886,#2241);
#2000=LINE('',#4888,#2242);
#2001=LINE('',#4890,#2243);
#2002=LINE('',#4894,#2244);
#2003=LINE('',#4896,#2245);
#2004=LINE('',#4898,#2246);
#2005=LINE('',#4903,#2247);
#2006=LINE('',#4907,#2248);
#2007=LINE('',#4911,#2249);
#2008=LINE('',#4915,#2250);
#2009=LINE('',#4919,#2251);
#2010=LINE('',#4923,#2252);
#2011=LINE('',#4933,#2253);
#2012=LINE('',#4937,#2254);
#2013=LINE('',#4939,#2255);
#2014=LINE('',#4940,#2256);
#2015=LINE('',#4942,#2257);
#2016=LINE('',#4944,#2258);
#2017=LINE('',#4946,#2259);
#2018=LINE('',#4948,#2260);
#2019=LINE('',#4951,#2261);
#2020=LINE('',#4953,#2262);
#2021=LINE('',#4956,#2263);
#2022=LINE('',#4958,#2264);
#2023=LINE('',#4962,#2265);
#2024=LINE('',#4964,#2266);
#2025=LINE('',#4966,#2267);
#2026=LINE('',#4968,#2268);
#2027=LINE('',#4970,#2269);
#2028=LINE('',#4984,#2270);
#2029=LINE('',#4985,#2271);
#2030=LINE('',#4987,#2272);
#2031=LINE('',#4988,#2273);
#2032=LINE('',#4990,#2274);
#2033=LINE('',#4992,#2275);
#2034=LINE('',#4994,#2276);
#2035=LINE('',#4998,#2277);
#2036=LINE('',#5000,#2278);
#2037=LINE('',#5002,#2279);
#2038=LINE('',#5004,#2280);
#2039=LINE('',#5006,#2281);
#2040=LINE('',#5008,#2282);
#2041=LINE('',#5011,#2283);
#2042=LINE('',#5013,#2284);
#2043=LINE('',#5015,#2285);
#2044=LINE('',#5018,#2286);
#2045=LINE('',#5020,#2287);
#2046=LINE('',#5033,#2288);
#2047=LINE('',#5037,#2289);
#2048=LINE('',#5038,#2290);
#2049=LINE('',#5040,#2291);
#2050=LINE('',#5042,#2292);
#2051=LINE('',#5044,#2293);
#2052=LINE('',#5153,#2294);
#2053=LINE('',#5156,#2295);
#2054=LINE('',#5158,#2296);
#2055=LINE('',#5160,#2297);
#2056=LINE('',#5162,#2298);
#2057=LINE('',#5165,#2299);
#2058=LINE('',#5167,#2300);
#2059=LINE('',#5169,#2301);
#2060=VECTOR('',#3403,1.);
#2061=VECTOR('',#3404,1.);
#2062=VECTOR('',#3409,1.);
#2063=VECTOR('',#3412,1.);
#2064=VECTOR('',#3417,1.);
#2065=VECTOR('',#3420,1.);
#2066=VECTOR('',#3427,1.);
#2067=VECTOR('',#3428,1.);
#2068=VECTOR('',#3431,1.);
#2069=VECTOR('',#3434,1.);
#2070=VECTOR('',#3439,1.);
#2071=VECTOR('',#3442,1.);
#2072=VECTOR('',#3447,1.);
#2073=VECTOR('',#3448,1.);
#2074=VECTOR('',#3451,1.);
#2075=VECTOR('',#3454,1.);
#2076=VECTOR('',#3457,1.);
#2077=VECTOR('',#3458,1.);
#2078=VECTOR('',#3459,1.);
#2079=VECTOR('',#3460,1.);
#2080=VECTOR('',#3465,1.);
#2081=VECTOR('',#3466,1.);
#2082=VECTOR('',#3467,1.);
#2083=VECTOR('',#3470,1.);
#2084=VECTOR('',#3475,1.);
#2085=VECTOR('',#3478,1.);
#2086=VECTOR('',#3481,1.);
#2087=VECTOR('',#3484,1.);
#2088=VECTOR('',#3487,1.);
#2089=VECTOR('',#3488,1.);
#2090=VECTOR('',#3491,1.);
#2091=VECTOR('',#3494,1.);
#2092=VECTOR('',#3499,1.);
#2093=VECTOR('',#3502,1.);
#2094=VECTOR('',#3505,1.);
#2095=VECTOR('',#3508,1.);
#2096=VECTOR('',#3511,1.);
#2097=VECTOR('',#3514,1.);
#2098=VECTOR('',#3515,1.);
#2099=VECTOR('',#3516,1.);
#2100=VECTOR('',#3517,1.);
#2101=VECTOR('',#3520,1.);
#2102=VECTOR('',#3523,1.);
#2103=VECTOR('',#3526,1.);
#2104=VECTOR('',#3527,1.);
#2105=VECTOR('',#3528,1.);
#2106=VECTOR('',#3529,1.);
#2107=VECTOR('',#3532,1.);
#2108=VECTOR('',#3539,1.);
#2109=VECTOR('',#3542,1.);
#2110=VECTOR('',#3543,1.);
#2111=VECTOR('',#3546,1.);
#2112=VECTOR('',#3547,1.);
#2113=VECTOR('',#3550,1.);
#2114=VECTOR('',#3551,1.);
#2115=VECTOR('',#3554,1.);
#2116=VECTOR('',#3557,1.);
#2117=VECTOR('',#3558,1.);
#2118=VECTOR('',#3559,1.);
#2119=VECTOR('',#3560,1.);
#2120=VECTOR('',#3563,1.);
#2121=VECTOR('',#3566,1.);
#2122=VECTOR('',#3567,1.);
#2123=VECTOR('',#3570,1.);
#2124=VECTOR('',#3571,1.);
#2125=VECTOR('',#3574,1.);
#2126=VECTOR('',#3575,1.);
#2127=VECTOR('',#3578,1.);
#2128=VECTOR('',#3581,1.);
#2129=VECTOR('',#3582,1.);
#2130=VECTOR('',#3583,1.);
#2131=VECTOR('',#3584,1.);
#2132=VECTOR('',#3587,1.);
#2133=VECTOR('',#3590,1.);
#2134=VECTOR('',#3591,1.);
#2135=VECTOR('',#3594,1.);
#2136=VECTOR('',#3595,1.);
#2137=VECTOR('',#3598,1.);
#2138=VECTOR('',#3599,1.);
#2139=VECTOR('',#3600,1.);
#2140=VECTOR('',#3601,1.);
#2141=VECTOR('',#3604,1.);
#2142=VECTOR('',#3605,1.);
#2143=VECTOR('',#3608,1.);
#2144=VECTOR('',#3611,1.);
#2145=VECTOR('',#3612,1.);
#2146=VECTOR('',#3615,1.);
#2147=VECTOR('',#3616,1.);
#2148=VECTOR('',#3619,1.);
#2149=VECTOR('',#3620,1.);
#2150=VECTOR('',#3623,1.);
#2151=VECTOR('',#3624,1.);
#2152=VECTOR('',#3627,1.);
#2153=VECTOR('',#3630,1.);
#2154=VECTOR('',#3633,1.);
#2155=VECTOR('',#3636,1.);
#2156=VECTOR('',#3639,1.);
#2157=VECTOR('',#3642,1.);
#2158=VECTOR('',#3645,1.);
#2159=VECTOR('',#3648,1.);
#2160=VECTOR('',#3651,1.);
#2161=VECTOR('',#3656,1.);
#2162=VECTOR('',#3657,1.);
#2163=VECTOR('',#3660,1.);
#2164=VECTOR('',#3663,1.);
#2165=VECTOR('',#3664,1.);
#2166=VECTOR('',#3667,1.);
#2167=VECTOR('',#3672,1.);
#2168=VECTOR('',#3673,1.);
#2169=VECTOR('',#3674,1.);
#2170=VECTOR('',#3675,1.);
#2171=VECTOR('',#3676,1.);
#2172=VECTOR('',#3677,1.);
#2173=VECTOR('',#3678,1.);
#2174=VECTOR('',#3679,1.);
#2175=VECTOR('',#3680,1.);
#2176=VECTOR('',#3683,1.);
#2177=VECTOR('',#3684,1.);
#2178=VECTOR('',#3687,1.);
#2179=VECTOR('',#3688,1.);
#2180=VECTOR('',#3689,1.);
#2181=VECTOR('',#3690,1.);
#2182=VECTOR('',#3691,1.);
#2183=VECTOR('',#3692,1.);
#2184=VECTOR('',#3699,1.);
#2185=VECTOR('',#3700,1.);
#2186=VECTOR('',#3703,1.);
#2187=VECTOR('',#3708,1.);
#2188=VECTOR('',#3709,1.);
#2189=VECTOR('',#3710,1.);
#2190=VECTOR('',#3713,1.);
#2191=VECTOR('',#3716,1.);
#2192=VECTOR('',#3717,1.);
#2193=VECTOR('',#3718,1.);
#2194=VECTOR('',#3723,1.);
#2195=VECTOR('',#3724,1.);
#2196=VECTOR('',#3725,1.);
#2197=VECTOR('',#3730,1.);
#2198=VECTOR('',#3731,1.);
#2199=VECTOR('',#3732,1.);
#2200=VECTOR('',#3743,1.);
#2201=VECTOR('',#3744,1.);
#2202=VECTOR('',#3745,1.);
#2203=VECTOR('',#3746,1.);
#2204=VECTOR('',#3753,1.);
#2205=VECTOR('',#3754,1.);
#2206=VECTOR('',#3757,1.);
#2207=VECTOR('',#3758,1.);
#2208=VECTOR('',#3761,1.);
#2209=VECTOR('',#3766,1.);
#2210=VECTOR('',#3771,1.);
#2211=VECTOR('',#3776,1.);
#2212=VECTOR('',#3781,1.);
#2213=VECTOR('',#3786,1.);
#2214=VECTOR('',#3791,1.);
#2215=VECTOR('',#3796,1.);
#2216=VECTOR('',#3837,1.);
#2217=VECTOR('',#3838,1.);
#2218=VECTOR('',#3841,1.);
#2219=VECTOR('',#3842,1.);
#2220=VECTOR('',#3845,1.);
#2221=VECTOR('',#3846,1.);
#2222=VECTOR('',#3849,1.);
#2223=VECTOR('',#3850,1.);
#2224=VECTOR('',#3855,1.);
#2225=VECTOR('',#3858,1.);
#2226=VECTOR('',#3859,1.);
#2227=VECTOR('',#3864,1.);
#2228=VECTOR('',#3869,1.);
#2229=VECTOR('',#3872,1.);
#2230=VECTOR('',#3873,1.);
#2231=VECTOR('',#3878,1.);
#2232=VECTOR('',#3917,1.);
#2233=VECTOR('',#3920,1.);
#2234=VECTOR('',#3921,1.);
#2235=VECTOR('',#3922,1.);
#2236=VECTOR('',#3925,1.);
#2237=VECTOR('',#3926,1.);
#2238=VECTOR('',#3927,1.);
#2239=VECTOR('',#3930,1.);
#2240=VECTOR('',#3933,1.);
#2241=VECTOR('',#3936,1.);
#2242=VECTOR('',#3937,1.);
#2243=VECTOR('',#3938,1.);
#2244=VECTOR('',#3941,1.);
#2245=VECTOR('',#3942,1.);
#2246=VECTOR('',#3943,1.);
#2247=VECTOR('',#3948,1.);
#2248=VECTOR('',#3951,1.);
#2249=VECTOR('',#3954,1.);
#2250=VECTOR('',#3957,1.);
#2251=VECTOR('',#3960,1.);
#2252=VECTOR('',#3963,1.);
#2253=VECTOR('',#3974,1.);
#2254=VECTOR('',#3977,1.);
#2255=VECTOR('',#3978,1.);
#2256=VECTOR('',#3979,1.);
#2257=VECTOR('',#3980,1.);
#2258=VECTOR('',#3983,1.);
#2259=VECTOR('',#3984,1.);
#2260=VECTOR('',#3987,1.);
#2261=VECTOR('',#3988,1.);
#2262=VECTOR('',#3989,1.);
#2263=VECTOR('',#3992,1.);
#2264=VECTOR('',#3993,1.);
#2265=VECTOR('',#3996,1.);
#2266=VECTOR('',#3997,1.);
#2267=VECTOR('',#3998,1.);
#2268=VECTOR('',#3999,1.);
#2269=VECTOR('',#4000,1.);
#2270=VECTOR('',#4015,1.);
#2271=VECTOR('',#4016,1.);
#2272=VECTOR('',#4017,1.);
#2273=VECTOR('',#4018,1.);
#2274=VECTOR('',#4021,1.);
#2275=VECTOR('',#4022,1.);
#2276=VECTOR('',#4025,1.);
#2277=VECTOR('',#4028,1.);
#2278=VECTOR('',#4029,1.);
#2279=VECTOR('',#4032,1.);
#2280=VECTOR('',#4033,1.);
#2281=VECTOR('',#4034,1.);
#2282=VECTOR('',#4037,1.);
#2283=VECTOR('',#4038,1.);
#2284=VECTOR('',#4039,1.);
#2285=VECTOR('',#4040,1.);
#2286=VECTOR('',#4045,1.);
#2287=VECTOR('',#4046,1.);
#2288=VECTOR('',#4063,1.);
#2289=VECTOR('',#4068,1.);
#2290=VECTOR('',#4069,1.);
#2291=VECTOR('',#4072,1.);
#2292=VECTOR('',#4075,1.);
#2293=VECTOR('',#4076,1.);
#2294=VECTOR('',#4129,1.);
#2295=VECTOR('',#4130,1.);
#2296=VECTOR('',#4131,1.);
#2297=VECTOR('',#4132,1.);
#2298=VECTOR('',#4135,1.);
#2299=VECTOR('',#4136,1.);
#2300=VECTOR('',#4137,1.);
#2301=VECTOR('',#4138,1.);
#2302=EDGE_LOOP('',(#282,#283,#284));
#2303=EDGE_LOOP('',(#285,#286,#287,#288));
#2304=EDGE_LOOP('',(#289,#290,#291,#292));
#2305=EDGE_LOOP('',(#293,#294,#295));
#2306=EDGE_LOOP('',(#296,#297,#298,#299));
#2307=EDGE_LOOP('',(#300,#301,#302,#303));
#2308=EDGE_LOOP('',(#304,#305,#306,#307,#308,#309));
#2309=EDGE_LOOP('',(#310,#311,#312,#313,#314));
#2310=EDGE_LOOP('',(#315,#316,#317,#318,#319));
#2311=EDGE_LOOP('',(#320,#321,#322,#323));
#2312=EDGE_LOOP('',(#324,#325,#326,#327,#328,#329,#330,#331,#332,#333));
#2313=EDGE_LOOP('',(#334,#335,#336,#337,#338,#339,#340,#341));
#2314=EDGE_LOOP('',(#342,#343,#344,#345));
#2315=EDGE_LOOP('',(#346,#347,#348,#349));
#2316=EDGE_LOOP('',(#350,#351,#352,#353,#354,#355,#356,#357,#358,#359,#360,
#361,#362,#363,#364,#365,#366,#367,#368,#369));
#2317=EDGE_LOOP('',(#370,#371,#372));
#2318=EDGE_LOOP('',(#373,#374,#375));
#2319=EDGE_LOOP('',(#376,#377,#378));
#2320=EDGE_LOOP('',(#379,#380,#381));
#2321=EDGE_LOOP('',(#382,#383,#384,#385,#386));
#2322=EDGE_LOOP('',(#387,#388,#389));
#2323=EDGE_LOOP('',(#390,#391,#392));
#2324=EDGE_LOOP('',(#393,#394,#395));
#2325=EDGE_LOOP('',(#396,#397,#398));
#2326=EDGE_LOOP('',(#399,#400,#401,#402,#403));
#2327=EDGE_LOOP('',(#404,#405,#406));
#2328=EDGE_LOOP('',(#407,#408,#409));
#2329=EDGE_LOOP('',(#410,#411,#412,#413,#414,#415,#416,#417));
#2330=EDGE_LOOP('',(#418,#419,#420));
#2331=EDGE_LOOP('',(#421,#422,#423));
#2332=EDGE_LOOP('',(#424,#425,#426,#427));
#2333=EDGE_LOOP('',(#428,#429,#430,#431));
#2334=EDGE_LOOP('',(#432,#433,#434,#435));
#2335=EDGE_LOOP('',(#436,#437,#438,#439));
#2336=EDGE_LOOP('',(#440,#441,#442,#443));
#2337=EDGE_LOOP('',(#444,#445,#446,#447));
#2338=EDGE_LOOP('',(#448,#449,#450,#451));
#2339=EDGE_LOOP('',(#452,#453,#454,#455));
#2340=EDGE_LOOP('',(#456,#457,#458,#459));
#2341=EDGE_LOOP('',(#460,#461,#462,#463,#464));
#2342=EDGE_LOOP('',(#465,#466,#467,#468));
#2343=EDGE_LOOP('',(#469,#470,#471,#472,#473));
#2344=EDGE_LOOP('',(#474,#475,#476,#477));
#2345=EDGE_LOOP('',(#478,#479,#480));
#2346=EDGE_LOOP('',(#481,#482,#483));
#2347=EDGE_LOOP('',(#484,#485,#486));
#2348=EDGE_LOOP('',(#487,#488,#489));
#2349=EDGE_LOOP('',(#490,#491,#492,#493,#494,#495,#496,#497));
#2350=EDGE_LOOP('',(#498,#499,#500,#501,#502,#503,#504,#505,#506,#507));
#2351=EDGE_LOOP('',(#508,#509,#510,#511,#512));
#2352=EDGE_LOOP('',(#513,#514,#515,#516,#517,#518));
#2353=EDGE_LOOP('',(#519,#520,#521,#522,#523));
#2354=EDGE_LOOP('',(#524,#525,#526,#527,#528,#529,#530,#531,#532,#533));
#2355=EDGE_LOOP('',(#534,#535,#536,#537,#538,#539,#540,#541,#542,#543,#544,
#545,#546,#547,#548,#549));
#2356=EDGE_LOOP('',(#550,#551,#552,#553));
#2357=EDGE_LOOP('',(#554,#555,#556,#557));
#2358=EDGE_LOOP('',(#558,#559,#560,#561));
#2359=EDGE_LOOP('',(#562,#563,#564,#565));
#2360=EDGE_LOOP('',(#566,#567,#568,#569));
#2361=EDGE_LOOP('',(#570,#571,#572,#573));
#2362=EDGE_LOOP('',(#574,#575,#576,#577));
#2363=EDGE_LOOP('',(#578,#579,#580,#581));
#2364=EDGE_LOOP('',(#582,#583,#584,#585));
#2365=EDGE_LOOP('',(#586,#587,#588,#589));
#2366=EDGE_LOOP('',(#590,#591,#592,#593));
#2367=EDGE_LOOP('',(#594,#595,#596,#597));
#2368=EDGE_LOOP('',(#598,#599,#600,#601));
#2369=EDGE_LOOP('',(#602,#603,#604,#605));
#2370=EDGE_LOOP('',(#606,#607,#608,#609));
#2371=EDGE_LOOP('',(#610,#611,#612,#613));
#2372=EDGE_LOOP('',(#614,#615,#616,#617));
#2373=EDGE_LOOP('',(#618,#619,#620,#621));
#2374=EDGE_LOOP('',(#622,#623,#624,#625));
#2375=EDGE_LOOP('',(#626,#627,#628,#629));
#2376=EDGE_LOOP('',(#630,#631,#632,#633));
#2377=EDGE_LOOP('',(#634,#635,#636,#637));
#2378=EDGE_LOOP('',(#638,#639,#640,#641));
#2379=EDGE_LOOP('',(#642,#643,#644,#645));
#2380=EDGE_LOOP('',(#646,#647,#648,#649));
#2381=EDGE_LOOP('',(#650,#651,#652,#653));
#2382=EDGE_LOOP('',(#654,#655,#656,#657));
#2383=EDGE_LOOP('',(#658,#659,#660,#661));
#2384=EDGE_LOOP('',(#662,#663,#664,#665));
#2385=EDGE_LOOP('',(#666,#667,#668,#669));
#2386=EDGE_LOOP('',(#670,#671,#672));
#2387=EDGE_LOOP('',(#673,#674,#675));
#2388=EDGE_LOOP('',(#676,#677,#678,#679,#680,#681));
#2389=EDGE_LOOP('',(#682,#683,#684,#685,#686,#687));
#2390=EDGE_LOOP('',(#688,#689,#690,#691,#692,#693,#694));
#2391=EDGE_LOOP('',(#695,#696,#697,#698,#699));
#2392=EDGE_LOOP('',(#700,#701,#702,#703,#704,#705,#706));
#2393=EDGE_LOOP('',(#707,#708,#709,#710,#711,#712,#713));
#2394=EDGE_LOOP('',(#714,#715,#716,#717,#718));
#2395=EDGE_LOOP('',(#719,#720,#721,#722,#723,#724,#725));
#2396=EDGE_LOOP('',(#726,#727,#728,#729,#730,#731));
#2397=EDGE_LOOP('',(#732,#733,#734,#735,#736,#737));
#2398=EDGE_LOOP('',(#738,#739,#740,#741,#742,#743));
#2399=EDGE_LOOP('',(#744,#745,#746,#747,#748,#749));
#2400=EDGE_LOOP('',(#750,#751,#752,#753));
#2401=EDGE_LOOP('',(#754,#755,#756,#757));
#2402=EDGE_LOOP('',(#758,#759,#760,#761));
#2403=EDGE_LOOP('',(#762,#763,#764,#765));
#2404=EDGE_LOOP('',(#766,#767,#768,#769));
#2405=EDGE_LOOP('',(#770,#771,#772,#773));
#2406=EDGE_LOOP('',(#774,#775,#776,#777));
#2407=EDGE_LOOP('',(#778,#779,#780,#781));
#2408=EDGE_LOOP('',(#782,#783,#784,#785));
#2409=EDGE_LOOP('',(#786,#787,#788,#789));
#2410=EDGE_LOOP('',(#790,#791,#792,#793));
#2411=EDGE_LOOP('',(#794,#795,#796,#797));
#2412=EDGE_LOOP('',(#798,#799,#800,#801));
#2413=EDGE_LOOP('',(#802,#803,#804,#805,#806,#807,#808,#809,#810,#811,#812,
#813,#814,#815,#816,#817,#818,#819));
#2414=EDGE_LOOP('',(#820,#821,#822,#823,#824,#825,#826,#827));
#2415=EDGE_LOOP('',(#828,#829,#830,#831));
#2416=EDGE_LOOP('',(#832));
#2417=EDGE_LOOP('',(#833));
#2418=EDGE_LOOP('',(#834));
#2419=EDGE_LOOP('',(#835));
#2420=EDGE_LOOP('',(#836,#837,#838,#839,#840,#841,#842,#843));
#2421=EDGE_LOOP('',(#844,#845,#846,#847));
#2422=EDGE_LOOP('',(#848,#849,#850,#851,#852,#853,#854,#855,#856,#857,#858,
#859,#860,#861));
#2423=EDGE_LOOP('',(#862));
#2424=EDGE_LOOP('',(#863));
#2425=EDGE_LOOP('',(#864));
#2426=EDGE_LOOP('',(#865));
#2427=EDGE_LOOP('',(#866,#867,#868,#869,#870,#871,#872,#873));
#2428=EDGE_LOOP('',(#874,#875,#876,#877));
#2429=EDGE_LOOP('',(#878,#879,#880,#881,#882));
#2430=EDGE_LOOP('',(#883,#884,#885,#886));
#2431=EDGE_LOOP('',(#887,#888,#889,#890));
#2432=EDGE_LOOP('',(#891,#892,#893,#894,#895));
#2433=EDGE_LOOP('',(#896,#897,#898,#899,#900,#901));
#2434=EDGE_LOOP('',(#902));
#2435=EDGE_LOOP('',(#903));
#2436=EDGE_LOOP('',(#904));
#2437=EDGE_LOOP('',(#905));
#2438=EDGE_LOOP('',(#906,#907,#908,#909));
#2439=EDGE_LOOP('',(#910,#911,#912,#913,#914));
#2440=EDGE_LOOP('',(#915,#916,#917,#918));
#2441=EDGE_LOOP('',(#919,#920,#921,#922,#923));
#2442=EDGE_LOOP('',(#924,#925,#926,#927));
#2443=EDGE_LOOP('',(#928));
#2444=EDGE_LOOP('',(#929));
#2445=EDGE_LOOP('',(#930));
#2446=EDGE_LOOP('',(#931));
#2447=EDGE_LOOP('',(#932,#933,#934,#935));
#2448=EDGE_LOOP('',(#936));
#2449=EDGE_LOOP('',(#937));
#2450=EDGE_LOOP('',(#938));
#2451=EDGE_LOOP('',(#939));
#2452=EDGE_LOOP('',(#940));
#2453=EDGE_LOOP('',(#941));
#2454=EDGE_LOOP('',(#942));
#2455=EDGE_LOOP('',(#943));
#2456=EDGE_LOOP('',(#944));
#2457=EDGE_LOOP('',(#945));
#2458=EDGE_LOOP('',(#946));
#2459=EDGE_LOOP('',(#947));
#2460=EDGE_LOOP('',(#948));
#2461=EDGE_LOOP('',(#949));
#2462=EDGE_LOOP('',(#950));
#2463=EDGE_LOOP('',(#951));
#2464=EDGE_LOOP('',(#952));
#2465=EDGE_LOOP('',(#953));
#2466=EDGE_LOOP('',(#954));
#2467=EDGE_LOOP('',(#955));
#2468=EDGE_LOOP('',(#956));
#2469=EDGE_LOOP('',(#957));
#2470=EDGE_LOOP('',(#958));
#2471=EDGE_LOOP('',(#959));
#2472=EDGE_LOOP('',(#960,#961,#962,#963));
#2473=EDGE_LOOP('',(#964,#965,#966,#967));
#2474=EDGE_LOOP('',(#968,#969,#970,#971));
#2475=EDGE_LOOP('',(#972,#973,#974,#975));
#2476=EDGE_LOOP('',(#976));
#2477=EDGE_LOOP('',(#977));
#2478=EDGE_LOOP('',(#978));
#2479=EDGE_LOOP('',(#979));
#2480=EDGE_LOOP('',(#980));
#2481=EDGE_LOOP('',(#981));
#2482=EDGE_LOOP('',(#982));
#2483=EDGE_LOOP('',(#983));
#2484=EDGE_LOOP('',(#984));
#2485=EDGE_LOOP('',(#985));
#2486=EDGE_LOOP('',(#986));
#2487=EDGE_LOOP('',(#987));
#2488=EDGE_LOOP('',(#988));
#2489=EDGE_LOOP('',(#989));
#2490=EDGE_LOOP('',(#990));
#2491=EDGE_LOOP('',(#991));
#2492=EDGE_LOOP('',(#992));
#2493=EDGE_LOOP('',(#993));
#2494=EDGE_LOOP('',(#994));
#2495=EDGE_LOOP('',(#995));
#2496=EDGE_LOOP('',(#996));
#2497=EDGE_LOOP('',(#997));
#2498=EDGE_LOOP('',(#998));
#2499=EDGE_LOOP('',(#999));
#2500=EDGE_LOOP('',(#1000));
#2501=EDGE_LOOP('',(#1001));
#2502=EDGE_LOOP('',(#1002));
#2503=EDGE_LOOP('',(#1003));
#2504=EDGE_LOOP('',(#1004));
#2505=EDGE_LOOP('',(#1005));
#2506=EDGE_LOOP('',(#1006));
#2507=EDGE_LOOP('',(#1007));
#2508=EDGE_LOOP('',(#1008));
#2509=EDGE_LOOP('',(#1009));
#2510=EDGE_LOOP('',(#1010));
#2511=EDGE_LOOP('',(#1011));
#2512=EDGE_LOOP('',(#1012));
#2513=EDGE_LOOP('',(#1013));
#2514=EDGE_LOOP('',(#1014));
#2515=EDGE_LOOP('',(#1015));
#2516=EDGE_LOOP('',(#1016,#1017,#1018,#1019));
#2517=EDGE_LOOP('',(#1020,#1021,#1022,#1023));
#2518=EDGE_LOOP('',(#1024,#1025,#1026,#1027));
#2519=EDGE_LOOP('',(#1028,#1029,#1030,#1031));
#2520=EDGE_LOOP('',(#1032,#1033,#1034,#1035));
#2521=EDGE_LOOP('',(#1036,#1037,#1038,#1039));
#2522=EDGE_LOOP('',(#1040,#1041,#1042,#1043));
#2523=EDGE_LOOP('',(#1044,#1045,#1046,#1047));
#2524=EDGE_LOOP('',(#1048,#1049,#1050,#1051));
#2525=EDGE_LOOP('',(#1052,#1053,#1054,#1055));
#2526=EDGE_LOOP('',(#1056,#1057,#1058,#1059));
#2527=EDGE_LOOP('',(#1060,#1061,#1062,#1063));
#2528=EDGE_LOOP('',(#1064,#1065,#1066,#1067));
#2529=EDGE_LOOP('',(#1068,#1069,#1070,#1071));
#2530=EDGE_LOOP('',(#1072,#1073,#1074,#1075));
#2531=EDGE_LOOP('',(#1076,#1077,#1078));
#2532=EDGE_LOOP('',(#1079,#1080,#1081,#1082));
#2533=EDGE_LOOP('',(#1083,#1084,#1085,#1086));
#2534=EDGE_LOOP('',(#1087,#1088,#1089,#1090));
#2535=EDGE_LOOP('',(#1091,#1092,#1093,#1094));
#2536=EDGE_LOOP('',(#1095,#1096,#1097));
#2537=EDGE_LOOP('',(#1098,#1099,#1100,#1101));
#2538=EDGE_LOOP('',(#1102,#1103,#1104,#1105));
#2539=EDGE_LOOP('',(#1106,#1107,#1108,#1109));
#2540=EDGE_LOOP('',(#1110,#1111,#1112,#1113));
#2541=EDGE_LOOP('',(#1114,#1115,#1116,#1117));
#2542=FACE_BOUND('',#2302,.T.);
#2543=FACE_BOUND('',#2303,.T.);
#2544=FACE_BOUND('',#2304,.T.);
#2545=FACE_BOUND('',#2305,.T.);
#2546=FACE_BOUND('',#2306,.T.);
#2547=FACE_BOUND('',#2307,.T.);
#2548=FACE_BOUND('',#2308,.T.);
#2549=FACE_BOUND('',#2309,.T.);
#2550=FACE_BOUND('',#2310,.T.);
#2551=FACE_BOUND('',#2311,.T.);
#2552=FACE_BOUND('',#2312,.T.);
#2553=FACE_BOUND('',#2313,.T.);
#2554=FACE_BOUND('',#2314,.T.);
#2555=FACE_BOUND('',#2315,.T.);
#2556=FACE_BOUND('',#2316,.T.);
#2557=FACE_BOUND('',#2317,.T.);
#2558=FACE_BOUND('',#2318,.T.);
#2559=FACE_BOUND('',#2319,.T.);
#2560=FACE_BOUND('',#2320,.T.);
#2561=FACE_BOUND('',#2321,.T.);
#2562=FACE_BOUND('',#2322,.T.);
#2563=FACE_BOUND('',#2323,.T.);
#2564=FACE_BOUND('',#2324,.T.);
#2565=FACE_BOUND('',#2325,.T.);
#2566=FACE_BOUND('',#2326,.T.);
#2567=FACE_BOUND('',#2327,.T.);
#2568=FACE_BOUND('',#2328,.T.);
#2569=FACE_BOUND('',#2329,.T.);
#2570=FACE_BOUND('',#2330,.T.);
#2571=FACE_BOUND('',#2331,.T.);
#2572=FACE_BOUND('',#2332,.T.);
#2573=FACE_BOUND('',#2333,.T.);
#2574=FACE_BOUND('',#2334,.T.);
#2575=FACE_BOUND('',#2335,.T.);
#2576=FACE_BOUND('',#2336,.T.);
#2577=FACE_BOUND('',#2337,.T.);
#2578=FACE_BOUND('',#2338,.T.);
#2579=FACE_BOUND('',#2339,.T.);
#2580=FACE_BOUND('',#2340,.T.);
#2581=FACE_BOUND('',#2341,.T.);
#2582=FACE_BOUND('',#2342,.T.);
#2583=FACE_BOUND('',#2343,.T.);
#2584=FACE_BOUND('',#2344,.T.);
#2585=FACE_BOUND('',#2345,.T.);
#2586=FACE_BOUND('',#2346,.T.);
#2587=FACE_BOUND('',#2347,.T.);
#2588=FACE_BOUND('',#2348,.T.);
#2589=FACE_BOUND('',#2349,.T.);
#2590=FACE_BOUND('',#2350,.T.);
#2591=FACE_BOUND('',#2351,.T.);
#2592=FACE_BOUND('',#2352,.T.);
#2593=FACE_BOUND('',#2353,.T.);
#2594=FACE_BOUND('',#2354,.T.);
#2595=FACE_BOUND('',#2355,.T.);
#2596=FACE_BOUND('',#2356,.T.);
#2597=FACE_BOUND('',#2357,.T.);
#2598=FACE_BOUND('',#2358,.T.);
#2599=FACE_BOUND('',#2359,.T.);
#2600=FACE_BOUND('',#2360,.T.);
#2601=FACE_BOUND('',#2361,.T.);
#2602=FACE_BOUND('',#2362,.T.);
#2603=FACE_BOUND('',#2363,.T.);
#2604=FACE_BOUND('',#2364,.T.);
#2605=FACE_BOUND('',#2365,.T.);
#2606=FACE_BOUND('',#2366,.T.);
#2607=FACE_BOUND('',#2367,.T.);
#2608=FACE_BOUND('',#2368,.T.);
#2609=FACE_BOUND('',#2369,.T.);
#2610=FACE_BOUND('',#2370,.T.);
#2611=FACE_BOUND('',#2371,.T.);
#2612=FACE_BOUND('',#2372,.T.);
#2613=FACE_BOUND('',#2373,.T.);
#2614=FACE_BOUND('',#2374,.T.);
#2615=FACE_BOUND('',#2375,.T.);
#2616=FACE_BOUND('',#2376,.T.);
#2617=FACE_BOUND('',#2377,.T.);
#2618=FACE_BOUND('',#2378,.T.);
#2619=FACE_BOUND('',#2379,.T.);
#2620=FACE_BOUND('',#2380,.T.);
#2621=FACE_BOUND('',#2381,.T.);
#2622=FACE_BOUND('',#2382,.T.);
#2623=FACE_BOUND('',#2383,.T.);
#2624=FACE_BOUND('',#2384,.T.);
#2625=FACE_BOUND('',#2385,.T.);
#2626=FACE_BOUND('',#2386,.T.);
#2627=FACE_BOUND('',#2387,.T.);
#2628=FACE_BOUND('',#2388,.T.);
#2629=FACE_BOUND('',#2389,.T.);
#2630=FACE_BOUND('',#2390,.T.);
#2631=FACE_BOUND('',#2391,.T.);
#2632=FACE_BOUND('',#2392,.T.);
#2633=FACE_BOUND('',#2393,.T.);
#2634=FACE_BOUND('',#2394,.T.);
#2635=FACE_BOUND('',#2395,.T.);
#2636=FACE_BOUND('',#2396,.T.);
#2637=FACE_BOUND('',#2397,.T.);
#2638=FACE_BOUND('',#2398,.T.);
#2639=FACE_BOUND('',#2399,.T.);
#2640=FACE_BOUND('',#2400,.T.);
#2641=FACE_BOUND('',#2401,.T.);
#2642=FACE_BOUND('',#2402,.T.);
#2643=FACE_BOUND('',#2403,.T.);
#2644=FACE_BOUND('',#2404,.T.);
#2645=FACE_BOUND('',#2405,.T.);
#2646=FACE_BOUND('',#2406,.T.);
#2647=FACE_BOUND('',#2407,.T.);
#2648=FACE_BOUND('',#2408,.T.);
#2649=FACE_BOUND('',#2409,.T.);
#2650=FACE_BOUND('',#2410,.T.);
#2651=FACE_BOUND('',#2411,.T.);
#2652=FACE_BOUND('',#2412,.T.);
#2653=FACE_BOUND('',#2413,.T.);
#2654=FACE_BOUND('',#2414,.T.);
#2655=FACE_BOUND('',#2415,.T.);
#2656=FACE_BOUND('',#2416,.T.);
#2657=FACE_BOUND('',#2417,.T.);
#2658=FACE_BOUND('',#2418,.T.);
#2659=FACE_BOUND('',#2419,.T.);
#2660=FACE_BOUND('',#2420,.T.);
#2661=FACE_BOUND('',#2421,.T.);
#2662=FACE_BOUND('',#2422,.T.);
#2663=FACE_BOUND('',#2423,.T.);
#2664=FACE_BOUND('',#2424,.T.);
#2665=FACE_BOUND('',#2425,.T.);
#2666=FACE_BOUND('',#2426,.T.);
#2667=FACE_BOUND('',#2427,.T.);
#2668=FACE_BOUND('',#2428,.T.);
#2669=FACE_BOUND('',#2429,.T.);
#2670=FACE_BOUND('',#2430,.T.);
#2671=FACE_BOUND('',#2431,.T.);
#2672=FACE_BOUND('',#2432,.T.);
#2673=FACE_BOUND('',#2433,.T.);
#2674=FACE_BOUND('',#2434,.T.);
#2675=FACE_BOUND('',#2435,.T.);
#2676=FACE_BOUND('',#2436,.T.);
#2677=FACE_BOUND('',#2437,.T.);
#2678=FACE_BOUND('',#2438,.T.);
#2679=FACE_BOUND('',#2439,.T.);
#2680=FACE_BOUND('',#2440,.T.);
#2681=FACE_BOUND('',#2441,.T.);
#2682=FACE_BOUND('',#2442,.T.);
#2683=FACE_BOUND('',#2443,.T.);
#2684=FACE_BOUND('',#2444,.T.);
#2685=FACE_BOUND('',#2445,.T.);
#2686=FACE_BOUND('',#2446,.T.);
#2687=FACE_BOUND('',#2447,.T.);
#2688=FACE_BOUND('',#2448,.T.);
#2689=FACE_BOUND('',#2449,.T.);
#2690=FACE_BOUND('',#2450,.T.);
#2691=FACE_BOUND('',#2451,.T.);
#2692=FACE_BOUND('',#2452,.T.);
#2693=FACE_BOUND('',#2453,.T.);
#2694=FACE_BOUND('',#2454,.T.);
#2695=FACE_BOUND('',#2455,.T.);
#2696=FACE_BOUND('',#2456,.T.);
#2697=FACE_BOUND('',#2457,.T.);
#2698=FACE_BOUND('',#2458,.T.);
#2699=FACE_BOUND('',#2459,.T.);
#2700=FACE_BOUND('',#2460,.T.);
#2701=FACE_BOUND('',#2461,.T.);
#2702=FACE_BOUND('',#2462,.T.);
#2703=FACE_BOUND('',#2463,.T.);
#2704=FACE_BOUND('',#2464,.T.);
#2705=FACE_BOUND('',#2465,.T.);
#2706=FACE_BOUND('',#2466,.T.);
#2707=FACE_BOUND('',#2467,.T.);
#2708=FACE_BOUND('',#2468,.T.);
#2709=FACE_BOUND('',#2469,.T.);
#2710=FACE_BOUND('',#2470,.T.);
#2711=FACE_BOUND('',#2471,.T.);
#2712=FACE_BOUND('',#2472,.T.);
#2713=FACE_BOUND('',#2473,.T.);
#2714=FACE_BOUND('',#2474,.T.);
#2715=FACE_BOUND('',#2475,.T.);
#2716=FACE_BOUND('',#2476,.T.);
#2717=FACE_BOUND('',#2477,.T.);
#2718=FACE_BOUND('',#2478,.T.);
#2719=FACE_BOUND('',#2479,.T.);
#2720=FACE_BOUND('',#2480,.T.);
#2721=FACE_BOUND('',#2481,.T.);
#2722=FACE_BOUND('',#2482,.T.);
#2723=FACE_BOUND('',#2483,.T.);
#2724=FACE_BOUND('',#2484,.T.);
#2725=FACE_BOUND('',#2485,.T.);
#2726=FACE_BOUND('',#2486,.T.);
#2727=FACE_BOUND('',#2487,.T.);
#2728=FACE_BOUND('',#2488,.T.);
#2729=FACE_BOUND('',#2489,.T.);
#2730=FACE_BOUND('',#2490,.T.);
#2731=FACE_BOUND('',#2491,.T.);
#2732=FACE_BOUND('',#2492,.T.);
#2733=FACE_BOUND('',#2493,.T.);
#2734=FACE_BOUND('',#2494,.T.);
#2735=FACE_BOUND('',#2495,.T.);
#2736=FACE_BOUND('',#2496,.T.);
#2737=FACE_BOUND('',#2497,.T.);
#2738=FACE_BOUND('',#2498,.T.);
#2739=FACE_BOUND('',#2499,.T.);
#2740=FACE_BOUND('',#2500,.T.);
#2741=FACE_BOUND('',#2501,.T.);
#2742=FACE_BOUND('',#2502,.T.);
#2743=FACE_BOUND('',#2503,.T.);
#2744=FACE_BOUND('',#2504,.T.);
#2745=FACE_BOUND('',#2505,.T.);
#2746=FACE_BOUND('',#2506,.T.);
#2747=FACE_BOUND('',#2507,.T.);
#2748=FACE_BOUND('',#2508,.T.);
#2749=FACE_BOUND('',#2509,.T.);
#2750=FACE_BOUND('',#2510,.T.);
#2751=FACE_BOUND('',#2511,.T.);
#2752=FACE_BOUND('',#2512,.T.);
#2753=FACE_BOUND('',#2513,.T.);
#2754=FACE_BOUND('',#2514,.T.);
#2755=FACE_BOUND('',#2515,.T.);
#2756=FACE_BOUND('',#2516,.T.);
#2757=FACE_BOUND('',#2517,.T.);
#2758=FACE_BOUND('',#2518,.T.);
#2759=FACE_BOUND('',#2519,.T.);
#2760=FACE_BOUND('',#2520,.T.);
#2761=FACE_BOUND('',#2521,.T.);
#2762=FACE_BOUND('',#2522,.T.);
#2763=FACE_BOUND('',#2523,.T.);
#2764=FACE_BOUND('',#2524,.T.);
#2765=FACE_BOUND('',#2525,.T.);
#2766=FACE_BOUND('',#2526,.T.);
#2767=FACE_BOUND('',#2527,.T.);
#2768=FACE_BOUND('',#2528,.T.);
#2769=FACE_BOUND('',#2529,.T.);
#2770=FACE_BOUND('',#2530,.T.);
#2771=FACE_BOUND('',#2531,.T.);
#2772=FACE_BOUND('',#2532,.T.);
#2773=FACE_BOUND('',#2533,.T.);
#2774=FACE_BOUND('',#2534,.T.);
#2775=FACE_BOUND('',#2535,.T.);
#2776=FACE_BOUND('',#2536,.T.);
#2777=FACE_BOUND('',#2537,.T.);
#2778=FACE_BOUND('',#2538,.T.);
#2779=FACE_BOUND('',#2539,.T.);
#2780=FACE_BOUND('',#2540,.T.);
#2781=FACE_BOUND('',#2541,.T.);
#2782=PLANE('',#3065);
#2783=PLANE('',#3067);
#2784=PLANE('',#3070);
#2785=PLANE('',#3073);
#2786=PLANE('',#3075);
#2787=PLANE('',#3078);
#2788=PLANE('',#3081);
#2789=PLANE('',#3084);
#2790=PLANE('',#3086);
#2791=PLANE('',#3093);
#2792=PLANE('',#3099);
#2793=PLANE('',#3109);
#2794=PLANE('',#3115);
#2795=PLANE('',#3121);
#2796=PLANE('',#3141);
#2797=PLANE('',#3143);
#2798=PLANE('',#3146);
#2799=PLANE('',#3148);
#2800=PLANE('',#3151);
#2801=PLANE('',#3153);
#2802=PLANE('',#3156);
#2803=PLANE('',#3158);
#2804=PLANE('',#3161);
#2805=PLANE('',#3168);
#2806=PLANE('',#3169);
#2807=PLANE('',#3170);
#2808=PLANE('',#3171);
#2809=PLANE('',#3172);
#2810=PLANE('',#3173);
#2811=PLANE('',#3174);
#2812=PLANE('',#3175);
#2813=PLANE('',#3176);
#2814=PLANE('',#3177);
#2815=PLANE('',#3178);
#2816=PLANE('',#3179);
#2817=PLANE('',#3180);
#2818=PLANE('',#3181);
#2819=PLANE('',#3182);
#2820=PLANE('',#3183);
#2821=PLANE('',#3184);
#2822=PLANE('',#3185);
#2823=PLANE('',#3204);
#2824=PLANE('',#3205);
#2825=PLANE('',#3206);
#2826=PLANE('',#3207);
#2827=PLANE('',#3208);
#2828=PLANE('',#3210);
#2829=PLANE('',#3211);
#2830=PLANE('',#3213);
#2831=PLANE('',#3215);
#2832=PLANE('',#3216);
#2833=PLANE('',#3223);
#2834=PLANE('',#3224);
#2835=PLANE('',#3235);
#2836=PLANE('',#3243);
#2837=PLANE('',#3250);
#2838=PLANE('',#3256);
#2839=PLANE('',#3257);
#2840=PLANE('',#3261);
#2841=PLANE('',#3267);
#2842=PLANE('',#3268);
#2843=PLANE('',#3270);
#2844=PLANE('',#3271);
#2845=PLANE('',#3272);
#2846=PLANE('',#3274);
#2847=PLANE('',#3283);
#2848=PLANE('',#3285);
#2849=PLANE('',#3291);
#2850=PLANE('',#3295);
#2851=PLANE('',#3299);
#2852=PLANE('',#3303);
#2853=PLANE('',#3311);
#2854=PLANE('',#3312);
#2855=PLANE('',#3316);
#2856=PLANE('',#3320);
#2857=PLANE('',#3324);
#2858=PLANE('',#3328);
#2859=PLANE('',#3332);
#2860=PLANE('',#3336);
#2861=PLANE('',#3340);
#2862=PLANE('',#3344);
#2863=PLANE('',#3395);
#2864=PLANE('',#3398);
#2865=ADVANCED_FACE('',(#2542),#2782,.T.);
#2866=ADVANCED_FACE('',(#2543),#2783,.T.);
#2867=ADVANCED_FACE('',(#2544),#2784,.T.);
#2868=ADVANCED_FACE('',(#2545),#2785,.F.);
#2869=ADVANCED_FACE('',(#2546),#2786,.F.);
#2870=ADVANCED_FACE('',(#2547),#2787,.F.);
#2871=ADVANCED_FACE('',(#2548),#2788,.F.);
#2872=ADVANCED_FACE('',(#2549),#2789,.F.);
#2873=ADVANCED_FACE('',(#2550),#2790,.F.);
#2874=ADVANCED_FACE('',(#2551,#2552),#54,.F.);
#2875=ADVANCED_FACE('',(#2553,#2554),#2791,.F.);
#2876=ADVANCED_FACE('',(#2555,#2556),#2792,.T.);
#2877=ADVANCED_FACE('',(#2557,#2558,#2559,#2560,#2561),#2793,.T.);
#2878=ADVANCED_FACE('',(#2562,#2563,#2564,#2565,#2566),#2794,.F.);
#2879=ADVANCED_FACE('',(#2567,#2568,#2569,#2570,#2571),#2795,.F.);
#2880=ADVANCED_FACE('',(#2572),#55,.F.);
#2881=ADVANCED_FACE('',(#2573),#56,.F.);
#2882=ADVANCED_FACE('',(#2574),#57,.F.);
#2883=ADVANCED_FACE('',(#2575),#58,.F.);
#2884=ADVANCED_FACE('',(#2576),#59,.F.);
#2885=ADVANCED_FACE('',(#2577),#60,.F.);
#2886=ADVANCED_FACE('',(#2578),#61,.F.);
#2887=ADVANCED_FACE('',(#2579),#62,.F.);
#2888=ADVANCED_FACE('',(#2580),#63,.F.);
#2889=ADVANCED_FACE('',(#2581),#2796,.F.);
#2890=ADVANCED_FACE('',(#2582),#64,.F.);
#2891=ADVANCED_FACE('',(#2583),#2797,.F.);
#2892=ADVANCED_FACE('',(#2584),#65,.F.);
#2893=ADVANCED_FACE('',(#2585,#2586,#2587,#2588,#2589),#2798,.T.);
#2894=ADVANCED_FACE('',(#2590),#2799,.T.);
#2895=ADVANCED_FACE('',(#2591),#2800,.F.);
#2896=ADVANCED_FACE('',(#2592),#2801,.F.);
#2897=ADVANCED_FACE('',(#2593),#2802,.F.);
#2898=ADVANCED_FACE('',(#2594),#2803,.F.);
#2899=ADVANCED_FACE('',(#2595),#2804,.F.);
#2900=ADVANCED_FACE('',(#2596),#38,.F.);
#2901=ADVANCED_FACE('',(#2597),#39,.F.);
#2902=ADVANCED_FACE('',(#2598),#2805,.F.);
#2903=ADVANCED_FACE('',(#2599),#2806,.T.);
#2904=ADVANCED_FACE('',(#2600),#2807,.T.);
#2905=ADVANCED_FACE('',(#2601),#2808,.T.);
#2906=ADVANCED_FACE('',(#2602),#2809,.T.);
#2907=ADVANCED_FACE('',(#2603),#2810,.T.);
#2908=ADVANCED_FACE('',(#2604),#2811,.T.);
#2909=ADVANCED_FACE('',(#2605),#2812,.T.);
#2910=ADVANCED_FACE('',(#2606),#2813,.T.);
#2911=ADVANCED_FACE('',(#2607),#2814,.T.);
#2912=ADVANCED_FACE('',(#2608),#2815,.T.);
#2913=ADVANCED_FACE('',(#2609),#2816,.T.);
#2914=ADVANCED_FACE('',(#2610),#2817,.T.);
#2915=ADVANCED_FACE('',(#2611),#2818,.T.);
#2916=ADVANCED_FACE('',(#2612),#2819,.T.);
#2917=ADVANCED_FACE('',(#2613),#2820,.T.);
#2918=ADVANCED_FACE('',(#2614),#2821,.T.);
#2919=ADVANCED_FACE('',(#2615),#2822,.T.);
#2920=ADVANCED_FACE('',(#2616),#66,.T.);
#2921=ADVANCED_FACE('',(#2617),#67,.T.);
#2922=ADVANCED_FACE('',(#2618),#68,.T.);
#2923=ADVANCED_FACE('',(#2619),#69,.T.);
#2924=ADVANCED_FACE('',(#2620),#70,.T.);
#2925=ADVANCED_FACE('',(#2621),#71,.T.);
#2926=ADVANCED_FACE('',(#2622),#72,.T.);
#2927=ADVANCED_FACE('',(#2623),#32,.T.);
#2928=ADVANCED_FACE('',(#2624),#73,.T.);
#2929=ADVANCED_FACE('',(#2625),#33,.T.);
#2930=ADVANCED_FACE('',(#2626),#2823,.F.);
#2931=ADVANCED_FACE('',(#2627),#2824,.T.);
#2932=ADVANCED_FACE('',(#2628),#2825,.T.);
#2933=ADVANCED_FACE('',(#2629),#2826,.T.);
#2934=ADVANCED_FACE('',(#2630),#2827,.F.);
#2935=ADVANCED_FACE('',(#2631),#2828,.F.);
#2936=ADVANCED_FACE('',(#2632),#2829,.F.);
#2937=ADVANCED_FACE('',(#2633),#2830,.T.);
#2938=ADVANCED_FACE('',(#2634),#2831,.T.);
#2939=ADVANCED_FACE('',(#2635),#2832,.T.);
#2940=ADVANCED_FACE('',(#2636),#74,.T.);
#2941=ADVANCED_FACE('',(#2637),#75,.T.);
#2942=ADVANCED_FACE('',(#2638),#76,.T.);
#2943=ADVANCED_FACE('',(#2639),#77,.T.);
#2944=ADVANCED_FACE('',(#2640),#40,.T.);
#2945=ADVANCED_FACE('',(#2641),#2833,.F.);
#2946=ADVANCED_FACE('',(#2642),#2834,.T.);
#2947=ADVANCED_FACE('',(#2643),#41,.F.);
#2948=ADVANCED_FACE('',(#2644),#78,.T.);
#2949=ADVANCED_FACE('',(#2645),#79,.T.);
#2950=ADVANCED_FACE('',(#2646),#80,.T.);
#2951=ADVANCED_FACE('',(#2647),#81,.T.);
#2952=ADVANCED_FACE('',(#2648),#82,.T.);
#2953=ADVANCED_FACE('',(#2649),#83,.T.);
#2954=ADVANCED_FACE('',(#2650),#84,.T.);
#2955=ADVANCED_FACE('',(#2651),#85,.T.);
#2956=ADVANCED_FACE('',(#2652,#2653),#2835,.T.);
#2957=ADVANCED_FACE('',(#2654,#2655),#2836,.F.);
#2958=ADVANCED_FACE('',(#2656,#2657,#2658,#2659,#2660),#2837,.F.);
#2959=ADVANCED_FACE('',(#2661),#2838,.T.);
#2960=ADVANCED_FACE('',(#2662),#2839,.F.);
#2961=ADVANCED_FACE('',(#2663,#2664,#2665,#2666,#2667),#2840,.F.);
#2962=ADVANCED_FACE('',(#2668),#2841,.F.);
#2963=ADVANCED_FACE('',(#2669),#2842,.F.);
#2964=ADVANCED_FACE('',(#2670),#2843,.F.);
#2965=ADVANCED_FACE('',(#2671),#2844,.T.);
#2966=ADVANCED_FACE('',(#2672),#2845,.T.);
#2967=ADVANCED_FACE('',(#2673,#2674,#2675,#2676,#2677),#2846,.F.);
#2968=ADVANCED_FACE('',(#2678),#86,.F.);
#2969=ADVANCED_FACE('',(#2679),#2847,.T.);
#2970=ADVANCED_FACE('',(#2680),#87,.F.);
#2971=ADVANCED_FACE('',(#2681),#2848,.T.);
#2972=ADVANCED_FACE('',(#2682),#88,.F.);
#2973=ADVANCED_FACE('',(#2683,#2684,#2685,#2686,#2687),#89,.F.);
#2974=ADVANCED_FACE('',(#2688,#2689),#90,.F.);
#2975=ADVANCED_FACE('',(#2690,#2691),#2849,.T.);
#2976=ADVANCED_FACE('',(#2692,#2693),#91,.F.);
#2977=ADVANCED_FACE('',(#2694,#2695),#2850,.T.);
#2978=ADVANCED_FACE('',(#2696,#2697),#92,.F.);
#2979=ADVANCED_FACE('',(#2698,#2699),#2851,.T.);
#2980=ADVANCED_FACE('',(#2700,#2701),#93,.F.);
#2981=ADVANCED_FACE('',(#2702,#2703),#2852,.T.);
#2982=ADVANCED_FACE('',(#2704,#2705),#94,.F.);
#2983=ADVANCED_FACE('',(#2706,#2707),#95,.F.);
#2984=ADVANCED_FACE('',(#2708,#2709),#96,.F.);
#2985=ADVANCED_FACE('',(#2710,#2711),#97,.F.);
#2986=ADVANCED_FACE('',(#2712),#42,.F.);
#2987=ADVANCED_FACE('',(#2713),#43,.F.);
#2988=ADVANCED_FACE('',(#2714),#2853,.T.);
#2989=ADVANCED_FACE('',(#2715),#2854,.F.);
#2990=ADVANCED_FACE('',(#2716,#2717),#98,.F.);
#2991=ADVANCED_FACE('',(#2718),#2855,.T.);
#2992=ADVANCED_FACE('',(#2719,#2720),#99,.F.);
#2993=ADVANCED_FACE('',(#2721),#2856,.T.);
#2994=ADVANCED_FACE('',(#2722,#2723),#100,.F.);
#2995=ADVANCED_FACE('',(#2724),#2857,.T.);
#2996=ADVANCED_FACE('',(#2725,#2726),#101,.F.);
#2997=ADVANCED_FACE('',(#2727),#2858,.T.);
#2998=ADVANCED_FACE('',(#2728,#2729),#102,.F.);
#2999=ADVANCED_FACE('',(#2730),#2859,.T.);
#3000=ADVANCED_FACE('',(#2731,#2732),#103,.F.);
#3001=ADVANCED_FACE('',(#2733),#2860,.T.);
#3002=ADVANCED_FACE('',(#2734,#2735),#104,.F.);
#3003=ADVANCED_FACE('',(#2736),#2861,.T.);
#3004=ADVANCED_FACE('',(#2737,#2738),#105,.F.);
#3005=ADVANCED_FACE('',(#2739),#2862,.T.);
#3006=ADVANCED_FACE('',(#2740,#2741),#44,.F.);
#3007=ADVANCED_FACE('',(#2742,#2743),#45,.F.);
#3008=ADVANCED_FACE('',(#2744,#2745),#46,.F.);
#3009=ADVANCED_FACE('',(#2746,#2747),#47,.F.);
#3010=ADVANCED_FACE('',(#2748,#2749),#48,.F.);
#3011=ADVANCED_FACE('',(#2750,#2751),#49,.F.);
#3012=ADVANCED_FACE('',(#2752,#2753),#50,.F.);
#3013=ADVANCED_FACE('',(#2754,#2755),#51,.F.);
#3014=ADVANCED_FACE('',(#2756),#106,.T.);
#3015=ADVANCED_FACE('',(#2757),#107,.T.);
#3016=ADVANCED_FACE('',(#2758),#108,.F.);
#3017=ADVANCED_FACE('',(#2759),#109,.F.);
#3018=ADVANCED_FACE('',(#2760),#110,.T.);
#3019=ADVANCED_FACE('',(#2761),#34,.T.);
#3020=ADVANCED_FACE('',(#2762),#111,.T.);
#3021=ADVANCED_FACE('',(#2763),#112,.T.);
#3022=ADVANCED_FACE('',(#2764),#113,.T.);
#3023=ADVANCED_FACE('',(#2765),#35,.T.);
#3024=ADVANCED_FACE('',(#2766),#114,.T.);
#3025=ADVANCED_FACE('',(#2767),#115,.T.);
#3026=ADVANCED_FACE('',(#2768),#116,.T.);
#3027=ADVANCED_FACE('',(#2769),#36,.T.);
#3028=ADVANCED_FACE('',(#2770),#117,.T.);
#3029=ADVANCED_FACE('',(#2771),#10,.T.);
#3030=ADVANCED_FACE('',(#2772),#118,.T.);
#3031=ADVANCED_FACE('',(#2773),#119,.T.);
#3032=ADVANCED_FACE('',(#2774),#37,.T.);
#3033=ADVANCED_FACE('',(#2775),#120,.T.);
#3034=ADVANCED_FACE('',(#2776),#11,.T.);
#3035=ADVANCED_FACE('',(#2777),#121,.T.);
#3036=ADVANCED_FACE('',(#2778),#2863,.T.);
#3037=ADVANCED_FACE('',(#2779),#52,.F.);
#3038=ADVANCED_FACE('',(#2780),#53,.T.);
#3039=ADVANCED_FACE('',(#2781),#2864,.F.);
#3040=CLOSED_SHELL('',(#2865,#2866,#2867,#2868,#2869,#2870,#2871,#2872,
#2873,#2874,#2875,#2876,#2877,#2878,#2879,#2880,#2881,#2882,#2883,#2884,
#2885,#2886,#2887,#2888,#2889,#2890,#2891,#2892,#2893,#2894,#2895,#2896,
#2897,#2898,#2899,#2900,#2901,#2902,#2903,#2904,#2905,#2906,#2907,#2908,
#2909,#2910,#2911,#2912,#2913,#2914,#2915,#2916,#2917,#2918,#2919,#2920,
#2921,#2922,#2923,#2924,#2925,#2926,#2927,#2928,#2929,#2930,#2931,#2932,
#2933,#2934,#2935,#2936,#2937,#2938,#2939,#2940,#2941,#2942,#2943,#2944,
#2945,#2946,#2947,#2948,#2949,#2950,#2951,#2952,#2953,#2954,#2955));
#3041=CLOSED_SHELL('',(#2956,#2957,#2958,#2959,#2960,#2961,#2962,#2963,
#2964,#2965,#2966,#2967,#2968,#2969,#2970,#2971,#2972,#2973,#2974,#2975,
#2976,#2977,#2978,#2979,#2980,#2981,#2982,#2983,#2984,#2985,#2986,#2987,
#2988,#2989,#2990,#2991,#2992,#2993,#2994,#2995,#2996,#2997,#2998,#2999,
#3000,#3001,#3002,#3003,#3004,#3005,#3006,#3007,#3008,#3009,#3010,#3011,
#3012,#3013,#3014,#3015,#3016,#3017,#3018,#3019,#3020,#3021,#3022,#3023,
#3024,#3025,#3026,#3027,#3028,#3029,#3030,#3031,#3032,#3033,#3034,#3035,
#3036,#3037,#3038,#3039));
#3042=STYLED_ITEM('',(#3044),#3058);
#3043=STYLED_ITEM('',(#3045),#3059);
#3044=PRESENTATION_STYLE_ASSIGNMENT((#3046));
#3045=PRESENTATION_STYLE_ASSIGNMENT((#3047));
#3046=SURFACE_STYLE_USAGE(.BOTH.,#3048);
#3047=SURFACE_STYLE_USAGE(.BOTH.,#3049);
#3048=SURFACE_SIDE_STYLE('',(#3050));
#3049=SURFACE_SIDE_STYLE('',(#3051));
#3050=SURFACE_STYLE_FILL_AREA(#3052);
#3051=SURFACE_STYLE_FILL_AREA(#3053);
#3052=FILL_AREA_STYLE('',(#3054));
#3053=FILL_AREA_STYLE('',(#3055));
#3054=FILL_AREA_STYLE_COLOUR('',#3056);
#3055=FILL_AREA_STYLE_COLOUR('',#3057);
#3056=COLOUR_RGB('',0.980392156862745,0.713725490196078,0.00392156862745098);
#3057=COLOUR_RGB('',0.615686274509804,0.811764705882353,0.929411764705882);
#3058=MANIFOLD_SOLID_BREP('top-motor-holder',#3040);
#3059=MANIFOLD_SOLID_BREP('btm-motor-holder',#3041);
#3060=SHAPE_DEFINITION_REPRESENTATION(#5342,#3062);
#3061=SHAPE_DEFINITION_REPRESENTATION(#5343,#3063);
#3062=SHAPE_REPRESENTATION('top-motor-holder',(#3064),#5332);
#3063=SHAPE_REPRESENTATION('btm-motor-holder',(#3234),#5333);
#3064=AXIS2_PLACEMENT_3D('',#4311,#3399,#3400);
#3065=AXIS2_PLACEMENT_3D('',#4312,#3401,#3402);
#3066=AXIS2_PLACEMENT_3D('',#4318,#3405,#3406);
#3067=AXIS2_PLACEMENT_3D('',#4319,#3407,#3408);
#3068=AXIS2_PLACEMENT_3D('',#4322,#3410,#3411);
#3069=AXIS2_PLACEMENT_3D('',#4326,#3413,#3414);
#3070=AXIS2_PLACEMENT_3D('',#4327,#3415,#3416);
#3071=AXIS2_PLACEMENT_3D('',#4330,#3418,#3419);
#3072=AXIS2_PLACEMENT_3D('',#4334,#3421,#3422);
#3073=AXIS2_PLACEMENT_3D('',#4335,#3423,#3424);
#3074=AXIS2_PLACEMENT_3D('',#4336,#3425,#3426);
#3075=AXIS2_PLACEMENT_3D('',#4342,#3429,#3430);
#3076=AXIS2_PLACEMENT_3D('',#4346,#3432,#3433);
#3077=AXIS2_PLACEMENT_3D('',#4349,#3435,#3436);
#3078=AXIS2_PLACEMENT_3D('',#4350,#3437,#3438);
#3079=AXIS2_PLACEMENT_3D('',#4354,#3440,#3441);
#3080=AXIS2_PLACEMENT_3D('',#4357,#3443,#3444);
#3081=AXIS2_PLACEMENT_3D('',#4358,#3445,#3446);
#3082=AXIS2_PLACEMENT_3D('',#4364,#3449,#3450);
#3083=AXIS2_PLACEMENT_3D('',#4368,#3452,#3453);
#3084=AXIS2_PLACEMENT_3D('',#4371,#3455,#3456);
#3085=AXIS2_PLACEMENT_3D('',#4381,#3461,#3462);
#3086=AXIS2_PLACEMENT_3D('',#4382,#3463,#3464);
#3087=AXIS2_PLACEMENT_3D('',#4390,#3468,#3469);
#3088=AXIS2_PLACEMENT_3D('',#4393,#3471,#3472);
#3089=AXIS2_PLACEMENT_3D('',#4394,#3473,#3474);
#3090=AXIS2_PLACEMENT_3D('',#4399,#3476,#3477);
#3091=AXIS2_PLACEMENT_3D('',#4402,#3479,#3480);
#3092=AXIS2_PLACEMENT_3D('',#4406,#3482,#3483);
#3093=AXIS2_PLACEMENT_3D('',#4408,#3485,#3486);
#3094=AXIS2_PLACEMENT_3D('',#4413,#3489,#3490);
#3095=AXIS2_PLACEMENT_3D('',#4417,#3492,#3493);
#3096=AXIS2_PLACEMENT_3D('',#4421,#3495,#3496);
#3097=AXIS2_PLACEMENT_3D('',#4422,#3497,#3498);
#3098=AXIS2_PLACEMENT_3D('',#4427,#3500,#3501);
#3099=AXIS2_PLACEMENT_3D('',#4430,#3503,#3504);
#3100=AXIS2_PLACEMENT_3D('',#4434,#3506,#3507);
#3101=AXIS2_PLACEMENT_3D('',#4438,#3509,#3510);
#3102=AXIS2_PLACEMENT_3D('',#4442,#3512,#3513);
#3103=AXIS2_PLACEMENT_3D('',#4452,#3518,#3519);
#3104=AXIS2_PLACEMENT_3D('',#4456,#3521,#3522);
#3105=AXIS2_PLACEMENT_3D('',#4460,#3524,#3525);
#3106=AXIS2_PLACEMENT_3D('',#4470,#3530,#3531);
#3107=AXIS2_PLACEMENT_3D('',#4474,#3533,#3534);
#3108=AXIS2_PLACEMENT_3D('',#4475,#3535,#3536);
#3109=AXIS2_PLACEMENT_3D('',#4476,#3537,#3538);
#3110=AXIS2_PLACEMENT_3D('',#4480,#3540,#3541);
#3111=AXIS2_PLACEMENT_3D('',#4486,#3544,#3545);
#3112=AXIS2_PLACEMENT_3D('',#4492,#3548,#3549);
#3113=AXIS2_PLACEMENT_3D('',#4498,#3552,#3553);
#3114=AXIS2_PLACEMENT_3D('',#4501,#3555,#3556);
#3115=AXIS2_PLACEMENT_3D('',#4511,#3561,#3562);
#3116=AXIS2_PLACEMENT_3D('',#4515,#3564,#3565);
#3117=AXIS2_PLACEMENT_3D('',#4521,#3568,#3569);
#3118=AXIS2_PLACEMENT_3D('',#4527,#3572,#3573);
#3119=AXIS2_PLACEMENT_3D('',#4533,#3576,#3577);
#3120=AXIS2_PLACEMENT_3D('',#4536,#3579,#3580);
#3121=AXIS2_PLACEMENT_3D('',#4546,#3585,#3586);
#3122=AXIS2_PLACEMENT_3D('',#4550,#3588,#3589);
#3123=AXIS2_PLACEMENT_3D('',#4556,#3592,#3593);
#3124=AXIS2_PLACEMENT_3D('',#4561,#3596,#3597);
#3125=AXIS2_PLACEMENT_3D('',#4570,#3602,#3603);
#3126=AXIS2_PLACEMENT_3D('',#4576,#3606,#3607);
#3127=AXIS2_PLACEMENT_3D('',#4579,#3609,#3610);
#3128=AXIS2_PLACEMENT_3D('',#4582,#3613,#3614);
#3129=AXIS2_PLACEMENT_3D('',#4585,#3617,#3618);
#3130=AXIS2_PLACEMENT_3D('',#4588,#3621,#3622);
#3131=AXIS2_PLACEMENT_3D('',#4591,#3625,#3626);
#3132=AXIS2_PLACEMENT_3D('',#4594,#3628,#3629);
#3133=AXIS2_PLACEMENT_3D('',#4597,#3631,#3632);
#3134=AXIS2_PLACEMENT_3D('',#4600,#3634,#3635);
#3135=AXIS2_PLACEMENT_3D('',#4603,#3637,#3638);
#3136=AXIS2_PLACEMENT_3D('',#4606,#3640,#3641);
#3137=AXIS2_PLACEMENT_3D('',#4609,#3643,#3644);
#3138=AXIS2_PLACEMENT_3D('',#4612,#3646,#3647);
#3139=AXIS2_PLACEMENT_3D('',#4615,#3649,#3650);
#3140=AXIS2_PLACEMENT_3D('',#4618,#3652,#3653);
#3141=AXIS2_PLACEMENT_3D('',#4619,#3654,#3655);
#3142=AXIS2_PLACEMENT_3D('',#4622,#3658,#3659);
#3143=AXIS2_PLACEMENT_3D('',#4624,#3661,#3662);
#3144=AXIS2_PLACEMENT_3D('',#4628,#3665,#3666);
#3145=AXIS2_PLACEMENT_3D('',#4631,#3668,#3669);
#3146=AXIS2_PLACEMENT_3D('',#4632,#3670,#3671);
#3147=AXIS2_PLACEMENT_3D('',#4647,#3681,#3682);
#3148=AXIS2_PLACEMENT_3D('',#4651,#3685,#3686);
#3149=AXIS2_PLACEMENT_3D('',#4664,#3693,#3694);
#3150=AXIS2_PLACEMENT_3D('',#4665,#3695,#3696);
#3151=AXIS2_PLACEMENT_3D('',#4666,#3697,#3698);
#3152=AXIS2_PLACEMENT_3D('',#4671,#3701,#3702);
#3153=AXIS2_PLACEMENT_3D('',#4674,#3704,#3705);
#3154=AXIS2_PLACEMENT_3D('',#4675,#3706,#3707);
#3155=AXIS2_PLACEMENT_3D('',#4684,#3711,#3712);
#3156=AXIS2_PLACEMENT_3D('',#4687,#3714,#3715);
#3157=AXIS2_PLACEMENT_3D('',#4694,#3719,#3720);
#3158=AXIS2_PLACEMENT_3D('',#4695,#3721,#3722);
#3159=AXIS2_PLACEMENT_3D('',#4703,#3726,#3727);
#3160=AXIS2_PLACEMENT_3D('',#4704,#3728,#3729);
#3161=AXIS2_PLACEMENT_3D('',#4710,#3733,#3734);
#3162=AXIS2_PLACEMENT_3D('',#4711,#3735,#3736);
#3163=AXIS2_PLACEMENT_3D('',#4712,#3737,#3738);
#3164=AXIS2_PLACEMENT_3D('',#4713,#3739,#3740);
#3165=AXIS2_PLACEMENT_3D('',#4714,#3741,#3742);
#3166=AXIS2_PLACEMENT_3D('',#4721,#3747,#3748);
#3167=AXIS2_PLACEMENT_3D('',#4722,#3749,#3750);
#3168=AXIS2_PLACEMENT_3D('',#4723,#3751,#3752);
#3169=AXIS2_PLACEMENT_3D('',#4727,#3755,#3756);
#3170=AXIS2_PLACEMENT_3D('',#4731,#3759,#3760);
#3171=AXIS2_PLACEMENT_3D('',#4733,#3762,#3763);
#3172=AXIS2_PLACEMENT_3D('',#4734,#3764,#3765);
#3173=AXIS2_PLACEMENT_3D('',#4736,#3767,#3768);
#3174=AXIS2_PLACEMENT_3D('',#4737,#3769,#3770);
#3175=AXIS2_PLACEMENT_3D('',#4739,#3772,#3773);
#3176=AXIS2_PLACEMENT_3D('',#4740,#3774,#3775);
#3177=AXIS2_PLACEMENT_3D('',#4742,#3777,#3778);
#3178=AXIS2_PLACEMENT_3D('',#4743,#3779,#3780);
#3179=AXIS2_PLACEMENT_3D('',#4745,#3782,#3783);
#3180=AXIS2_PLACEMENT_3D('',#4746,#3784,#3785);
#3181=AXIS2_PLACEMENT_3D('',#4748,#3787,#3788);
#3182=AXIS2_PLACEMENT_3D('',#4749,#3789,#3790);
#3183=AXIS2_PLACEMENT_3D('',#4751,#3792,#3793);
#3184=AXIS2_PLACEMENT_3D('',#4752,#3794,#3795);
#3185=AXIS2_PLACEMENT_3D('',#4754,#3797,#3798);
#3186=AXIS2_PLACEMENT_3D('',#4755,#3799,#3800);
#3187=AXIS2_PLACEMENT_3D('',#4756,#3801,#3802);
#3188=AXIS2_PLACEMENT_3D('',#4757,#3803,#3804);
#3189=AXIS2_PLACEMENT_3D('',#4758,#3805,#3806);
#3190=AXIS2_PLACEMENT_3D('',#4759,#3807,#3808);
#3191=AXIS2_PLACEMENT_3D('',#4760,#3809,#3810);
#3192=AXIS2_PLACEMENT_3D('',#4761,#3811,#3812);
#3193=AXIS2_PLACEMENT_3D('',#4762,#3813,#3814);
#3194=AXIS2_PLACEMENT_3D('',#4763,#3815,#3816);
#3195=AXIS2_PLACEMENT_3D('',#4764,#3817,#3818);
#3196=AXIS2_PLACEMENT_3D('',#4765,#3819,#3820);
#3197=AXIS2_PLACEMENT_3D('',#4766,#3821,#3822);
#3198=AXIS2_PLACEMENT_3D('',#4767,#3823,#3824);
#3199=AXIS2_PLACEMENT_3D('',#4768,#3825,#3826);
#3200=AXIS2_PLACEMENT_3D('',#4769,#3827,#3828);
#3201=AXIS2_PLACEMENT_3D('',#4770,#3829,#3830);
#3202=AXIS2_PLACEMENT_3D('',#4771,#3831,#3832);
#3203=AXIS2_PLACEMENT_3D('',#4772,#3833,#3834);
#3204=AXIS2_PLACEMENT_3D('',#4773,#3835,#3836);
#3205=AXIS2_PLACEMENT_3D('',#4777,#3839,#3840);
#3206=AXIS2_PLACEMENT_3D('',#4781,#3843,#3844);
#3207=AXIS2_PLACEMENT_3D('',#4784,#3847,#3848);
#3208=AXIS2_PLACEMENT_3D('',#4787,#3851,#3852);
#3209=AXIS2_PLACEMENT_3D('',#4788,#3853,#3854);
#3210=AXIS2_PLACEMENT_3D('',#4790,#3856,#3857);
#3211=AXIS2_PLACEMENT_3D('',#4793,#3860,#3861);
#3212=AXIS2_PLACEMENT_3D('',#4794,#3862,#3863);
#3213=AXIS2_PLACEMENT_3D('',#4796,#3865,#3866);
#3214=AXIS2_PLACEMENT_3D('',#4797,#3867,#3868);
#3215=AXIS2_PLACEMENT_3D('',#4799,#3870,#3871);
#3216=AXIS2_PLACEMENT_3D('',#4802,#3874,#3875);
#3217=AXIS2_PLACEMENT_3D('',#4803,#3876,#3877);
#3218=AXIS2_PLACEMENT_3D('',#4805,#3879,#3880);
#3219=AXIS2_PLACEMENT_3D('',#4810,#3881,#3882);
#3220=AXIS2_PLACEMENT_3D('',#4815,#3883,#3884);
#3221=AXIS2_PLACEMENT_3D('',#4820,#3885,#3886);
#3222=AXIS2_PLACEMENT_3D('',#4825,#3887,#3888);
#3223=AXIS2_PLACEMENT_3D('',#4834,#3889,#3890);
#3224=AXIS2_PLACEMENT_3D('',#4839,#3891,#3892);
#3225=AXIS2_PLACEMENT_3D('',#4844,#3893,#3894);
#3226=AXIS2_PLACEMENT_3D('',#4845,#3895,#3896);
#3227=AXIS2_PLACEMENT_3D('',#4846,#3897,#3898);
#3228=AXIS2_PLACEMENT_3D('',#4847,#3899,#3900);
#3229=AXIS2_PLACEMENT_3D('',#4848,#3901,#3902);
#3230=AXIS2_PLACEMENT_3D('',#4849,#3903,#3904);
#3231=AXIS2_PLACEMENT_3D('',#4850,#3905,#3906);
#3232=AXIS2_PLACEMENT_3D('',#4851,#3907,#3908);
#3233=AXIS2_PLACEMENT_3D('',#4852,#3909,#3910);
#3234=AXIS2_PLACEMENT_3D('',#4853,#3911,#3912);
#3235=AXIS2_PLACEMENT_3D('',#4854,#3913,#3914);
#3236=AXIS2_PLACEMENT_3D('',#4855,#3915,#3916);
#3237=AXIS2_PLACEMENT_3D('',#4860,#3918,#3919);
#3238=AXIS2_PLACEMENT_3D('',#4868,#3923,#3924);
#3239=AXIS2_PLACEMENT_3D('',#4876,#3928,#3929);
#3240=AXIS2_PLACEMENT_3D('',#4880,#3931,#3932);
#3241=AXIS2_PLACEMENT_3D('',#4884,#3934,#3935);
#3242=AXIS2_PLACEMENT_3D('',#4892,#3939,#3940);
#3243=AXIS2_PLACEMENT_3D('',#4899,#3944,#3945);
#3244=AXIS2_PLACEMENT_3D('',#4900,#3946,#3947);
#3245=AXIS2_PLACEMENT_3D('',#4905,#3949,#3950);
#3246=AXIS2_PLACEMENT_3D('',#4909,#3952,#3953);
#3247=AXIS2_PLACEMENT_3D('',#4913,#3955,#3956);
#3248=AXIS2_PLACEMENT_3D('',#4916,#3958,#3959);
#3249=AXIS2_PLACEMENT_3D('',#4921,#3961,#3962);
#3250=AXIS2_PLACEMENT_3D('',#4924,#3964,#3965);
#3251=AXIS2_PLACEMENT_3D('',#4925,#3966,#3967);
#3252=AXIS2_PLACEMENT_3D('',#4927,#3968,#3969);
#3253=AXIS2_PLACEMENT_3D('',#4929,#3970,#3971);
#3254=AXIS2_PLACEMENT_3D('',#4931,#3972,#3973);
#3255=AXIS2_PLACEMENT_3D('',#4935,#3975,#3976);
#3256=AXIS2_PLACEMENT_3D('',#4943,#3981,#3982);
#3257=AXIS2_PLACEMENT_3D('',#4947,#3985,#3986);
#3258=AXIS2_PLACEMENT_3D('',#4955,#3990,#3991);
#3259=AXIS2_PLACEMENT_3D('',#4960,#3994,#3995);
#3260=AXIS2_PLACEMENT_3D('',#4972,#4001,#4002);
#3261=AXIS2_PLACEMENT_3D('',#4973,#4003,#4004);
#3262=AXIS2_PLACEMENT_3D('',#4974,#4005,#4006);
#3263=AXIS2_PLACEMENT_3D('',#4976,#4007,#4008);
#3264=AXIS2_PLACEMENT_3D('',#4978,#4009,#4010);
#3265=AXIS2_PLACEMENT_3D('',#4980,#4011,#4012);
#3266=AXIS2_PLACEMENT_3D('',#4982,#4013,#4014);
#3267=AXIS2_PLACEMENT_3D('',#4989,#4019,#4020);
#3268=AXIS2_PLACEMENT_3D('',#4993,#4023,#4024);
#3269=AXIS2_PLACEMENT_3D('',#4997,#4026,#4027);
#3270=AXIS2_PLACEMENT_3D('',#5001,#4030,#4031);
#3271=AXIS2_PLACEMENT_3D('',#5007,#4035,#4036);
#3272=AXIS2_PLACEMENT_3D('',#5016,#4041,#4042);
#3273=AXIS2_PLACEMENT_3D('',#5017,#4043,#4044);
#3274=AXIS2_PLACEMENT_3D('',#5021,#4047,#4048);
#3275=AXIS2_PLACEMENT_3D('',#5022,#4049,#4050);
#3276=AXIS2_PLACEMENT_3D('',#5023,#4051,#4052);
#3277=AXIS2_PLACEMENT_3D('',#5024,#4053,#4054);
#3278=AXIS2_PLACEMENT_3D('',#5026,#4055,#4056);
#3279=AXIS2_PLACEMENT_3D('',#5028,#4057,#4058);
#3280=AXIS2_PLACEMENT_3D('',#5030,#4059,#4060);
#3281=AXIS2_PLACEMENT_3D('',#5032,#4061,#4062);
#3282=AXIS2_PLACEMENT_3D('',#5035,#4064,#4065);
#3283=AXIS2_PLACEMENT_3D('',#5036,#4066,#4067);
#3284=AXIS2_PLACEMENT_3D('',#5039,#4070,#4071);
#3285=AXIS2_PLACEMENT_3D('',#5041,#4073,#4074);
#3286=AXIS2_PLACEMENT_3D('',#5045,#4077,#4078);
#3287=AXIS2_PLACEMENT_3D('',#5046,#4079,#4080);
#3288=AXIS2_PLACEMENT_3D('',#5047,#4081,#4082);
#3289=AXIS2_PLACEMENT_3D('',#5122,#4083,#4084);
#3290=AXIS2_PLACEMENT_3D('',#5123,#4085,#4086);
#3291=AXIS2_PLACEMENT_3D('',#5125,#4087,#4088);
#3292=AXIS2_PLACEMENT_3D('',#5126,#4089,#4090);
#3293=AXIS2_PLACEMENT_3D('',#5128,#4091,#4092);
#3294=AXIS2_PLACEMENT_3D('',#5129,#4093,#4094);
#3295=AXIS2_PLACEMENT_3D('',#5131,#4095,#4096);
#3296=AXIS2_PLACEMENT_3D('',#5132,#4097,#4098);
#3297=AXIS2_PLACEMENT_3D('',#5134,#4099,#4100);
#3298=AXIS2_PLACEMENT_3D('',#5135,#4101,#4102);
#3299=AXIS2_PLACEMENT_3D('',#5137,#4103,#4104);
#3300=AXIS2_PLACEMENT_3D('',#5138,#4105,#4106);
#3301=AXIS2_PLACEMENT_3D('',#5140,#4107,#4108);
#3302=AXIS2_PLACEMENT_3D('',#5141,#4109,#4110);
#3303=AXIS2_PLACEMENT_3D('',#5143,#4111,#4112);
#3304=AXIS2_PLACEMENT_3D('',#5144,#4113,#4114);
#3305=AXIS2_PLACEMENT_3D('',#5146,#4115,#4116);
#3306=AXIS2_PLACEMENT_3D('',#5147,#4117,#4118);
#3307=AXIS2_PLACEMENT_3D('',#5148,#4119,#4120);
#3308=AXIS2_PLACEMENT_3D('',#5149,#4121,#4122);
#3309=AXIS2_PLACEMENT_3D('',#5150,#4123,#4124);
#3310=AXIS2_PLACEMENT_3D('',#5151,#4125,#4126);
#3311=AXIS2_PLACEMENT_3D('',#5152,#4127,#4128);
#3312=AXIS2_PLACEMENT_3D('',#5161,#4133,#4134);
#3313=AXIS2_PLACEMENT_3D('',#5170,#4139,#4140);
#3314=AXIS2_PLACEMENT_3D('',#5171,#4141,#4142);
#3315=AXIS2_PLACEMENT_3D('',#5173,#4143,#4144);
#3316=AXIS2_PLACEMENT_3D('',#5175,#4145,#4146);
#3317=AXIS2_PLACEMENT_3D('',#5176,#4147,#4148);
#3318=AXIS2_PLACEMENT_3D('',#5177,#4149,#4150);
#3319=AXIS2_PLACEMENT_3D('',#5179,#4151,#4152);
#3320=AXIS2_PLACEMENT_3D('',#5181,#4153,#4154);
#3321=AXIS2_PLACEMENT_3D('',#5182,#4155,#4156);
#3322=AXIS2_PLACEMENT_3D('',#5183,#4157,#4158);
#3323=AXIS2_PLACEMENT_3D('',#5185,#4159,#4160);
#3324=AXIS2_PLACEMENT_3D('',#5187,#4161,#4162);
#3325=AXIS2_PLACEMENT_3D('',#5188,#4163,#4164);
#3326=AXIS2_PLACEMENT_3D('',#5189,#4165,#4166);
#3327=AXIS2_PLACEMENT_3D('',#5191,#4167,#4168);
#3328=AXIS2_PLACEMENT_3D('',#5193,#4169,#4170);
#3329=AXIS2_PLACEMENT_3D('',#5194,#4171,#4172);
#3330=AXIS2_PLACEMENT_3D('',#5195,#4173,#4174);
#3331=AXIS2_PLACEMENT_3D('',#5197,#4175,#4176);
#3332=AXIS2_PLACEMENT_3D('',#5199,#4177,#4178);
#3333=AXIS2_PLACEMENT_3D('',#5200,#4179,#4180);
#3334=AXIS2_PLACEMENT_3D('',#5201,#4181,#4182);
#3335=AXIS2_PLACEMENT_3D('',#5203,#4183,#4184);
#3336=AXIS2_PLACEMENT_3D('',#5205,#4185,#4186);
#3337=AXIS2_PLACEMENT_3D('',#5206,#4187,#4188);
#3338=AXIS2_PLACEMENT_3D('',#5207,#4189,#4190);
#3339=AXIS2_PLACEMENT_3D('',#5209,#4191,#4192);
#3340=AXIS2_PLACEMENT_3D('',#5211,#4193,#4194);
#3341=AXIS2_PLACEMENT_3D('',#5212,#4195,#4196);
#3342=AXIS2_PLACEMENT_3D('',#5213,#4197,#4198);
#3343=AXIS2_PLACEMENT_3D('',#5215,#4199,#4200);
#3344=AXIS2_PLACEMENT_3D('',#5217,#4201,#4202);
#3345=AXIS2_PLACEMENT_3D('',#5218,#4203,#4204);
#3346=AXIS2_PLACEMENT_3D('',#5219,#4205,#4206);
#3347=AXIS2_PLACEMENT_3D('',#5220,#4207,#4208);
#3348=AXIS2_PLACEMENT_3D('',#5221,#4209,#4210);
#3349=AXIS2_PLACEMENT_3D('',#5222,#4211,#4212);
#3350=AXIS2_PLACEMENT_3D('',#5223,#4213,#4214);
#3351=AXIS2_PLACEMENT_3D('',#5224,#4215,#4216);
#3352=AXIS2_PLACEMENT_3D('',#5225,#4217,#4218);
#3353=AXIS2_PLACEMENT_3D('',#5226,#4219,#4220);
#3354=AXIS2_PLACEMENT_3D('',#5227,#4221,#4222);
#3355=AXIS2_PLACEMENT_3D('',#5228,#4223,#4224);
#3356=AXIS2_PLACEMENT_3D('',#5229,#4225,#4226);
#3357=AXIS2_PLACEMENT_3D('',#5230,#4227,#4228);
#3358=AXIS2_PLACEMENT_3D('',#5231,#4229,#4230);
#3359=AXIS2_PLACEMENT_3D('',#5232,#4231,#4232);
#3360=AXIS2_PLACEMENT_3D('',#5233,#4233,#4234);
#3361=AXIS2_PLACEMENT_3D('',#5234,#4235,#4236);
#3362=AXIS2_PLACEMENT_3D('',#5235,#4237,#4238);
#3363=AXIS2_PLACEMENT_3D('',#5236,#4239,#4240);
#3364=AXIS2_PLACEMENT_3D('',#5237,#4241,#4242);
#3365=AXIS2_PLACEMENT_3D('',#5238,#4243,#4244);
#3366=AXIS2_PLACEMENT_3D('',#5239,#4245,#4246);
#3367=AXIS2_PLACEMENT_3D('',#5240,#4247,#4248);
#3368=AXIS2_PLACEMENT_3D('',#5241,#4249,#4250);
#3369=AXIS2_PLACEMENT_3D('',#5242,#4251,#4252);
#3370=AXIS2_PLACEMENT_3D('',#5243,#4253,#4254);
#3371=AXIS2_PLACEMENT_3D('',#5244,#4255,#4256);
#3372=AXIS2_PLACEMENT_3D('',#5245,#4257,#4258);
#3373=AXIS2_PLACEMENT_3D('',#5246,#4259,#4260);
#3374=AXIS2_PLACEMENT_3D('',#5247,#4261,#4262);
#3375=AXIS2_PLACEMENT_3D('',#5248,#4263,#4264);
#3376=AXIS2_PLACEMENT_3D('',#5249,#4265,#4266);
#3377=AXIS2_PLACEMENT_3D('',#5250,#4267,#4268);
#3378=AXIS2_PLACEMENT_3D('',#5251,#4269,#4270);
#3379=AXIS2_PLACEMENT_3D('',#5252,#4271,#4272);
#3380=AXIS2_PLACEMENT_3D('',#5253,#4273,#4274);
#3381=AXIS2_PLACEMENT_3D('',#5254,#4275,#4276);
#3382=AXIS2_PLACEMENT_3D('',#5255,#4277,#4278);
#3383=AXIS2_PLACEMENT_3D('',#5256,#4279,#4280);
#3384=AXIS2_PLACEMENT_3D('',#5257,#4281,#4282);
#3385=AXIS2_PLACEMENT_3D('',#5279,#4283,#4284);
#3386=AXIS2_PLACEMENT_3D('',#5280,#4285,#4286);
#3387=AXIS2_PLACEMENT_3D('',#5281,#4287,#4288);
#3388=AXIS2_PLACEMENT_3D('',#5282,#4289,#4290);
#3389=AXIS2_PLACEMENT_3D('',#5283,#4291,#4292);
#3390=AXIS2_PLACEMENT_3D('',#5284,#4293,#4294);
#3391=AXIS2_PLACEMENT_3D('',#5285,#4295,#4296);
#3392=AXIS2_PLACEMENT_3D('',#5286,#4297,#4298);
#3393=AXIS2_PLACEMENT_3D('',#5308,#4299,#4300);
#3394=AXIS2_PLACEMENT_3D('',#5309,#4301,#4302);
#3395=AXIS2_PLACEMENT_3D('',#5310,#4303,#4304);
#3396=AXIS2_PLACEMENT_3D('',#5319,#4305,#4306);
#3397=AXIS2_PLACEMENT_3D('',#5324,#4307,#4308);
#3398=AXIS2_PLACEMENT_3D('',#5329,#4309,#4310);
#3399=DIRECTION('',(0.,0.,1.));
#3400=DIRECTION('',(1.,0.,0.));
#3401=DIRECTION('',(0.,-1.,0.));
#3402=DIRECTION('',(0.,0.,-1.));
#3403=DIRECTION('',(1.,0.,0.));
#3404=DIRECTION('',(-0.707106781186548,0.,0.707106781186548));
#3405=DIRECTION('',(0.,-1.,0.));
#3406=DIRECTION('',(0.,0.,-1.));
#3407=DIRECTION('',(0.,-1.,0.));
#3408=DIRECTION('',(0.,0.,-1.));
#3409=DIRECTION('',(-0.707106781186548,0.,0.707106781186548));
#3410=DIRECTION('',(0.,-1.,0.));
#3411=DIRECTION('',(-0.382683432365089,0.,-0.923879532511287));
#3412=DIRECTION('',(-1.,0.,0.));
#3413=DIRECTION('',(0.,-1.,0.));
#3414=DIRECTION('',(0.,0.,-1.));
#3415=DIRECTION('',(0.,-1.,0.));
#3416=DIRECTION('',(0.,0.,-1.));
#3417=DIRECTION('',(-1.,0.,0.));
#3418=DIRECTION('',(0.,-1.,0.));
#3419=DIRECTION('',(0.38268343236509,0.,-0.923879532511287));
#3420=DIRECTION('',(-0.707106781186548,0.,-0.707106781186548));
#3421=DIRECTION('',(0.,-1.,0.));
#3422=DIRECTION('',(0.,0.,-1.));
#3423=DIRECTION('',(0.,-1.,0.));
#3424=DIRECTION('',(0.,0.,-1.));
#3425=DIRECTION('',(0.,-1.,0.));
#3426=DIRECTION('',(0.,0.,-1.));
#3427=DIRECTION('',(0.707106781186548,0.,-0.707106781186548));
#3428=DIRECTION('',(1.,0.,0.));
#3429=DIRECTION('',(0.,-1.,0.));
#3430=DIRECTION('',(0.,0.,-1.));
#3431=DIRECTION('',(1.,0.,0.));
#3432=DIRECTION('',(0.,-1.,0.));
#3433=DIRECTION('',(0.38268343236509,0.,0.923879532511287));
#3434=DIRECTION('',(0.707106781186548,0.,-0.707106781186548));
#3435=DIRECTION('',(0.,-1.,0.));
#3436=DIRECTION('',(0.,0.,-1.));
#3437=DIRECTION('',(0.,-1.,0.));
#3438=DIRECTION('',(0.,0.,-1.));
#3439=DIRECTION('',(0.707106781186548,0.,0.707106781186548));
#3440=DIRECTION('',(0.,-1.,0.));
#3441=DIRECTION('',(-0.38268343236509,0.,0.923879532511287));
#3442=DIRECTION('',(1.,0.,0.));
#3443=DIRECTION('',(0.,-1.,0.));
#3444=DIRECTION('',(0.,0.,-1.));
#3445=DIRECTION('',(0.,0.,-1.));
#3446=DIRECTION('',(-1.,0.,0.));
#3447=DIRECTION('',(-1.,2.16164919124835E-16,0.));
#3448=DIRECTION('',(2.16164919124835E-16,1.,0.));
#3449=DIRECTION('',(0.,0.,-1.));
#3450=DIRECTION('',(0.38268343236509,-0.923879532511287,0.));
#3451=DIRECTION('',(-1.,0.,0.));
#3452=DIRECTION('',(0.,0.,-1.));
#3453=DIRECTION('',(-0.38268343236509,-0.923879532511287,0.));
#3454=DIRECTION('',(2.16164919124835E-16,1.,0.));
#3455=DIRECTION('',(-0.707106781186548,1.52851680167813E-16,-0.707106781186548));
#3456=DIRECTION('',(-0.707106781186548,0.,0.707106781186548));
#3457=DIRECTION('',(0.707106781186548,0.,-0.707106781186548));
#3458=DIRECTION('',(2.16164919124835E-16,1.,8.71576399210525E-33));
#3459=DIRECTION('',(-0.707106781186548,1.52851680167813E-16,0.707106781186548));
#3460=DIRECTION('',(2.16164919124835E-16,1.,-8.71576399210524E-33));
#3461=DIRECTION('',(-0.707106781186548,1.52851680167813E-16,-0.707106781186548));
#3462=DIRECTION('',(0.270598050073099,-0.923879532511286,-0.2705980500731));
#3463=DIRECTION('',(0.707106781186548,-1.52851680167813E-16,-0.707106781186548));
#3464=DIRECTION('',(-0.707106781186548,0.,-0.707106781186548));
#3465=DIRECTION('',(-0.707106781186548,1.52851680167813E-16,-0.707106781186548));
#3466=DIRECTION('',(2.16164919124835E-16,1.,7.07835114187489E-32));
#3467=DIRECTION('',(0.707106781186548,0.,0.707106781186548));
#3468=DIRECTION('',(0.707106781186548,-1.52851680167813E-16,-0.707106781186548));
#3469=DIRECTION('',(-0.270598050073099,-0.923879532511287,-0.270598050073099));
#3470=DIRECTION('',(2.16164919124835E-16,1.,0.));
#3471=DIRECTION('',(-2.16164919124835E-16,-1.,0.));
#3472=DIRECTION('',(1.,-2.16164919124835E-16,0.));
#3473=DIRECTION('',(2.16164919124835E-16,1.,0.));
#3474=DIRECTION('',(1.,-2.16164919124835E-16,0.));
#3475=DIRECTION('',(-2.16164919124835E-16,-1.,0.));
#3476=DIRECTION('',(2.16164919124835E-16,1.,0.));
#3477=DIRECTION('',(1.,-2.16164919124835E-16,0.));
#3478=DIRECTION('',(-2.16164919124835E-16,-1.,0.));
#3479=DIRECTION('',(0.,-1.,0.));
#3480=DIRECTION('',(0.,0.,-1.));
#3481=DIRECTION('',(-2.16164919124835E-16,-1.,0.));
#3482=DIRECTION('',(0.,-1.,0.));
#3483=DIRECTION('',(0.,0.,-1.));
#3484=DIRECTION('',(-2.16164919124835E-16,-1.,0.));
#3485=DIRECTION('',(-2.16164919124835E-16,-1.,0.));
#3486=DIRECTION('',(1.,-2.16164919124835E-16,0.));
#3487=DIRECTION('',(1.,-2.16164919124835E-16,0.));
#3488=DIRECTION('',(-1.,2.16164919124835E-16,0.));
#3489=DIRECTION('',(-2.16164919124835E-16,-1.,0.));
#3490=DIRECTION('',(1.,-2.16164919124835E-16,0.));
#3491=DIRECTION('',(1.,-2.16164919124835E-16,0.));
#3492=DIRECTION('',(-2.16164919124835E-16,-1.,0.));
#3493=DIRECTION('',(1.,-2.16164919124835E-16,0.));
#3494=DIRECTION('',(1.,-2.16164919124835E-16,0.));
#3495=DIRECTION('',(2.16164919124835E-16,1.,0.));
#3496=DIRECTION('',(1.,-2.16164919124835E-16,0.));
#3497=DIRECTION('',(-2.16164919124835E-16,-1.,0.));
#3498=DIRECTION('',(1.,-2.16164919124835E-16,0.));
#3499=DIRECTION('',(-1.,2.16164919124835E-16,0.));
#3500=DIRECTION('',(-2.16164919124835E-16,-1.,0.));
#3501=DIRECTION('',(1.,-2.16164919124835E-16,0.));
#3502=DIRECTION('',(1.,-2.16164919124835E-16,0.));
#3503=DIRECTION('',(-2.16164919124835E-16,-1.,0.));
#3504=DIRECTION('',(1.,-2.16164919124835E-16,0.));
#3505=DIRECTION('',(-1.,2.16164919124835E-16,0.));
#3506=DIRECTION('',(-2.16164919124835E-16,-1.,0.));
#3507=DIRECTION('',(1.,-2.16164919124835E-16,0.));
#3508=DIRECTION('',(-1.,2.16164919124835E-16,0.));
#3509=DIRECTION('',(-2.16164919124835E-16,-1.,0.));
#3510=DIRECTION('',(1.,-2.16164919124835E-16,0.));
#3511=DIRECTION('',(-0.707106781186548,1.52851680167813E-16,-0.707106781186548));
#3512=DIRECTION('',(-2.16164919124835E-16,-1.,0.));
#3513=DIRECTION('',(1.,-2.16164919124835E-16,0.));
#3514=DIRECTION('',(0.,0.,-1.));
#3515=DIRECTION('',(1.,-2.16164919124835E-16,0.));
#3516=DIRECTION('',(0.,0.,1.));
#3517=DIRECTION('',(1.,-2.16164919124835E-16,0.));
#3518=DIRECTION('',(-2.16164919124835E-16,-1.,0.));
#3519=DIRECTION('',(1.,-2.16164919124835E-16,0.));
#3520=DIRECTION('',(1.,-2.16164919124835E-16,0.));
#3521=DIRECTION('',(-2.16164919124835E-16,-1.,0.));
#3522=DIRECTION('',(1.,-2.16164919124835E-16,0.));
#3523=DIRECTION('',(1.,-2.16164919124835E-16,0.));
#3524=DIRECTION('',(-2.16164919124835E-16,-1.,0.));
#3525=DIRECTION('',(1.,-2.16164919124835E-16,0.));
#3526=DIRECTION('',(-1.,2.16164919124835E-16,0.));
#3527=DIRECTION('',(0.,0.,1.));
#3528=DIRECTION('',(-1.,2.16164919124835E-16,0.));
#3529=DIRECTION('',(0.,0.,-1.));
#3530=DIRECTION('',(-2.16164919124835E-16,-1.,0.));
#3531=DIRECTION('',(1.,-2.16164919124835E-16,0.));
#3532=DIRECTION('',(-0.707106781186548,1.52851680167813E-16,0.707106781186548));
#3533=DIRECTION('',(-2.16164919124835E-16,-1.,0.));
#3534=DIRECTION('',(1.,-2.16164919124835E-16,0.));
#3535=DIRECTION('',(-2.16164919124835E-16,-1.,0.));
#3536=DIRECTION('',(1.,-2.16164919124835E-16,0.));
#3537=DIRECTION('',(0.,0.,1.));
#3538=DIRECTION('',(1.,0.,0.));
#3539=DIRECTION('',(-0.866025403784439,0.5,0.));
#3540=DIRECTION('',(0.,0.,1.));
#3541=DIRECTION('',(1.,0.,0.));
#3542=DIRECTION('',(0.866025403784438,0.5,0.));
#3543=DIRECTION('',(-0.866025403784439,0.5,0.));
#3544=DIRECTION('',(0.,0.,1.));
#3545=DIRECTION('',(1.,0.,0.));
#3546=DIRECTION('',(0.866025403784438,0.5,0.));
#3547=DIRECTION('',(-0.866025403784439,0.5,0.));
#3548=DIRECTION('',(0.,0.,1.));
#3549=DIRECTION('',(1.,0.,0.));
#3550=DIRECTION('',(0.866025403784438,0.5,0.));
#3551=DIRECTION('',(-0.866025403784439,0.5,0.));
#3552=DIRECTION('',(0.,0.,1.));
#3553=DIRECTION('',(1.,0.,0.));
#3554=DIRECTION('',(0.866025403784439,0.5,0.));
#3555=DIRECTION('',(0.,0.,1.));
#3556=DIRECTION('',(1.,0.,0.));
#3557=DIRECTION('',(-2.16164919124835E-16,-1.,0.));
#3558=DIRECTION('',(1.,-2.16164919124835E-16,0.));
#3559=DIRECTION('',(2.16164919124835E-16,1.,0.));
#3560=DIRECTION('',(1.,-2.16164919124835E-16,0.));
#3561=DIRECTION('',(0.,0.,-1.));
#3562=DIRECTION('',(-1.,0.,0.));
#3563=DIRECTION('',(-0.866025403784439,0.5,0.));
#3564=DIRECTION('',(0.,0.,1.));
#3565=DIRECTION('',(1.,0.,0.));
#3566=DIRECTION('',(0.866025403784438,0.5,0.));
#3567=DIRECTION('',(-0.866025403784439,0.5,0.));
#3568=DIRECTION('',(0.,0.,1.));
#3569=DIRECTION('',(1.,0.,0.));
#3570=DIRECTION('',(0.866025403784439,0.5,0.));
#3571=DIRECTION('',(-0.866025403784439,0.5,0.));
#3572=DIRECTION('',(0.,0.,1.));
#3573=DIRECTION('',(1.,0.,0.));
#3574=DIRECTION('',(0.866025403784438,0.5,0.));
#3575=DIRECTION('',(-0.866025403784439,0.5,0.));
#3576=DIRECTION('',(0.,0.,1.));
#3577=DIRECTION('',(1.,0.,0.));
#3578=DIRECTION('',(0.866025403784438,0.5,0.));
#3579=DIRECTION('',(0.,0.,-1.));
#3580=DIRECTION('',(-1.,0.,0.));
#3581=DIRECTION('',(-1.,2.16164919124835E-16,0.));
#3582=DIRECTION('',(2.16164919124835E-16,1.,0.));
#3583=DIRECTION('',(-1.,2.16164919124835E-16,0.));
#3584=DIRECTION('',(-2.16164919124835E-16,-1.,0.));
#3585=DIRECTION('',(0.,0.,1.));
#3586=DIRECTION('',(1.,0.,0.));
#3587=DIRECTION('',(0.866025403784439,0.5,0.));
#3588=DIRECTION('',(0.,0.,1.));
#3589=DIRECTION('',(1.,0.,0.));
#3590=DIRECTION('',(-0.866025403784438,0.5,0.));
#3591=DIRECTION('',(0.866025403784439,0.5,0.));
#3592=DIRECTION('',(0.,0.,1.));
#3593=DIRECTION('',(1.,0.,0.));
#3594=DIRECTION('',(-0.866025403784438,0.5,0.));
#3595=DIRECTION('',(-2.16164919124835E-16,-1.,0.));
#3596=DIRECTION('',(0.,0.,1.));
#3597=DIRECTION('',(1.,0.,0.));
#3598=DIRECTION('',(1.,-2.16164919124835E-16,0.));
#3599=DIRECTION('',(2.16164919124835E-16,1.,0.));
#3600=DIRECTION('',(-0.707106781186548,-0.707106781186547,0.));
#3601=DIRECTION('',(0.866025403784439,0.5,0.));
#3602=DIRECTION('',(0.,0.,1.));
#3603=DIRECTION('',(1.,0.,0.));
#3604=DIRECTION('',(-0.866025403784438,0.5,0.));
#3605=DIRECTION('',(0.866025403784439,0.5,0.));
#3606=DIRECTION('',(0.,0.,1.));
#3607=DIRECTION('',(1.,0.,0.));
#3608=DIRECTION('',(-0.866025403784439,0.5,0.));
#3609=DIRECTION('',(0.,0.,1.));
#3610=DIRECTION('',(1.,0.,0.));
#3611=DIRECTION('',(0.,0.,1.));
#3612=DIRECTION('',(0.,0.,-1.));
#3613=DIRECTION('',(0.,0.,1.));
#3614=DIRECTION('',(1.,0.,0.));
#3615=DIRECTION('',(0.,0.,1.));
#3616=DIRECTION('',(0.,0.,-1.));
#3617=DIRECTION('',(0.,0.,1.));
#3618=DIRECTION('',(1.,0.,0.));
#3619=DIRECTION('',(0.,0.,1.));
#3620=DIRECTION('',(0.,0.,-1.));
#3621=DIRECTION('',(0.,0.,1.));
#3622=DIRECTION('',(1.,0.,0.));
#3623=DIRECTION('',(0.,0.,1.));
#3624=DIRECTION('',(0.,0.,-1.));
#3625=DIRECTION('',(0.,0.,1.));
#3626=DIRECTION('',(1.,0.,0.));
#3627=DIRECTION('',(0.,0.,1.));
#3628=DIRECTION('',(0.,0.,-1.));
#3629=DIRECTION('',(-1.,0.,0.));
#3630=DIRECTION('',(0.,0.,-1.));
#3631=DIRECTION('',(0.,0.,1.));
#3632=DIRECTION('',(1.,0.,0.));
#3633=DIRECTION('',(0.,0.,1.));
#3634=DIRECTION('',(0.,0.,-1.));
#3635=DIRECTION('',(-1.,0.,0.));
#3636=DIRECTION('',(0.,0.,-1.));
#3637=DIRECTION('',(0.,0.,1.));
#3638=DIRECTION('',(1.,0.,0.));
#3639=DIRECTION('',(0.,0.,1.));
#3640=DIRECTION('',(0.,0.,-1.));
#3641=DIRECTION('',(-1.,0.,0.));
#3642=DIRECTION('',(0.,0.,-1.));
#3643=DIRECTION('',(0.,0.,1.));
#3644=DIRECTION('',(1.,0.,0.));
#3645=DIRECTION('',(0.,0.,1.));
#3646=DIRECTION('',(0.,0.,-1.));
#3647=DIRECTION('',(-1.,0.,0.));
#3648=DIRECTION('',(0.,0.,-1.));
#3649=DIRECTION('',(2.16164919124835E-16,1.,0.));
#3650=DIRECTION('',(-1.,2.16164919124835E-16,0.));
#3651=DIRECTION('',(2.16164919124835E-16,1.,0.));
#3652=DIRECTION('',(0.,-1.,0.));
#3653=DIRECTION('',(0.,0.,-1.));
#3654=DIRECTION('',(0.,0.,1.));
#3655=DIRECTION('',(1.,0.,0.));
#3656=DIRECTION('',(-0.707106781186548,0.707106781186547,0.));
#3657=DIRECTION('',(2.16164919124835E-16,1.,0.));
#3658=DIRECTION('',(2.16164919124835E-16,1.,0.));
#3659=DIRECTION('',(-1.,2.16164919124835E-16,0.));
#3660=DIRECTION('',(2.16164919124835E-16,1.,0.));
#3661=DIRECTION('',(0.,0.,1.));
#3662=DIRECTION('',(1.,0.,0.));
#3663=DIRECTION('',(2.16164919124835E-16,1.,0.));
#3664=DIRECTION('',(-0.707106781186548,-0.707106781186547,0.));
#3665=DIRECTION('',(2.16164919124835E-16,1.,0.));
#3666=DIRECTION('',(-1.,2.16164919124835E-16,0.));
#3667=DIRECTION('',(2.16164919124835E-16,1.,0.));
#3668=DIRECTION('',(0.,-1.,0.));
#3669=DIRECTION('',(0.,0.,-1.));
#3670=DIRECTION('',(0.,0.,-1.));
#3671=DIRECTION('',(-1.,0.,0.));
#3672=DIRECTION('',(0.866025403784439,0.5,0.));
#3673=DIRECTION('',(-0.866025403784438,0.5,0.));
#3674=DIRECTION('',(0.866025403784439,0.5,0.));
#3675=DIRECTION('',(-0.866025403784438,0.5,0.));
#3676=DIRECTION('',(0.866025403784439,0.5,0.));
#3677=DIRECTION('',(-0.866025403784439,0.5,0.));
#3678=DIRECTION('',(0.866025403784439,0.5,0.));
#3679=DIRECTION('',(-0.866025403784438,0.5,0.));
#3680=DIRECTION('',(-1.,2.16164919124835E-16,0.));
#3681=DIRECTION('',(0.,0.,-1.));
#3682=DIRECTION('',(-1.,0.,0.));
#3683=DIRECTION('',(-2.16164919124835E-16,-1.,0.));
#3684=DIRECTION('',(0.707106781186548,-0.707106781186547,0.));
#3685=DIRECTION('',(1.,-2.16164919124835E-16,0.));
#3686=DIRECTION('',(2.16164919124835E-16,1.,0.));
#3687=DIRECTION('',(0.,0.,-1.));
#3688=DIRECTION('',(2.16164919124835E-16,1.,0.));
#3689=DIRECTION('',(-1.24802874246078E-16,-0.577350269189626,-0.816496580927726));
#3690=DIRECTION('',(-2.16164919124835E-16,-1.,0.));
#3691=DIRECTION('',(1.24802874246077E-16,0.577350269189626,-0.816496580927726));
#3692=DIRECTION('',(2.16164919124835E-16,1.,0.));
#3693=DIRECTION('',(1.,-2.16164919124835E-16,0.));
#3694=DIRECTION('',(2.16164919124835E-16,1.,0.));
#3695=DIRECTION('',(1.,-2.16164919124835E-16,0.));
#3696=DIRECTION('',(2.16164919124835E-16,1.,0.));
#3697=DIRECTION('',(-0.707106781186548,1.52851680167813E-16,-0.707106781186548));
#3698=DIRECTION('',(-0.707106781186548,0.,0.707106781186548));
#3699=DIRECTION('',(2.16164919124835E-16,1.,8.71576399210525E-33));
#3700=DIRECTION('',(-0.707106781186548,0.,0.707106781186548));
#3701=DIRECTION('',(-0.707106781186548,1.52851680167813E-16,-0.707106781186548));
#3702=DIRECTION('',(-0.270598050073099,-0.923879532511287,0.270598050073099));
#3703=DIRECTION('',(2.16164919124835E-16,1.,-8.71576399210524E-33));
#3704=DIRECTION('',(0.,0.,-1.));
#3705=DIRECTION('',(-1.,0.,0.));
#3706=DIRECTION('',(0.,0.,-1.));
#3707=DIRECTION('',(-0.38268343236509,-0.923879532511287,0.));
#3708=DIRECTION('',(2.16164919124835E-16,1.,0.));
#3709=DIRECTION('',(-1.,2.16164919124835E-16,0.));
#3710=DIRECTION('',(2.16164919124835E-16,1.,0.));
#3711=DIRECTION('',(0.,0.,-1.));
#3712=DIRECTION('',(0.38268343236509,-0.923879532511287,0.));
#3713=DIRECTION('',(1.,0.,0.));
#3714=DIRECTION('',(0.707106781186548,-1.52851680167813E-16,-0.707106781186548));
#3715=DIRECTION('',(-0.707106781186548,0.,-0.707106781186548));
#3716=DIRECTION('',(-0.707106781186548,0.,-0.707106781186548));
#3717=DIRECTION('',(2.16164919124835E-16,1.,7.07835114187489E-32));
#3718=DIRECTION('',(2.16164919124835E-16,1.,0.));
#3719=DIRECTION('',(0.707106781186548,-1.52851680167813E-16,-0.707106781186548));
#3720=DIRECTION('',(0.270598050073099,-0.923879532511287,0.270598050073099));
#3721=DIRECTION('',(1.,-2.16164919124835E-16,0.));
#3722=DIRECTION('',(2.16164919124835E-16,1.,0.));
#3723=DIRECTION('',(1.24802874246077E-16,0.577350269189625,0.816496580927726));
#3724=DIRECTION('',(2.16164919124835E-16,1.,7.18409109006559E-32));
#3725=DIRECTION('',(0.,0.,-1.));
#3726=DIRECTION('',(1.,-2.16164919124835E-16,0.));
#3727=DIRECTION('',(2.16164919124835E-16,1.,0.));
#3728=DIRECTION('',(1.,-2.16164919124835E-16,0.));
#3729=DIRECTION('',(2.16164919124835E-16,1.,0.));
#3730=DIRECTION('',(2.16164919124835E-16,1.,7.18409109006559E-32));
#3731=DIRECTION('',(-1.24802874246078E-16,-0.577350269189626,0.816496580927726));
#3732=DIRECTION('',(-2.16164919124835E-16,-1.,0.));
#3733=DIRECTION('',(-2.16164919124835E-16,-1.,0.));
#3734=DIRECTION('',(1.,-2.16164919124835E-16,0.));
#3735=DIRECTION('',(-2.16164919124835E-16,-1.,0.));
#3736=DIRECTION('',(1.,-2.16164919124835E-16,0.));
#3737=DIRECTION('',(-2.16164919124835E-16,-1.,0.));
#3738=DIRECTION('',(1.,-2.16164919124835E-16,0.));
#3739=DIRECTION('',(-2.16164919124835E-16,-1.,0.));
#3740=DIRECTION('',(1.,-2.16164919124835E-16,0.));
#3741=DIRECTION('',(-2.16164919124835E-16,-1.,0.));
#3742=DIRECTION('',(1.,-2.16164919124835E-16,0.));
#3743=DIRECTION('',(-1.,2.16164919124835E-16,0.));
#3744=DIRECTION('',(0.,0.,1.));
#3745=DIRECTION('',(0.,0.,1.));
#3746=DIRECTION('',(1.,-2.16164919124835E-16,0.));
#3747=DIRECTION('',(0.,-1.,0.));
#3748=DIRECTION('',(0.,0.,-1.));
#3749=DIRECTION('',(0.,-1.,0.));
#3750=DIRECTION('',(0.,0.,-1.));
#3751=DIRECTION('',(1.,-2.16164919124835E-16,0.));
#3752=DIRECTION('',(2.16164919124835E-16,1.,0.));
#3753=DIRECTION('',(-2.16164919124835E-16,-1.,0.));
#3754=DIRECTION('',(0.,0.,1.));
#3755=DIRECTION('',(1.,-2.16164919124835E-16,0.));
#3756=DIRECTION('',(2.16164919124835E-16,1.,0.));
#3757=DIRECTION('',(0.,0.,1.));
#3758=DIRECTION('',(-2.16164919124835E-16,-1.,0.));
#3759=DIRECTION('',(0.5,-0.866025403784439,0.));
#3760=DIRECTION('',(0.866025403784439,0.5,0.));
#3761=DIRECTION('',(0.,0.,1.));
#3762=DIRECTION('',(-0.5,-0.866025403784439,0.));
#3763=DIRECTION('',(0.866025403784439,-0.5,0.));
#3764=DIRECTION('',(0.5,-0.866025403784439,0.));
#3765=DIRECTION('',(0.866025403784439,0.5,0.));
#3766=DIRECTION('',(0.,0.,1.));
#3767=DIRECTION('',(-0.5,-0.866025403784439,0.));
#3768=DIRECTION('',(0.866025403784439,-0.5,0.));
#3769=DIRECTION('',(0.5,-0.866025403784439,0.));
#3770=DIRECTION('',(0.866025403784439,0.5,0.));
#3771=DIRECTION('',(0.,0.,1.));
#3772=DIRECTION('',(-0.5,-0.866025403784439,0.));
#3773=DIRECTION('',(0.866025403784439,-0.5,0.));
#3774=DIRECTION('',(0.5,-0.866025403784439,0.));
#3775=DIRECTION('',(0.866025403784439,0.5,0.));
#3776=DIRECTION('',(0.,0.,1.));
#3777=DIRECTION('',(-0.5,-0.866025403784439,0.));
#3778=DIRECTION('',(0.866025403784439,-0.5,0.));
#3779=DIRECTION('',(0.5,-0.866025403784439,0.));
#3780=DIRECTION('',(0.866025403784439,0.5,0.));
#3781=DIRECTION('',(0.,0.,1.));
#3782=DIRECTION('',(-0.5,-0.866025403784439,0.));
#3783=DIRECTION('',(0.866025403784439,-0.5,0.));
#3784=DIRECTION('',(0.5,-0.866025403784439,0.));
#3785=DIRECTION('',(0.866025403784439,0.5,0.));
#3786=DIRECTION('',(0.,0.,1.));
#3787=DIRECTION('',(-0.5,-0.866025403784439,0.));
#3788=DIRECTION('',(0.866025403784439,-0.5,0.));
#3789=DIRECTION('',(0.5,-0.866025403784439,0.));
#3790=DIRECTION('',(0.866025403784439,0.5,0.));
#3791=DIRECTION('',(0.,0.,1.));
#3792=DIRECTION('',(-0.5,-0.866025403784439,0.));
#3793=DIRECTION('',(0.866025403784439,-0.5,0.));
#3794=DIRECTION('',(0.5,-0.866025403784439,0.));
#3795=DIRECTION('',(0.866025403784439,0.5,0.));
#3796=DIRECTION('',(0.,0.,1.));
#3797=DIRECTION('',(-0.5,-0.866025403784439,0.));
#3798=DIRECTION('',(0.866025403784439,-0.5,0.));
#3799=DIRECTION('',(1.,-2.16164919124835E-16,0.));
#3800=DIRECTION('',(2.16164919124835E-16,1.,0.));
#3801=DIRECTION('',(0.707106781186548,0.707106781186547,0.));
#3802=DIRECTION('',(0.707106781186547,-0.707106781186548,0.));
#3803=DIRECTION('',(2.16164919124835E-16,1.,0.));
#3804=DIRECTION('',(-1.,2.16164919124835E-16,0.));
#3805=DIRECTION('',(0.,-1.,0.));
#3806=DIRECTION('',(0.,0.,-1.));
#3807=DIRECTION('',(-1.,2.16164919124835E-16,0.));
#3808=DIRECTION('',(-2.16164919124835E-16,-1.,0.));
#3809=DIRECTION('',(-1.,0.,0.));
#3810=DIRECTION('',(0.,0.,1.));
#3811=DIRECTION('',(1.,-2.16164919124835E-16,0.));
#3812=DIRECTION('',(2.16164919124835E-16,1.,0.));
#3813=DIRECTION('',(-0.707106781186547,0.707106781186548,0.));
#3814=DIRECTION('',(0.707106781186548,0.707106781186547,0.));
#3815=DIRECTION('',(2.16164919124835E-16,1.,0.));
#3816=DIRECTION('',(-1.,2.16164919124835E-16,0.));
#3817=DIRECTION('',(0.,-1.,0.));
#3818=DIRECTION('',(0.,0.,-1.));
#3819=DIRECTION('',(-1.,2.16164919124835E-16,0.));
#3820=DIRECTION('',(-2.16164919124835E-16,-1.,0.));
#3821=DIRECTION('',(1.,0.,0.));
#3822=DIRECTION('',(0.,0.,-1.));
#3823=DIRECTION('',(0.,0.,-1.));
#3824=DIRECTION('',(-1.,0.,0.));
#3825=DIRECTION('',(0.,0.,-1.));
#3826=DIRECTION('',(-1.,0.,0.));
#3827=DIRECTION('',(0.,0.,-1.));
#3828=DIRECTION('',(-1.,0.,0.));
#3829=DIRECTION('',(0.,0.,1.));
#3830=DIRECTION('',(1.,0.,0.));
#3831=DIRECTION('',(0.,0.,1.));
#3832=DIRECTION('',(1.,0.,0.));
#3833=DIRECTION('',(0.,0.,1.));
#3834=DIRECTION('',(1.,0.,0.));
#3835=DIRECTION('',(0.,-1.,0.));
#3836=DIRECTION('',(0.,0.,-1.));
#3837=DIRECTION('',(1.,0.,0.));
#3838=DIRECTION('',(0.707106781186548,0.,0.707106781186548));
#3839=DIRECTION('',(0.,-1.,0.));
#3840=DIRECTION('',(0.,0.,-1.));
#3841=DIRECTION('',(-0.707106781186548,0.,-0.707106781186548));
#3842=DIRECTION('',(1.,0.,0.));
#3843=DIRECTION('',(0.,0.,1.));
#3844=DIRECTION('',(1.,0.,0.));
#3845=DIRECTION('',(-0.816496580927726,-0.577350269189626,0.));
#3846=DIRECTION('',(-0.816496580927726,0.577350269189625,0.));
#3847=DIRECTION('',(0.,0.,1.));
#3848=DIRECTION('',(1.,0.,0.));
#3849=DIRECTION('',(-0.816496580927726,0.577350269189626,0.));
#3850=DIRECTION('',(-0.816496580927726,-0.577350269189626,0.));
#3851=DIRECTION('',(0.5,-0.707106781186548,-0.5));
#3852=DIRECTION('',(-0.707106781186548,0.,-0.707106781186548));
#3853=DIRECTION('',(0.5,-0.707106781186548,-0.5));
#3854=DIRECTION('',(0.5,0.707106781186547,-0.5));
#3855=DIRECTION('',(0.28108463771482,0.678598344545847,-0.678598344545847));
#3856=DIRECTION('',(0.,-0.707106781186548,-0.707106781186547));
#3857=DIRECTION('',(1.,0.,0.));
#3858=DIRECTION('',(0.28108463771482,0.678598344545847,-0.678598344545847));
#3859=DIRECTION('',(-0.28108463771482,0.678598344545847,-0.678598344545847));
#3860=DIRECTION('',(-0.5,-0.707106781186548,-0.5));
#3861=DIRECTION('',(-0.707106781186548,0.,0.707106781186548));
#3862=DIRECTION('',(-0.5,-0.707106781186548,-0.5));
#3863=DIRECTION('',(0.5,-0.707106781186548,0.5));
#3864=DIRECTION('',(-0.28108463771482,0.678598344545847,-0.678598344545847));
#3865=DIRECTION('',(-0.5,-0.707106781186548,0.5));
#3866=DIRECTION('',(0.707106781186548,0.,0.707106781186548));
#3867=DIRECTION('',(-0.5,-0.707106781186548,0.5));
#3868=DIRECTION('',(-0.5,0.707106781186547,0.5));
#3869=DIRECTION('',(0.281084637714821,-0.678598344545847,-0.678598344545848));
#3870=DIRECTION('',(0.,-0.707106781186548,0.707106781186547));
#3871=DIRECTION('',(-1.,0.,0.));
#3872=DIRECTION('',(-0.28108463771482,-0.678598344545847,-0.678598344545848));
#3873=DIRECTION('',(0.281084637714821,-0.678598344545847,-0.678598344545848));
#3874=DIRECTION('',(0.5,-0.707106781186548,0.5));
#3875=DIRECTION('',(0.707106781186548,0.,-0.707106781186548));
#3876=DIRECTION('',(0.5,-0.707106781186548,0.5));
#3877=DIRECTION('',(-0.5,-0.707106781186548,-0.5));
#3878=DIRECTION('',(-0.28108463771482,-0.678598344545847,-0.678598344545848));
#3879=DIRECTION('',(-0.28108463771482,-0.678598344545847,-0.678598344545848));
#3880=DIRECTION('',(0.,0.707106781186548,-0.707106781186547));
#3881=DIRECTION('',(0.28108463771482,-0.678598344545847,-0.678598344545847));
#3882=DIRECTION('',(0.,0.707106781186548,-0.707106781186547));
#3883=DIRECTION('',(-0.28108463771482,-0.678598344545847,0.678598344545847));
#3884=DIRECTION('',(0.,-0.707106781186548,-0.707106781186547));
#3885=DIRECTION('',(0.28108463771482,-0.678598344545847,0.678598344545847));
#3886=DIRECTION('',(0.,-0.707106781186548,-0.707106781186547));
#3887=DIRECTION('',(2.16164919124835E-16,1.,0.));
#3888=DIRECTION('',(-1.,2.16164919124835E-16,0.));
#3889=DIRECTION('',(6.21145324441417E-17,0.287347885566346,-0.957826285221151));
#3890=DIRECTION('',(-1.,2.16164919124835E-16,0.));
#3891=DIRECTION('',(-6.21145324441416E-17,-0.287347885566346,0.957826285221151));
#3892=DIRECTION('',(-1.,2.16164919124835E-16,0.));
#3893=DIRECTION('',(-2.16164919124836E-16,-1.,0.));
#3894=DIRECTION('',(1.,-2.16164919124836E-16,0.));
#3895=DIRECTION('',(2.16164919124835E-16,1.,7.18409109006559E-32));
#3896=DIRECTION('',(-1.,2.16164919124835E-16,0.));
#3897=DIRECTION('',(2.16164919124835E-16,1.,7.18409109006559E-32));
#3898=DIRECTION('',(-1.,2.16164919124835E-16,0.));
#3899=DIRECTION('',(-2.16164919124835E-16,-1.,0.));
#3900=DIRECTION('',(1.,-2.16164919124835E-16,0.));
#3901=DIRECTION('',(-2.16164919124835E-16,-1.,0.));
#3902=DIRECTION('',(1.,-2.16164919124835E-16,0.));
#3903=DIRECTION('',(2.16164919124835E-16,1.,0.));
#3904=DIRECTION('',(-1.,2.16164919124835E-16,0.));
#3905=DIRECTION('',(2.16164919124835E-16,1.,0.));
#3906=DIRECTION('',(-1.,2.16164919124835E-16,0.));
#3907=DIRECTION('',(2.16164919124835E-16,1.,0.));
#3908=DIRECTION('',(-1.,2.16164919124835E-16,0.));
#3909=DIRECTION('',(2.16164919124835E-16,1.,0.));
#3910=DIRECTION('',(-1.,2.16164919124835E-16,0.));
#3911=DIRECTION('',(0.,0.,1.));
#3912=DIRECTION('',(1.,0.,0.));
#3913=DIRECTION('',(-2.16164919124835E-16,-1.,0.));
#3914=DIRECTION('',(1.,-2.16164919124835E-16,0.));
#3915=DIRECTION('',(-2.16164919124835E-16,-1.,0.));
#3916=DIRECTION('',(1.,-2.16164919124835E-16,0.));
#3917=DIRECTION('',(1.,-2.16164919124835E-16,0.));
#3918=DIRECTION('',(-2.16164919124835E-16,-1.,0.));
#3919=DIRECTION('',(1.,-2.16164919124835E-16,0.));
#3920=DIRECTION('',(1.,-2.16164919124835E-16,0.));
#3921=DIRECTION('',(0.,0.,1.));
#3922=DIRECTION('',(-0.371224760860922,8.02457704086377E-17,0.928543039887625));
#3923=DIRECTION('',(-2.16164919124835E-16,-1.,0.));
#3924=DIRECTION('',(1.,-2.16164919124835E-16,0.));
#3925=DIRECTION('',(-1.,2.16164919124835E-16,0.));
#3926=DIRECTION('',(0.,0.,1.));
#3927=DIRECTION('',(1.,-2.16164919124835E-16,0.));
#3928=DIRECTION('',(-2.16164919124835E-16,-1.,0.));
#3929=DIRECTION('',(1.,-2.16164919124835E-16,0.));
#3930=DIRECTION('',(1.,-2.16164919124835E-16,0.));
#3931=DIRECTION('',(-2.16164919124835E-16,-1.,0.));
#3932=DIRECTION('',(1.,-2.16164919124835E-16,0.));
#3933=DIRECTION('',(1.,-2.16164919124835E-16,0.));
#3934=DIRECTION('',(-2.16164919124835E-16,-1.,0.));
#3935=DIRECTION('',(1.,-2.16164919124835E-16,0.));
#3936=DIRECTION('',(1.,-2.16164919124835E-16,0.));
#3937=DIRECTION('',(0.,0.,1.));
#3938=DIRECTION('',(1.,-2.16164919124835E-16,0.));
#3939=DIRECTION('',(-2.16164919124835E-16,-1.,0.));
#3940=DIRECTION('',(1.,-2.16164919124835E-16,0.));
#3941=DIRECTION('',(0.371224760860922,-8.02457704086377E-17,0.928543039887625));
#3942=DIRECTION('',(0.,0.,1.));
#3943=DIRECTION('',(1.,-2.16164919124835E-16,0.));
#3944=DIRECTION('',(-2.16164919124835E-16,-1.,0.));
#3945=DIRECTION('',(1.,-2.16164919124835E-16,0.));
#3946=DIRECTION('',(-2.16164919124835E-16,-1.,0.));
#3947=DIRECTION('',(1.,-2.16164919124835E-16,0.));
#3948=DIRECTION('',(1.,-2.16164919124835E-16,0.));
#3949=DIRECTION('',(2.16164919124835E-16,1.,0.));
#3950=DIRECTION('',(1.,-2.16164919124835E-16,0.));
#3951=DIRECTION('',(1.,-2.16164919124835E-16,0.));
#3952=DIRECTION('',(-2.16164919124835E-16,-1.,0.));
#3953=DIRECTION('',(1.,-2.16164919124835E-16,0.));
#3954=DIRECTION('',(1.,-2.16164919124835E-16,0.));
#3955=DIRECTION('',(-2.16164919124835E-16,-1.,0.));
#3956=DIRECTION('',(1.,-2.16164919124835E-16,0.));
#3957=DIRECTION('',(-1.,2.16164919124835E-16,0.));
#3958=DIRECTION('',(-2.16164919124835E-16,-1.,0.));
#3959=DIRECTION('',(1.,-2.16164919124835E-16,0.));
#3960=DIRECTION('',(-1.,2.16164919124835E-16,0.));
#3961=DIRECTION('',(-2.16164919124835E-16,-1.,0.));
#3962=DIRECTION('',(1.,-2.16164919124835E-16,0.));
#3963=DIRECTION('',(1.,-2.16164919124835E-16,0.));
#3964=DIRECTION('',(0.,0.,-1.));
#3965=DIRECTION('',(-1.,0.,0.));
#3966=DIRECTION('',(0.,0.,-1.));
#3967=DIRECTION('',(-1.,0.,0.));
#3968=DIRECTION('',(0.,0.,-1.));
#3969=DIRECTION('',(-1.,0.,0.));
#3970=DIRECTION('',(0.,0.,-1.));
#3971=DIRECTION('',(-1.,0.,0.));
#3972=DIRECTION('',(0.,0.,-1.));
#3973=DIRECTION('',(-1.,0.,0.));
#3974=DIRECTION('',(-2.16164919124835E-16,-1.,0.));
#3975=DIRECTION('',(0.,0.,-1.));
#3976=DIRECTION('',(-1.,0.,0.));
#3977=DIRECTION('',(1.,-2.16164919124835E-16,0.));
#3978=DIRECTION('',(-2.16164919124835E-16,-1.,0.));
#3979=DIRECTION('',(2.16164919124835E-16,1.,0.));
#3980=DIRECTION('',(0.707106781186548,-0.707106781186547,0.));
#3981=DIRECTION('',(1.,-2.16164919124835E-16,0.));
#3982=DIRECTION('',(2.16164919124835E-16,1.,0.));
#3983=DIRECTION('',(-2.16164919124835E-16,-1.,0.));
#3984=DIRECTION('',(0.,0.,1.));
#3985=DIRECTION('',(-2.16164919124835E-16,-1.,0.));
#3986=DIRECTION('',(1.,-2.16164919124835E-16,0.));
#3987=DIRECTION('',(1.,-2.16164919124835E-16,0.));
#3988=DIRECTION('',(0.,0.,1.));
#3989=DIRECTION('',(1.,-2.16164919124835E-16,0.));
#3990=DIRECTION('',(-2.16164919124835E-16,-1.,0.));
#3991=DIRECTION('',(1.,-2.16164919124835E-16,0.));
#3992=DIRECTION('',(0.,0.,1.));
#3993=DIRECTION('',(-1.,2.16164919124835E-16,0.));
#3994=DIRECTION('',(-2.16164919124835E-16,-1.,0.));
#3995=DIRECTION('',(1.,-2.16164919124835E-16,0.));
#3996=DIRECTION('',(0.371224760860922,-8.02457704086377E-17,-0.928543039887625));
#3997=DIRECTION('',(0.,0.,1.));
#3998=DIRECTION('',(1.,-2.16164919124835E-16,0.));
#3999=DIRECTION('',(0.,0.,1.));
#4000=DIRECTION('',(-0.371224760860922,8.02457704086377E-17,-0.928543039887625));
#4001=DIRECTION('',(-2.16164919124835E-16,-1.,0.));
#4002=DIRECTION('',(1.,-2.16164919124835E-16,0.));
#4003=DIRECTION('',(0.,0.,-1.));
#4004=DIRECTION('',(-1.,0.,0.));
#4005=DIRECTION('',(0.,0.,-1.));
#4006=DIRECTION('',(-1.,0.,0.));
#4007=DIRECTION('',(0.,0.,-1.));
#4008=DIRECTION('',(-1.,0.,0.));
#4009=DIRECTION('',(0.,0.,-1.));
#4010=DIRECTION('',(-1.,0.,0.));
#4011=DIRECTION('',(0.,0.,-1.));
#4012=DIRECTION('',(-1.,0.,0.));
#4013=DIRECTION('',(0.,0.,-1.));
#4014=DIRECTION('',(-1.,0.,0.));
#4015=DIRECTION('',(-2.16164919124835E-16,-1.,0.));
#4016=DIRECTION('',(-0.707106781186548,-0.707106781186547,0.));
#4017=DIRECTION('',(2.16164919124835E-16,1.,0.));
#4018=DIRECTION('',(-2.16164919124835E-16,-1.,0.));
#4019=DIRECTION('',(1.,-2.16164919124835E-16,0.));
#4020=DIRECTION('',(2.16164919124835E-16,1.,0.));
#4021=DIRECTION('',(0.,0.,1.));
#4022=DIRECTION('',(-2.16164919124835E-16,-1.,0.));
#4023=DIRECTION('',(-1.,2.16164919124835E-16,0.));
#4024=DIRECTION('',(-2.16164919124835E-16,-1.,0.));
#4025=DIRECTION('',(2.16164919124835E-16,1.,0.));
#4026=DIRECTION('',(-1.,2.16164919124835E-16,0.));
#4027=DIRECTION('',(0.,0.,-1.));
#4028=DIRECTION('',(2.16164919124835E-16,1.,0.));
#4029=DIRECTION('',(0.,0.,1.));
#4030=DIRECTION('',(-0.928543039887625,2.00718431121237E-16,-0.371224760860922));
#4031=DIRECTION('',(-0.371224760860922,0.,0.928543039887625));
#4032=DIRECTION('',(0.371224760860922,-8.02457704086377E-17,-0.928543039887625));
#4033=DIRECTION('',(-2.16164919124835E-16,-1.,0.));
#4034=DIRECTION('',(-0.371224760860922,8.02457704086377E-17,0.928543039887625));
#4035=DIRECTION('',(-0.928543039887625,2.00718431121237E-16,0.371224760860922));
#4036=DIRECTION('',(0.371224760860922,0.,0.928543039887625));
#4037=DIRECTION('',(-2.16164919124835E-16,-1.,7.16544832964507E-34));
#4038=DIRECTION('',(-0.371224760860922,8.02457704086377E-17,-0.928543039887625));
#4039=DIRECTION('',(2.16164919124835E-16,1.,0.));
#4040=DIRECTION('',(0.371224760860922,-8.02457704086377E-17,0.928543039887625));
#4041=DIRECTION('',(-1.,2.16164919124835E-16,0.));
#4042=DIRECTION('',(-2.16164919124835E-16,-1.,0.));
#4043=DIRECTION('',(-1.,2.16164919124835E-16,0.));
#4044=DIRECTION('',(0.,0.,1.));
#4045=DIRECTION('',(0.,0.,1.));
#4046=DIRECTION('',(2.16164919124835E-16,1.,0.));
#4047=DIRECTION('',(0.,0.,1.));
#4048=DIRECTION('',(1.,0.,0.));
#4049=DIRECTION('',(0.,0.,1.));
#4050=DIRECTION('',(1.,0.,0.));
#4051=DIRECTION('',(0.,0.,1.));
#4052=DIRECTION('',(1.,0.,0.));
#4053=DIRECTION('',(0.,0.,-1.));
#4054=DIRECTION('',(-1.,0.,0.));
#4055=DIRECTION('',(0.,0.,-1.));
#4056=DIRECTION('',(-1.,0.,0.));
#4057=DIRECTION('',(0.,0.,-1.));
#4058=DIRECTION('',(-1.,0.,0.));
#4059=DIRECTION('',(0.,0.,-1.));
#4060=DIRECTION('',(-1.,0.,0.));
#4061=DIRECTION('',(2.16164919124835E-16,1.,0.));
#4062=DIRECTION('',(-1.,2.16164919124835E-16,0.));
#4063=DIRECTION('',(2.16164919124835E-16,1.,0.));
#4064=DIRECTION('',(0.,-1.,0.));
#4065=DIRECTION('',(0.,0.,-1.));
#4066=DIRECTION('',(0.,0.,1.));
#4067=DIRECTION('',(1.,0.,0.));
#4068=DIRECTION('',(-0.707106781186548,-0.707106781186547,0.));
#4069=DIRECTION('',(2.16164919124835E-16,1.,0.));
#4070=DIRECTION('',(2.16164919124835E-16,1.,0.));
#4071=DIRECTION('',(-1.,2.16164919124835E-16,0.));
#4072=DIRECTION('',(2.16164919124835E-16,1.,0.));
#4073=DIRECTION('',(0.,0.,1.));
#4074=DIRECTION('',(1.,0.,0.));
#4075=DIRECTION('',(2.16164919124835E-16,1.,0.));
#4076=DIRECTION('',(-0.707106781186548,0.707106781186547,0.));
#4077=DIRECTION('',(2.16164919124835E-16,1.,0.));
#4078=DIRECTION('',(-1.,2.16164919124835E-16,0.));
#4079=DIRECTION('',(0.,-1.,0.));
#4080=DIRECTION('',(0.,0.,-1.));
#4081=DIRECTION('',(-2.16164919124835E-16,-1.,0.));
#4082=DIRECTION('',(1.,-2.16164919124835E-16,0.));
#4083=DIRECTION('',(0.,0.,1.));
#4084=DIRECTION('',(1.,0.,0.));
#4085=DIRECTION('',(0.,0.,1.));
#4086=DIRECTION('',(1.,0.,0.));
#4087=DIRECTION('',(0.,0.,1.));
#4088=DIRECTION('',(1.,0.,0.));
#4089=DIRECTION('',(0.,0.,1.));
#4090=DIRECTION('',(1.,0.,0.));
#4091=DIRECTION('',(0.,0.,1.));
#4092=DIRECTION('',(1.,0.,0.));
#4093=DIRECTION('',(0.,0.,1.));
#4094=DIRECTION('',(1.,0.,0.));
#4095=DIRECTION('',(0.,0.,1.));
#4096=DIRECTION('',(1.,0.,0.));
#4097=DIRECTION('',(0.,0.,1.));
#4098=DIRECTION('',(1.,0.,0.));
#4099=DIRECTION('',(0.,0.,1.));
#4100=DIRECTION('',(1.,0.,0.));
#4101=DIRECTION('',(0.,0.,1.));
#4102=DIRECTION('',(1.,0.,0.));
#4103=DIRECTION('',(0.,0.,1.));
#4104=DIRECTION('',(1.,0.,0.));
#4105=DIRECTION('',(0.,0.,1.));
#4106=DIRECTION('',(1.,0.,0.));
#4107=DIRECTION('',(0.,0.,1.));
#4108=DIRECTION('',(1.,0.,0.));
#4109=DIRECTION('',(0.,0.,1.));
#4110=DIRECTION('',(1.,0.,0.));
#4111=DIRECTION('',(0.,0.,1.));
#4112=DIRECTION('',(1.,0.,0.));
#4113=DIRECTION('',(0.,0.,1.));
#4114=DIRECTION('',(1.,0.,0.));
#4115=DIRECTION('',(0.,0.,1.));
#4116=DIRECTION('',(1.,0.,0.));
#4117=DIRECTION('',(0.,0.,1.));
#4118=DIRECTION('',(1.,0.,0.));
#4119=DIRECTION('',(0.,0.,1.));
#4120=DIRECTION('',(1.,0.,0.));
#4121=DIRECTION('',(0.,0.,1.));
#4122=DIRECTION('',(1.,0.,0.));
#4123=DIRECTION('',(0.,-1.,0.));
#4124=DIRECTION('',(0.,0.,-1.));
#4125=DIRECTION('',(0.,-1.,0.));
#4126=DIRECTION('',(0.,0.,-1.));
#4127=DIRECTION('',(0.,0.,-1.));
#4128=DIRECTION('',(-1.,0.,0.));
#4129=DIRECTION('',(-2.16164919124835E-16,-1.,0.));
#4130=DIRECTION('',(1.,-2.16164919124835E-16,0.));
#4131=DIRECTION('',(-2.16164919124835E-16,-1.,0.));
#4132=DIRECTION('',(1.,-2.16164919124835E-16,0.));
#4133=DIRECTION('',(0.,0.,1.));
#4134=DIRECTION('',(1.,0.,0.));
#4135=DIRECTION('',(-2.16164919124835E-16,-1.,0.));
#4136=DIRECTION('',(-1.,2.16164919124835E-16,0.));
#4137=DIRECTION('',(-2.16164919124835E-16,-1.,0.));
#4138=DIRECTION('',(-1.,2.16164919124835E-16,0.));
#4139=DIRECTION('',(0.,0.,1.));
#4140=DIRECTION('',(1.,0.,0.));
#4141=DIRECTION('',(0.,0.,-1.));
#4142=DIRECTION('',(-1.,0.,0.));
#4143=DIRECTION('',(0.,0.,1.));
#4144=DIRECTION('',(1.,0.,0.));
#4145=DIRECTION('',(0.,0.,1.));
#4146=DIRECTION('',(1.,0.,0.));
#4147=DIRECTION('',(0.,0.,1.));
#4148=DIRECTION('',(1.,0.,0.));
#4149=DIRECTION('',(0.,0.,-1.));
#4150=DIRECTION('',(-1.,0.,0.));
#4151=DIRECTION('',(0.,0.,1.));
#4152=DIRECTION('',(1.,0.,0.));
#4153=DIRECTION('',(0.,0.,1.));
#4154=DIRECTION('',(1.,0.,0.));
#4155=DIRECTION('',(0.,0.,1.));
#4156=DIRECTION('',(1.,0.,0.));
#4157=DIRECTION('',(0.,0.,-1.));
#4158=DIRECTION('',(-1.,0.,0.));
#4159=DIRECTION('',(0.,0.,1.));
#4160=DIRECTION('',(1.,0.,0.));
#4161=DIRECTION('',(0.,0.,1.));
#4162=DIRECTION('',(1.,0.,0.));
#4163=DIRECTION('',(0.,0.,1.));
#4164=DIRECTION('',(1.,0.,0.));
#4165=DIRECTION('',(0.,0.,-1.));
#4166=DIRECTION('',(-1.,0.,0.));
#4167=DIRECTION('',(0.,0.,1.));
#4168=DIRECTION('',(1.,0.,0.));
#4169=DIRECTION('',(0.,0.,1.));
#4170=DIRECTION('',(1.,0.,0.));
#4171=DIRECTION('',(0.,0.,1.));
#4172=DIRECTION('',(1.,0.,0.));
#4173=DIRECTION('',(0.,0.,-1.));
#4174=DIRECTION('',(-1.,0.,0.));
#4175=DIRECTION('',(0.,0.,1.));
#4176=DIRECTION('',(1.,0.,0.));
#4177=DIRECTION('',(0.,0.,1.));
#4178=DIRECTION('',(1.,0.,0.));
#4179=DIRECTION('',(0.,0.,1.));
#4180=DIRECTION('',(1.,0.,0.));
#4181=DIRECTION('',(0.,0.,-1.));
#4182=DIRECTION('',(-1.,0.,0.));
#4183=DIRECTION('',(0.,0.,1.));
#4184=DIRECTION('',(1.,0.,0.));
#4185=DIRECTION('',(0.,0.,1.));
#4186=DIRECTION('',(1.,0.,0.));
#4187=DIRECTION('',(0.,0.,1.));
#4188=DIRECTION('',(1.,0.,0.));
#4189=DIRECTION('',(0.,0.,-1.));
#4190=DIRECTION('',(-1.,0.,0.));
#4191=DIRECTION('',(0.,0.,1.));
#4192=DIRECTION('',(1.,0.,0.));
#4193=DIRECTION('',(0.,0.,1.));
#4194=DIRECTION('',(1.,0.,0.));
#4195=DIRECTION('',(0.,0.,1.));
#4196=DIRECTION('',(1.,0.,0.));
#4197=DIRECTION('',(0.,0.,-1.));
#4198=DIRECTION('',(-1.,0.,0.));
#4199=DIRECTION('',(0.,0.,1.));
#4200=DIRECTION('',(1.,0.,0.));
#4201=DIRECTION('',(0.,0.,1.));
#4202=DIRECTION('',(1.,0.,0.));
#4203=DIRECTION('',(0.,0.,1.));
#4204=DIRECTION('',(1.,0.,0.));
#4205=DIRECTION('',(0.,0.,1.));
#4206=DIRECTION('',(1.,0.,0.));
#4207=DIRECTION('',(0.,0.,1.));
#4208=DIRECTION('',(1.,0.,0.));
#4209=DIRECTION('',(0.,0.,1.));
#4210=DIRECTION('',(1.,0.,0.));
#4211=DIRECTION('',(0.,0.,1.));
#4212=DIRECTION('',(1.,0.,0.));
#4213=DIRECTION('',(0.,0.,1.));
#4214=DIRECTION('',(1.,0.,0.));
#4215=DIRECTION('',(0.,0.,1.));
#4216=DIRECTION('',(1.,0.,0.));
#4217=DIRECTION('',(0.,0.,1.));
#4218=DIRECTION('',(1.,0.,0.));
#4219=DIRECTION('',(0.,0.,1.));
#4220=DIRECTION('',(1.,0.,0.));
#4221=DIRECTION('',(-0.189019787472602,4.08594470720086E-17,0.981973278630235));
#4222=DIRECTION('',(0.981973278630235,-2.12268174357854E-16,0.189019787472602));
#4223=DIRECTION('',(0.,0.,-1.));
#4224=DIRECTION('',(-1.,0.,0.));
#4225=DIRECTION('',(-0.189019787472602,4.08594470720086E-17,-0.981973278630235));
#4226=DIRECTION('',(0.981973278630235,-2.12268174357854E-16,-0.189019787472602));
#4227=DIRECTION('',(2.16164919124835E-16,1.,0.));
#4228=DIRECTION('',(-1.,2.16164919124835E-16,0.));
#4229=DIRECTION('',(-2.16164919124835E-16,-1.,0.));
#4230=DIRECTION('',(1.,-2.16164919124835E-16,0.));
#4231=DIRECTION('',(-2.16164919124835E-16,-1.,0.));
#4232=DIRECTION('',(1.,-2.16164919124835E-16,0.));
#4233=DIRECTION('',(2.16164919124835E-16,1.,0.));
#4234=DIRECTION('',(-1.,2.16164919124835E-16,0.));
#4235=DIRECTION('',(-2.16164919124835E-16,-1.,0.));
#4236=DIRECTION('',(1.,-2.16164919124835E-16,0.));
#4237=DIRECTION('',(-2.16164919124835E-16,-1.,0.));
#4238=DIRECTION('',(1.,-2.16164919124835E-16,0.));
#4239=DIRECTION('',(0.371224760860922,-8.02457704086377E-17,-0.928543039887625));
#4240=DIRECTION('',(-0.928543039887625,0.,-0.371224760860922));
#4241=DIRECTION('',(-0.371224760860922,0.,0.928543039887624));
#4242=DIRECTION('',(0.928543039887625,0.,0.371224760860922));
#4243=DIRECTION('',(-2.16164919124835E-16,-1.,0.));
#4244=DIRECTION('',(1.,-2.16164919124835E-16,0.));
#4245=DIRECTION('',(1.,0.,0.));
#4246=DIRECTION('',(0.,0.,-1.));
#4247=DIRECTION('',(1.,-2.16164919124835E-16,0.));
#4248=DIRECTION('',(2.16164919124835E-16,1.,0.));
#4249=DIRECTION('',(0.707106781186548,0.707106781186547,0.));
#4250=DIRECTION('',(0.707106781186547,-0.707106781186548,0.));
#4251=DIRECTION('',(2.16164919124835E-16,1.,0.));
#4252=DIRECTION('',(-1.,2.16164919124835E-16,0.));
#4253=DIRECTION('',(0.,-1.,0.));
#4254=DIRECTION('',(0.,0.,-1.));
#4255=DIRECTION('',(0.371224760860922,-8.02457704086377E-17,0.928543039887625));
#4256=DIRECTION('',(0.928543039887625,0.,-0.371224760860922));
#4257=DIRECTION('',(0.371224760860922,0.,0.928543039887624));
#4258=DIRECTION('',(0.928543039887625,0.,-0.371224760860922));
#4259=DIRECTION('',(-2.16164919124835E-16,-1.,0.));
#4260=DIRECTION('',(1.,-2.16164919124835E-16,0.));
#4261=DIRECTION('',(-1.,0.,0.));
#4262=DIRECTION('',(0.,0.,1.));
#4263=DIRECTION('',(1.,-2.16164919124835E-16,0.));
#4264=DIRECTION('',(2.16164919124835E-16,1.,0.));
#4265=DIRECTION('',(0.707106781186547,-0.707106781186548,0.));
#4266=DIRECTION('',(0.707106781186548,0.707106781186547,0.));
#4267=DIRECTION('',(2.16164919124835E-16,1.,0.));
#4268=DIRECTION('',(-1.,2.16164919124835E-16,0.));
#4269=DIRECTION('',(0.,-1.,-3.46944695195363E-15));
#4270=DIRECTION('',(0.,3.46944695195363E-15,-1.));
#4271=DIRECTION('',(0.371224760860922,-8.02457704086377E-17,0.928543039887625));
#4272=DIRECTION('',(0.928543039887625,0.,-0.371224760860922));
#4273=DIRECTION('',(0.371224760860922,0.,0.928543039887625));
#4274=DIRECTION('',(0.928543039887625,0.,-0.371224760860922));
#4275=DIRECTION('',(-2.16164919124835E-16,-1.,0.));
#4276=DIRECTION('',(1.,-2.16164919124835E-16,0.));
#4277=DIRECTION('',(-1.,0.,0.));
#4278=DIRECTION('',(0.,0.,1.));
#4279=DIRECTION('',(-1.,2.16164919124835E-16,0.));
#4280=DIRECTION('',(-2.16164919124835E-16,-1.,0.));
#4281=DIRECTION('',(0.768221279597376,-1.66062490774144E-16,-0.64018439966448));
#4282=DIRECTION('',(0.64018439966448,0.,0.768221279597376));
#4283=DIRECTION('',(0.64018439966448,-1.38385408978454E-16,-0.768221279597376));
#4284=DIRECTION('',(0.768221279597376,0.,0.64018439966448));
#4285=DIRECTION('',(0.,0.,1.));
#4286=DIRECTION('',(1.,0.,0.));
#4287=DIRECTION('',(0.371224760860922,-8.02457704086377E-17,-0.928543039887625));
#4288=DIRECTION('',(-0.928543039887625,0.,-0.371224760860922));
#4289=DIRECTION('',(-0.371224760860922,0.,0.928543039887625));
#4290=DIRECTION('',(0.928543039887625,0.,0.371224760860922));
#4291=DIRECTION('',(-2.16164919124835E-16,-1.,0.));
#4292=DIRECTION('',(1.,-2.16164919124835E-16,0.));
#4293=DIRECTION('',(1.,0.,0.));
#4294=DIRECTION('',(0.,0.,-1.));
#4295=DIRECTION('',(-1.,2.16164919124835E-16,0.));
#4296=DIRECTION('',(-2.16164919124835E-16,-1.,0.));
#4297=DIRECTION('',(0.768221279597376,-1.66062490774144E-16,0.64018439966448));
#4298=DIRECTION('',(-0.64018439966448,0.,0.768221279597376));
#4299=DIRECTION('',(0.64018439966448,-1.38385408978454E-16,0.768221279597376));
#4300=DIRECTION('',(-0.768221279597376,0.,0.64018439966448));
#4301=DIRECTION('',(0.,0.,-1.));
#4302=DIRECTION('',(-1.,0.,0.));
#4303=DIRECTION('',(-6.21145324441417E-17,-0.287347885566346,-0.957826285221151));
#4304=DIRECTION('',(1.,-2.16164919124835E-16,0.));
#4305=DIRECTION('',(-2.16164919124835E-16,-1.,0.));
#4306=DIRECTION('',(1.,-2.16164919124835E-16,0.));
#4307=DIRECTION('',(2.16164919124836E-16,1.,0.));
#4308=DIRECTION('',(-1.,2.16164919124836E-16,0.));
#4309=DIRECTION('',(6.21145324441416E-17,0.287347885566346,0.957826285221151));
#4310=DIRECTION('',(1.,-2.16164919124835E-16,0.));
#4311=CARTESIAN_POINT('',(0.,0.,0.));
#4312=CARTESIAN_POINT('',(-6.93889390390723E-18,0.02655,0.0476));
#4313=CARTESIAN_POINT('',(-6.93889390390723E-18,0.02655,0.0476));
#4314=CARTESIAN_POINT('',(0.0208566536146142,0.02655,0.0476));
#4315=CARTESIAN_POINT('',(0.0241126983722081,0.02655,0.0476));
#4316=CARTESIAN_POINT('',(0.00764823227814083,0.02655,0.0640644660940673));
#4317=CARTESIAN_POINT('',(0.015556349186104,0.02655,0.056156349186104));
#4318=CARTESIAN_POINT('',(1.04341002461905E-17,0.02655,0.0406));
#4319=CARTESIAN_POINT('',(-6.93889390390723E-18,0.02655,0.0476));
#4320=CARTESIAN_POINT('',(0.00764823227814083,0.02655,0.0640644660940673));
#4321=CARTESIAN_POINT('',(0.013254833995939,0.02655,0.0584578643762691));
#4322=CARTESIAN_POINT('',(-0.00260303038032999,0.02655,0.0343157287525381));
#4323=CARTESIAN_POINT('',(0.00325483399593905,0.02655,0.0626));
#4324=CARTESIAN_POINT('',(-0.0111837661840735,0.02655,0.0626));
#4325=CARTESIAN_POINT('',(1.04341002461905E-17,0.02655,0.0626));
#4326=CARTESIAN_POINT('',(1.04341002461905E-17,0.02655,0.0406));
#4327=CARTESIAN_POINT('',(-6.93889390390723E-18,0.02655,0.0476));
#4328=CARTESIAN_POINT('',(-0.0111837661840735,0.02655,0.0626));
#4329=CARTESIAN_POINT('',(-0.00325483399593904,0.02655,0.0626));
#4330=CARTESIAN_POINT('',(0.00260303038033001,0.02655,0.0343157287525381));
#4331=CARTESIAN_POINT('',(-0.013254833995939,0.02655,0.0584578643762691));
#4332=CARTESIAN_POINT('',(-0.0234644660940673,0.02655,0.0482482322781408));
#4333=CARTESIAN_POINT('',(-0.015556349186104,0.02655,0.0561563491861041));
#4334=CARTESIAN_POINT('',(1.04341002461905E-17,0.02655,0.0406));
#4335=CARTESIAN_POINT('',(-2.60208521396521E-18,0.01855,0.0476));
#4336=CARTESIAN_POINT('',(8.70478089319187E-18,0.01855,0.0406));
#4337=CARTESIAN_POINT('',(0.0208566536146142,0.01855,0.0476));
#4338=CARTESIAN_POINT('',(0.015556349186104,0.01855,0.056156349186104));
#4339=CARTESIAN_POINT('',(0.012056349186104,0.01855,0.0596563491861041));
#4340=CARTESIAN_POINT('',(0.0241126983722081,0.01855,0.0476));
#4341=CARTESIAN_POINT('',(-2.60208521396521E-18,0.01855,0.0476));
#4342=CARTESIAN_POINT('',(-2.60208521396521E-18,0.01855,0.0476));
#4343=CARTESIAN_POINT('',(-2.60208521396521E-18,0.01855,0.0626));
#4344=CARTESIAN_POINT('',(8.70478089319187E-18,0.01855,0.0626));
#4345=CARTESIAN_POINT('',(0.00325483399593904,0.01855,0.0626));
#4346=CARTESIAN_POINT('',(-0.00260303038033001,0.01855,0.0343157287525381));
#4347=CARTESIAN_POINT('',(0.013254833995939,0.01855,0.0584578643762691));
#4348=CARTESIAN_POINT('',(0.012056349186104,0.01855,0.0596563491861041));
#4349=CARTESIAN_POINT('',(8.70478089319187E-18,0.01855,0.0406));
#4350=CARTESIAN_POINT('',(-2.60208521396521E-18,0.01855,0.0476));
#4351=CARTESIAN_POINT('',(-0.012056349186104,0.01855,0.0596563491861041));
#4352=CARTESIAN_POINT('',(-0.015556349186104,0.01855,0.0561563491861041));
#4353=CARTESIAN_POINT('',(-0.013254833995939,0.01855,0.0584578643762691));
#4354=CARTESIAN_POINT('',(0.00260303038033001,0.01855,0.0343157287525381));
#4355=CARTESIAN_POINT('',(-0.00325483399593903,0.01855,0.0626));
#4356=CARTESIAN_POINT('',(-2.60208521396521E-18,0.01855,0.0626));
#4357=CARTESIAN_POINT('',(8.70478089319187E-18,0.01855,0.0406));
#4358=CARTESIAN_POINT('',(6.53898880352629E-19,-0.02945,0.0676));
#4359=CARTESIAN_POINT('',(6.53898880352629E-19,-0.02945,0.0676));
#4360=CARTESIAN_POINT('',(0.00869848480983498,-0.02945,0.0676));
#4361=CARTESIAN_POINT('',(-0.008698484809835,-0.02945,0.0676));
#4362=CARTESIAN_POINT('',(0.00869848480983498,-0.02945,0.0676));
#4363=CARTESIAN_POINT('',(0.00869848480983498,0.0131934246258146,0.0676));
#4364=CARTESIAN_POINT('',(0.0111837661840735,-0.0147342712474619,0.0676));
#4365=CARTESIAN_POINT('',(0.00532590180780451,0.01355,0.0676));
#4366=CARTESIAN_POINT('',(6.53898880352629E-19,0.01355,0.0676));
#4367=CARTESIAN_POINT('',(-0.00532590180780451,0.01355,0.0676));
#4368=CARTESIAN_POINT('',(-0.0111837661840735,-0.0147342712474619,0.0676));
#4369=CARTESIAN_POINT('',(-0.00869848480983499,0.0131934246258146,0.0676));
#4370=CARTESIAN_POINT('',(-0.008698484809835,-0.02945,0.0676));
#4371=CARTESIAN_POINT('',(0.0190918830920368,-0.02945,0.0596918830920368));
#4372=CARTESIAN_POINT('',(0.027,0.03155,0.0517837661840736));
#4373=CARTESIAN_POINT('',(0.0153259018078045,0.03155,0.0634578643762691));
#4374=CARTESIAN_POINT('',(0.0252426406871193,0.03155,0.0535411254969543));
#4375=CARTESIAN_POINT('',(0.0252426406871193,0.04155,0.0535411254969543));
#4376=CARTESIAN_POINT('',(0.0252426406871193,0.04155,0.0535411254969543));
#4377=CARTESIAN_POINT('',(0.0190918830920368,0.04155,0.0596918830920368));
#4378=CARTESIAN_POINT('',(0.0129411254969543,0.04155,0.0658426406871193));
#4379=CARTESIAN_POINT('',(0.0129411254969543,-0.02945,0.0658426406871193));
#4380=CARTESIAN_POINT('',(0.0129411254969543,0.0319065753741853,0.0658426406871193));
#4381=CARTESIAN_POINT('',(0.0111837661840736,0.0598342712474619,0.0676));
#4382=CARTESIAN_POINT('',(-0.0190918830920368,-0.02945,0.0596918830920368));
#4383=CARTESIAN_POINT('',(-0.0190918830920368,0.04155,0.0596918830920368));
#4384=CARTESIAN_POINT('',(-0.0129411254969543,0.04155,0.0658426406871193));
#4385=CARTESIAN_POINT('',(-0.0252426406871193,0.04155,0.0535411254969543));
#4386=CARTESIAN_POINT('',(-0.0252426406871193,-0.02945,0.0535411254969543));
#4387=CARTESIAN_POINT('',(-0.0252426406871193,0.03155,0.0535411254969543));
#4388=CARTESIAN_POINT('',(-0.0111837661840736,0.03155,0.0676));
#4389=CARTESIAN_POINT('',(-0.0153259018078045,0.03155,0.0634578643762691));
#4390=CARTESIAN_POINT('',(-0.0111837661840736,0.0598342712474619,0.0676));
#4391=CARTESIAN_POINT('',(-0.0129411254969543,0.0319065753741853,0.0658426406871193));
#4392=CARTESIAN_POINT('',(-0.0129411254969543,-0.02945,0.0658426406871193));
#4393=CARTESIAN_POINT('',(1.36765740330631E-17,0.04155,0.0406));
#4394=CARTESIAN_POINT('',(-5.90310629176067E-19,-0.02445,0.0406));
#4395=CARTESIAN_POINT('',(-0.022,-0.02445,0.0406));
#4396=CARTESIAN_POINT('',(0.022,-0.02445,0.0406));
#4397=CARTESIAN_POINT('',(-0.022,0.04155,0.0406));
#4398=CARTESIAN_POINT('',(-0.022,0.04155,0.0406));
#4399=CARTESIAN_POINT('',(1.36765740330631E-17,0.04155,0.0406));
#4400=CARTESIAN_POINT('',(0.022,0.04155,0.0406));
#4401=CARTESIAN_POINT('',(0.022,0.04155,0.0406));
#4402=CARTESIAN_POINT('',(1.04341002461905E-17,0.02655,0.0406));
#4403=CARTESIAN_POINT('',(-0.0208566536146142,0.02655,0.0476));
#4404=CARTESIAN_POINT('',(-0.0208566536146142,0.04155,0.0476));
#4405=CARTESIAN_POINT('',(-0.0208566536146142,0.01855,0.0476));
#4406=CARTESIAN_POINT('',(8.70478089319187E-18,0.01855,0.0406));
#4407=CARTESIAN_POINT('',(0.0208566536146143,0.04155,0.0476));
#4408=CARTESIAN_POINT('',(-2.34538937250446E-18,-0.02445,0.0376));
#4409=CARTESIAN_POINT('',(-0.02955,-0.02445,0.0406));
#4410=CARTESIAN_POINT('',(-0.01615,-0.02445,0.0406));
#4411=CARTESIAN_POINT('',(0.0245,-0.02445,0.0406));
#4412=CARTESIAN_POINT('',(0.01615,-0.02445,0.0406));
#4413=CARTESIAN_POINT('',(0.01415,-0.02445,0.0406));
#4414=CARTESIAN_POINT('',(0.01215,-0.02445,0.0406));
#4415=CARTESIAN_POINT('',(0.01055,-0.02445,0.0406));
#4416=CARTESIAN_POINT('',(0.00895,-0.02445,0.0406));
#4417=CARTESIAN_POINT('',(-3.46944695195361E-18,-0.02445,0.0406));
#4418=CARTESIAN_POINT('',(-0.00895,-0.02445,0.0406));
#4419=CARTESIAN_POINT('',(-0.01055,-0.02445,0.0406));
#4420=CARTESIAN_POINT('',(-0.01215,-0.02445,0.0406));
#4421=CARTESIAN_POINT('',(-0.01415,-0.02445,0.0406));
#4422=CARTESIAN_POINT('',(-1.01800166600352E-18,-0.02445,0.0440217462652317));
#4423=CARTESIAN_POINT('',(0.0117974286762828,-0.02445,0.0472390224470189));
#4424=CARTESIAN_POINT('',(-0.0117974286762828,-0.02445,0.0472390224470189));
#4425=CARTESIAN_POINT('',(-2.34538937250446E-18,-0.02445,0.0472390224470189));
#4426=CARTESIAN_POINT('',(0.0157974286762828,-0.02445,0.0472390224470189));
#4427=CARTESIAN_POINT('',(-1.88011349079498E-17,-0.02445,0.0441541959775553));
#4428=CARTESIAN_POINT('',(-0.0157974286762828,-0.02445,0.0472390224470189));
#4429=CARTESIAN_POINT('',(-2.34538937250446E-18,-0.02445,0.0472390224470189));
#4430=CARTESIAN_POINT('',(-3.42621396812864E-18,-0.02945,0.0376));
#4431=CARTESIAN_POINT('',(-0.0157974286762828,-0.02945,0.0457390224470189));
#4432=CARTESIAN_POINT('',(-0.0105899192968142,-0.02945,0.0457390224470189));
#4433=CARTESIAN_POINT('',(-0.0175242872681878,-0.02945,0.0457390224470189));
#4434=CARTESIAN_POINT('',(-1.98819595035741E-17,-0.02945,0.0441541959775553));
#4435=CARTESIAN_POINT('',(0.0175242872681877,-0.02945,0.0457390224470189));
#4436=CARTESIAN_POINT('',(-3.42621396812864E-18,-0.02945,0.0457390224470189));
#4437=CARTESIAN_POINT('',(0.0105899192968142,-0.02945,0.0457390224470189));
#4438=CARTESIAN_POINT('',(-2.0988262616277E-18,-0.02945,0.0440217462652317));
#4439=CARTESIAN_POINT('',(-0.0190918830920368,-0.02945,0.0596918830920368));
#4440=CARTESIAN_POINT('',(-0.0129411254969543,-0.02945,0.0658426406871193));
#4441=CARTESIAN_POINT('',(-0.0252426406871193,-0.02945,0.0535411254969543));
#4442=CARTESIAN_POINT('',(-0.021,-0.02945,0.049298484809835));
#4443=CARTESIAN_POINT('',(-0.027,-0.02945,0.049298484809835));
#4444=CARTESIAN_POINT('',(-0.027,-0.02945,0.0481918830920368));
#4445=CARTESIAN_POINT('',(-0.027,-0.02945,0.0436));
#4446=CARTESIAN_POINT('',(-3.42621396812864E-18,-0.02945,0.0436));
#4447=CARTESIAN_POINT('',(-0.0381,-0.02945,0.0436));
#4448=CARTESIAN_POINT('',(-0.0381,-0.02945,0.0426));
#4449=CARTESIAN_POINT('',(-0.0381,-0.02945,0.0406));
#4450=CARTESIAN_POINT('',(-0.02955,-0.02945,0.0406));
#4451=CARTESIAN_POINT('',(-0.01765,-0.02945,0.0406));
#4452=CARTESIAN_POINT('',(-0.01415,-0.02945,0.0406));
#4453=CARTESIAN_POINT('',(-0.01065,-0.02945,0.0406));
#4454=CARTESIAN_POINT('',(-0.01055,-0.02945,0.0406));
#4455=CARTESIAN_POINT('',(-0.00895,-0.02945,0.0406));
#4456=CARTESIAN_POINT('',(-4.55027154757779E-18,-0.02945,0.0406));
#4457=CARTESIAN_POINT('',(0.00895,-0.02945,0.0406));
#4458=CARTESIAN_POINT('',(0.01055,-0.02945,0.0406));
#4459=CARTESIAN_POINT('',(0.01065,-0.02945,0.0406));
#4460=CARTESIAN_POINT('',(0.01415,-0.02945,0.0406));
#4461=CARTESIAN_POINT('',(0.01765,-0.02945,0.0406));
#4462=CARTESIAN_POINT('',(0.0245,-0.02945,0.0406));
#4463=CARTESIAN_POINT('',(0.0381,-0.02945,0.0406));
#4464=CARTESIAN_POINT('',(0.0381,-0.02945,0.0426));
#4465=CARTESIAN_POINT('',(0.0381,-0.02945,0.0436));
#4466=CARTESIAN_POINT('',(0.027,-0.02945,0.0436));
#4467=CARTESIAN_POINT('',(0.027,-0.02945,0.0436));
#4468=CARTESIAN_POINT('',(0.027,-0.02945,0.0481918830920368));
#4469=CARTESIAN_POINT('',(0.027,-0.02945,0.049298484809835));
#4470=CARTESIAN_POINT('',(0.021,-0.02945,0.049298484809835));
#4471=CARTESIAN_POINT('',(0.0252426406871193,-0.02945,0.0535411254969543));
#4472=CARTESIAN_POINT('',(0.0190918830920368,-0.02945,0.0596918830920368));
#4473=CARTESIAN_POINT('',(0.0129411254969543,-0.02945,0.0658426406871193));
#4474=CARTESIAN_POINT('',(0.00869848480983498,-0.02945,0.0616));
#4475=CARTESIAN_POINT('',(-0.008698484809835,-0.02945,0.0616));
#4476=CARTESIAN_POINT('',(-0.02955,-0.02945,0.0446));
#4477=CARTESIAN_POINT('',(-0.031425,-0.017501442841485,0.0446));
#4478=CARTESIAN_POINT('',(-0.0314249490015282,-0.0175013540729048,0.0446004139583346));
#4479=CARTESIAN_POINT('',(-0.03255,-0.0168519237886467,0.0446));
#4480=CARTESIAN_POINT('',(-0.03255,-0.01945,0.0446));
#4481=CARTESIAN_POINT('',(-0.033676194706248,-0.0175019581807138,0.0446000517541548));
#4482=CARTESIAN_POINT('',(-0.033675,-0.017501442841485,0.0446));
#4483=CARTESIAN_POINT('',(-0.031425,0.033498557158515,0.0446));
#4484=CARTESIAN_POINT('',(-0.031424949001528,0.0334986459270955,0.0446004139583343));
#4485=CARTESIAN_POINT('',(-0.03255,0.0341480762113534,0.0446));
#4486=CARTESIAN_POINT('',(-0.03255,0.03155,0.0446));
#4487=CARTESIAN_POINT('',(-0.0336761947062462,0.0334980418192871,0.0446000517541549));
#4488=CARTESIAN_POINT('',(-0.033675,0.033498557158515,0.0446));
#4489=CARTESIAN_POINT('',(-0.031425,0.017248557158515,0.0446));
#4490=CARTESIAN_POINT('',(-0.031424949001528,0.0172486459270954,0.0446004139583344));
#4491=CARTESIAN_POINT('',(-0.03255,0.0178980762113534,0.0446));
#4492=CARTESIAN_POINT('',(-0.03255,0.0153,0.0446));
#4493=CARTESIAN_POINT('',(-0.0336761947062477,0.017248041819286,0.0446000517541549));
#4494=CARTESIAN_POINT('',(-0.033675,0.017248557158515,0.0446));
#4495=CARTESIAN_POINT('',(-0.031425,-0.00125144284148501,0.0446));
#4496=CARTESIAN_POINT('',(-0.0314249490015281,-0.00125135407290476,0.0446004139583345));
#4497=CARTESIAN_POINT('',(-0.03255,-0.00060192378864668,0.0446));
#4498=CARTESIAN_POINT('',(-0.03255,-0.0032,0.0446));
#4499=CARTESIAN_POINT('',(-0.0336761947062478,-0.00125195818071392,0.0446000517541548));
#4500=CARTESIAN_POINT('',(-0.033675,-0.00125144284148501,0.0446));
#4501=CARTESIAN_POINT('',(-0.0321,0.03555,0.0446));
#4502=CARTESIAN_POINT('',(-0.0371,0.03555,0.0446));
#4503=CARTESIAN_POINT('',(-0.0321,0.04055,0.0446));
#4504=CARTESIAN_POINT('',(-0.0371,-0.02945,0.0446));
#4505=CARTESIAN_POINT('',(-0.0371,-0.02845,0.0446));
#4506=CARTESIAN_POINT('',(-0.02955,-0.02845,0.0446));
#4507=CARTESIAN_POINT('',(-0.027,-0.02845,0.0446));
#4508=CARTESIAN_POINT('',(-0.027,-0.02945,0.0446));
#4509=CARTESIAN_POINT('',(-0.027,0.04055,0.0446));
#4510=CARTESIAN_POINT('',(-0.0381,0.04055,0.0446));
#4511=CARTESIAN_POINT('',(0.02955,-0.02945,0.0446));
#4512=CARTESIAN_POINT('',(0.0578387748154254,0.0195475952641917,0.0446));
#4513=CARTESIAN_POINT('',(0.0336750509984721,0.0334986459270955,0.0446004139583343));
#4514=CARTESIAN_POINT('',(0.03255,0.0341480762113533,0.0446));
#4515=CARTESIAN_POINT('',(0.03255,0.03155,0.0446));
#4516=CARTESIAN_POINT('',(0.031423805293753,0.0334980418192866,0.0446000517541548));
#4517=CARTESIAN_POINT('',(0.031425,0.033498557158515,0.0446));
#4518=CARTESIAN_POINT('',(0.0427915834246708,-0.00651490473580837,0.0446));
#4519=CARTESIAN_POINT('',(0.0336750509984719,-0.00125135407290477,0.0446004139583345));
#4520=CARTESIAN_POINT('',(0.03255,-0.00060192378864669,0.0446));
#4521=CARTESIAN_POINT('',(0.03255,-0.0032,0.0446));
#4522=CARTESIAN_POINT('',(0.0314238052937513,-0.00125195818071435,0.0446000517541547));
#4523=CARTESIAN_POINT('',(0.031425,-0.00125144284148502,0.0446));
#4524=CARTESIAN_POINT('',(0.0357551270189222,-0.0187024047358084,0.0446));
#4525=CARTESIAN_POINT('',(0.0336750509984719,-0.0175013540729048,0.0446004139583346));
#4526=CARTESIAN_POINT('',(0.03255,-0.0168519237886467,0.0446));
#4527=CARTESIAN_POINT('',(0.03255,-0.01945,0.0446));
#4528=CARTESIAN_POINT('',(0.0314238052937512,-0.0175019581807142,0.0446000517541547));
#4529=CARTESIAN_POINT('',(0.031425,-0.017501442841485,0.0446));
#4530=CARTESIAN_POINT('',(0.0508023184096768,0.00736009526419163,0.0446));
#4531=CARTESIAN_POINT('',(0.033675050998472,0.0172486459270954,0.0446004139583344));
#4532=CARTESIAN_POINT('',(0.03255,0.0178980762113533,0.0446));
#4533=CARTESIAN_POINT('',(0.03255,0.0153,0.0446));
#4534=CARTESIAN_POINT('',(0.0314238052937515,0.0172480418192855,0.0446000517541548));
#4535=CARTESIAN_POINT('',(0.031425,0.017248557158515,0.0446));
#4536=CARTESIAN_POINT('',(0.0321,0.03555,0.0446));
#4537=CARTESIAN_POINT('',(0.0321,0.04055,0.0446));
#4538=CARTESIAN_POINT('',(0.0371,0.03555,0.0446));
#4539=CARTESIAN_POINT('',(0.02955,0.04055,0.0446));
#4540=CARTESIAN_POINT('',(0.027,0.04055,0.0446));
#4541=CARTESIAN_POINT('',(0.027,-0.02945,0.0446));
#4542=CARTESIAN_POINT('',(0.027,-0.02845,0.0446));
#4543=CARTESIAN_POINT('',(0.0381,-0.02845,0.0446));
#4544=CARTESIAN_POINT('',(0.0371,-0.02845,0.0446));
#4545=CARTESIAN_POINT('',(0.0371,0.04155,0.0446));
#4546=CARTESIAN_POINT('',(-0.02955,-0.02945,0.0406));
#4547=CARTESIAN_POINT('',(-0.0508023184096769,0.00736009526419164,0.0406));
#4548=CARTESIAN_POINT('',(-0.0336750460403488,0.0172486372968929,0.0406014128030636));
#4549=CARTESIAN_POINT('',(-0.03255,0.0178980762113534,0.0406));
#4550=CARTESIAN_POINT('',(-0.03255,0.0153,0.0406));
#4551=CARTESIAN_POINT('',(-0.0314240795654842,0.0172481601531659,0.0406008079111618));
#4552=CARTESIAN_POINT('',(-0.031425,0.017248557158515,0.0406));
#4553=CARTESIAN_POINT('',(-0.0357551270189222,-0.0187024047358084,0.0406));
#4554=CARTESIAN_POINT('',(-0.0336750460403487,-0.0175013627031073,0.0406014128030638));
#4555=CARTESIAN_POINT('',(-0.03255,-0.0168519237886467,0.0406));
#4556=CARTESIAN_POINT('',(-0.03255,-0.01945,0.0406));
#4557=CARTESIAN_POINT('',(-0.0314240795654839,-0.0175018398468339,0.0406008079111616));
#4558=CARTESIAN_POINT('',(-0.031425,-0.017501442841485,0.0406));
#4559=CARTESIAN_POINT('',(-0.0381,0.04155,0.0406));
#4560=CARTESIAN_POINT('',(-0.0381,0.03555,0.0406));
#4561=CARTESIAN_POINT('',(-0.0321,0.03555,0.0406));
#4562=CARTESIAN_POINT('',(-0.0321,0.04155,0.0406));
#4563=CARTESIAN_POINT('',(-0.02955,0.04155,0.0406));
#4564=CARTESIAN_POINT('',(-0.01615,-0.02945,0.0406));
#4565=CARTESIAN_POINT('',(-0.01615,-0.02795,0.0406));
#4566=CARTESIAN_POINT('',(-0.01415,-0.02595,0.0406));
#4567=CARTESIAN_POINT('',(-0.0578387748154254,0.0195475952641917,0.0406));
#4568=CARTESIAN_POINT('',(-0.0336750460403488,0.033498637296893,0.0406014128030636));
#4569=CARTESIAN_POINT('',(-0.03255,0.0341480762113534,0.0406));
#4570=CARTESIAN_POINT('',(-0.03255,0.03155,0.0406));
#4571=CARTESIAN_POINT('',(-0.0314240795654854,0.0334981601531668,0.0406008079111623));
#4572=CARTESIAN_POINT('',(-0.031425,0.033498557158515,0.0406));
#4573=CARTESIAN_POINT('',(-0.0427915834246708,-0.00651490473580835,0.0406));
#4574=CARTESIAN_POINT('',(-0.0336750460403488,-0.00125136270310721,0.0406014128030638));
#4575=CARTESIAN_POINT('',(-0.03255,-0.000601923788646677,0.0406));
#4576=CARTESIAN_POINT('',(-0.03255,-0.0032,0.0406));
#4577=CARTESIAN_POINT('',(-0.031424079565484,-0.00125183984683404,0.0406008079111616));
#4578=CARTESIAN_POINT('',(-0.031425,-0.00125144284148501,0.0406));
#4579=CARTESIAN_POINT('',(-0.03255,-0.01945,0.0304));
#4580=CARTESIAN_POINT('',(-0.031425,-0.017501442841485,0.040603));
#4581=CARTESIAN_POINT('',(-0.033675,-0.017501442841485,0.040603));
#4582=CARTESIAN_POINT('',(-0.03255,-0.0032,0.0304));
#4583=CARTESIAN_POINT('',(-0.031425,-0.00125144284148501,0.040603));
#4584=CARTESIAN_POINT('',(-0.033675,-0.00125144284148501,0.040603));
#4585=CARTESIAN_POINT('',(-0.03255,0.0153,0.0304));
#4586=CARTESIAN_POINT('',(-0.031425,0.017248557158515,0.040603));
#4587=CARTESIAN_POINT('',(-0.033675,0.017248557158515,0.040603));
#4588=CARTESIAN_POINT('',(-0.03255,0.03155,0.0304));
#4589=CARTESIAN_POINT('',(-0.031425,0.033498557158515,0.040603));
#4590=CARTESIAN_POINT('',(-0.033675,0.033498557158515,0.040603));
#4591=CARTESIAN_POINT('',(0.03255,-0.01945,0.0281));
#4592=CARTESIAN_POINT('',(0.033675,-0.017501442841485,0.040603));
#4593=CARTESIAN_POINT('',(0.0336759206189224,-0.0175018399525291,0.0406008078969545));
#4594=CARTESIAN_POINT('',(0.03255,-0.01945,0.0406));
#4595=CARTESIAN_POINT('',(0.0314249539596908,-0.0175013627031451,0.0406014128030637));
#4596=CARTESIAN_POINT('',(0.031425,-0.017501442841485,0.040603));
#4597=CARTESIAN_POINT('',(0.03255,-0.0032,0.0281));
#4598=CARTESIAN_POINT('',(0.033675,-0.00125144284148502,0.040603));
#4599=CARTESIAN_POINT('',(0.0336759206189223,-0.00125183995252921,0.0406008078969545));
#4600=CARTESIAN_POINT('',(0.03255,-0.0032,0.0406));
#4601=CARTESIAN_POINT('',(0.0314249539596908,-0.00125136270314508,0.0406014128030636));
#4602=CARTESIAN_POINT('',(0.031425,-0.00125144284148502,0.040603));
#4603=CARTESIAN_POINT('',(0.03255,0.0153,0.0281));
#4604=CARTESIAN_POINT('',(0.033675,0.017248557158515,0.040603));
#4605=CARTESIAN_POINT('',(0.0336759206189222,0.0172481600474707,0.0406008078969547));
#4606=CARTESIAN_POINT('',(0.03255,0.0153,0.0406));
#4607=CARTESIAN_POINT('',(0.0314249539596907,0.0172486372968551,0.0406014128030635));
#4608=CARTESIAN_POINT('',(0.031425,0.017248557158515,0.040603));
#4609=CARTESIAN_POINT('',(0.03255,0.03155,0.0281));
#4610=CARTESIAN_POINT('',(0.033675,0.033498557158515,0.040603));
#4611=CARTESIAN_POINT('',(0.0336759206189209,0.0334981600474716,0.0406008078969552));
#4612=CARTESIAN_POINT('',(0.03255,0.03155,0.0406));
#4613=CARTESIAN_POINT('',(0.0314249539596907,0.0334986372968551,0.0406014128030634));
#4614=CARTESIAN_POINT('',(0.031425,0.033498557158515,0.040603));
#4615=CARTESIAN_POINT('',(-0.01415,-0.02945,0.0406));
#4616=CARTESIAN_POINT('',(-0.01215,-0.02945,0.0406));
#4617=CARTESIAN_POINT('',(-0.01215,-0.02795,0.0406));
#4618=CARTESIAN_POINT('',(-0.01415,-0.02795,0.0406));
#4619=CARTESIAN_POINT('',(-0.01055,-0.02945,0.0406));
#4620=CARTESIAN_POINT('',(-0.01415,-0.02595,0.0406));
#4621=CARTESIAN_POINT('',(-0.00895,-0.02945,0.0406));
#4622=CARTESIAN_POINT('',(-4.55027154757779E-18,-0.02945,0.0406));
#4623=CARTESIAN_POINT('',(0.00895,-0.02945,0.0406));
#4624=CARTESIAN_POINT('',(0.01055,-0.02945,0.0406));
#4625=CARTESIAN_POINT('',(0.01215,-0.02945,0.0406));
#4626=CARTESIAN_POINT('',(0.01215,-0.02795,0.0406));
#4627=CARTESIAN_POINT('',(0.01415,-0.02595,0.0406));
#4628=CARTESIAN_POINT('',(0.01415,-0.02945,0.0406));
#4629=CARTESIAN_POINT('',(0.01615,-0.02945,0.0406));
#4630=CARTESIAN_POINT('',(0.01615,-0.02795,0.0406));
#4631=CARTESIAN_POINT('',(0.01415,-0.02795,0.0406));
#4632=CARTESIAN_POINT('',(0.0245,-0.02945,0.0406));
#4633=CARTESIAN_POINT('',(0.031425,0.033498557158515,0.0406));
#4634=CARTESIAN_POINT('',(0.03255,0.0341480762113533,0.0406));
#4635=CARTESIAN_POINT('',(0.033675,0.033498557158515,0.0406));
#4636=CARTESIAN_POINT('',(0.031425,0.017248557158515,0.0406));
#4637=CARTESIAN_POINT('',(0.03255,0.0178980762113533,0.0406));
#4638=CARTESIAN_POINT('',(0.033675,0.017248557158515,0.0406));
#4639=CARTESIAN_POINT('',(0.031425,-0.00125144284148502,0.0406));
#4640=CARTESIAN_POINT('',(0.03255,-0.000601923788646694,0.0406));
#4641=CARTESIAN_POINT('',(0.033675,-0.00125144284148502,0.0406));
#4642=CARTESIAN_POINT('',(0.031425,-0.017501442841485,0.0406));
#4643=CARTESIAN_POINT('',(0.03255,-0.0168519237886467,0.0406));
#4644=CARTESIAN_POINT('',(0.033675,-0.017501442841485,0.0406));
#4645=CARTESIAN_POINT('',(0.0245,0.04155,0.0406));
#4646=CARTESIAN_POINT('',(0.0321,0.04155,0.0406));
#4647=CARTESIAN_POINT('',(0.0321,0.03555,0.0406));
#4648=CARTESIAN_POINT('',(0.0381,0.03555,0.0406));
#4649=CARTESIAN_POINT('',(0.0381,0.04155,0.0406));
#4650=CARTESIAN_POINT('',(0.01415,-0.02595,0.0406));
#4651=CARTESIAN_POINT('',(0.027,-0.02945,0.0481918830920368));
#4652=CARTESIAN_POINT('',(0.027,0.04155,0.0481918830920368));
#4653=CARTESIAN_POINT('',(0.027,0.04155,0.049298484809835));
#4654=CARTESIAN_POINT('',(0.027,0.04155,0.0436));
#4655=CARTESIAN_POINT('',(0.027,0.03155,0.049298484809835));
#4656=CARTESIAN_POINT('',(0.027,0.0297926406871192,0.049298484809835));
#4657=CARTESIAN_POINT('',(0.027,0.00952343673892765,0.0206335016877961));
#4658=CARTESIAN_POINT('',(0.027,0.0285916305603426,0.0476));
#4659=CARTESIAN_POINT('',(0.027,-0.02945,0.0476));
#4660=CARTESIAN_POINT('',(0.027,0.0165083694396574,0.0476));
#4661=CARTESIAN_POINT('',(0.027,0.000909896594405664,0.0696595718500634));
#4662=CARTESIAN_POINT('',(0.027,0.0153073593128807,0.049298484809835));
#4663=CARTESIAN_POINT('',(0.027,-0.02945,0.049298484809835));
#4664=CARTESIAN_POINT('',(0.027,-0.02845,0.0436));
#4665=CARTESIAN_POINT('',(0.027,0.04055,0.0436));
#4666=CARTESIAN_POINT('',(0.0190918830920368,-0.02945,0.0596918830920368));
#4667=CARTESIAN_POINT('',(0.0252426406871193,0.01355,0.0535411254969543));
#4668=CARTESIAN_POINT('',(0.0252426406871193,0.01355,0.0535411254969543));
#4669=CARTESIAN_POINT('',(0.0190918830920368,0.01355,0.0596918830920368));
#4670=CARTESIAN_POINT('',(0.0153259018078045,0.01355,0.0634578643762691));
#4671=CARTESIAN_POINT('',(0.0111837661840735,-0.0147342712474619,0.0676));
#4672=CARTESIAN_POINT('',(0.0129411254969543,0.0131934246258146,0.0658426406871193));
#4673=CARTESIAN_POINT('',(0.0129411254969543,-0.02945,0.0658426406871193));
#4674=CARTESIAN_POINT('',(6.53898880352629E-19,-0.02945,0.0676));
#4675=CARTESIAN_POINT('',(0.0111837661840735,0.0598342712474619,0.0676));
#4676=CARTESIAN_POINT('',(0.00532590180780453,0.03155,0.0676));
#4677=CARTESIAN_POINT('',(0.008698484809835,0.0319065753741853,0.0676));
#4678=CARTESIAN_POINT('',(0.00869848480983498,-0.02945,0.0676));
#4679=CARTESIAN_POINT('',(0.008698484809835,0.04155,0.0676));
#4680=CARTESIAN_POINT('',(1.60016081382159E-17,0.04155,0.0676));
#4681=CARTESIAN_POINT('',(-0.00869848480983498,0.04155,0.0676));
#4682=CARTESIAN_POINT('',(-0.008698484809835,-0.02945,0.0676));
#4683=CARTESIAN_POINT('',(-0.00869848480983498,0.0319065753741853,0.0676));
#4684=CARTESIAN_POINT('',(-0.0111837661840736,0.0598342712474619,0.0676));
#4685=CARTESIAN_POINT('',(-0.00532590180780452,0.03155,0.0676));
#4686=CARTESIAN_POINT('',(0.0111837661840736,0.03155,0.0676));
#4687=CARTESIAN_POINT('',(-0.0190918830920368,-0.02945,0.0596918830920368));
#4688=CARTESIAN_POINT('',(-0.0190918830920368,0.01355,0.0596918830920368));
#4689=CARTESIAN_POINT('',(-0.0153259018078045,0.01355,0.0634578643762691));
#4690=CARTESIAN_POINT('',(-0.0252426406871193,0.01355,0.0535411254969543));
#4691=CARTESIAN_POINT('',(-0.0252426406871193,-0.02945,0.0535411254969543));
#4692=CARTESIAN_POINT('',(-0.0129411254969543,-0.02945,0.0658426406871193));
#4693=CARTESIAN_POINT('',(-0.0129411254969543,0.0131934246258146,0.0658426406871193));
#4694=CARTESIAN_POINT('',(-0.0111837661840735,-0.0147342712474619,0.0676));
#4695=CARTESIAN_POINT('',(-0.027,-0.02945,0.0481918830920368));
#4696=CARTESIAN_POINT('',(-0.027,0.0335945045507931,0.0546751322481387));
#4697=CARTESIAN_POINT('',(-0.027,0.0285916305603426,0.0476));
#4698=CARTESIAN_POINT('',(-0.027,0.0297926406871192,0.049298484809835));
#4699=CARTESIAN_POINT('',(-0.027,-0.02945,0.049298484809835));
#4700=CARTESIAN_POINT('',(-0.027,0.04155,0.049298484809835));
#4701=CARTESIAN_POINT('',(-0.027,0.04155,0.0481918830920368));
#4702=CARTESIAN_POINT('',(-0.027,0.04155,0.0436));
#4703=CARTESIAN_POINT('',(-0.027,0.04055,0.0436));
#4704=CARTESIAN_POINT('',(-0.027,-0.02845,0.0436));
#4705=CARTESIAN_POINT('',(-0.027,-0.02945,0.049298484809835));
#4706=CARTESIAN_POINT('',(-0.027,0.0153073593128807,0.049298484809835));
#4707=CARTESIAN_POINT('',(-0.027,0.00982207793864213,0.0570558441227157));
#4708=CARTESIAN_POINT('',(-0.027,0.0165083694396574,0.0476));
#4709=CARTESIAN_POINT('',(-0.027,-0.02945,0.0476));
#4710=CARTESIAN_POINT('',(1.19214952897347E-17,0.04155,0.0376));
#4711=CARTESIAN_POINT('',(-0.021,0.04155,0.049298484809835));
#4712=CARTESIAN_POINT('',(-0.00869848480983498,0.04155,0.0616));
#4713=CARTESIAN_POINT('',(0.008698484809835,0.04155,0.0616));
#4714=CARTESIAN_POINT('',(0.021,0.04155,0.049298484809835));
#4715=CARTESIAN_POINT('',(1.19214952897347E-17,0.04155,0.0436));
#4716=CARTESIAN_POINT('',(0.0321,0.04155,0.0436));
#4717=CARTESIAN_POINT('',(0.0321,0.04155,0.0406));
#4718=CARTESIAN_POINT('',(-0.0321,0.04155,0.0376));
#4719=CARTESIAN_POINT('',(-0.0321,0.04155,0.0436));
#4720=CARTESIAN_POINT('',(-0.027,0.04155,0.0436));
#4721=CARTESIAN_POINT('',(-0.01415,-0.02945,0.0406));
#4722=CARTESIAN_POINT('',(0.01415,-0.02795,0.0406));
#4723=CARTESIAN_POINT('',(-0.0381,0.04155,0.0426));
#4724=CARTESIAN_POINT('',(-0.0381,0.04155,0.0436));
#4725=CARTESIAN_POINT('',(-0.0381,0.03555,0.0436));
#4726=CARTESIAN_POINT('',(-0.0381,0.03555,0.0426));
#4727=CARTESIAN_POINT('',(0.0381,0.04155,0.0426));
#4728=CARTESIAN_POINT('',(0.0381,0.03555,0.0436));
#4729=CARTESIAN_POINT('',(0.0381,0.03555,0.0436));
#4730=CARTESIAN_POINT('',(0.0381,-0.02945,0.0436));
#4731=CARTESIAN_POINT('',(-0.033675,-0.017501442841485,0.040603));
#4732=CARTESIAN_POINT('',(-0.03255,-0.0168519237886467,0.040603));
#4733=CARTESIAN_POINT('',(-0.031425,-0.017501442841485,0.040603));
#4734=CARTESIAN_POINT('',(-0.033675,0.033498557158515,0.040603));
#4735=CARTESIAN_POINT('',(-0.03255,0.0341480762113534,0.040603));
#4736=CARTESIAN_POINT('',(-0.031425,0.033498557158515,0.040603));
#4737=CARTESIAN_POINT('',(-0.033675,0.017248557158515,0.040603));
#4738=CARTESIAN_POINT('',(-0.03255,0.0178980762113534,0.040603));
#4739=CARTESIAN_POINT('',(-0.031425,0.017248557158515,0.040603));
#4740=CARTESIAN_POINT('',(-0.033675,-0.00125144284148501,0.040603));
#4741=CARTESIAN_POINT('',(-0.03255,-0.00060192378864668,0.040603));
#4742=CARTESIAN_POINT('',(-0.031425,-0.00125144284148501,0.040603));
#4743=CARTESIAN_POINT('',(0.031425,-0.017501442841485,0.040603));
#4744=CARTESIAN_POINT('',(0.03255,-0.0168519237886467,0.040603));
#4745=CARTESIAN_POINT('',(0.033675,-0.017501442841485,0.040603));
#4746=CARTESIAN_POINT('',(0.031425,-0.00125144284148502,0.040603));
#4747=CARTESIAN_POINT('',(0.03255,-0.000601923788646694,0.040603));
#4748=CARTESIAN_POINT('',(0.033675,-0.00125144284148502,0.040603));
#4749=CARTESIAN_POINT('',(0.031425,0.017248557158515,0.040603));
#4750=CARTESIAN_POINT('',(0.03255,0.0178980762113533,0.040603));
#4751=CARTESIAN_POINT('',(0.033675,0.017248557158515,0.040603));
#4752=CARTESIAN_POINT('',(0.031425,0.033498557158515,0.040603));
#4753=CARTESIAN_POINT('',(0.03255,0.0341480762113533,0.040603));
#4754=CARTESIAN_POINT('',(0.033675,0.033498557158515,0.040603));
#4755=CARTESIAN_POINT('',(-3.21004904900381E-18,-0.02845,0.0436));
#4756=CARTESIAN_POINT('',(0.0371,-0.02845,0.0436));
#4757=CARTESIAN_POINT('',(0.0371,0.04155,0.0436));
#4758=CARTESIAN_POINT('',(0.0371,0.03555,0.0436));
#4759=CARTESIAN_POINT('',(0.02955,0.04055,0.0436));
#4760=CARTESIAN_POINT('',(0.0321,0.04055,0.0436));
#4761=CARTESIAN_POINT('',(-0.02955,-0.02845,0.0436));
#4762=CARTESIAN_POINT('',(-0.0371,-0.02845,0.0436));
#4763=CARTESIAN_POINT('',(-0.0371,-0.02945,0.0436));
#4764=CARTESIAN_POINT('',(-0.0371,0.03555,0.0436));
#4765=CARTESIAN_POINT('',(1.17053303706099E-17,0.04055,0.0436));
#4766=CARTESIAN_POINT('',(-0.0321,0.04055,0.0436));
#4767=CARTESIAN_POINT('',(0.0321,0.03555,0.0426));
#4768=CARTESIAN_POINT('',(0.0321,0.03555,0.0436));
#4769=CARTESIAN_POINT('',(0.0321,0.03555,0.0436));
#4770=CARTESIAN_POINT('',(-0.0321,0.03555,0.0376));
#4771=CARTESIAN_POINT('',(-0.0321,0.03555,0.0436));
#4772=CARTESIAN_POINT('',(-0.0321,0.03555,0.0436));
#4773=CARTESIAN_POINT('',(-2.60208521396521E-18,0.01855,0.0476));
#4774=CARTESIAN_POINT('',(-2.60208521396521E-18,0.01855,0.0476));
#4775=CARTESIAN_POINT('',(-0.0241126983722081,0.01855,0.0476));
#4776=CARTESIAN_POINT('',(-0.012056349186104,0.01855,0.0596563491861041));
#4777=CARTESIAN_POINT('',(-6.93889390390723E-18,0.02655,0.0476));
#4778=CARTESIAN_POINT('',(-0.0234644660940673,0.02655,0.0482482322781408));
#4779=CARTESIAN_POINT('',(-0.0241126983722081,0.02655,0.0476));
#4780=CARTESIAN_POINT('',(-6.93889390390723E-18,0.02655,0.0476));
#4781=CARTESIAN_POINT('',(-1.38777878078145E-17,0.00605,0.0476));
#4782=CARTESIAN_POINT('',(-0.0231225107893824,0.0192501683544627,0.0476));
#4783=CARTESIAN_POINT('',(-0.0160751322481387,0.0208665824894353,0.0476));
#4784=CARTESIAN_POINT('',(-1.38777878078145E-17,0.00605,0.0476));
#4785=CARTESIAN_POINT('',(0.0231225107893824,0.0192501683544627,0.0476));
#4786=CARTESIAN_POINT('',(0.0160751322481388,0.0208665824894353,0.0476));
#4787=CARTESIAN_POINT('',(-0.0190918830920368,0.01355,0.0596918830920368));
#4788=CARTESIAN_POINT('',(-0.021,0.01955,0.049298484809835));
#4789=CARTESIAN_POINT('',(-0.0149051099030531,0.0145658815233876,0.0624419828528815));
#4790=CARTESIAN_POINT('',(-2.60208521396521E-18,0.01855,0.0626));
#4791=CARTESIAN_POINT('',(-0.00299767420474767,0.0191708386555912,0.0619791613444088));
#4792=CARTESIAN_POINT('',(0.00299767420474767,0.0191708386555912,0.0619791613444088));
#4793=CARTESIAN_POINT('',(0.0190918830920368,0.01355,0.0596918830920368));
#4794=CARTESIAN_POINT('',(0.021,0.01955,0.049298484809835));
#4795=CARTESIAN_POINT('',(0.0149051099030531,0.0145658815233876,0.0624419828528815));
#4796=CARTESIAN_POINT('',(-0.012056349186104,0.02655,0.059656349186104));
#4797=CARTESIAN_POINT('',(-0.021,0.02555,0.049298484809835));
#4798=CARTESIAN_POINT('',(-0.0133887466916971,0.0268732938462731,0.0587811582225422));
#4799=CARTESIAN_POINT('',(6.53898880352629E-19,0.03155,0.0676));
#4800=CARTESIAN_POINT('',(0.00490510990305315,0.0305341184766124,0.0665841184766124));
#4801=CARTESIAN_POINT('',(-0.00490510990305314,0.0305341184766124,0.0665841184766124));
#4802=CARTESIAN_POINT('',(0.012056349186104,0.02655,0.0596563491861041));
#4803=CARTESIAN_POINT('',(0.021,0.02555,0.049298484809835));
#4804=CARTESIAN_POINT('',(0.0133887466916971,0.0268732938462731,0.0587811582225422));
#4805=CARTESIAN_POINT('',(0.00338874669169715,0.041015429470004,0.0487811582225422));
#4806=CARTESIAN_POINT('',(0.0129411254969543,0.0319065753741853,0.0658426406871193));
#4807=CARTESIAN_POINT('',(0.0118373286085482,0.0322315583791765,0.0669464375755254));
#4808=CARTESIAN_POINT('',(0.0102596885359646,0.0322315998495608,0.0676));
#4809=CARTESIAN_POINT('',(0.008698484809835,0.0319065753741853,0.0676));
#4810=CARTESIAN_POINT('',(-0.00490510990305314,0.0446762541003434,0.0524419828528815));
#4811=CARTESIAN_POINT('',(-0.00869848480983498,0.0319065753741853,0.0676));
#4812=CARTESIAN_POINT('',(-0.0102594893395241,0.0322315583791765,0.0676));
#4813=CARTESIAN_POINT('',(-0.0118371877553943,0.0322315998495608,0.0669465784286792));
#4814=CARTESIAN_POINT('',(-0.0129411254969543,0.0319065753741853,0.0658426406871193));
#4815=CARTESIAN_POINT('',(-0.00299767420474767,0.00502870303186026,0.0478370257206778));
#4816=CARTESIAN_POINT('',(-0.0129411254969543,0.0131934246258146,0.0658426406871193));
#4817=CARTESIAN_POINT('',(-0.0118373286085481,0.0128684416208235,0.0669464375755254));
#4818=CARTESIAN_POINT('',(-0.0102596885359646,0.0128684001504392,0.0676));
#4819=CARTESIAN_POINT('',(-0.00869848480983499,0.0131934246258146,0.0676));
#4820=CARTESIAN_POINT('',(0.00490510990305313,0.000423745899656626,0.0524419828528815));
#4821=CARTESIAN_POINT('',(0.00869848480983499,0.0131934246258146,0.0676));
#4822=CARTESIAN_POINT('',(0.0102594893395241,0.0128684416208235,0.0676));
#4823=CARTESIAN_POINT('',(0.0118371877553943,0.0128684001504392,0.0669465784286793));
#4824=CARTESIAN_POINT('',(0.0129411254969543,0.0131934246258146,0.0658426406871193));
#4825=CARTESIAN_POINT('',(-2.0988262616277E-18,-0.02945,0.0440217462652317));
#4826=CARTESIAN_POINT('',(-0.0105899192968142,-0.02945,0.0457390224470189));
#4827=CARTESIAN_POINT('',(-0.0110141416199026,-0.0277881454679402,0.0462375788066368));
#4828=CARTESIAN_POINT('',(-0.011414529116965,-0.0261210100595531,0.046737719429153));
#4829=CARTESIAN_POINT('',(-0.0117974286762828,-0.02445,0.0472390224470189));
#4830=CARTESIAN_POINT('',(0.0105899192968142,-0.02945,0.0457390224470189));
#4831=CARTESIAN_POINT('',(0.0110141416199026,-0.0277881454679402,0.0462375788066368));
#4832=CARTESIAN_POINT('',(0.011414529116965,-0.0261210100595531,0.046737719429153));
#4833=CARTESIAN_POINT('',(0.0117974286762828,-0.02445,0.0472390224470189));
#4834=CARTESIAN_POINT('',(-3.42621396812864E-18,-0.02945,0.0457390224470189));
#4835=CARTESIAN_POINT('',(0.0175242872681877,-0.02945,0.0457390224470189));
#4836=CARTESIAN_POINT('',(0.0169743561212958,-0.0277751938459611,0.0462414642932306));
#4837=CARTESIAN_POINT('',(0.0164012541001267,-0.0261077294943675,0.0467417035987086));
#4838=CARTESIAN_POINT('',(0.0157974286762828,-0.02445,0.0472390224470189));
#4839=CARTESIAN_POINT('',(-0.0137974286762828,-0.02445,0.0472390224470189));
#4840=CARTESIAN_POINT('',(-0.0157974286762828,-0.02445,0.0472390224470189));
#4841=CARTESIAN_POINT('',(-0.0164012541001267,-0.0261077294943676,0.0467417035987086));
#4842=CARTESIAN_POINT('',(-0.0169743561212958,-0.0277751938459611,0.0462414642932306));
#4843=CARTESIAN_POINT('',(-0.0175242872681878,-0.02945,0.0457390224470189));
#4844=CARTESIAN_POINT('',(-1.88011349079498E-17,-0.02445,0.0441541959775553));
#4845=CARTESIAN_POINT('',(-0.021,-0.02945,0.049298484809835));
#4846=CARTESIAN_POINT('',(-0.021,-0.02945,0.049298484809835));
#4847=CARTESIAN_POINT('',(0.021,-0.02945,0.049298484809835));
#4848=CARTESIAN_POINT('',(0.021,-0.02945,0.049298484809835));
#4849=CARTESIAN_POINT('',(0.00869848480983498,-0.02945,0.0616));
#4850=CARTESIAN_POINT('',(-0.008698484809835,-0.02945,0.0616));
#4851=CARTESIAN_POINT('',(0.00869848480983498,-0.02945,0.0616));
#4852=CARTESIAN_POINT('',(-0.008698484809835,-0.02945,0.0616));
#4853=CARTESIAN_POINT('',(0.,0.,0.));
#4854=CARTESIAN_POINT('',(-3.42621396812864E-18,-0.02945,0.0376));
#4855=CARTESIAN_POINT('',(-6.93889390390723E-17,-0.02945,0.0370458040224447));
#4856=CARTESIAN_POINT('',(0.0175242872681877,-0.02945,0.0354609775529811));
#4857=CARTESIAN_POINT('',(-0.0175242872681878,-0.02945,0.0354609775529811));
#4858=CARTESIAN_POINT('',(-3.42621396812864E-18,-0.02945,0.0354609775529811));
#4859=CARTESIAN_POINT('',(-0.0105899192968142,-0.02945,0.0354609775529811));
#4860=CARTESIAN_POINT('',(-2.08166817117217E-17,-0.02945,0.0371782537347683));
#4861=CARTESIAN_POINT('',(0.0105899192968141,-0.02945,0.0354609775529811));
#4862=CARTESIAN_POINT('',(0.0157974286762828,-0.02945,0.0354609775529811));
#4863=CARTESIAN_POINT('',(0.0321,-0.02945,0.0136));
#4864=CARTESIAN_POINT('',(0.0321,-0.02945,0.0136));
#4865=CARTESIAN_POINT('',(0.0321,-0.02945,0.0159062141714877));
#4866=CARTESIAN_POINT('',(0.0280185612377193,-0.02945,0.0261151009565563));
#4867=CARTESIAN_POINT('',(0.0280185612377193,-0.02945,0.0261151009565564));
#4868=CARTESIAN_POINT('',(0.0317327333972698,-0.02945,0.0276));
#4869=CARTESIAN_POINT('',(0.0317327333972698,-0.02945,0.0316));
#4870=CARTESIAN_POINT('',(0.0381,-0.02945,0.0316));
#4871=CARTESIAN_POINT('',(0.0381,-0.02945,0.0316));
#4872=CARTESIAN_POINT('',(0.0381,-0.02945,0.0386));
#4873=CARTESIAN_POINT('',(0.0381,-0.02945,0.0406));
#4874=CARTESIAN_POINT('',(0.0351,-0.02945,0.0406));
#4875=CARTESIAN_POINT('',(0.01765,-0.02945,0.0406));
#4876=CARTESIAN_POINT('',(0.01415,-0.02945,0.0406));
#4877=CARTESIAN_POINT('',(0.01065,-0.02945,0.0406));
#4878=CARTESIAN_POINT('',(0.01055,-0.02945,0.0406));
#4879=CARTESIAN_POINT('',(0.00895,-0.02945,0.0406));
#4880=CARTESIAN_POINT('',(-4.55027154757779E-18,-0.02945,0.0406));
#4881=CARTESIAN_POINT('',(-0.00895,-0.02945,0.0406));
#4882=CARTESIAN_POINT('',(-0.01055,-0.02945,0.0406));
#4883=CARTESIAN_POINT('',(-0.01065,-0.02945,0.0406));
#4884=CARTESIAN_POINT('',(-0.01415,-0.02945,0.0406));
#4885=CARTESIAN_POINT('',(-0.01765,-0.02945,0.0406));
#4886=CARTESIAN_POINT('',(-0.0351,-0.02945,0.0406));
#4887=CARTESIAN_POINT('',(-0.0381,-0.02945,0.0406));
#4888=CARTESIAN_POINT('',(-0.0381,-0.02945,0.0386));
#4889=CARTESIAN_POINT('',(-0.0381,-0.02945,0.0316));
#4890=CARTESIAN_POINT('',(-3.42621396812864E-18,-0.02945,0.0316));
#4891=CARTESIAN_POINT('',(-0.0317327333972698,-0.02945,0.0316));
#4892=CARTESIAN_POINT('',(-0.0317327333972698,-0.02945,0.0276));
#4893=CARTESIAN_POINT('',(-0.0280185612377193,-0.02945,0.0261151009565564));
#4894=CARTESIAN_POINT('',(-0.0201985606486691,-0.02945,0.0456752377912869));
#4895=CARTESIAN_POINT('',(-0.0321,-0.02945,0.0159062141714877));
#4896=CARTESIAN_POINT('',(-0.0321,-0.02945,0.0136));
#4897=CARTESIAN_POINT('',(-0.0321,-0.02945,0.0136));
#4898=CARTESIAN_POINT('',(-1.08082459562418E-18,-0.02945,0.0136));
#4899=CARTESIAN_POINT('',(0.,-0.02445,0.0136));
#4900=CARTESIAN_POINT('',(-1.17171974757535E-17,-0.02445,0.0406));
#4901=CARTESIAN_POINT('',(-0.022,-0.02445,0.0406));
#4902=CARTESIAN_POINT('',(0.022,-0.02445,0.0406));
#4903=CARTESIAN_POINT('',(-0.02955,-0.02445,0.0406));
#4904=CARTESIAN_POINT('',(-0.01615,-0.02445,0.0406));
#4905=CARTESIAN_POINT('',(-0.01415,-0.02445,0.0406));
#4906=CARTESIAN_POINT('',(-0.01215,-0.02445,0.0406));
#4907=CARTESIAN_POINT('',(-0.01055,-0.02445,0.0406));
#4908=CARTESIAN_POINT('',(-0.00895,-0.02445,0.0406));
#4909=CARTESIAN_POINT('',(-3.46944695195361E-18,-0.02445,0.0406));
#4910=CARTESIAN_POINT('',(0.00895,-0.02445,0.0406));
#4911=CARTESIAN_POINT('',(0.01055,-0.02445,0.0406));
#4912=CARTESIAN_POINT('',(0.01215,-0.02445,0.0406));
#4913=CARTESIAN_POINT('',(0.01415,-0.02445,0.0406));
#4914=CARTESIAN_POINT('',(0.01615,-0.02445,0.0406));
#4915=CARTESIAN_POINT('',(0.02955,-0.02445,0.0406));
#4916=CARTESIAN_POINT('',(-6.83081144434481E-17,-0.02445,0.0370458040224447));
#4917=CARTESIAN_POINT('',(0.0157974286762828,-0.02445,0.0339609775529811));
#4918=CARTESIAN_POINT('',(-0.0157974286762828,-0.02445,0.0339609775529811));
#4919=CARTESIAN_POINT('',(0.,-0.02445,0.0339609775529811));
#4920=CARTESIAN_POINT('',(0.0117974286762828,-0.02445,0.0339609775529811));
#4921=CARTESIAN_POINT('',(-1.97358571160975E-17,-0.02445,0.0371782537347683));
#4922=CARTESIAN_POINT('',(-0.0117974286762828,-0.02445,0.0339609775529811));
#4923=CARTESIAN_POINT('',(0.,-0.02445,0.0339609775529811));
#4924=CARTESIAN_POINT('',(0.0351,0.04155,0.0406));
#4925=CARTESIAN_POINT('',(0.03255,-0.01945,0.0406));
#4926=CARTESIAN_POINT('',(0.0294,-0.01945,0.0406));
#4927=CARTESIAN_POINT('',(0.03255,-0.00395,0.0406));
#4928=CARTESIAN_POINT('',(0.0294,-0.00395,0.0406));
#4929=CARTESIAN_POINT('',(0.03255,0.01605,0.0406));
#4930=CARTESIAN_POINT('',(0.0294,0.01605,0.0406));
#4931=CARTESIAN_POINT('',(0.03255,0.03155,0.0406));
#4932=CARTESIAN_POINT('',(0.0294,0.03155,0.0406));
#4933=CARTESIAN_POINT('',(0.0381,0.04155,0.0406));
#4934=CARTESIAN_POINT('',(0.0381,0.03555,0.0406));
#4935=CARTESIAN_POINT('',(0.0321,0.03555,0.0406));
#4936=CARTESIAN_POINT('',(0.0321,0.04155,0.0406));
#4937=CARTESIAN_POINT('',(0.0351,0.04155,0.0406));
#4938=CARTESIAN_POINT('',(0.022,0.04155,0.0406));
#4939=CARTESIAN_POINT('',(0.022,0.04155,0.0406));
#4940=CARTESIAN_POINT('',(0.01615,-0.02945,0.0406));
#4941=CARTESIAN_POINT('',(0.01615,-0.02795,0.0406));
#4942=CARTESIAN_POINT('',(0.01415,-0.02595,0.0406));
#4943=CARTESIAN_POINT('',(0.0381,0.04155,0.0386));
#4944=CARTESIAN_POINT('',(0.0381,0.04155,0.0316));
#4945=CARTESIAN_POINT('',(0.0381,0.03555,0.0316));
#4946=CARTESIAN_POINT('',(0.0381,0.03555,0.0406));
#4947=CARTESIAN_POINT('',(1.19214952897347E-17,0.04155,0.0376));
#4948=CARTESIAN_POINT('',(-0.0371,0.04155,0.0366));
#4949=CARTESIAN_POINT('',(-0.0317327333972698,0.04155,0.0366));
#4950=CARTESIAN_POINT('',(-0.0321,0.04155,0.0366));
#4951=CARTESIAN_POINT('',(-0.0321,0.04155,0.0376));
#4952=CARTESIAN_POINT('',(-0.0321,0.04155,0.0406));
#4953=CARTESIAN_POINT('',(-0.0351,0.04155,0.0406));
#4954=CARTESIAN_POINT('',(-0.022,0.04155,0.0406));
#4955=CARTESIAN_POINT('',(2.54968718648565E-18,0.04155,0.0406));
#4956=CARTESIAN_POINT('',(0.0321,0.04155,0.0316));
#4957=CARTESIAN_POINT('',(0.0321,0.04155,0.0366));
#4958=CARTESIAN_POINT('',(1.19214952897347E-17,0.04155,0.0366));
#4959=CARTESIAN_POINT('',(0.0317327333972699,0.04155,0.0366));
#4960=CARTESIAN_POINT('',(0.0317327333972699,0.04155,0.0276));
#4961=CARTESIAN_POINT('',(0.0233758460382812,0.04155,0.0242589771522517));
#4962=CARTESIAN_POINT('',(0.0155558454492309,0.04155,0.0438191139869823));
#4963=CARTESIAN_POINT('',(0.0261,0.04155,0.0174450615210043));
#4964=CARTESIAN_POINT('',(0.0261,0.04155,0.0376));
#4965=CARTESIAN_POINT('',(0.0261,0.04155,0.0136));
#4966=CARTESIAN_POINT('',(1.42668846622392E-17,0.04155,0.0136));
#4967=CARTESIAN_POINT('',(-0.0261,0.04155,0.0136));
#4968=CARTESIAN_POINT('',(-0.0261,0.04155,0.0186));
#4969=CARTESIAN_POINT('',(-0.0261,0.04155,0.0174450615210043));
#4970=CARTESIAN_POINT('',(-0.0211236630366176,0.04155,0.029892353670289));
#4971=CARTESIAN_POINT('',(-0.0233758460382811,0.04155,0.0242589771522517));
#4972=CARTESIAN_POINT('',(-0.0317327333972698,0.04155,0.0276));
#4973=CARTESIAN_POINT('',(-0.0351,0.04155,0.0406));
#4974=CARTESIAN_POINT('',(-0.03255,-0.01945,0.0406));
#4975=CARTESIAN_POINT('',(-0.0357,-0.01945,0.0406));
#4976=CARTESIAN_POINT('',(-0.03255,-0.00395,0.0406));
#4977=CARTESIAN_POINT('',(-0.0357,-0.00395,0.0406));
#4978=CARTESIAN_POINT('',(-0.03255,0.01605,0.0406));
#4979=CARTESIAN_POINT('',(-0.0357,0.01605,0.0406));
#4980=CARTESIAN_POINT('',(-0.03255,0.03155,0.0406));
#4981=CARTESIAN_POINT('',(-0.0357,0.03155,0.0406));
#4982=CARTESIAN_POINT('',(-0.0321,0.03555,0.0406));
#4983=CARTESIAN_POINT('',(-0.0381,0.03555,0.0406));
#4984=CARTESIAN_POINT('',(-0.0381,0.04155,0.0406));
#4985=CARTESIAN_POINT('',(-0.01415,-0.02595,0.0406));
#4986=CARTESIAN_POINT('',(-0.01615,-0.02795,0.0406));
#4987=CARTESIAN_POINT('',(-0.01615,-0.02945,0.0406));
#4988=CARTESIAN_POINT('',(-0.022,0.04155,0.0406));
#4989=CARTESIAN_POINT('',(-0.0381,0.04155,0.0386));
#4990=CARTESIAN_POINT('',(-0.0381,0.03555,0.0386));
#4991=CARTESIAN_POINT('',(-0.0381,0.03555,0.0316));
#4992=CARTESIAN_POINT('',(-0.0381,-0.02945,0.0316));
#4993=CARTESIAN_POINT('',(0.0321,-0.02945,0.0136));
#4994=CARTESIAN_POINT('',(0.0321,-0.02945,0.0186));
#4995=CARTESIAN_POINT('',(0.0321,-0.02845,0.0186));
#4996=CARTESIAN_POINT('',(0.0321,0.03555,0.0186));
#4997=CARTESIAN_POINT('',(0.0321,-0.02845,0.0159062141714877));
#4998=CARTESIAN_POINT('',(0.0321,-0.02945,0.0136));
#4999=CARTESIAN_POINT('',(0.0321,0.03555,0.0136));
#5000=CARTESIAN_POINT('',(0.0321,0.03555,0.0136));
#5001=CARTESIAN_POINT('',(0.0297012435940125,-0.02945,0.0246));
#5002=CARTESIAN_POINT('',(0.0297012435940125,0.03555,0.0246));
#5003=CARTESIAN_POINT('',(0.0289471042776069,0.03555,0.0264863257174173));
#5004=CARTESIAN_POINT('',(0.0289471042776069,-0.02945,0.0264863257174173));
#5005=CARTESIAN_POINT('',(0.0289471042776069,-0.02845,0.0264863257174173));
#5006=CARTESIAN_POINT('',(0.0321,-0.02845,0.0186));
#5007=CARTESIAN_POINT('',(-0.0266949212759433,-0.02945,0.0321197022354546));
#5008=CARTESIAN_POINT('',(-0.0289471042776069,0.0414282671394414,0.0264863257174173));
#5009=CARTESIAN_POINT('',(-0.0289471042776069,-0.02845,0.0264863257174173));
#5010=CARTESIAN_POINT('',(-0.0289471042776069,0.03555,0.0264863257174173));
#5011=CARTESIAN_POINT('',(-0.0266949212759433,0.03555,0.0321197022354546));
#5012=CARTESIAN_POINT('',(-0.0321,0.03555,0.0186));
#5013=CARTESIAN_POINT('',(-0.0321,-0.02945,0.0186));
#5014=CARTESIAN_POINT('',(-0.0321,-0.02845,0.0186));
#5015=CARTESIAN_POINT('',(-0.0266949212759433,-0.02845,0.0321197022354546));
#5016=CARTESIAN_POINT('',(-0.0321,-0.02945,0.0136));
#5017=CARTESIAN_POINT('',(-0.0321,-0.02845,0.0159062141714877));
#5018=CARTESIAN_POINT('',(-0.0321,0.03555,0.0136));
#5019=CARTESIAN_POINT('',(-0.0321,0.03555,0.0136));
#5020=CARTESIAN_POINT('',(-0.0321,-0.02945,0.0136));
#5021=CARTESIAN_POINT('',(-1.08082459562418E-18,-0.02945,0.0136));
#5022=CARTESIAN_POINT('',(0.0261,0.03555,0.0136));
#5023=CARTESIAN_POINT('',(-0.0261,0.03555,0.0136));
#5024=CARTESIAN_POINT('',(-0.0116224139928817,-0.00748275877311828,0.0136));
#5025=CARTESIAN_POINT('',(-0.0134724139928817,-0.00748275877311828,0.0136));
#5026=CARTESIAN_POINT('',(0.0116224139928818,-0.00748275877311828,0.0136));
#5027=CARTESIAN_POINT('',(0.00977241399288182,-0.00748275877311828,0.0136));
#5028=CARTESIAN_POINT('',(-0.0116224139928817,0.0245827587731182,0.0136));
#5029=CARTESIAN_POINT('',(-0.0134724139928817,0.0245827587731182,0.0136));
#5030=CARTESIAN_POINT('',(0.0116224139928818,0.0245827587731182,0.0136));
#5031=CARTESIAN_POINT('',(0.00977241399288184,0.0245827587731182,0.0136));
#5032=CARTESIAN_POINT('',(0.01415,-0.02945,0.0406));
#5033=CARTESIAN_POINT('',(0.01215,-0.02945,0.0406));
#5034=CARTESIAN_POINT('',(0.01215,-0.02795,0.0406));
#5035=CARTESIAN_POINT('',(0.01415,-0.02795,0.0406));
#5036=CARTESIAN_POINT('',(0.01055,-0.02945,0.0406));
#5037=CARTESIAN_POINT('',(0.01415,-0.02595,0.0406));
#5038=CARTESIAN_POINT('',(0.00895,-0.02945,0.0406));
#5039=CARTESIAN_POINT('',(-4.55027154757779E-18,-0.02945,0.0406));
#5040=CARTESIAN_POINT('',(-0.00895,-0.02945,0.0406));
#5041=CARTESIAN_POINT('',(-0.01055,-0.02945,0.0406));
#5042=CARTESIAN_POINT('',(-0.01215,-0.02945,0.0406));
#5043=CARTESIAN_POINT('',(-0.01215,-0.02795,0.0406));
#5044=CARTESIAN_POINT('',(-0.01415,-0.02595,0.0406));
#5045=CARTESIAN_POINT('',(-0.01415,-0.02945,0.0406));
#5046=CARTESIAN_POINT('',(-0.01415,-0.02795,0.0406));
#5047=CARTESIAN_POINT('',(2.54968718648565E-18,0.04155,0.0406));
#5048=CARTESIAN_POINT('',(0.0144260031384729,0.0258708914093327,0.0239855766079907));
#5049=CARTESIAN_POINT('',(0.0147204158386341,0.0245816696834726,0.0242510476353531));
#5050=CARTESIAN_POINT('',(0.0144268174642818,0.0232989824954863,0.0239864004126521));
#5051=CARTESIAN_POINT('',(0.0137306288304481,0.022352964279066,0.0233996265933702));
#5052=CARTESIAN_POINT('',(0.0128045640396936,0.021756584736766,0.0226964732253041));
#5053=CARTESIAN_POINT('',(0.0113944327032098,0.0214382992803226,0.0217437886154797));
#5054=CARTESIAN_POINT('',(0.00985149982309833,0.0219244381658948,0.0209080345669003));
#5055=CARTESIAN_POINT('',(0.00881995588390705,0.0232758888660476,0.0204429797912903));
#5056=CARTESIAN_POINT('',(0.00852694389502411,0.0245678205996592,0.0203201168462094));
#5057=CARTESIAN_POINT('',(0.00880697041174181,0.025860809274216,0.0204371826763466));
#5058=CARTESIAN_POINT('',(0.00957098738235147,0.0268851918908785,0.0207820005840621));
#5059=CARTESIAN_POINT('',(0.0106166697487196,0.0274872800941275,0.0213173601116119));
#5060=CARTESIAN_POINT('',(0.0117368766343541,0.027646912988822,0.0219769029994228));
#5061=CARTESIAN_POINT('',(0.0128023956550674,0.0274105189652536,0.0226944765254591));
#5062=CARTESIAN_POINT('',(0.013724964968997,0.0268171652212187,0.0233952364663556));
#5063=CARTESIAN_POINT('',(0.0144260031384729,0.0258708914093327,0.0239855766079907));
#5064=CARTESIAN_POINT('',(0.0147204158386341,0.0245816696834726,0.0242510476353531));
#5065=CARTESIAN_POINT('',(0.0144268174642818,0.0232989824954863,0.0239864004126521));
#5066=CARTESIAN_POINT('',(0.0146224139928818,0.0245827587731182,0.0241626945936758));
#5067=CARTESIAN_POINT('',(-0.00881409550352534,-0.00618765671417019,0.0204404983547392));
#5068=CARTESIAN_POINT('',(-0.00852691349789996,-0.00748389839020929,0.0203200251978348));
#5069=CARTESIAN_POINT('',(-0.00881273446216517,-0.00877330236370232,0.0204399378706195));
#5070=CARTESIAN_POINT('',(-0.00983855764814485,-0.0101347468894365,0.0209015599275681));
#5071=CARTESIAN_POINT('',(-0.0113925709224651,-0.0106291694448511,0.0217421946281555));
#5072=CARTESIAN_POINT('',(-0.0128068021931726,-0.010307261454504,0.0226981977225222));
#5073=CARTESIAN_POINT('',(-0.0137261315451132,-0.009716675155701,0.0233960763246338));
#5074=CARTESIAN_POINT('',(-0.0144273440430433,-0.00876621385649209,0.023986773117996));
#5075=CARTESIAN_POINT('',(-0.0147201693068812,-0.00748688873111622,0.0242508348006297));
#5076=CARTESIAN_POINT('',(-0.0144264580783483,-0.00619566413136791,0.0239860511419899));
#5077=CARTESIAN_POINT('',(-0.0137274882968487,-0.00525027075330121,0.023397080066426));
#5078=CARTESIAN_POINT('',(-0.0128009153943888,-0.00465490254744636,0.022693834989723));
#5079=CARTESIAN_POINT('',(-0.011387143924675,-0.0043379668273454,0.0217391863208723));
#5080=CARTESIAN_POINT('',(-0.00984129469583789,-0.00483070386846063,0.0209030025963817));
#5081=CARTESIAN_POINT('',(-0.00881409550352534,-0.00618765671417019,0.0204404983547392));
#5082=CARTESIAN_POINT('',(-0.00852691349789996,-0.00748389839020929,0.0203200251978348));
#5083=CARTESIAN_POINT('',(-0.00881273446216517,-0.00877330236370232,0.0204399378706195));
#5084=CARTESIAN_POINT('',(-0.00862241399288173,-0.00748275877311828,0.020360089502783));
#5085=CARTESIAN_POINT('',(0.0144260031384729,-0.00619462613690385,0.0239855766079907));
#5086=CARTESIAN_POINT('',(0.0147204158386341,-0.00748384786276391,0.0242510476353531));
#5087=CARTESIAN_POINT('',(0.0144268174642818,-0.0087665350507502,0.0239864004126521));
#5088=CARTESIAN_POINT('',(0.0137306288304481,-0.00971255326717057,0.0233996265933702));
#5089=CARTESIAN_POINT('',(0.0128045640396936,-0.0103089328094705,0.0226964732253041));
#5090=CARTESIAN_POINT('',(0.0113944327032098,-0.0106272182659139,0.0217437886154796));
#5091=CARTESIAN_POINT('',(0.00985149982309832,-0.0101410793803418,0.0209080345669003));
#5092=CARTESIAN_POINT('',(0.00881995588390702,-0.00878962868018894,0.0204429797912903));
#5093=CARTESIAN_POINT('',(0.00852694389502409,-0.00749769694657736,0.0203201168462094));
#5094=CARTESIAN_POINT('',(0.00880697041174179,-0.00620470827202051,0.0204371826763466));
#5095=CARTESIAN_POINT('',(0.00957098738235145,-0.005180325655358,0.0207820005840621));
#5096=CARTESIAN_POINT('',(0.0106166697487196,-0.00457823745210898,0.0213173601116119));
#5097=CARTESIAN_POINT('',(0.0117368766343541,-0.00441860455741454,0.0219769029994228));
#5098=CARTESIAN_POINT('',(0.0128023956550674,-0.00465499858098295,0.0226944765254591));
#5099=CARTESIAN_POINT('',(0.013724964968997,-0.00524835232501782,0.0233952364663556));
#5100=CARTESIAN_POINT('',(0.0144260031384729,-0.00619462613690385,0.0239855766079907));
#5101=CARTESIAN_POINT('',(0.0147204158386341,-0.00748384786276391,0.0242510476353531));
#5102=CARTESIAN_POINT('',(0.0144268174642818,-0.0087665350507502,0.0239864004126521));
#5103=CARTESIAN_POINT('',(0.0146224139928818,-0.00748275877311828,0.0241626945936758));
#5104=CARTESIAN_POINT('',(-0.00881409550352533,0.0258778608320664,0.0204404983547392));
#5105=CARTESIAN_POINT('',(-0.00852691349789998,0.0245816191560272,0.0203200251978348));
#5106=CARTESIAN_POINT('',(-0.00881273446216514,0.0232922151825342,0.0204399378706195));
#5107=CARTESIAN_POINT('',(-0.00983855764814483,0.0219307706568,0.0209015599275681));
#5108=CARTESIAN_POINT('',(-0.0113925709224651,0.0214363481013854,0.0217421946281555));
#5109=CARTESIAN_POINT('',(-0.0128068021931726,0.0217582560917325,0.0226981977225221));
#5110=CARTESIAN_POINT('',(-0.0137261315451132,0.0223488423905355,0.0233960763246338));
#5111=CARTESIAN_POINT('',(-0.0144273440430432,0.0232993036897444,0.023986773117996));
#5112=CARTESIAN_POINT('',(-0.0147201693068812,0.0245786288151203,0.0242508348006297));
#5113=CARTESIAN_POINT('',(-0.0144264580783483,0.0258698534148686,0.0239860511419899));
#5114=CARTESIAN_POINT('',(-0.0137274882968487,0.0268152467929353,0.023397080066426));
#5115=CARTESIAN_POINT('',(-0.0128009153943888,0.0274106149987902,0.022693834989723));
#5116=CARTESIAN_POINT('',(-0.011387143924675,0.0277275507188911,0.0217391863208723));
#5117=CARTESIAN_POINT('',(-0.00984129469583786,0.0272348136777759,0.0209030025963817));
#5118=CARTESIAN_POINT('',(-0.00881409550352533,0.0258778608320664,0.0204404983547392));
#5119=CARTESIAN_POINT('',(-0.00852691349789998,0.0245816191560272,0.0203200251978348));
#5120=CARTESIAN_POINT('',(-0.00881273446216514,0.0232922151825342,0.0204399378706195));
#5121=CARTESIAN_POINT('',(-0.00862241399288173,0.0245827587731182,0.020360089502783));
#5122=CARTESIAN_POINT('',(-0.0116224139928817,0.0245827587731182,0.0166));
#5123=CARTESIAN_POINT('',(-0.0116224139928817,0.0245827587731182,0.0166));
#5124=CARTESIAN_POINT('',(-0.00862241399288172,0.0245827587731182,0.0166));
#5125=CARTESIAN_POINT('',(5.55111512312578E-17,0.00855,0.0166));
#5126=CARTESIAN_POINT('',(-0.0116224139928817,0.0245827587731182,0.0166));
#5127=CARTESIAN_POINT('',(-0.00977241399288172,0.0245827587731182,0.0166));
#5128=CARTESIAN_POINT('',(0.0116224139928818,-0.00748275877311828,0.0166));
#5129=CARTESIAN_POINT('',(0.0116224139928818,-0.00748275877311828,0.0166));
#5130=CARTESIAN_POINT('',(0.0146224139928818,-0.00748275877311828,0.0166));
#5131=CARTESIAN_POINT('',(5.55111512312578E-17,0.00855,0.0166));
#5132=CARTESIAN_POINT('',(0.0116224139928818,-0.00748275877311828,0.0166));
#5133=CARTESIAN_POINT('',(0.0134724139928818,-0.00748275877311828,0.0166));
#5134=CARTESIAN_POINT('',(-0.0116224139928817,-0.00748275877311828,0.0166));
#5135=CARTESIAN_POINT('',(-0.0116224139928817,-0.00748275877311828,0.0166));
#5136=CARTESIAN_POINT('',(-0.00862241399288174,-0.00748275877311828,0.0166));
#5137=CARTESIAN_POINT('',(5.55111512312578E-17,0.00855,0.0166));
#5138=CARTESIAN_POINT('',(-0.0116224139928817,-0.00748275877311828,0.0166));
#5139=CARTESIAN_POINT('',(-0.00977241399288174,-0.00748275877311828,0.0166));
#5140=CARTESIAN_POINT('',(0.0116224139928818,0.0245827587731182,0.0166));
#5141=CARTESIAN_POINT('',(0.0116224139928818,0.0245827587731182,0.0166));
#5142=CARTESIAN_POINT('',(0.0146224139928818,0.0245827587731182,0.0166));
#5143=CARTESIAN_POINT('',(5.55111512312578E-17,0.00855,0.0166));
#5144=CARTESIAN_POINT('',(0.0116224139928818,0.0245827587731182,0.0166));
#5145=CARTESIAN_POINT('',(0.0134724139928818,0.0245827587731182,0.0166));
#5146=CARTESIAN_POINT('',(0.0116224139928818,0.0245827587731182,-0.0068));
#5147=CARTESIAN_POINT('',(-0.0116224139928817,-0.00748275877311828,-0.0068));
#5148=CARTESIAN_POINT('',(0.0116224139928818,-0.00748275877311828,-0.0068));
#5149=CARTESIAN_POINT('',(-0.0116224139928817,0.0245827587731182,-0.0068));
#5150=CARTESIAN_POINT('',(-0.01415,-0.02945,0.0406));
#5151=CARTESIAN_POINT('',(0.01415,-0.02795,0.0406));
#5152=CARTESIAN_POINT('',(-0.0327012435940125,0.04155,0.0306));
#5153=CARTESIAN_POINT('',(-0.0371,0.04155,0.0306));
#5154=CARTESIAN_POINT('',(-0.0371,-0.02845,0.0306));
#5155=CARTESIAN_POINT('',(-0.0371,0.03555,0.0306));
#5156=CARTESIAN_POINT('',(-0.0261,0.03555,0.0306));
#5157=CARTESIAN_POINT('',(-0.0317327333972698,0.03555,0.0306));
#5158=CARTESIAN_POINT('',(-0.0317327333972698,-0.02945,0.0306));
#5159=CARTESIAN_POINT('',(-0.0317327333972698,-0.02845,0.0306));
#5160=CARTESIAN_POINT('',(-0.0327012435940125,-0.02845,0.0306));
#5161=CARTESIAN_POINT('',(0.0327012435940125,0.04155,0.0306));
#5162=CARTESIAN_POINT('',(0.0317327333972699,0.0414282671394413,0.0306));
#5163=CARTESIAN_POINT('',(0.0317327333972698,-0.02845,0.0306));
#5164=CARTESIAN_POINT('',(0.0317327333972699,0.03555,0.0306));
#5165=CARTESIAN_POINT('',(0.0327012435940125,0.03555,0.0306));
#5166=CARTESIAN_POINT('',(0.0371,0.03555,0.0306));
#5167=CARTESIAN_POINT('',(0.0371,-0.02945,0.0306));
#5168=CARTESIAN_POINT('',(0.0371,-0.02845,0.0306));
#5169=CARTESIAN_POINT('',(0.0317327333972698,-0.02845,0.0306));
#5170=CARTESIAN_POINT('',(-0.03255,-0.01945,0.0336));
#5171=CARTESIAN_POINT('',(-0.03255,-0.01945,0.0391));
#5172=CARTESIAN_POINT('',(-0.03534,-0.01945,0.0391));
#5173=CARTESIAN_POINT('',(-0.03255,-0.01945,0.0336));
#5174=CARTESIAN_POINT('',(-0.02976,-0.01945,0.0336));
#5175=CARTESIAN_POINT('',(6.93889390390723E-18,0.00605,0.0336));
#5176=CARTESIAN_POINT('',(-0.03255,-0.00395,0.0336));
#5177=CARTESIAN_POINT('',(-0.03255,-0.00395,0.0391));
#5178=CARTESIAN_POINT('',(-0.03534,-0.00395,0.0391));
#5179=CARTESIAN_POINT('',(-0.03255,-0.00395,0.0336));
#5180=CARTESIAN_POINT('',(-0.02976,-0.00395,0.0336));
#5181=CARTESIAN_POINT('',(6.93889390390723E-18,0.00605,0.0336));
#5182=CARTESIAN_POINT('',(-0.03255,0.01605,0.0336));
#5183=CARTESIAN_POINT('',(-0.03255,0.01605,0.0391));
#5184=CARTESIAN_POINT('',(-0.03534,0.01605,0.0391));
#5185=CARTESIAN_POINT('',(-0.03255,0.01605,0.0336));
#5186=CARTESIAN_POINT('',(-0.02976,0.01605,0.0336));
#5187=CARTESIAN_POINT('',(6.93889390390723E-18,0.00605,0.0336));
#5188=CARTESIAN_POINT('',(-0.03255,0.03155,0.0336));
#5189=CARTESIAN_POINT('',(-0.03255,0.03155,0.0391));
#5190=CARTESIAN_POINT('',(-0.03534,0.03155,0.0391));
#5191=CARTESIAN_POINT('',(-0.03255,0.03155,0.0336));
#5192=CARTESIAN_POINT('',(-0.02976,0.03155,0.0336));
#5193=CARTESIAN_POINT('',(6.93889390390723E-18,0.00605,0.0336));
#5194=CARTESIAN_POINT('',(0.03255,0.03155,0.0336));
#5195=CARTESIAN_POINT('',(0.03255,0.03155,0.0391));
#5196=CARTESIAN_POINT('',(0.02976,0.03155,0.0391));
#5197=CARTESIAN_POINT('',(0.03255,0.03155,0.0336));
#5198=CARTESIAN_POINT('',(0.03534,0.03155,0.0336));
#5199=CARTESIAN_POINT('',(6.93889390390723E-18,0.00605,0.0336));
#5200=CARTESIAN_POINT('',(0.03255,0.01605,0.0336));
#5201=CARTESIAN_POINT('',(0.03255,0.01605,0.0391));
#5202=CARTESIAN_POINT('',(0.02976,0.01605,0.0391));
#5203=CARTESIAN_POINT('',(0.03255,0.01605,0.0336));
#5204=CARTESIAN_POINT('',(0.03534,0.01605,0.0336));
#5205=CARTESIAN_POINT('',(6.93889390390723E-18,0.00605,0.0336));
#5206=CARTESIAN_POINT('',(0.03255,-0.00395,0.0336));
#5207=CARTESIAN_POINT('',(0.03255,-0.00395,0.0391));
#5208=CARTESIAN_POINT('',(0.02976,-0.00395,0.0391));
#5209=CARTESIAN_POINT('',(0.03255,-0.00395,0.0336));
#5210=CARTESIAN_POINT('',(0.03534,-0.00395,0.0336));
#5211=CARTESIAN_POINT('',(6.93889390390723E-18,0.00605,0.0336));
#5212=CARTESIAN_POINT('',(0.03255,-0.01945,0.0336));
#5213=CARTESIAN_POINT('',(0.03255,-0.01945,0.0391));
#5214=CARTESIAN_POINT('',(0.02976,-0.01945,0.0391));
#5215=CARTESIAN_POINT('',(0.03255,-0.01945,0.0336));
#5216=CARTESIAN_POINT('',(0.03534,-0.01945,0.0336));
#5217=CARTESIAN_POINT('',(6.93889390390723E-18,0.00605,0.0336));
#5218=CARTESIAN_POINT('',(0.03255,-0.01945,0.0391));
#5219=CARTESIAN_POINT('',(0.03255,-0.00395,0.0391));
#5220=CARTESIAN_POINT('',(0.03255,0.01605,0.0391));
#5221=CARTESIAN_POINT('',(0.03255,0.03155,0.0391));
#5222=CARTESIAN_POINT('',(-0.03255,-0.01945,0.0391));
#5223=CARTESIAN_POINT('',(-0.03255,-0.00395,0.0391));
#5224=CARTESIAN_POINT('',(-0.03255,0.01605,0.0391));
#5225=CARTESIAN_POINT('',(-0.03255,0.03155,0.0391));
#5226=CARTESIAN_POINT('',(0.0261,0.03555,0.0136));
#5227=CARTESIAN_POINT('',(0.0261,0.03555,0.0174450615210042));
#5228=CARTESIAN_POINT('',(-0.0261,0.03555,0.0376));
#5229=CARTESIAN_POINT('',(-0.0261,0.03555,0.0174450615210043));
#5230=CARTESIAN_POINT('',(0.0317327333972698,-0.02945,0.0276));
#5231=CARTESIAN_POINT('',(0.0317327333972699,0.03555,0.0276));
#5232=CARTESIAN_POINT('',(0.0317327333972698,-0.02845,0.0276));
#5233=CARTESIAN_POINT('',(-0.0317327333972698,0.04155,0.0276));
#5234=CARTESIAN_POINT('',(-0.0317327333972698,0.03555,0.0276));
#5235=CARTESIAN_POINT('',(-0.0317327333972698,-0.02845,0.0276));
#5236=CARTESIAN_POINT('',(0.0201985606486691,-0.02845,0.0456752377912869));
#5237=CARTESIAN_POINT('',(0.0280185612377193,-0.02845,0.0261151009565564));
#5238=CARTESIAN_POINT('',(0.0317327333972698,-0.02845,0.0276));
#5239=CARTESIAN_POINT('',(0.0317327333972698,-0.02845,0.0316));
#5240=CARTESIAN_POINT('',(0.0327012435940125,-0.02845,0.0316));
#5241=CARTESIAN_POINT('',(0.0371,-0.02845,0.0316));
#5242=CARTESIAN_POINT('',(0.0371,0.04155,0.0316));
#5243=CARTESIAN_POINT('',(0.0371,0.03555,0.0316));
#5244=CARTESIAN_POINT('',(-0.0257663782360557,-0.02845,0.0317484774745937));
#5245=CARTESIAN_POINT('',(-0.0280185612377193,-0.02845,0.0261151009565564));
#5246=CARTESIAN_POINT('',(-0.0317327333972698,-0.02845,0.0276));
#5247=CARTESIAN_POINT('',(-0.0317327333972698,-0.02845,0.0316));
#5248=CARTESIAN_POINT('',(-3.21004904900381E-18,-0.02845,0.0316));
#5249=CARTESIAN_POINT('',(-0.0371,-0.02845,0.0316));
#5250=CARTESIAN_POINT('',(-0.0371,0.04155,0.0316));
#5251=CARTESIAN_POINT('',(-0.0371,0.03555,0.0316));
#5252=CARTESIAN_POINT('',(-0.0211236630366176,0.03555,0.029892353670289));
#5253=CARTESIAN_POINT('',(-0.0233758460382811,0.03555,0.0242589771522517));
#5254=CARTESIAN_POINT('',(-0.0317327333972698,0.03555,0.0276));
#5255=CARTESIAN_POINT('',(-0.0317327333972698,0.03555,0.0366));
#5256=CARTESIAN_POINT('',(-0.0327012435940125,0.03555,0.0366));
#5257=CARTESIAN_POINT('',(-0.0321,0.03555,0.0366));
#5258=CARTESIAN_POINT('',(-0.0321,0.04155,0.0366));
#5259=CARTESIAN_POINT('',(-0.0321,0.04155,0.0366));
#5260=CARTESIAN_POINT('',(-0.0321,0.04155,0.0366));
#5261=CARTESIAN_POINT('',(-0.0327544984738654,0.04155,0.0358146018313686));
#5262=CARTESIAN_POINT('',(-0.0328199483284516,0.0415500000000043,0.0358800516715523));
#5263=CARTESIAN_POINT('',(-0.0328853981686346,0.04155,0.0359455015261378));
#5264=CARTESIAN_POINT('',(-0.034063190293637,0.0412375874545266,0.0342441716476321));
#5265=CARTESIAN_POINT('',(-0.0343147593541116,0.0412741123332611,0.0343852406458864));
#5266=CARTESIAN_POINT('',(-0.0344558283523664,0.0412375874545266,0.0346368097063615));
#5267=CARTESIAN_POINT('',(-0.0357275892324251,0.0399031070795634,0.0322468929210915));
#5268=CARTESIAN_POINT('',(-0.0362642438086958,0.0400811300470336,0.0324357561913056));
#5269=CARTESIAN_POINT('',(-0.0364531070789089,0.0399031070795634,0.0329724107675753));
#5270=CARTESIAN_POINT('',(-0.0368396562122591,0.0379058283499356,0.0309124125452864));
#5271=CARTESIAN_POINT('',(-0.0377113530251214,0.0381581863830951,0.0309886469748747));
#5272=CARTESIAN_POINT('',(-0.0377875874547135,0.0379058283499356,0.0318603437877408));
#5273=CARTESIAN_POINT('',(-0.0371000000000045,0.0363353981738701,0.0306));
#5274=CARTESIAN_POINT('',(-0.0381000000000089,0.0364662978538016,0.0305999999999995));
#5275=CARTESIAN_POINT('',(-0.0381,0.0363353981738701,0.0315999999999955));
#5276=CARTESIAN_POINT('',(-0.0371,0.03555,0.0306));
#5277=CARTESIAN_POINT('',(-0.0381,0.03555,0.0306));
#5278=CARTESIAN_POINT('',(-0.0381,0.03555,0.0316));
#5279=CARTESIAN_POINT('',(-0.0321,0.03555,0.0366));
#5280=CARTESIAN_POINT('',(-0.0321,0.03555,0.0376));
#5281=CARTESIAN_POINT('',(0.0155558454492309,0.03555,0.0438191139869823));
#5282=CARTESIAN_POINT('',(0.0233758460382812,0.03555,0.0242589771522517));
#5283=CARTESIAN_POINT('',(0.0317327333972699,0.03555,0.0276));
#5284=CARTESIAN_POINT('',(0.0317327333972699,0.03555,0.0366));
#5285=CARTESIAN_POINT('',(1.06245057749857E-17,0.03555,0.0366));
#5286=CARTESIAN_POINT('',(0.0321,0.03555,0.0366));
#5287=CARTESIAN_POINT('',(0.0321,0.04155,0.0366));
#5288=CARTESIAN_POINT('',(0.0321,0.04155,0.0366));
#5289=CARTESIAN_POINT('',(0.0321,0.04155,0.0366));
#5290=CARTESIAN_POINT('',(0.0328853981686314,0.04155,0.0359455015261346));
#5291=CARTESIAN_POINT('',(0.0328199483284451,0.0415500000000043,0.0358800516715459));
#5292=CARTESIAN_POINT('',(0.0327544984738622,0.04155,0.0358146018313654));
#5293=CARTESIAN_POINT('',(0.0344558283523679,0.0412375874545266,0.034636809706363));
#5294=CARTESIAN_POINT('',(0.0343147593541146,0.0412741123332611,0.0343852406458894));
#5295=CARTESIAN_POINT('',(0.0340631902936385,0.0412375874545266,0.0342441716476336));
#5296=CARTESIAN_POINT('',(0.0364531070789085,0.0399031070795631,0.0329724107675749));
#5297=CARTESIAN_POINT('',(0.0362642438086949,0.0400811300470336,0.0324357561913047));
#5298=CARTESIAN_POINT('',(0.0357275892324247,0.0399031070795631,0.0322468929210911));
#5299=CARTESIAN_POINT('',(0.0377875874547137,0.0379058283499367,0.031860343787741));
#5300=CARTESIAN_POINT('',(0.0377113530251217,0.0381581863830951,0.030988646974875));
#5301=CARTESIAN_POINT('',(0.0368396562122592,0.0379058283499367,0.0309124125452865));
#5302=CARTESIAN_POINT('',(0.0381,0.0363353981738678,0.0315999999999955));
#5303=CARTESIAN_POINT('',(0.0381000000000089,0.0364662978538016,0.0305999999999995));
#5304=CARTESIAN_POINT('',(0.0371000000000045,0.0363353981738678,0.0306));
#5305=CARTESIAN_POINT('',(0.0381,0.03555,0.0316));
#5306=CARTESIAN_POINT('',(0.0381,0.03555,0.0306));
#5307=CARTESIAN_POINT('',(0.0371,0.03555,0.0306));
#5308=CARTESIAN_POINT('',(0.0321,0.03555,0.0366));
#5309=CARTESIAN_POINT('',(0.0321,0.03555,0.0386));
#5310=CARTESIAN_POINT('',(0.0137974286762828,-0.02445,0.0339609775529811));
#5311=CARTESIAN_POINT('',(0.0105899192968141,-0.02945,0.0354609775529811));
#5312=CARTESIAN_POINT('',(0.0110141416199025,-0.0277881454679402,0.0349624211933632));
#5313=CARTESIAN_POINT('',(0.011414529116965,-0.0261210100595531,0.034462280570847));
#5314=CARTESIAN_POINT('',(0.0117974286762828,-0.02445,0.0339609775529811));
#5315=CARTESIAN_POINT('',(0.0175242872681877,-0.02945,0.0354609775529811));
#5316=CARTESIAN_POINT('',(0.0169743561212958,-0.0277751938459611,0.0349585357067694));
#5317=CARTESIAN_POINT('',(0.0164012541001267,-0.0261077294943675,0.0344582964012914));
#5318=CARTESIAN_POINT('',(0.0157974286762827,-0.02445,0.0339609775529811));
#5319=CARTESIAN_POINT('',(-6.93889390390723E-17,-0.02945,0.0370458040224447));
#5320=CARTESIAN_POINT('',(-0.0157974286762829,-0.02445,0.0339609775529811));
#5321=CARTESIAN_POINT('',(-0.0164012541001268,-0.0261077294943676,0.0344582964012913));
#5322=CARTESIAN_POINT('',(-0.0169743561212959,-0.0277751938459611,0.0349585357067694));
#5323=CARTESIAN_POINT('',(-0.0175242872681878,-0.02945,0.0354609775529811));
#5324=CARTESIAN_POINT('',(-1.97358571160975E-17,-0.02445,0.0371782537347683));
#5325=CARTESIAN_POINT('',(-0.0105899192968142,-0.02945,0.0354609775529811));
#5326=CARTESIAN_POINT('',(-0.0110141416199026,-0.0277881454679402,0.0349624211933632));
#5327=CARTESIAN_POINT('',(-0.0114145291169651,-0.0261210100595531,0.034462280570847));
#5328=CARTESIAN_POINT('',(-0.0117974286762828,-0.02445,0.0339609775529811));
#5329=CARTESIAN_POINT('',(-3.42621396812864E-18,-0.02945,0.0354609775529811));
#5330=MECHANICAL_DESIGN_GEOMETRIC_PRESENTATION_REPRESENTATION('',(#3042),
#5332);
#5331=MECHANICAL_DESIGN_GEOMETRIC_PRESENTATION_REPRESENTATION('',(#3043),
#5333);
#5332=(
GEOMETRIC_REPRESENTATION_CONTEXT(3)
GLOBAL_UNCERTAINTY_ASSIGNED_CONTEXT((#5334))
GLOBAL_UNIT_ASSIGNED_CONTEXT((#5340,#5338,#5336))
REPRESENTATION_CONTEXT('top-motor-holder','TOP_LEVEL_ASSEMBLY_PART')
);
#5333=(
GEOMETRIC_REPRESENTATION_CONTEXT(3)
GLOBAL_UNCERTAINTY_ASSIGNED_CONTEXT((#5335))
GLOBAL_UNIT_ASSIGNED_CONTEXT((#5341,#5339,#5337))
REPRESENTATION_CONTEXT('btm-motor-holder','TOP_LEVEL_ASSEMBLY_PART')
);
#5334=UNCERTAINTY_MEASURE_WITH_UNIT(LENGTH_MEASURE(2.58210173797677E-5),
#5340,'DISTANCE_ACCURACY_VALUE','Maximum Tolerance applied to model');
#5335=UNCERTAINTY_MEASURE_WITH_UNIT(LENGTH_MEASURE(2.E-5),#5341,
'DISTANCE_ACCURACY_VALUE','Maximum Tolerance applied to model');
#5336=(
NAMED_UNIT(*)
SI_UNIT($,.STERADIAN.)
SOLID_ANGLE_UNIT()
);
#5337=(
NAMED_UNIT(*)
SI_UNIT($,.STERADIAN.)
SOLID_ANGLE_UNIT()
);
#5338=(
NAMED_UNIT(*)
PLANE_ANGLE_UNIT()
SI_UNIT($,.RADIAN.)
);
#5339=(
NAMED_UNIT(*)
PLANE_ANGLE_UNIT()
SI_UNIT($,.RADIAN.)
);
#5340=(
LENGTH_UNIT()
NAMED_UNIT(*)
SI_UNIT($,.METRE.)
);
#5341=(
LENGTH_UNIT()
NAMED_UNIT(*)
SI_UNIT($,.METRE.)
);
#5342=PRODUCT_DEFINITION_SHAPE('','',#5344);
#5343=PRODUCT_DEFINITION_SHAPE('','',#5345);
#5344=PRODUCT_DEFINITION('','',#5348,#5346);
#5345=PRODUCT_DEFINITION('','',#5349,#5347);
#5346=PRODUCT_DEFINITION_CONTEXT('',#5360,'design');
#5347=PRODUCT_DEFINITION_CONTEXT('',#5361,'design');
#5348=PRODUCT_DEFINITION_FORMATION_WITH_SPECIFIED_SOURCE('','',#5352,
 .NOT_KNOWN.);
#5349=PRODUCT_DEFINITION_FORMATION_WITH_SPECIFIED_SOURCE('','',#5353,
 .NOT_KNOWN.);
#5350=PRODUCT_RELATED_PRODUCT_CATEGORY('','',(#5352));
#5351=PRODUCT_RELATED_PRODUCT_CATEGORY('','',(#5353));
#5352=PRODUCT('top-motor-holder','top-motor-holder','top-motor-holder',
(#5356));
#5353=PRODUCT('btm-motor-holder','btm-motor-holder','btm-motor-holder',
(#5357));
#5354=PRODUCT_CATEGORY('','');
#5355=PRODUCT_CATEGORY('','');
#5356=PRODUCT_CONTEXT('',#5360,'mechanical');
#5357=PRODUCT_CONTEXT('',#5361,'mechanical');
#5358=APPLICATION_PROTOCOL_DEFINITION('international standard',
'ap242_managed_model_based_3d_engineering',2020,#5360);
#5359=APPLICATION_PROTOCOL_DEFINITION('international standard',
'ap242_managed_model_based_3d_engineering',2020,#5361);
#5360=APPLICATION_CONTEXT('managed model based 3d engineering');
#5361=APPLICATION_CONTEXT('managed model based 3d engineering');
ENDSEC;
END-ISO-10303-21;
