ISO-10303-21;
HEADER;
/* Generated by software containing ST-Developer
 * from STEP Tools, Inc. (www.steptools.com) 
 */
/* OPTION: using custom renumber hook */

FILE_DESCRIPTION(
/* description */ ('STEP AP242 Edition 2',
'CAx-IF Rec.Pracs.---Representation and Presentation of Product Manufa
cturing Information (PMI)---4.0---2014-10-13',
'CAx-IF Rec.Pracs.---3D Tessellated Geometry---0.4---2014-09-14','2;1',
'CAx-IF Rec.Pracs.---User Defined Attributes---1.5---2016-08-15'),
/* implementation_level */ '2;1');

FILE_NAME(
/* name */ 'accesorys - cover-for-rpi-holder',
/* time_stamp */ '2026-10-03T16:55:52Z',
/* author */ (''),
/* organization */ (''),
/* preprocessor_version */ 'ST-DEVELOPER v20',
/* originating_system */ 'ONSHAPE BY PTC INC, 1.221',
/* authorisation */ '  ');

FILE_SCHEMA (('AP242_MANAGED_MODEL_BASED_3D_ENGINEERING_MIM_LF { 1 0 10303 442 3 1 4 }'));
ENDSEC;

DATA;
#10=SHAPE_REPRESENTATION_RELATIONSHIP('','',#2459,#11);
#11=ADVANCED_BREP_SHAPE_REPRESENTATION('',(#2457),#3889);
#12=TOROIDAL_SURFACE('',#2495,0.0015,0.001);
#13=TOROIDAL_SURFACE('',#2502,0.0015,0.001);
#14=TOROIDAL_SURFACE('',#2504,0.0015,0.001);
#15=TOROIDAL_SURFACE('',#2510,0.0015,0.001);
#16=PLANE('',#2464);
#17=PLANE('',#2468);
#18=PLANE('',#2472);
#19=PLANE('',#2488);
#20=PLANE('',#2489);
#21=PLANE('',#2494);
#22=PLANE('',#2511);
#23=PLANE('',#2512);
#24=PLANE('',#2513);
#25=PLANE('',#2514);
#26=PLANE('',#2515);
#27=PLANE('',#2516);
#28=PLANE('',#2517);
#29=PLANE('',#2518);
#30=PLANE('',#2519);
#31=PLANE('',#2520);
#32=PLANE('',#2521);
#33=PLANE('',#2522);
#34=PLANE('',#2523);
#35=PLANE('',#2524);
#36=PLANE('',#2525);
#37=PLANE('',#2526);
#38=PLANE('',#2527);
#39=PLANE('',#2528);
#40=PLANE('',#2529);
#41=PLANE('',#2530);
#42=PLANE('',#2531);
#43=PLANE('',#2532);
#44=PLANE('',#2533);
#45=PLANE('',#2534);
#46=PLANE('',#2535);
#47=PLANE('',#2536);
#48=PLANE('',#2537);
#49=PLANE('',#2538);
#50=PLANE('',#2539);
#51=PLANE('',#2540);
#52=PLANE('',#2541);
#53=PLANE('',#2542);
#54=PLANE('',#2543);
#55=PLANE('',#2544);
#56=PLANE('',#2545);
#57=PLANE('',#2546);
#58=PLANE('',#2547);
#59=PLANE('',#2548);
#60=PLANE('',#2549);
#61=PLANE('',#2550);
#62=PLANE('',#2551);
#63=PLANE('',#2552);
#64=PLANE('',#2553);
#65=PLANE('',#2554);
#66=PLANE('',#2555);
#67=PLANE('',#2556);
#68=PLANE('',#2557);
#69=PLANE('',#2558);
#70=PLANE('',#2559);
#71=PLANE('',#2560);
#72=PLANE('',#2561);
#73=PLANE('',#2562);
#74=PLANE('',#2563);
#75=PLANE('',#2564);
#76=PLANE('',#2565);
#77=PLANE('',#2566);
#78=PLANE('',#2567);
#79=PLANE('',#2568);
#80=PLANE('',#2569);
#81=PLANE('',#2570);
#82=PLANE('',#2571);
#83=PLANE('',#2572);
#84=PLANE('',#2573);
#85=PLANE('',#2574);
#86=PLANE('',#2575);
#87=PLANE('',#2576);
#88=PLANE('',#2577);
#89=PLANE('',#2578);
#90=PLANE('',#2579);
#91=PLANE('',#2580);
#92=PLANE('',#2581);
#93=PLANE('',#2582);
#94=PLANE('',#2583);
#95=PLANE('',#2584);
#96=PLANE('',#2585);
#97=PLANE('',#2586);
#98=PLANE('',#2587);
#99=PLANE('',#2588);
#100=PLANE('',#2589);
#101=PLANE('',#2590);
#102=PLANE('',#2591);
#103=PLANE('',#2592);
#104=PLANE('',#2593);
#105=PLANE('',#2594);
#106=PLANE('',#2595);
#107=PLANE('',#2596);
#108=PLANE('',#2597);
#109=PLANE('',#2598);
#110=PLANE('',#2599);
#111=PLANE('',#2600);
#112=PLANE('',#2601);
#113=PLANE('',#2602);
#114=PLANE('',#2603);
#115=PLANE('',#2604);
#116=PLANE('',#2605);
#117=PLANE('',#2606);
#118=CIRCLE('',#2462,0.0025);
#119=CIRCLE('',#2463,0.0025);
#120=CIRCLE('',#2466,0.0025);
#121=CIRCLE('',#2467,0.0025);
#122=CIRCLE('',#2470,0.0025);
#123=CIRCLE('',#2471,0.0025);
#124=CIRCLE('',#2474,0.0025);
#125=CIRCLE('',#2475,0.0025);
#126=CIRCLE('',#2477,0.00125);
#127=CIRCLE('',#2478,0.00125);
#128=CIRCLE('',#2480,0.00125);
#129=CIRCLE('',#2481,0.00125);
#130=CIRCLE('',#2483,0.00125);
#131=CIRCLE('',#2484,0.00125);
#132=CIRCLE('',#2486,0.00125);
#133=CIRCLE('',#2487,0.00125);
#134=CIRCLE('',#2490,0.0015);
#135=CIRCLE('',#2491,0.0015);
#136=CIRCLE('',#2492,0.0015);
#137=CIRCLE('',#2493,0.0015);
#138=CIRCLE('',#2496,0.001);
#139=CIRCLE('',#2497,0.001);
#140=CIRCLE('',#2499,0.001);
#141=CIRCLE('',#2501,0.001);
#142=CIRCLE('',#2503,0.001);
#143=CIRCLE('',#2505,0.001);
#144=CIRCLE('',#2507,0.001);
#145=CIRCLE('',#2509,0.001);
#146=ORIENTED_EDGE('',*,*,#818,.F.);
#147=ORIENTED_EDGE('',*,*,#819,.T.);
#148=ORIENTED_EDGE('',*,*,#820,.T.);
#149=ORIENTED_EDGE('',*,*,#821,.T.);
#150=ORIENTED_EDGE('',*,*,#822,.F.);
#151=ORIENTED_EDGE('',*,*,#823,.T.);
#152=ORIENTED_EDGE('',*,*,#818,.T.);
#153=ORIENTED_EDGE('',*,*,#824,.T.);
#154=ORIENTED_EDGE('',*,*,#825,.F.);
#155=ORIENTED_EDGE('',*,*,#826,.T.);
#156=ORIENTED_EDGE('',*,*,#822,.T.);
#157=ORIENTED_EDGE('',*,*,#827,.T.);
#158=ORIENTED_EDGE('',*,*,#828,.F.);
#159=ORIENTED_EDGE('',*,*,#829,.T.);
#160=ORIENTED_EDGE('',*,*,#825,.T.);
#161=ORIENTED_EDGE('',*,*,#830,.T.);
#162=ORIENTED_EDGE('',*,*,#831,.F.);
#163=ORIENTED_EDGE('',*,*,#832,.T.);
#164=ORIENTED_EDGE('',*,*,#828,.T.);
#165=ORIENTED_EDGE('',*,*,#833,.T.);
#166=ORIENTED_EDGE('',*,*,#834,.F.);
#167=ORIENTED_EDGE('',*,*,#835,.T.);
#168=ORIENTED_EDGE('',*,*,#831,.T.);
#169=ORIENTED_EDGE('',*,*,#836,.T.);
#170=ORIENTED_EDGE('',*,*,#837,.F.);
#171=ORIENTED_EDGE('',*,*,#838,.T.);
#172=ORIENTED_EDGE('',*,*,#834,.T.);
#173=ORIENTED_EDGE('',*,*,#839,.T.);
#174=ORIENTED_EDGE('',*,*,#840,.F.);
#175=ORIENTED_EDGE('',*,*,#841,.T.);
#176=ORIENTED_EDGE('',*,*,#842,.T.);
#177=ORIENTED_EDGE('',*,*,#843,.F.);
#178=ORIENTED_EDGE('',*,*,#844,.F.);
#179=ORIENTED_EDGE('',*,*,#845,.T.);
#180=ORIENTED_EDGE('',*,*,#846,.T.);
#181=ORIENTED_EDGE('',*,*,#847,.F.);
#182=ORIENTED_EDGE('',*,*,#820,.F.);
#183=ORIENTED_EDGE('',*,*,#848,.T.);
#184=ORIENTED_EDGE('',*,*,#837,.T.);
#185=ORIENTED_EDGE('',*,*,#849,.T.);
#186=ORIENTED_EDGE('',*,*,#850,.F.);
#187=ORIENTED_EDGE('',*,*,#851,.F.);
#188=ORIENTED_EDGE('',*,*,#852,.F.);
#189=ORIENTED_EDGE('',*,*,#853,.F.);
#190=ORIENTED_EDGE('',*,*,#854,.F.);
#191=ORIENTED_EDGE('',*,*,#855,.F.);
#192=ORIENTED_EDGE('',*,*,#856,.F.);
#193=ORIENTED_EDGE('',*,*,#857,.F.);
#194=ORIENTED_EDGE('',*,*,#858,.F.);
#195=ORIENTED_EDGE('',*,*,#859,.F.);
#196=ORIENTED_EDGE('',*,*,#860,.F.);
#197=ORIENTED_EDGE('',*,*,#861,.F.);
#198=ORIENTED_EDGE('',*,*,#862,.F.);
#199=ORIENTED_EDGE('',*,*,#863,.F.);
#200=ORIENTED_EDGE('',*,*,#864,.F.);
#201=ORIENTED_EDGE('',*,*,#865,.F.);
#202=ORIENTED_EDGE('',*,*,#866,.F.);
#203=ORIENTED_EDGE('',*,*,#867,.F.);
#204=ORIENTED_EDGE('',*,*,#868,.F.);
#205=ORIENTED_EDGE('',*,*,#869,.F.);
#206=ORIENTED_EDGE('',*,*,#870,.F.);
#207=ORIENTED_EDGE('',*,*,#871,.F.);
#208=ORIENTED_EDGE('',*,*,#872,.F.);
#209=ORIENTED_EDGE('',*,*,#873,.F.);
#210=ORIENTED_EDGE('',*,*,#874,.F.);
#211=ORIENTED_EDGE('',*,*,#875,.F.);
#212=ORIENTED_EDGE('',*,*,#876,.F.);
#213=ORIENTED_EDGE('',*,*,#877,.F.);
#214=ORIENTED_EDGE('',*,*,#878,.F.);
#215=ORIENTED_EDGE('',*,*,#879,.F.);
#216=ORIENTED_EDGE('',*,*,#880,.F.);
#217=ORIENTED_EDGE('',*,*,#881,.F.);
#218=ORIENTED_EDGE('',*,*,#882,.F.);
#219=ORIENTED_EDGE('',*,*,#883,.F.);
#220=ORIENTED_EDGE('',*,*,#884,.F.);
#221=ORIENTED_EDGE('',*,*,#885,.F.);
#222=ORIENTED_EDGE('',*,*,#886,.F.);
#223=ORIENTED_EDGE('',*,*,#887,.F.);
#224=ORIENTED_EDGE('',*,*,#888,.F.);
#225=ORIENTED_EDGE('',*,*,#889,.F.);
#226=ORIENTED_EDGE('',*,*,#890,.F.);
#227=ORIENTED_EDGE('',*,*,#891,.F.);
#228=ORIENTED_EDGE('',*,*,#892,.F.);
#229=ORIENTED_EDGE('',*,*,#893,.F.);
#230=ORIENTED_EDGE('',*,*,#894,.F.);
#231=ORIENTED_EDGE('',*,*,#895,.F.);
#232=ORIENTED_EDGE('',*,*,#896,.F.);
#233=ORIENTED_EDGE('',*,*,#897,.F.);
#234=ORIENTED_EDGE('',*,*,#898,.F.);
#235=ORIENTED_EDGE('',*,*,#899,.F.);
#236=ORIENTED_EDGE('',*,*,#900,.F.);
#237=ORIENTED_EDGE('',*,*,#901,.F.);
#238=ORIENTED_EDGE('',*,*,#902,.F.);
#239=ORIENTED_EDGE('',*,*,#903,.F.);
#240=ORIENTED_EDGE('',*,*,#904,.F.);
#241=ORIENTED_EDGE('',*,*,#905,.F.);
#242=ORIENTED_EDGE('',*,*,#906,.F.);
#243=ORIENTED_EDGE('',*,*,#907,.F.);
#244=ORIENTED_EDGE('',*,*,#908,.F.);
#245=ORIENTED_EDGE('',*,*,#909,.F.);
#246=ORIENTED_EDGE('',*,*,#910,.F.);
#247=ORIENTED_EDGE('',*,*,#911,.F.);
#248=ORIENTED_EDGE('',*,*,#912,.F.);
#249=ORIENTED_EDGE('',*,*,#913,.F.);
#250=ORIENTED_EDGE('',*,*,#914,.F.);
#251=ORIENTED_EDGE('',*,*,#915,.F.);
#252=ORIENTED_EDGE('',*,*,#916,.F.);
#253=ORIENTED_EDGE('',*,*,#917,.F.);
#254=ORIENTED_EDGE('',*,*,#918,.F.);
#255=ORIENTED_EDGE('',*,*,#919,.F.);
#256=ORIENTED_EDGE('',*,*,#920,.F.);
#257=ORIENTED_EDGE('',*,*,#921,.F.);
#258=ORIENTED_EDGE('',*,*,#922,.F.);
#259=ORIENTED_EDGE('',*,*,#923,.F.);
#260=ORIENTED_EDGE('',*,*,#924,.F.);
#261=ORIENTED_EDGE('',*,*,#925,.F.);
#262=ORIENTED_EDGE('',*,*,#926,.F.);
#263=ORIENTED_EDGE('',*,*,#927,.F.);
#264=ORIENTED_EDGE('',*,*,#928,.F.);
#265=ORIENTED_EDGE('',*,*,#929,.F.);
#266=ORIENTED_EDGE('',*,*,#930,.F.);
#267=ORIENTED_EDGE('',*,*,#931,.F.);
#268=ORIENTED_EDGE('',*,*,#932,.F.);
#269=ORIENTED_EDGE('',*,*,#933,.F.);
#270=ORIENTED_EDGE('',*,*,#934,.F.);
#271=ORIENTED_EDGE('',*,*,#935,.F.);
#272=ORIENTED_EDGE('',*,*,#936,.F.);
#273=ORIENTED_EDGE('',*,*,#937,.F.);
#274=ORIENTED_EDGE('',*,*,#938,.F.);
#275=ORIENTED_EDGE('',*,*,#939,.F.);
#276=ORIENTED_EDGE('',*,*,#940,.F.);
#277=ORIENTED_EDGE('',*,*,#941,.F.);
#278=ORIENTED_EDGE('',*,*,#942,.F.);
#279=ORIENTED_EDGE('',*,*,#943,.F.);
#280=ORIENTED_EDGE('',*,*,#944,.F.);
#281=ORIENTED_EDGE('',*,*,#945,.F.);
#282=ORIENTED_EDGE('',*,*,#946,.T.);
#283=ORIENTED_EDGE('',*,*,#947,.T.);
#284=ORIENTED_EDGE('',*,*,#948,.T.);
#285=ORIENTED_EDGE('',*,*,#949,.T.);
#286=ORIENTED_EDGE('',*,*,#950,.T.);
#287=ORIENTED_EDGE('',*,*,#951,.T.);
#288=ORIENTED_EDGE('',*,*,#952,.T.);
#289=ORIENTED_EDGE('',*,*,#953,.T.);
#290=ORIENTED_EDGE('',*,*,#846,.F.);
#291=ORIENTED_EDGE('',*,*,#844,.T.);
#292=ORIENTED_EDGE('',*,*,#842,.F.);
#293=ORIENTED_EDGE('',*,*,#840,.T.);
#294=ORIENTED_EDGE('',*,*,#954,.T.);
#295=ORIENTED_EDGE('',*,*,#955,.T.);
#296=ORIENTED_EDGE('',*,*,#956,.T.);
#297=ORIENTED_EDGE('',*,*,#957,.T.);
#298=ORIENTED_EDGE('',*,*,#958,.T.);
#299=ORIENTED_EDGE('',*,*,#959,.T.);
#300=ORIENTED_EDGE('',*,*,#960,.T.);
#301=ORIENTED_EDGE('',*,*,#961,.T.);
#302=ORIENTED_EDGE('',*,*,#962,.T.);
#303=ORIENTED_EDGE('',*,*,#963,.T.);
#304=ORIENTED_EDGE('',*,*,#964,.T.);
#305=ORIENTED_EDGE('',*,*,#965,.T.);
#306=ORIENTED_EDGE('',*,*,#966,.T.);
#307=ORIENTED_EDGE('',*,*,#967,.T.);
#308=ORIENTED_EDGE('',*,*,#968,.T.);
#309=ORIENTED_EDGE('',*,*,#969,.T.);
#310=ORIENTED_EDGE('',*,*,#970,.T.);
#311=ORIENTED_EDGE('',*,*,#971,.T.);
#312=ORIENTED_EDGE('',*,*,#972,.T.);
#313=ORIENTED_EDGE('',*,*,#973,.T.);
#314=ORIENTED_EDGE('',*,*,#974,.T.);
#315=ORIENTED_EDGE('',*,*,#975,.T.);
#316=ORIENTED_EDGE('',*,*,#976,.T.);
#317=ORIENTED_EDGE('',*,*,#977,.T.);
#318=ORIENTED_EDGE('',*,*,#978,.T.);
#319=ORIENTED_EDGE('',*,*,#979,.T.);
#320=ORIENTED_EDGE('',*,*,#980,.T.);
#321=ORIENTED_EDGE('',*,*,#981,.T.);
#322=ORIENTED_EDGE('',*,*,#982,.T.);
#323=ORIENTED_EDGE('',*,*,#983,.T.);
#324=ORIENTED_EDGE('',*,*,#984,.T.);
#325=ORIENTED_EDGE('',*,*,#985,.T.);
#326=ORIENTED_EDGE('',*,*,#986,.T.);
#327=ORIENTED_EDGE('',*,*,#987,.T.);
#328=ORIENTED_EDGE('',*,*,#988,.T.);
#329=ORIENTED_EDGE('',*,*,#989,.T.);
#330=ORIENTED_EDGE('',*,*,#990,.T.);
#331=ORIENTED_EDGE('',*,*,#991,.T.);
#332=ORIENTED_EDGE('',*,*,#992,.T.);
#333=ORIENTED_EDGE('',*,*,#993,.T.);
#334=ORIENTED_EDGE('',*,*,#994,.T.);
#335=ORIENTED_EDGE('',*,*,#995,.T.);
#336=ORIENTED_EDGE('',*,*,#996,.T.);
#337=ORIENTED_EDGE('',*,*,#997,.T.);
#338=ORIENTED_EDGE('',*,*,#998,.T.);
#339=ORIENTED_EDGE('',*,*,#999,.T.);
#340=ORIENTED_EDGE('',*,*,#1000,.T.);
#341=ORIENTED_EDGE('',*,*,#1001,.T.);
#342=ORIENTED_EDGE('',*,*,#1002,.T.);
#343=ORIENTED_EDGE('',*,*,#1003,.T.);
#344=ORIENTED_EDGE('',*,*,#1004,.T.);
#345=ORIENTED_EDGE('',*,*,#1005,.T.);
#346=ORIENTED_EDGE('',*,*,#1006,.T.);
#347=ORIENTED_EDGE('',*,*,#1007,.T.);
#348=ORIENTED_EDGE('',*,*,#1008,.T.);
#349=ORIENTED_EDGE('',*,*,#1009,.T.);
#350=ORIENTED_EDGE('',*,*,#1010,.T.);
#351=ORIENTED_EDGE('',*,*,#1011,.T.);
#352=ORIENTED_EDGE('',*,*,#1012,.T.);
#353=ORIENTED_EDGE('',*,*,#1013,.T.);
#354=ORIENTED_EDGE('',*,*,#1014,.T.);
#355=ORIENTED_EDGE('',*,*,#1015,.T.);
#356=ORIENTED_EDGE('',*,*,#1016,.T.);
#357=ORIENTED_EDGE('',*,*,#1017,.T.);
#358=ORIENTED_EDGE('',*,*,#1018,.T.);
#359=ORIENTED_EDGE('',*,*,#1019,.T.);
#360=ORIENTED_EDGE('',*,*,#1020,.T.);
#361=ORIENTED_EDGE('',*,*,#1021,.T.);
#362=ORIENTED_EDGE('',*,*,#1022,.T.);
#363=ORIENTED_EDGE('',*,*,#1023,.T.);
#364=ORIENTED_EDGE('',*,*,#1024,.T.);
#365=ORIENTED_EDGE('',*,*,#1025,.T.);
#366=ORIENTED_EDGE('',*,*,#1026,.T.);
#367=ORIENTED_EDGE('',*,*,#1027,.T.);
#368=ORIENTED_EDGE('',*,*,#1028,.T.);
#369=ORIENTED_EDGE('',*,*,#1029,.T.);
#370=ORIENTED_EDGE('',*,*,#1030,.T.);
#371=ORIENTED_EDGE('',*,*,#1031,.T.);
#372=ORIENTED_EDGE('',*,*,#1032,.T.);
#373=ORIENTED_EDGE('',*,*,#1033,.T.);
#374=ORIENTED_EDGE('',*,*,#1034,.T.);
#375=ORIENTED_EDGE('',*,*,#1035,.T.);
#376=ORIENTED_EDGE('',*,*,#1036,.T.);
#377=ORIENTED_EDGE('',*,*,#1037,.T.);
#378=ORIENTED_EDGE('',*,*,#1038,.T.);
#379=ORIENTED_EDGE('',*,*,#1039,.T.);
#380=ORIENTED_EDGE('',*,*,#1040,.T.);
#381=ORIENTED_EDGE('',*,*,#1041,.T.);
#382=ORIENTED_EDGE('',*,*,#1042,.T.);
#383=ORIENTED_EDGE('',*,*,#1043,.T.);
#384=ORIENTED_EDGE('',*,*,#1044,.T.);
#385=ORIENTED_EDGE('',*,*,#1045,.T.);
#386=ORIENTED_EDGE('',*,*,#1046,.T.);
#387=ORIENTED_EDGE('',*,*,#1047,.T.);
#388=ORIENTED_EDGE('',*,*,#1048,.T.);
#389=ORIENTED_EDGE('',*,*,#1049,.T.);
#390=ORIENTED_EDGE('',*,*,#847,.T.);
#391=ORIENTED_EDGE('',*,*,#845,.F.);
#392=ORIENTED_EDGE('',*,*,#843,.T.);
#393=ORIENTED_EDGE('',*,*,#841,.F.);
#394=ORIENTED_EDGE('',*,*,#821,.F.);
#395=ORIENTED_EDGE('',*,*,#849,.F.);
#396=ORIENTED_EDGE('',*,*,#839,.F.);
#397=ORIENTED_EDGE('',*,*,#836,.F.);
#398=ORIENTED_EDGE('',*,*,#833,.F.);
#399=ORIENTED_EDGE('',*,*,#830,.F.);
#400=ORIENTED_EDGE('',*,*,#827,.F.);
#401=ORIENTED_EDGE('',*,*,#824,.F.);
#402=ORIENTED_EDGE('',*,*,#1050,.F.);
#403=ORIENTED_EDGE('',*,*,#838,.F.);
#404=ORIENTED_EDGE('',*,*,#1051,.F.);
#405=ORIENTED_EDGE('',*,*,#951,.F.);
#406=ORIENTED_EDGE('',*,*,#1051,.T.);
#407=ORIENTED_EDGE('',*,*,#848,.F.);
#408=ORIENTED_EDGE('',*,*,#1052,.F.);
#409=ORIENTED_EDGE('',*,*,#952,.F.);
#410=ORIENTED_EDGE('',*,*,#1050,.T.);
#411=ORIENTED_EDGE('',*,*,#950,.F.);
#412=ORIENTED_EDGE('',*,*,#1053,.F.);
#413=ORIENTED_EDGE('',*,*,#835,.F.);
#414=ORIENTED_EDGE('',*,*,#1052,.T.);
#415=ORIENTED_EDGE('',*,*,#819,.F.);
#416=ORIENTED_EDGE('',*,*,#1054,.F.);
#417=ORIENTED_EDGE('',*,*,#953,.F.);
#418=ORIENTED_EDGE('',*,*,#1053,.T.);
#419=ORIENTED_EDGE('',*,*,#949,.F.);
#420=ORIENTED_EDGE('',*,*,#1055,.F.);
#421=ORIENTED_EDGE('',*,*,#832,.F.);
#422=ORIENTED_EDGE('',*,*,#1054,.T.);
#423=ORIENTED_EDGE('',*,*,#823,.F.);
#424=ORIENTED_EDGE('',*,*,#1056,.F.);
#425=ORIENTED_EDGE('',*,*,#946,.F.);
#426=ORIENTED_EDGE('',*,*,#1055,.T.);
#427=ORIENTED_EDGE('',*,*,#948,.F.);
#428=ORIENTED_EDGE('',*,*,#1057,.F.);
#429=ORIENTED_EDGE('',*,*,#829,.F.);
#430=ORIENTED_EDGE('',*,*,#1056,.T.);
#431=ORIENTED_EDGE('',*,*,#826,.F.);
#432=ORIENTED_EDGE('',*,*,#1057,.T.);
#433=ORIENTED_EDGE('',*,*,#947,.F.);
#434=ORIENTED_EDGE('',*,*,#940,.T.);
#435=ORIENTED_EDGE('',*,*,#1058,.F.);
#436=ORIENTED_EDGE('',*,*,#1045,.F.);
#437=ORIENTED_EDGE('',*,*,#1059,.T.);
#438=ORIENTED_EDGE('',*,*,#945,.T.);
#439=ORIENTED_EDGE('',*,*,#1060,.F.);
#440=ORIENTED_EDGE('',*,*,#1046,.F.);
#441=ORIENTED_EDGE('',*,*,#1058,.T.);
#442=ORIENTED_EDGE('',*,*,#944,.T.);
#443=ORIENTED_EDGE('',*,*,#1061,.F.);
#444=ORIENTED_EDGE('',*,*,#1047,.F.);
#445=ORIENTED_EDGE('',*,*,#1060,.T.);
#446=ORIENTED_EDGE('',*,*,#943,.T.);
#447=ORIENTED_EDGE('',*,*,#1062,.F.);
#448=ORIENTED_EDGE('',*,*,#1048,.F.);
#449=ORIENTED_EDGE('',*,*,#1061,.T.);
#450=ORIENTED_EDGE('',*,*,#942,.T.);
#451=ORIENTED_EDGE('',*,*,#1063,.F.);
#452=ORIENTED_EDGE('',*,*,#1049,.F.);
#453=ORIENTED_EDGE('',*,*,#1062,.T.);
#454=ORIENTED_EDGE('',*,*,#941,.T.);
#455=ORIENTED_EDGE('',*,*,#1059,.F.);
#456=ORIENTED_EDGE('',*,*,#1044,.F.);
#457=ORIENTED_EDGE('',*,*,#1063,.T.);
#458=ORIENTED_EDGE('',*,*,#934,.T.);
#459=ORIENTED_EDGE('',*,*,#1064,.F.);
#460=ORIENTED_EDGE('',*,*,#1039,.F.);
#461=ORIENTED_EDGE('',*,*,#1065,.T.);
#462=ORIENTED_EDGE('',*,*,#939,.T.);
#463=ORIENTED_EDGE('',*,*,#1066,.F.);
#464=ORIENTED_EDGE('',*,*,#1040,.F.);
#465=ORIENTED_EDGE('',*,*,#1064,.T.);
#466=ORIENTED_EDGE('',*,*,#938,.T.);
#467=ORIENTED_EDGE('',*,*,#1067,.F.);
#468=ORIENTED_EDGE('',*,*,#1041,.F.);
#469=ORIENTED_EDGE('',*,*,#1066,.T.);
#470=ORIENTED_EDGE('',*,*,#937,.T.);
#471=ORIENTED_EDGE('',*,*,#1068,.F.);
#472=ORIENTED_EDGE('',*,*,#1042,.F.);
#473=ORIENTED_EDGE('',*,*,#1067,.T.);
#474=ORIENTED_EDGE('',*,*,#936,.T.);
#475=ORIENTED_EDGE('',*,*,#1069,.F.);
#476=ORIENTED_EDGE('',*,*,#1043,.F.);
#477=ORIENTED_EDGE('',*,*,#1068,.T.);
#478=ORIENTED_EDGE('',*,*,#935,.T.);
#479=ORIENTED_EDGE('',*,*,#1065,.F.);
#480=ORIENTED_EDGE('',*,*,#1038,.F.);
#481=ORIENTED_EDGE('',*,*,#1069,.T.);
#482=ORIENTED_EDGE('',*,*,#928,.T.);
#483=ORIENTED_EDGE('',*,*,#1070,.F.);
#484=ORIENTED_EDGE('',*,*,#1033,.F.);
#485=ORIENTED_EDGE('',*,*,#1071,.T.);
#486=ORIENTED_EDGE('',*,*,#933,.T.);
#487=ORIENTED_EDGE('',*,*,#1072,.F.);
#488=ORIENTED_EDGE('',*,*,#1034,.F.);
#489=ORIENTED_EDGE('',*,*,#1070,.T.);
#490=ORIENTED_EDGE('',*,*,#932,.T.);
#491=ORIENTED_EDGE('',*,*,#1073,.F.);
#492=ORIENTED_EDGE('',*,*,#1035,.F.);
#493=ORIENTED_EDGE('',*,*,#1072,.T.);
#494=ORIENTED_EDGE('',*,*,#931,.T.);
#495=ORIENTED_EDGE('',*,*,#1074,.F.);
#496=ORIENTED_EDGE('',*,*,#1036,.F.);
#497=ORIENTED_EDGE('',*,*,#1073,.T.);
#498=ORIENTED_EDGE('',*,*,#930,.T.);
#499=ORIENTED_EDGE('',*,*,#1075,.F.);
#500=ORIENTED_EDGE('',*,*,#1037,.F.);
#501=ORIENTED_EDGE('',*,*,#1074,.T.);
#502=ORIENTED_EDGE('',*,*,#929,.T.);
#503=ORIENTED_EDGE('',*,*,#1071,.F.);
#504=ORIENTED_EDGE('',*,*,#1032,.F.);
#505=ORIENTED_EDGE('',*,*,#1075,.T.);
#506=ORIENTED_EDGE('',*,*,#922,.T.);
#507=ORIENTED_EDGE('',*,*,#1076,.F.);
#508=ORIENTED_EDGE('',*,*,#1027,.F.);
#509=ORIENTED_EDGE('',*,*,#1077,.T.);
#510=ORIENTED_EDGE('',*,*,#927,.T.);
#511=ORIENTED_EDGE('',*,*,#1078,.F.);
#512=ORIENTED_EDGE('',*,*,#1028,.F.);
#513=ORIENTED_EDGE('',*,*,#1076,.T.);
#514=ORIENTED_EDGE('',*,*,#926,.T.);
#515=ORIENTED_EDGE('',*,*,#1079,.F.);
#516=ORIENTED_EDGE('',*,*,#1029,.F.);
#517=ORIENTED_EDGE('',*,*,#1078,.T.);
#518=ORIENTED_EDGE('',*,*,#925,.T.);
#519=ORIENTED_EDGE('',*,*,#1080,.F.);
#520=ORIENTED_EDGE('',*,*,#1030,.F.);
#521=ORIENTED_EDGE('',*,*,#1079,.T.);
#522=ORIENTED_EDGE('',*,*,#924,.T.);
#523=ORIENTED_EDGE('',*,*,#1081,.F.);
#524=ORIENTED_EDGE('',*,*,#1031,.F.);
#525=ORIENTED_EDGE('',*,*,#1080,.T.);
#526=ORIENTED_EDGE('',*,*,#923,.T.);
#527=ORIENTED_EDGE('',*,*,#1077,.F.);
#528=ORIENTED_EDGE('',*,*,#1026,.F.);
#529=ORIENTED_EDGE('',*,*,#1081,.T.);
#530=ORIENTED_EDGE('',*,*,#916,.T.);
#531=ORIENTED_EDGE('',*,*,#1082,.F.);
#532=ORIENTED_EDGE('',*,*,#1021,.F.);
#533=ORIENTED_EDGE('',*,*,#1083,.T.);
#534=ORIENTED_EDGE('',*,*,#921,.T.);
#535=ORIENTED_EDGE('',*,*,#1084,.F.);
#536=ORIENTED_EDGE('',*,*,#1022,.F.);
#537=ORIENTED_EDGE('',*,*,#1082,.T.);
#538=ORIENTED_EDGE('',*,*,#920,.T.);
#539=ORIENTED_EDGE('',*,*,#1085,.F.);
#540=ORIENTED_EDGE('',*,*,#1023,.F.);
#541=ORIENTED_EDGE('',*,*,#1084,.T.);
#542=ORIENTED_EDGE('',*,*,#919,.T.);
#543=ORIENTED_EDGE('',*,*,#1086,.F.);
#544=ORIENTED_EDGE('',*,*,#1024,.F.);
#545=ORIENTED_EDGE('',*,*,#1085,.T.);
#546=ORIENTED_EDGE('',*,*,#918,.T.);
#547=ORIENTED_EDGE('',*,*,#1087,.F.);
#548=ORIENTED_EDGE('',*,*,#1025,.F.);
#549=ORIENTED_EDGE('',*,*,#1086,.T.);
#550=ORIENTED_EDGE('',*,*,#917,.T.);
#551=ORIENTED_EDGE('',*,*,#1083,.F.);
#552=ORIENTED_EDGE('',*,*,#1020,.F.);
#553=ORIENTED_EDGE('',*,*,#1087,.T.);
#554=ORIENTED_EDGE('',*,*,#910,.T.);
#555=ORIENTED_EDGE('',*,*,#1088,.F.);
#556=ORIENTED_EDGE('',*,*,#1015,.F.);
#557=ORIENTED_EDGE('',*,*,#1089,.T.);
#558=ORIENTED_EDGE('',*,*,#915,.T.);
#559=ORIENTED_EDGE('',*,*,#1090,.F.);
#560=ORIENTED_EDGE('',*,*,#1016,.F.);
#561=ORIENTED_EDGE('',*,*,#1088,.T.);
#562=ORIENTED_EDGE('',*,*,#914,.T.);
#563=ORIENTED_EDGE('',*,*,#1091,.F.);
#564=ORIENTED_EDGE('',*,*,#1017,.F.);
#565=ORIENTED_EDGE('',*,*,#1090,.T.);
#566=ORIENTED_EDGE('',*,*,#913,.T.);
#567=ORIENTED_EDGE('',*,*,#1092,.F.);
#568=ORIENTED_EDGE('',*,*,#1018,.F.);
#569=ORIENTED_EDGE('',*,*,#1091,.T.);
#570=ORIENTED_EDGE('',*,*,#912,.T.);
#571=ORIENTED_EDGE('',*,*,#1093,.F.);
#572=ORIENTED_EDGE('',*,*,#1019,.F.);
#573=ORIENTED_EDGE('',*,*,#1092,.T.);
#574=ORIENTED_EDGE('',*,*,#911,.T.);
#575=ORIENTED_EDGE('',*,*,#1089,.F.);
#576=ORIENTED_EDGE('',*,*,#1014,.F.);
#577=ORIENTED_EDGE('',*,*,#1093,.T.);
#578=ORIENTED_EDGE('',*,*,#904,.T.);
#579=ORIENTED_EDGE('',*,*,#1094,.F.);
#580=ORIENTED_EDGE('',*,*,#1009,.F.);
#581=ORIENTED_EDGE('',*,*,#1095,.T.);
#582=ORIENTED_EDGE('',*,*,#909,.T.);
#583=ORIENTED_EDGE('',*,*,#1096,.F.);
#584=ORIENTED_EDGE('',*,*,#1010,.F.);
#585=ORIENTED_EDGE('',*,*,#1094,.T.);
#586=ORIENTED_EDGE('',*,*,#908,.T.);
#587=ORIENTED_EDGE('',*,*,#1097,.F.);
#588=ORIENTED_EDGE('',*,*,#1011,.F.);
#589=ORIENTED_EDGE('',*,*,#1096,.T.);
#590=ORIENTED_EDGE('',*,*,#907,.T.);
#591=ORIENTED_EDGE('',*,*,#1098,.F.);
#592=ORIENTED_EDGE('',*,*,#1012,.F.);
#593=ORIENTED_EDGE('',*,*,#1097,.T.);
#594=ORIENTED_EDGE('',*,*,#906,.T.);
#595=ORIENTED_EDGE('',*,*,#1099,.F.);
#596=ORIENTED_EDGE('',*,*,#1013,.F.);
#597=ORIENTED_EDGE('',*,*,#1098,.T.);
#598=ORIENTED_EDGE('',*,*,#905,.T.);
#599=ORIENTED_EDGE('',*,*,#1095,.F.);
#600=ORIENTED_EDGE('',*,*,#1008,.F.);
#601=ORIENTED_EDGE('',*,*,#1099,.T.);
#602=ORIENTED_EDGE('',*,*,#898,.T.);
#603=ORIENTED_EDGE('',*,*,#1100,.F.);
#604=ORIENTED_EDGE('',*,*,#1003,.F.);
#605=ORIENTED_EDGE('',*,*,#1101,.T.);
#606=ORIENTED_EDGE('',*,*,#903,.T.);
#607=ORIENTED_EDGE('',*,*,#1102,.F.);
#608=ORIENTED_EDGE('',*,*,#1004,.F.);
#609=ORIENTED_EDGE('',*,*,#1100,.T.);
#610=ORIENTED_EDGE('',*,*,#902,.T.);
#611=ORIENTED_EDGE('',*,*,#1103,.F.);
#612=ORIENTED_EDGE('',*,*,#1005,.F.);
#613=ORIENTED_EDGE('',*,*,#1102,.T.);
#614=ORIENTED_EDGE('',*,*,#901,.T.);
#615=ORIENTED_EDGE('',*,*,#1104,.F.);
#616=ORIENTED_EDGE('',*,*,#1006,.F.);
#617=ORIENTED_EDGE('',*,*,#1103,.T.);
#618=ORIENTED_EDGE('',*,*,#900,.T.);
#619=ORIENTED_EDGE('',*,*,#1105,.F.);
#620=ORIENTED_EDGE('',*,*,#1007,.F.);
#621=ORIENTED_EDGE('',*,*,#1104,.T.);
#622=ORIENTED_EDGE('',*,*,#899,.T.);
#623=ORIENTED_EDGE('',*,*,#1101,.F.);
#624=ORIENTED_EDGE('',*,*,#1002,.F.);
#625=ORIENTED_EDGE('',*,*,#1105,.T.);
#626=ORIENTED_EDGE('',*,*,#892,.T.);
#627=ORIENTED_EDGE('',*,*,#1106,.F.);
#628=ORIENTED_EDGE('',*,*,#997,.F.);
#629=ORIENTED_EDGE('',*,*,#1107,.T.);
#630=ORIENTED_EDGE('',*,*,#897,.T.);
#631=ORIENTED_EDGE('',*,*,#1108,.F.);
#632=ORIENTED_EDGE('',*,*,#998,.F.);
#633=ORIENTED_EDGE('',*,*,#1106,.T.);
#634=ORIENTED_EDGE('',*,*,#896,.T.);
#635=ORIENTED_EDGE('',*,*,#1109,.F.);
#636=ORIENTED_EDGE('',*,*,#999,.F.);
#637=ORIENTED_EDGE('',*,*,#1108,.T.);
#638=ORIENTED_EDGE('',*,*,#895,.T.);
#639=ORIENTED_EDGE('',*,*,#1110,.F.);
#640=ORIENTED_EDGE('',*,*,#1000,.F.);
#641=ORIENTED_EDGE('',*,*,#1109,.T.);
#642=ORIENTED_EDGE('',*,*,#894,.T.);
#643=ORIENTED_EDGE('',*,*,#1111,.F.);
#644=ORIENTED_EDGE('',*,*,#1001,.F.);
#645=ORIENTED_EDGE('',*,*,#1110,.T.);
#646=ORIENTED_EDGE('',*,*,#893,.T.);
#647=ORIENTED_EDGE('',*,*,#1107,.F.);
#648=ORIENTED_EDGE('',*,*,#996,.F.);
#649=ORIENTED_EDGE('',*,*,#1111,.T.);
#650=ORIENTED_EDGE('',*,*,#886,.T.);
#651=ORIENTED_EDGE('',*,*,#1112,.F.);
#652=ORIENTED_EDGE('',*,*,#991,.F.);
#653=ORIENTED_EDGE('',*,*,#1113,.T.);
#654=ORIENTED_EDGE('',*,*,#891,.T.);
#655=ORIENTED_EDGE('',*,*,#1114,.F.);
#656=ORIENTED_EDGE('',*,*,#992,.F.);
#657=ORIENTED_EDGE('',*,*,#1112,.T.);
#658=ORIENTED_EDGE('',*,*,#890,.T.);
#659=ORIENTED_EDGE('',*,*,#1115,.F.);
#660=ORIENTED_EDGE('',*,*,#993,.F.);
#661=ORIENTED_EDGE('',*,*,#1114,.T.);
#662=ORIENTED_EDGE('',*,*,#889,.T.);
#663=ORIENTED_EDGE('',*,*,#1116,.F.);
#664=ORIENTED_EDGE('',*,*,#994,.F.);
#665=ORIENTED_EDGE('',*,*,#1115,.T.);
#666=ORIENTED_EDGE('',*,*,#888,.T.);
#667=ORIENTED_EDGE('',*,*,#1117,.F.);
#668=ORIENTED_EDGE('',*,*,#995,.F.);
#669=ORIENTED_EDGE('',*,*,#1116,.T.);
#670=ORIENTED_EDGE('',*,*,#887,.T.);
#671=ORIENTED_EDGE('',*,*,#1113,.F.);
#672=ORIENTED_EDGE('',*,*,#990,.F.);
#673=ORIENTED_EDGE('',*,*,#1117,.T.);
#674=ORIENTED_EDGE('',*,*,#880,.T.);
#675=ORIENTED_EDGE('',*,*,#1118,.F.);
#676=ORIENTED_EDGE('',*,*,#985,.F.);
#677=ORIENTED_EDGE('',*,*,#1119,.T.);
#678=ORIENTED_EDGE('',*,*,#885,.T.);
#679=ORIENTED_EDGE('',*,*,#1120,.F.);
#680=ORIENTED_EDGE('',*,*,#986,.F.);
#681=ORIENTED_EDGE('',*,*,#1118,.T.);
#682=ORIENTED_EDGE('',*,*,#884,.T.);
#683=ORIENTED_EDGE('',*,*,#1121,.F.);
#684=ORIENTED_EDGE('',*,*,#987,.F.);
#685=ORIENTED_EDGE('',*,*,#1120,.T.);
#686=ORIENTED_EDGE('',*,*,#883,.T.);
#687=ORIENTED_EDGE('',*,*,#1122,.F.);
#688=ORIENTED_EDGE('',*,*,#988,.F.);
#689=ORIENTED_EDGE('',*,*,#1121,.T.);
#690=ORIENTED_EDGE('',*,*,#882,.T.);
#691=ORIENTED_EDGE('',*,*,#1123,.F.);
#692=ORIENTED_EDGE('',*,*,#989,.F.);
#693=ORIENTED_EDGE('',*,*,#1122,.T.);
#694=ORIENTED_EDGE('',*,*,#881,.T.);
#695=ORIENTED_EDGE('',*,*,#1119,.F.);
#696=ORIENTED_EDGE('',*,*,#984,.F.);
#697=ORIENTED_EDGE('',*,*,#1123,.T.);
#698=ORIENTED_EDGE('',*,*,#874,.T.);
#699=ORIENTED_EDGE('',*,*,#1124,.F.);
#700=ORIENTED_EDGE('',*,*,#979,.F.);
#701=ORIENTED_EDGE('',*,*,#1125,.T.);
#702=ORIENTED_EDGE('',*,*,#879,.T.);
#703=ORIENTED_EDGE('',*,*,#1126,.F.);
#704=ORIENTED_EDGE('',*,*,#980,.F.);
#705=ORIENTED_EDGE('',*,*,#1124,.T.);
#706=ORIENTED_EDGE('',*,*,#878,.T.);
#707=ORIENTED_EDGE('',*,*,#1127,.F.);
#708=ORIENTED_EDGE('',*,*,#981,.F.);
#709=ORIENTED_EDGE('',*,*,#1126,.T.);
#710=ORIENTED_EDGE('',*,*,#877,.T.);
#711=ORIENTED_EDGE('',*,*,#1128,.F.);
#712=ORIENTED_EDGE('',*,*,#982,.F.);
#713=ORIENTED_EDGE('',*,*,#1127,.T.);
#714=ORIENTED_EDGE('',*,*,#876,.T.);
#715=ORIENTED_EDGE('',*,*,#1129,.F.);
#716=ORIENTED_EDGE('',*,*,#983,.F.);
#717=ORIENTED_EDGE('',*,*,#1128,.T.);
#718=ORIENTED_EDGE('',*,*,#875,.T.);
#719=ORIENTED_EDGE('',*,*,#1125,.F.);
#720=ORIENTED_EDGE('',*,*,#978,.F.);
#721=ORIENTED_EDGE('',*,*,#1129,.T.);
#722=ORIENTED_EDGE('',*,*,#868,.T.);
#723=ORIENTED_EDGE('',*,*,#1130,.F.);
#724=ORIENTED_EDGE('',*,*,#973,.F.);
#725=ORIENTED_EDGE('',*,*,#1131,.T.);
#726=ORIENTED_EDGE('',*,*,#873,.T.);
#727=ORIENTED_EDGE('',*,*,#1132,.F.);
#728=ORIENTED_EDGE('',*,*,#974,.F.);
#729=ORIENTED_EDGE('',*,*,#1130,.T.);
#730=ORIENTED_EDGE('',*,*,#872,.T.);
#731=ORIENTED_EDGE('',*,*,#1133,.F.);
#732=ORIENTED_EDGE('',*,*,#975,.F.);
#733=ORIENTED_EDGE('',*,*,#1132,.T.);
#734=ORIENTED_EDGE('',*,*,#871,.T.);
#735=ORIENTED_EDGE('',*,*,#1134,.F.);
#736=ORIENTED_EDGE('',*,*,#976,.F.);
#737=ORIENTED_EDGE('',*,*,#1133,.T.);
#738=ORIENTED_EDGE('',*,*,#870,.T.);
#739=ORIENTED_EDGE('',*,*,#1135,.F.);
#740=ORIENTED_EDGE('',*,*,#977,.F.);
#741=ORIENTED_EDGE('',*,*,#1134,.T.);
#742=ORIENTED_EDGE('',*,*,#869,.T.);
#743=ORIENTED_EDGE('',*,*,#1131,.F.);
#744=ORIENTED_EDGE('',*,*,#972,.F.);
#745=ORIENTED_EDGE('',*,*,#1135,.T.);
#746=ORIENTED_EDGE('',*,*,#862,.T.);
#747=ORIENTED_EDGE('',*,*,#1136,.F.);
#748=ORIENTED_EDGE('',*,*,#967,.F.);
#749=ORIENTED_EDGE('',*,*,#1137,.T.);
#750=ORIENTED_EDGE('',*,*,#867,.T.);
#751=ORIENTED_EDGE('',*,*,#1138,.F.);
#752=ORIENTED_EDGE('',*,*,#968,.F.);
#753=ORIENTED_EDGE('',*,*,#1136,.T.);
#754=ORIENTED_EDGE('',*,*,#866,.T.);
#755=ORIENTED_EDGE('',*,*,#1139,.F.);
#756=ORIENTED_EDGE('',*,*,#969,.F.);
#757=ORIENTED_EDGE('',*,*,#1138,.T.);
#758=ORIENTED_EDGE('',*,*,#865,.T.);
#759=ORIENTED_EDGE('',*,*,#1140,.F.);
#760=ORIENTED_EDGE('',*,*,#970,.F.);
#761=ORIENTED_EDGE('',*,*,#1139,.T.);
#762=ORIENTED_EDGE('',*,*,#864,.T.);
#763=ORIENTED_EDGE('',*,*,#1141,.F.);
#764=ORIENTED_EDGE('',*,*,#971,.F.);
#765=ORIENTED_EDGE('',*,*,#1140,.T.);
#766=ORIENTED_EDGE('',*,*,#863,.T.);
#767=ORIENTED_EDGE('',*,*,#1137,.F.);
#768=ORIENTED_EDGE('',*,*,#966,.F.);
#769=ORIENTED_EDGE('',*,*,#1141,.T.);
#770=ORIENTED_EDGE('',*,*,#856,.T.);
#771=ORIENTED_EDGE('',*,*,#1142,.F.);
#772=ORIENTED_EDGE('',*,*,#961,.F.);
#773=ORIENTED_EDGE('',*,*,#1143,.T.);
#774=ORIENTED_EDGE('',*,*,#861,.T.);
#775=ORIENTED_EDGE('',*,*,#1144,.F.);
#776=ORIENTED_EDGE('',*,*,#962,.F.);
#777=ORIENTED_EDGE('',*,*,#1142,.T.);
#778=ORIENTED_EDGE('',*,*,#860,.T.);
#779=ORIENTED_EDGE('',*,*,#1145,.F.);
#780=ORIENTED_EDGE('',*,*,#963,.F.);
#781=ORIENTED_EDGE('',*,*,#1144,.T.);
#782=ORIENTED_EDGE('',*,*,#859,.T.);
#783=ORIENTED_EDGE('',*,*,#1146,.F.);
#784=ORIENTED_EDGE('',*,*,#964,.F.);
#785=ORIENTED_EDGE('',*,*,#1145,.T.);
#786=ORIENTED_EDGE('',*,*,#858,.T.);
#787=ORIENTED_EDGE('',*,*,#1147,.F.);
#788=ORIENTED_EDGE('',*,*,#965,.F.);
#789=ORIENTED_EDGE('',*,*,#1146,.T.);
#790=ORIENTED_EDGE('',*,*,#857,.T.);
#791=ORIENTED_EDGE('',*,*,#1143,.F.);
#792=ORIENTED_EDGE('',*,*,#960,.F.);
#793=ORIENTED_EDGE('',*,*,#1147,.T.);
#794=ORIENTED_EDGE('',*,*,#850,.T.);
#795=ORIENTED_EDGE('',*,*,#1148,.F.);
#796=ORIENTED_EDGE('',*,*,#955,.F.);
#797=ORIENTED_EDGE('',*,*,#1149,.T.);
#798=ORIENTED_EDGE('',*,*,#855,.T.);
#799=ORIENTED_EDGE('',*,*,#1150,.F.);
#800=ORIENTED_EDGE('',*,*,#956,.F.);
#801=ORIENTED_EDGE('',*,*,#1148,.T.);
#802=ORIENTED_EDGE('',*,*,#854,.T.);
#803=ORIENTED_EDGE('',*,*,#1151,.F.);
#804=ORIENTED_EDGE('',*,*,#957,.F.);
#805=ORIENTED_EDGE('',*,*,#1150,.T.);
#806=ORIENTED_EDGE('',*,*,#853,.T.);
#807=ORIENTED_EDGE('',*,*,#1152,.F.);
#808=ORIENTED_EDGE('',*,*,#958,.F.);
#809=ORIENTED_EDGE('',*,*,#1151,.T.);
#810=ORIENTED_EDGE('',*,*,#852,.T.);
#811=ORIENTED_EDGE('',*,*,#1153,.F.);
#812=ORIENTED_EDGE('',*,*,#959,.F.);
#813=ORIENTED_EDGE('',*,*,#1152,.T.);
#814=ORIENTED_EDGE('',*,*,#851,.T.);
#815=ORIENTED_EDGE('',*,*,#1149,.F.);
#816=ORIENTED_EDGE('',*,*,#954,.F.);
#817=ORIENTED_EDGE('',*,*,#1153,.T.);
#818=EDGE_CURVE('',#1154,#1155,#1378,.T.);
#819=EDGE_CURVE('',#1154,#1156,#118,.F.);
#820=EDGE_CURVE('',#1156,#1157,#1379,.T.);
#821=EDGE_CURVE('',#1157,#1155,#119,.T.);
#822=EDGE_CURVE('',#1158,#1159,#1380,.T.);
#823=EDGE_CURVE('',#1158,#1154,#1381,.F.);
#824=EDGE_CURVE('',#1155,#1159,#1382,.T.);
#825=EDGE_CURVE('',#1160,#1161,#1383,.T.);
#826=EDGE_CURVE('',#1160,#1158,#120,.F.);
#827=EDGE_CURVE('',#1159,#1161,#121,.T.);
#828=EDGE_CURVE('',#1162,#1163,#1384,.T.);
#829=EDGE_CURVE('',#1162,#1160,#1385,.F.);
#830=EDGE_CURVE('',#1161,#1163,#1386,.T.);
#831=EDGE_CURVE('',#1164,#1165,#1387,.T.);
#832=EDGE_CURVE('',#1164,#1162,#122,.F.);
#833=EDGE_CURVE('',#1163,#1165,#123,.T.);
#834=EDGE_CURVE('',#1166,#1167,#1388,.T.);
#835=EDGE_CURVE('',#1166,#1164,#1389,.F.);
#836=EDGE_CURVE('',#1165,#1167,#1390,.T.);
#837=EDGE_CURVE('',#1168,#1169,#1391,.T.);
#838=EDGE_CURVE('',#1168,#1166,#124,.F.);
#839=EDGE_CURVE('',#1167,#1169,#125,.T.);
#840=EDGE_CURVE('',#1170,#1170,#126,.T.);
#841=EDGE_CURVE('',#1171,#1171,#127,.T.);
#842=EDGE_CURVE('',#1172,#1172,#128,.T.);
#843=EDGE_CURVE('',#1173,#1173,#129,.T.);
#844=EDGE_CURVE('',#1174,#1174,#130,.T.);
#845=EDGE_CURVE('',#1175,#1175,#131,.T.);
#846=EDGE_CURVE('',#1176,#1176,#132,.T.);
#847=EDGE_CURVE('',#1177,#1177,#133,.T.);
#848=EDGE_CURVE('',#1156,#1168,#1392,.F.);
#849=EDGE_CURVE('',#1169,#1157,#1393,.T.);
#850=EDGE_CURVE('',#1178,#1179,#1394,.T.);
#851=EDGE_CURVE('',#1180,#1178,#1395,.T.);
#852=EDGE_CURVE('',#1181,#1180,#1396,.T.);
#853=EDGE_CURVE('',#1182,#1181,#1397,.T.);
#854=EDGE_CURVE('',#1183,#1182,#1398,.T.);
#855=EDGE_CURVE('',#1179,#1183,#1399,.T.);
#856=EDGE_CURVE('',#1184,#1185,#1400,.T.);
#857=EDGE_CURVE('',#1186,#1184,#1401,.T.);
#858=EDGE_CURVE('',#1187,#1186,#1402,.T.);
#859=EDGE_CURVE('',#1188,#1187,#1403,.T.);
#860=EDGE_CURVE('',#1189,#1188,#1404,.T.);
#861=EDGE_CURVE('',#1185,#1189,#1405,.T.);
#862=EDGE_CURVE('',#1190,#1191,#1406,.T.);
#863=EDGE_CURVE('',#1192,#1190,#1407,.T.);
#864=EDGE_CURVE('',#1193,#1192,#1408,.T.);
#865=EDGE_CURVE('',#1194,#1193,#1409,.T.);
#866=EDGE_CURVE('',#1195,#1194,#1410,.T.);
#867=EDGE_CURVE('',#1191,#1195,#1411,.T.);
#868=EDGE_CURVE('',#1196,#1197,#1412,.T.);
#869=EDGE_CURVE('',#1198,#1196,#1413,.T.);
#870=EDGE_CURVE('',#1199,#1198,#1414,.T.);
#871=EDGE_CURVE('',#1200,#1199,#1415,.T.);
#872=EDGE_CURVE('',#1201,#1200,#1416,.T.);
#873=EDGE_CURVE('',#1197,#1201,#1417,.T.);
#874=EDGE_CURVE('',#1202,#1203,#1418,.T.);
#875=EDGE_CURVE('',#1204,#1202,#1419,.T.);
#876=EDGE_CURVE('',#1205,#1204,#1420,.T.);
#877=EDGE_CURVE('',#1206,#1205,#1421,.T.);
#878=EDGE_CURVE('',#1207,#1206,#1422,.T.);
#879=EDGE_CURVE('',#1203,#1207,#1423,.T.);
#880=EDGE_CURVE('',#1208,#1209,#1424,.T.);
#881=EDGE_CURVE('',#1210,#1208,#1425,.T.);
#882=EDGE_CURVE('',#1211,#1210,#1426,.T.);
#883=EDGE_CURVE('',#1212,#1211,#1427,.T.);
#884=EDGE_CURVE('',#1213,#1212,#1428,.T.);
#885=EDGE_CURVE('',#1209,#1213,#1429,.T.);
#886=EDGE_CURVE('',#1214,#1215,#1430,.T.);
#887=EDGE_CURVE('',#1216,#1214,#1431,.T.);
#888=EDGE_CURVE('',#1217,#1216,#1432,.T.);
#889=EDGE_CURVE('',#1218,#1217,#1433,.T.);
#890=EDGE_CURVE('',#1219,#1218,#1434,.T.);
#891=EDGE_CURVE('',#1215,#1219,#1435,.T.);
#892=EDGE_CURVE('',#1220,#1221,#1436,.T.);
#893=EDGE_CURVE('',#1222,#1220,#1437,.T.);
#894=EDGE_CURVE('',#1223,#1222,#1438,.T.);
#895=EDGE_CURVE('',#1224,#1223,#1439,.T.);
#896=EDGE_CURVE('',#1225,#1224,#1440,.T.);
#897=EDGE_CURVE('',#1221,#1225,#1441,.T.);
#898=EDGE_CURVE('',#1226,#1227,#1442,.T.);
#899=EDGE_CURVE('',#1228,#1226,#1443,.T.);
#900=EDGE_CURVE('',#1229,#1228,#1444,.T.);
#901=EDGE_CURVE('',#1230,#1229,#1445,.T.);
#902=EDGE_CURVE('',#1231,#1230,#1446,.T.);
#903=EDGE_CURVE('',#1227,#1231,#1447,.T.);
#904=EDGE_CURVE('',#1232,#1233,#1448,.T.);
#905=EDGE_CURVE('',#1234,#1232,#1449,.T.);
#906=EDGE_CURVE('',#1235,#1234,#1450,.T.);
#907=EDGE_CURVE('',#1236,#1235,#1451,.T.);
#908=EDGE_CURVE('',#1237,#1236,#1452,.T.);
#909=EDGE_CURVE('',#1233,#1237,#1453,.T.);
#910=EDGE_CURVE('',#1238,#1239,#1454,.T.);
#911=EDGE_CURVE('',#1240,#1238,#1455,.T.);
#912=EDGE_CURVE('',#1241,#1240,#1456,.T.);
#913=EDGE_CURVE('',#1242,#1241,#1457,.T.);
#914=EDGE_CURVE('',#1243,#1242,#1458,.T.);
#915=EDGE_CURVE('',#1239,#1243,#1459,.T.);
#916=EDGE_CURVE('',#1244,#1245,#1460,.T.);
#917=EDGE_CURVE('',#1246,#1244,#1461,.T.);
#918=EDGE_CURVE('',#1247,#1246,#1462,.T.);
#919=EDGE_CURVE('',#1248,#1247,#1463,.T.);
#920=EDGE_CURVE('',#1249,#1248,#1464,.T.);
#921=EDGE_CURVE('',#1245,#1249,#1465,.T.);
#922=EDGE_CURVE('',#1250,#1251,#1466,.T.);
#923=EDGE_CURVE('',#1252,#1250,#1467,.T.);
#924=EDGE_CURVE('',#1253,#1252,#1468,.T.);
#925=EDGE_CURVE('',#1254,#1253,#1469,.T.);
#926=EDGE_CURVE('',#1255,#1254,#1470,.T.);
#927=EDGE_CURVE('',#1251,#1255,#1471,.T.);
#928=EDGE_CURVE('',#1256,#1257,#1472,.T.);
#929=EDGE_CURVE('',#1258,#1256,#1473,.T.);
#930=EDGE_CURVE('',#1259,#1258,#1474,.T.);
#931=EDGE_CURVE('',#1260,#1259,#1475,.T.);
#932=EDGE_CURVE('',#1261,#1260,#1476,.T.);
#933=EDGE_CURVE('',#1257,#1261,#1477,.T.);
#934=EDGE_CURVE('',#1262,#1263,#1478,.T.);
#935=EDGE_CURVE('',#1264,#1262,#1479,.T.);
#936=EDGE_CURVE('',#1265,#1264,#1480,.T.);
#937=EDGE_CURVE('',#1266,#1265,#1481,.T.);
#938=EDGE_CURVE('',#1267,#1266,#1482,.T.);
#939=EDGE_CURVE('',#1263,#1267,#1483,.T.);
#940=EDGE_CURVE('',#1268,#1269,#1484,.T.);
#941=EDGE_CURVE('',#1270,#1268,#1485,.T.);
#942=EDGE_CURVE('',#1271,#1270,#1486,.T.);
#943=EDGE_CURVE('',#1272,#1271,#1487,.T.);
#944=EDGE_CURVE('',#1273,#1272,#1488,.T.);
#945=EDGE_CURVE('',#1269,#1273,#1489,.T.);
#946=EDGE_CURVE('',#1274,#1275,#1490,.T.);
#947=EDGE_CURVE('',#1275,#1276,#134,.T.);
#948=EDGE_CURVE('',#1276,#1277,#1491,.T.);
#949=EDGE_CURVE('',#1277,#1278,#135,.T.);
#950=EDGE_CURVE('',#1278,#1279,#1492,.T.);
#951=EDGE_CURVE('',#1279,#1280,#136,.T.);
#952=EDGE_CURVE('',#1280,#1281,#1493,.T.);
#953=EDGE_CURVE('',#1281,#1274,#137,.T.);
#954=EDGE_CURVE('',#1282,#1283,#1494,.T.);
#955=EDGE_CURVE('',#1283,#1284,#1495,.T.);
#956=EDGE_CURVE('',#1284,#1285,#1496,.T.);
#957=EDGE_CURVE('',#1285,#1286,#1497,.T.);
#958=EDGE_CURVE('',#1286,#1287,#1498,.T.);
#959=EDGE_CURVE('',#1287,#1282,#1499,.T.);
#960=EDGE_CURVE('',#1288,#1289,#1500,.T.);
#961=EDGE_CURVE('',#1289,#1290,#1501,.T.);
#962=EDGE_CURVE('',#1290,#1291,#1502,.T.);
#963=EDGE_CURVE('',#1291,#1292,#1503,.T.);
#964=EDGE_CURVE('',#1292,#1293,#1504,.T.);
#965=EDGE_CURVE('',#1293,#1288,#1505,.T.);
#966=EDGE_CURVE('',#1294,#1295,#1506,.T.);
#967=EDGE_CURVE('',#1295,#1296,#1507,.T.);
#968=EDGE_CURVE('',#1296,#1297,#1508,.T.);
#969=EDGE_CURVE('',#1297,#1298,#1509,.T.);
#970=EDGE_CURVE('',#1298,#1299,#1510,.T.);
#971=EDGE_CURVE('',#1299,#1294,#1511,.T.);
#972=EDGE_CURVE('',#1300,#1301,#1512,.T.);
#973=EDGE_CURVE('',#1301,#1302,#1513,.T.);
#974=EDGE_CURVE('',#1302,#1303,#1514,.T.);
#975=EDGE_CURVE('',#1303,#1304,#1515,.T.);
#976=EDGE_CURVE('',#1304,#1305,#1516,.T.);
#977=EDGE_CURVE('',#1305,#1300,#1517,.T.);
#978=EDGE_CURVE('',#1306,#1307,#1518,.T.);
#979=EDGE_CURVE('',#1307,#1308,#1519,.T.);
#980=EDGE_CURVE('',#1308,#1309,#1520,.T.);
#981=EDGE_CURVE('',#1309,#1310,#1521,.T.);
#982=EDGE_CURVE('',#1310,#1311,#1522,.T.);
#983=EDGE_CURVE('',#1311,#1306,#1523,.T.);
#984=EDGE_CURVE('',#1312,#1313,#1524,.T.);
#985=EDGE_CURVE('',#1313,#1314,#1525,.T.);
#986=EDGE_CURVE('',#1314,#1315,#1526,.T.);
#987=EDGE_CURVE('',#1315,#1316,#1527,.T.);
#988=EDGE_CURVE('',#1316,#1317,#1528,.T.);
#989=EDGE_CURVE('',#1317,#1312,#1529,.T.);
#990=EDGE_CURVE('',#1318,#1319,#1530,.T.);
#991=EDGE_CURVE('',#1319,#1320,#1531,.T.);
#992=EDGE_CURVE('',#1320,#1321,#1532,.T.);
#993=EDGE_CURVE('',#1321,#1322,#1533,.T.);
#994=EDGE_CURVE('',#1322,#1323,#1534,.T.);
#995=EDGE_CURVE('',#1323,#1318,#1535,.T.);
#996=EDGE_CURVE('',#1324,#1325,#1536,.T.);
#997=EDGE_CURVE('',#1325,#1326,#1537,.T.);
#998=EDGE_CURVE('',#1326,#1327,#1538,.T.);
#999=EDGE_CURVE('',#1327,#1328,#1539,.T.);
#1000=EDGE_CURVE('',#1328,#1329,#1540,.T.);
#1001=EDGE_CURVE('',#1329,#1324,#1541,.T.);
#1002=EDGE_CURVE('',#1330,#1331,#1542,.T.);
#1003=EDGE_CURVE('',#1331,#1332,#1543,.T.);
#1004=EDGE_CURVE('',#1332,#1333,#1544,.T.);
#1005=EDGE_CURVE('',#1333,#1334,#1545,.T.);
#1006=EDGE_CURVE('',#1334,#1335,#1546,.T.);
#1007=EDGE_CURVE('',#1335,#1330,#1547,.T.);
#1008=EDGE_CURVE('',#1336,#1337,#1548,.T.);
#1009=EDGE_CURVE('',#1337,#1338,#1549,.T.);
#1010=EDGE_CURVE('',#1338,#1339,#1550,.T.);
#1011=EDGE_CURVE('',#1339,#1340,#1551,.T.);
#1012=EDGE_CURVE('',#1340,#1341,#1552,.T.);
#1013=EDGE_CURVE('',#1341,#1336,#1553,.T.);
#1014=EDGE_CURVE('',#1342,#1343,#1554,.T.);
#1015=EDGE_CURVE('',#1343,#1344,#1555,.T.);
#1016=EDGE_CURVE('',#1344,#1345,#1556,.T.);
#1017=EDGE_CURVE('',#1345,#1346,#1557,.T.);
#1018=EDGE_CURVE('',#1346,#1347,#1558,.T.);
#1019=EDGE_CURVE('',#1347,#1342,#1559,.T.);
#1020=EDGE_CURVE('',#1348,#1349,#1560,.T.);
#1021=EDGE_CURVE('',#1349,#1350,#1561,.T.);
#1022=EDGE_CURVE('',#1350,#1351,#1562,.T.);
#1023=EDGE_CURVE('',#1351,#1352,#1563,.T.);
#1024=EDGE_CURVE('',#1352,#1353,#1564,.T.);
#1025=EDGE_CURVE('',#1353,#1348,#1565,.T.);
#1026=EDGE_CURVE('',#1354,#1355,#1566,.T.);
#1027=EDGE_CURVE('',#1355,#1356,#1567,.T.);
#1028=EDGE_CURVE('',#1356,#1357,#1568,.T.);
#1029=EDGE_CURVE('',#1357,#1358,#1569,.T.);
#1030=EDGE_CURVE('',#1358,#1359,#1570,.T.);
#1031=EDGE_CURVE('',#1359,#1354,#1571,.T.);
#1032=EDGE_CURVE('',#1360,#1361,#1572,.T.);
#1033=EDGE_CURVE('',#1361,#1362,#1573,.T.);
#1034=EDGE_CURVE('',#1362,#1363,#1574,.T.);
#1035=EDGE_CURVE('',#1363,#1364,#1575,.T.);
#1036=EDGE_CURVE('',#1364,#1365,#1576,.T.);
#1037=EDGE_CURVE('',#1365,#1360,#1577,.T.);
#1038=EDGE_CURVE('',#1366,#1367,#1578,.T.);
#1039=EDGE_CURVE('',#1367,#1368,#1579,.T.);
#1040=EDGE_CURVE('',#1368,#1369,#1580,.T.);
#1041=EDGE_CURVE('',#1369,#1370,#1581,.T.);
#1042=EDGE_CURVE('',#1370,#1371,#1582,.T.);
#1043=EDGE_CURVE('',#1371,#1366,#1583,.T.);
#1044=EDGE_CURVE('',#1372,#1373,#1584,.T.);
#1045=EDGE_CURVE('',#1373,#1374,#1585,.T.);
#1046=EDGE_CURVE('',#1374,#1375,#1586,.T.);
#1047=EDGE_CURVE('',#1375,#1376,#1587,.T.);
#1048=EDGE_CURVE('',#1376,#1377,#1588,.T.);
#1049=EDGE_CURVE('',#1377,#1372,#1589,.T.);
#1050=EDGE_CURVE('',#1166,#1279,#138,.T.);
#1051=EDGE_CURVE('',#1280,#1168,#139,.T.);
#1052=EDGE_CURVE('',#1281,#1156,#140,.T.);
#1053=EDGE_CURVE('',#1164,#1278,#141,.T.);
#1054=EDGE_CURVE('',#1274,#1154,#142,.T.);
#1055=EDGE_CURVE('',#1162,#1277,#143,.T.);
#1056=EDGE_CURVE('',#1275,#1158,#144,.T.);
#1057=EDGE_CURVE('',#1160,#1276,#145,.T.);
#1058=EDGE_CURVE('',#1374,#1269,#1590,.T.);
#1059=EDGE_CURVE('',#1373,#1268,#1591,.T.);
#1060=EDGE_CURVE('',#1375,#1273,#1592,.T.);
#1061=EDGE_CURVE('',#1376,#1272,#1593,.T.);
#1062=EDGE_CURVE('',#1377,#1271,#1594,.T.);
#1063=EDGE_CURVE('',#1372,#1270,#1595,.T.);
#1064=EDGE_CURVE('',#1368,#1263,#1596,.T.);
#1065=EDGE_CURVE('',#1367,#1262,#1597,.T.);
#1066=EDGE_CURVE('',#1369,#1267,#1598,.T.);
#1067=EDGE_CURVE('',#1370,#1266,#1599,.T.);
#1068=EDGE_CURVE('',#1371,#1265,#1600,.T.);
#1069=EDGE_CURVE('',#1366,#1264,#1601,.T.);
#1070=EDGE_CURVE('',#1362,#1257,#1602,.T.);
#1071=EDGE_CURVE('',#1361,#1256,#1603,.T.);
#1072=EDGE_CURVE('',#1363,#1261,#1604,.T.);
#1073=EDGE_CURVE('',#1364,#1260,#1605,.T.);
#1074=EDGE_CURVE('',#1365,#1259,#1606,.T.);
#1075=EDGE_CURVE('',#1360,#1258,#1607,.T.);
#1076=EDGE_CURVE('',#1356,#1251,#1608,.T.);
#1077=EDGE_CURVE('',#1355,#1250,#1609,.T.);
#1078=EDGE_CURVE('',#1357,#1255,#1610,.T.);
#1079=EDGE_CURVE('',#1358,#1254,#1611,.T.);
#1080=EDGE_CURVE('',#1359,#1253,#1612,.T.);
#1081=EDGE_CURVE('',#1354,#1252,#1613,.T.);
#1082=EDGE_CURVE('',#1350,#1245,#1614,.T.);
#1083=EDGE_CURVE('',#1349,#1244,#1615,.T.);
#1084=EDGE_CURVE('',#1351,#1249,#1616,.T.);
#1085=EDGE_CURVE('',#1352,#1248,#1617,.T.);
#1086=EDGE_CURVE('',#1353,#1247,#1618,.T.);
#1087=EDGE_CURVE('',#1348,#1246,#1619,.T.);
#1088=EDGE_CURVE('',#1344,#1239,#1620,.T.);
#1089=EDGE_CURVE('',#1343,#1238,#1621,.T.);
#1090=EDGE_CURVE('',#1345,#1243,#1622,.T.);
#1091=EDGE_CURVE('',#1346,#1242,#1623,.T.);
#1092=EDGE_CURVE('',#1347,#1241,#1624,.T.);
#1093=EDGE_CURVE('',#1342,#1240,#1625,.T.);
#1094=EDGE_CURVE('',#1338,#1233,#1626,.T.);
#1095=EDGE_CURVE('',#1337,#1232,#1627,.T.);
#1096=EDGE_CURVE('',#1339,#1237,#1628,.T.);
#1097=EDGE_CURVE('',#1340,#1236,#1629,.T.);
#1098=EDGE_CURVE('',#1341,#1235,#1630,.T.);
#1099=EDGE_CURVE('',#1336,#1234,#1631,.T.);
#1100=EDGE_CURVE('',#1332,#1227,#1632,.T.);
#1101=EDGE_CURVE('',#1331,#1226,#1633,.T.);
#1102=EDGE_CURVE('',#1333,#1231,#1634,.T.);
#1103=EDGE_CURVE('',#1334,#1230,#1635,.T.);
#1104=EDGE_CURVE('',#1335,#1229,#1636,.T.);
#1105=EDGE_CURVE('',#1330,#1228,#1637,.T.);
#1106=EDGE_CURVE('',#1326,#1221,#1638,.T.);
#1107=EDGE_CURVE('',#1325,#1220,#1639,.T.);
#1108=EDGE_CURVE('',#1327,#1225,#1640,.T.);
#1109=EDGE_CURVE('',#1328,#1224,#1641,.T.);
#1110=EDGE_CURVE('',#1329,#1223,#1642,.T.);
#1111=EDGE_CURVE('',#1324,#1222,#1643,.T.);
#1112=EDGE_CURVE('',#1320,#1215,#1644,.T.);
#1113=EDGE_CURVE('',#1319,#1214,#1645,.T.);
#1114=EDGE_CURVE('',#1321,#1219,#1646,.T.);
#1115=EDGE_CURVE('',#1322,#1218,#1647,.T.);
#1116=EDGE_CURVE('',#1323,#1217,#1648,.T.);
#1117=EDGE_CURVE('',#1318,#1216,#1649,.T.);
#1118=EDGE_CURVE('',#1314,#1209,#1650,.T.);
#1119=EDGE_CURVE('',#1313,#1208,#1651,.T.);
#1120=EDGE_CURVE('',#1315,#1213,#1652,.T.);
#1121=EDGE_CURVE('',#1316,#1212,#1653,.T.);
#1122=EDGE_CURVE('',#1317,#1211,#1654,.T.);
#1123=EDGE_CURVE('',#1312,#1210,#1655,.T.);
#1124=EDGE_CURVE('',#1308,#1203,#1656,.T.);
#1125=EDGE_CURVE('',#1307,#1202,#1657,.T.);
#1126=EDGE_CURVE('',#1309,#1207,#1658,.T.);
#1127=EDGE_CURVE('',#1310,#1206,#1659,.T.);
#1128=EDGE_CURVE('',#1311,#1205,#1660,.T.);
#1129=EDGE_CURVE('',#1306,#1204,#1661,.T.);
#1130=EDGE_CURVE('',#1302,#1197,#1662,.T.);
#1131=EDGE_CURVE('',#1301,#1196,#1663,.T.);
#1132=EDGE_CURVE('',#1303,#1201,#1664,.T.);
#1133=EDGE_CURVE('',#1304,#1200,#1665,.T.);
#1134=EDGE_CURVE('',#1305,#1199,#1666,.T.);
#1135=EDGE_CURVE('',#1300,#1198,#1667,.T.);
#1136=EDGE_CURVE('',#1296,#1191,#1668,.T.);
#1137=EDGE_CURVE('',#1295,#1190,#1669,.T.);
#1138=EDGE_CURVE('',#1297,#1195,#1670,.T.);
#1139=EDGE_CURVE('',#1298,#1194,#1671,.T.);
#1140=EDGE_CURVE('',#1299,#1193,#1672,.T.);
#1141=EDGE_CURVE('',#1294,#1192,#1673,.T.);
#1142=EDGE_CURVE('',#1290,#1185,#1674,.T.);
#1143=EDGE_CURVE('',#1289,#1184,#1675,.T.);
#1144=EDGE_CURVE('',#1291,#1189,#1676,.T.);
#1145=EDGE_CURVE('',#1292,#1188,#1677,.T.);
#1146=EDGE_CURVE('',#1293,#1187,#1678,.T.);
#1147=EDGE_CURVE('',#1288,#1186,#1679,.T.);
#1148=EDGE_CURVE('',#1284,#1179,#1680,.T.);
#1149=EDGE_CURVE('',#1283,#1178,#1681,.T.);
#1150=EDGE_CURVE('',#1285,#1183,#1682,.T.);
#1151=EDGE_CURVE('',#1286,#1182,#1683,.T.);
#1152=EDGE_CURVE('',#1287,#1181,#1684,.T.);
#1153=EDGE_CURVE('',#1282,#1180,#1685,.T.);
#1154=VERTEX_POINT('',#3212);
#1155=VERTEX_POINT('',#3213);
#1156=VERTEX_POINT('',#3215);
#1157=VERTEX_POINT('',#3217);
#1158=VERTEX_POINT('',#3221);
#1159=VERTEX_POINT('',#3222);
#1160=VERTEX_POINT('',#3227);
#1161=VERTEX_POINT('',#3228);
#1162=VERTEX_POINT('',#3233);
#1163=VERTEX_POINT('',#3234);
#1164=VERTEX_POINT('',#3239);
#1165=VERTEX_POINT('',#3240);
#1166=VERTEX_POINT('',#3245);
#1167=VERTEX_POINT('',#3246);
#1168=VERTEX_POINT('',#3251);
#1169=VERTEX_POINT('',#3252);
#1170=VERTEX_POINT('',#3257);
#1171=VERTEX_POINT('',#3259);
#1172=VERTEX_POINT('',#3262);
#1173=VERTEX_POINT('',#3264);
#1174=VERTEX_POINT('',#3267);
#1175=VERTEX_POINT('',#3269);
#1176=VERTEX_POINT('',#3272);
#1177=VERTEX_POINT('',#3274);
#1178=VERTEX_POINT('',#3280);
#1179=VERTEX_POINT('',#3281);
#1180=VERTEX_POINT('',#3283);
#1181=VERTEX_POINT('',#3285);
#1182=VERTEX_POINT('',#3287);
#1183=VERTEX_POINT('',#3289);
#1184=VERTEX_POINT('',#3292);
#1185=VERTEX_POINT('',#3293);
#1186=VERTEX_POINT('',#3295);
#1187=VERTEX_POINT('',#3297);
#1188=VERTEX_POINT('',#3299);
#1189=VERTEX_POINT('',#3301);
#1190=VERTEX_POINT('',#3304);
#1191=VERTEX_POINT('',#3305);
#1192=VERTEX_POINT('',#3307);
#1193=VERTEX_POINT('',#3309);
#1194=VERTEX_POINT('',#3311);
#1195=VERTEX_POINT('',#3313);
#1196=VERTEX_POINT('',#3316);
#1197=VERTEX_POINT('',#3317);
#1198=VERTEX_POINT('',#3319);
#1199=VERTEX_POINT('',#3321);
#1200=VERTEX_POINT('',#3323);
#1201=VERTEX_POINT('',#3325);
#1202=VERTEX_POINT('',#3328);
#1203=VERTEX_POINT('',#3329);
#1204=VERTEX_POINT('',#3331);
#1205=VERTEX_POINT('',#3333);
#1206=VERTEX_POINT('',#3335);
#1207=VERTEX_POINT('',#3337);
#1208=VERTEX_POINT('',#3340);
#1209=VERTEX_POINT('',#3341);
#1210=VERTEX_POINT('',#3343);
#1211=VERTEX_POINT('',#3345);
#1212=VERTEX_POINT('',#3347);
#1213=VERTEX_POINT('',#3349);
#1214=VERTEX_POINT('',#3352);
#1215=VERTEX_POINT('',#3353);
#1216=VERTEX_POINT('',#3355);
#1217=VERTEX_POINT('',#3357);
#1218=VERTEX_POINT('',#3359);
#1219=VERTEX_POINT('',#3361);
#1220=VERTEX_POINT('',#3364);
#1221=VERTEX_POINT('',#3365);
#1222=VERTEX_POINT('',#3367);
#1223=VERTEX_POINT('',#3369);
#1224=VERTEX_POINT('',#3371);
#1225=VERTEX_POINT('',#3373);
#1226=VERTEX_POINT('',#3376);
#1227=VERTEX_POINT('',#3377);
#1228=VERTEX_POINT('',#3379);
#1229=VERTEX_POINT('',#3381);
#1230=VERTEX_POINT('',#3383);
#1231=VERTEX_POINT('',#3385);
#1232=VERTEX_POINT('',#3388);
#1233=VERTEX_POINT('',#3389);
#1234=VERTEX_POINT('',#3391);
#1235=VERTEX_POINT('',#3393);
#1236=VERTEX_POINT('',#3395);
#1237=VERTEX_POINT('',#3397);
#1238=VERTEX_POINT('',#3400);
#1239=VERTEX_POINT('',#3401);
#1240=VERTEX_POINT('',#3403);
#1241=VERTEX_POINT('',#3405);
#1242=VERTEX_POINT('',#3407);
#1243=VERTEX_POINT('',#3409);
#1244=VERTEX_POINT('',#3412);
#1245=VERTEX_POINT('',#3413);
#1246=VERTEX_POINT('',#3415);
#1247=VERTEX_POINT('',#3417);
#1248=VERTEX_POINT('',#3419);
#1249=VERTEX_POINT('',#3421);
#1250=VERTEX_POINT('',#3424);
#1251=VERTEX_POINT('',#3425);
#1252=VERTEX_POINT('',#3427);
#1253=VERTEX_POINT('',#3429);
#1254=VERTEX_POINT('',#3431);
#1255=VERTEX_POINT('',#3433);
#1256=VERTEX_POINT('',#3436);
#1257=VERTEX_POINT('',#3437);
#1258=VERTEX_POINT('',#3439);
#1259=VERTEX_POINT('',#3441);
#1260=VERTEX_POINT('',#3443);
#1261=VERTEX_POINT('',#3445);
#1262=VERTEX_POINT('',#3448);
#1263=VERTEX_POINT('',#3449);
#1264=VERTEX_POINT('',#3451);
#1265=VERTEX_POINT('',#3453);
#1266=VERTEX_POINT('',#3455);
#1267=VERTEX_POINT('',#3457);
#1268=VERTEX_POINT('',#3460);
#1269=VERTEX_POINT('',#3461);
#1270=VERTEX_POINT('',#3463);
#1271=VERTEX_POINT('',#3465);
#1272=VERTEX_POINT('',#3467);
#1273=VERTEX_POINT('',#3469);
#1274=VERTEX_POINT('',#3472);
#1275=VERTEX_POINT('',#3473);
#1276=VERTEX_POINT('',#3475);
#1277=VERTEX_POINT('',#3477);
#1278=VERTEX_POINT('',#3479);
#1279=VERTEX_POINT('',#3481);
#1280=VERTEX_POINT('',#3483);
#1281=VERTEX_POINT('',#3485);
#1282=VERTEX_POINT('',#3489);
#1283=VERTEX_POINT('',#3490);
#1284=VERTEX_POINT('',#3492);
#1285=VERTEX_POINT('',#3494);
#1286=VERTEX_POINT('',#3496);
#1287=VERTEX_POINT('',#3498);
#1288=VERTEX_POINT('',#3501);
#1289=VERTEX_POINT('',#3502);
#1290=VERTEX_POINT('',#3504);
#1291=VERTEX_POINT('',#3506);
#1292=VERTEX_POINT('',#3508);
#1293=VERTEX_POINT('',#3510);
#1294=VERTEX_POINT('',#3513);
#1295=VERTEX_POINT('',#3514);
#1296=VERTEX_POINT('',#3516);
#1297=VERTEX_POINT('',#3518);
#1298=VERTEX_POINT('',#3520);
#1299=VERTEX_POINT('',#3522);
#1300=VERTEX_POINT('',#3525);
#1301=VERTEX_POINT('',#3526);
#1302=VERTEX_POINT('',#3528);
#1303=VERTEX_POINT('',#3530);
#1304=VERTEX_POINT('',#3532);
#1305=VERTEX_POINT('',#3534);
#1306=VERTEX_POINT('',#3537);
#1307=VERTEX_POINT('',#3538);
#1308=VERTEX_POINT('',#3540);
#1309=VERTEX_POINT('',#3542);
#1310=VERTEX_POINT('',#3544);
#1311=VERTEX_POINT('',#3546);
#1312=VERTEX_POINT('',#3549);
#1313=VERTEX_POINT('',#3550);
#1314=VERTEX_POINT('',#3552);
#1315=VERTEX_POINT('',#3554);
#1316=VERTEX_POINT('',#3556);
#1317=VERTEX_POINT('',#3558);
#1318=VERTEX_POINT('',#3561);
#1319=VERTEX_POINT('',#3562);
#1320=VERTEX_POINT('',#3564);
#1321=VERTEX_POINT('',#3566);
#1322=VERTEX_POINT('',#3568);
#1323=VERTEX_POINT('',#3570);
#1324=VERTEX_POINT('',#3573);
#1325=VERTEX_POINT('',#3574);
#1326=VERTEX_POINT('',#3576);
#1327=VERTEX_POINT('',#3578);
#1328=VERTEX_POINT('',#3580);
#1329=VERTEX_POINT('',#3582);
#1330=VERTEX_POINT('',#3585);
#1331=VERTEX_POINT('',#3586);
#1332=VERTEX_POINT('',#3588);
#1333=VERTEX_POINT('',#3590);
#1334=VERTEX_POINT('',#3592);
#1335=VERTEX_POINT('',#3594);
#1336=VERTEX_POINT('',#3597);
#1337=VERTEX_POINT('',#3598);
#1338=VERTEX_POINT('',#3600);
#1339=VERTEX_POINT('',#3602);
#1340=VERTEX_POINT('',#3604);
#1341=VERTEX_POINT('',#3606);
#1342=VERTEX_POINT('',#3609);
#1343=VERTEX_POINT('',#3610);
#1344=VERTEX_POINT('',#3612);
#1345=VERTEX_POINT('',#3614);
#1346=VERTEX_POINT('',#3616);
#1347=VERTEX_POINT('',#3618);
#1348=VERTEX_POINT('',#3621);
#1349=VERTEX_POINT('',#3622);
#1350=VERTEX_POINT('',#3624);
#1351=VERTEX_POINT('',#3626);
#1352=VERTEX_POINT('',#3628);
#1353=VERTEX_POINT('',#3630);
#1354=VERTEX_POINT('',#3633);
#1355=VERTEX_POINT('',#3634);
#1356=VERTEX_POINT('',#3636);
#1357=VERTEX_POINT('',#3638);
#1358=VERTEX_POINT('',#3640);
#1359=VERTEX_POINT('',#3642);
#1360=VERTEX_POINT('',#3645);
#1361=VERTEX_POINT('',#3646);
#1362=VERTEX_POINT('',#3648);
#1363=VERTEX_POINT('',#3650);
#1364=VERTEX_POINT('',#3652);
#1365=VERTEX_POINT('',#3654);
#1366=VERTEX_POINT('',#3657);
#1367=VERTEX_POINT('',#3658);
#1368=VERTEX_POINT('',#3660);
#1369=VERTEX_POINT('',#3662);
#1370=VERTEX_POINT('',#3664);
#1371=VERTEX_POINT('',#3666);
#1372=VERTEX_POINT('',#3669);
#1373=VERTEX_POINT('',#3670);
#1374=VERTEX_POINT('',#3672);
#1375=VERTEX_POINT('',#3674);
#1376=VERTEX_POINT('',#3676);
#1377=VERTEX_POINT('',#3678);
#1378=LINE('',#3211,#1686);
#1379=LINE('',#3216,#1687);
#1380=LINE('',#3220,#1688);
#1381=LINE('',#3223,#1689);
#1382=LINE('',#3224,#1690);
#1383=LINE('',#3226,#1691);
#1384=LINE('',#3232,#1692);
#1385=LINE('',#3235,#1693);
#1386=LINE('',#3236,#1694);
#1387=LINE('',#3238,#1695);
#1388=LINE('',#3244,#1696);
#1389=LINE('',#3247,#1697);
#1390=LINE('',#3248,#1698);
#1391=LINE('',#3250,#1699);
#1392=LINE('',#3276,#1700);
#1393=LINE('',#3277,#1701);
#1394=LINE('',#3279,#1702);
#1395=LINE('',#3282,#1703);
#1396=LINE('',#3284,#1704);
#1397=LINE('',#3286,#1705);
#1398=LINE('',#3288,#1706);
#1399=LINE('',#3290,#1707);
#1400=LINE('',#3291,#1708);
#1401=LINE('',#3294,#1709);
#1402=LINE('',#3296,#1710);
#1403=LINE('',#3298,#1711);
#1404=LINE('',#3300,#1712);
#1405=LINE('',#3302,#1713);
#1406=LINE('',#3303,#1714);
#1407=LINE('',#3306,#1715);
#1408=LINE('',#3308,#1716);
#1409=LINE('',#3310,#1717);
#1410=LINE('',#3312,#1718);
#1411=LINE('',#3314,#1719);
#1412=LINE('',#3315,#1720);
#1413=LINE('',#3318,#1721);
#1414=LINE('',#3320,#1722);
#1415=LINE('',#3322,#1723);
#1416=LINE('',#3324,#1724);
#1417=LINE('',#3326,#1725);
#1418=LINE('',#3327,#1726);
#1419=LINE('',#3330,#1727);
#1420=LINE('',#3332,#1728);
#1421=LINE('',#3334,#1729);
#1422=LINE('',#3336,#1730);
#1423=LINE('',#3338,#1731);
#1424=LINE('',#3339,#1732);
#1425=LINE('',#3342,#1733);
#1426=LINE('',#3344,#1734);
#1427=LINE('',#3346,#1735);
#1428=LINE('',#3348,#1736);
#1429=LINE('',#3350,#1737);
#1430=LINE('',#3351,#1738);
#1431=LINE('',#3354,#1739);
#1432=LINE('',#3356,#1740);
#1433=LINE('',#3358,#1741);
#1434=LINE('',#3360,#1742);
#1435=LINE('',#3362,#1743);
#1436=LINE('',#3363,#1744);
#1437=LINE('',#3366,#1745);
#1438=LINE('',#3368,#1746);
#1439=LINE('',#3370,#1747);
#1440=LINE('',#3372,#1748);
#1441=LINE('',#3374,#1749);
#1442=LINE('',#3375,#1750);
#1443=LINE('',#3378,#1751);
#1444=LINE('',#3380,#1752);
#1445=LINE('',#3382,#1753);
#1446=LINE('',#3384,#1754);
#1447=LINE('',#3386,#1755);
#1448=LINE('',#3387,#1756);
#1449=LINE('',#3390,#1757);
#1450=LINE('',#3392,#1758);
#1451=LINE('',#3394,#1759);
#1452=LINE('',#3396,#1760);
#1453=LINE('',#3398,#1761);
#1454=LINE('',#3399,#1762);
#1455=LINE('',#3402,#1763);
#1456=LINE('',#3404,#1764);
#1457=LINE('',#3406,#1765);
#1458=LINE('',#3408,#1766);
#1459=LINE('',#3410,#1767);
#1460=LINE('',#3411,#1768);
#1461=LINE('',#3414,#1769);
#1462=LINE('',#3416,#1770);
#1463=LINE('',#3418,#1771);
#1464=LINE('',#3420,#1772);
#1465=LINE('',#3422,#1773);
#1466=LINE('',#3423,#1774);
#1467=LINE('',#3426,#1775);
#1468=LINE('',#3428,#1776);
#1469=LINE('',#3430,#1777);
#1470=LINE('',#3432,#1778);
#1471=LINE('',#3434,#1779);
#1472=LINE('',#3435,#1780);
#1473=LINE('',#3438,#1781);
#1474=LINE('',#3440,#1782);
#1475=LINE('',#3442,#1783);
#1476=LINE('',#3444,#1784);
#1477=LINE('',#3446,#1785);
#1478=LINE('',#3447,#1786);
#1479=LINE('',#3450,#1787);
#1480=LINE('',#3452,#1788);
#1481=LINE('',#3454,#1789);
#1482=LINE('',#3456,#1790);
#1483=LINE('',#3458,#1791);
#1484=LINE('',#3459,#1792);
#1485=LINE('',#3462,#1793);
#1486=LINE('',#3464,#1794);
#1487=LINE('',#3466,#1795);
#1488=LINE('',#3468,#1796);
#1489=LINE('',#3470,#1797);
#1490=LINE('',#3471,#1798);
#1491=LINE('',#3476,#1799);
#1492=LINE('',#3480,#1800);
#1493=LINE('',#3484,#1801);
#1494=LINE('',#3488,#1802);
#1495=LINE('',#3491,#1803);
#1496=LINE('',#3493,#1804);
#1497=LINE('',#3495,#1805);
#1498=LINE('',#3497,#1806);
#1499=LINE('',#3499,#1807);
#1500=LINE('',#3500,#1808);
#1501=LINE('',#3503,#1809);
#1502=LINE('',#3505,#1810);
#1503=LINE('',#3507,#1811);
#1504=LINE('',#3509,#1812);
#1505=LINE('',#3511,#1813);
#1506=LINE('',#3512,#1814);
#1507=LINE('',#3515,#1815);
#1508=LINE('',#3517,#1816);
#1509=LINE('',#3519,#1817);
#1510=LINE('',#3521,#1818);
#1511=LINE('',#3523,#1819);
#1512=LINE('',#3524,#1820);
#1513=LINE('',#3527,#1821);
#1514=LINE('',#3529,#1822);
#1515=LINE('',#3531,#1823);
#1516=LINE('',#3533,#1824);
#1517=LINE('',#3535,#1825);
#1518=LINE('',#3536,#1826);
#1519=LINE('',#3539,#1827);
#1520=LINE('',#3541,#1828);
#1521=LINE('',#3543,#1829);
#1522=LINE('',#3545,#1830);
#1523=LINE('',#3547,#1831);
#1524=LINE('',#3548,#1832);
#1525=LINE('',#3551,#1833);
#1526=LINE('',#3553,#1834);
#1527=LINE('',#3555,#1835);
#1528=LINE('',#3557,#1836);
#1529=LINE('',#3559,#1837);
#1530=LINE('',#3560,#1838);
#1531=LINE('',#3563,#1839);
#1532=LINE('',#3565,#1840);
#1533=LINE('',#3567,#1841);
#1534=LINE('',#3569,#1842);
#1535=LINE('',#3571,#1843);
#1536=LINE('',#3572,#1844);
#1537=LINE('',#3575,#1845);
#1538=LINE('',#3577,#1846);
#1539=LINE('',#3579,#1847);
#1540=LINE('',#3581,#1848);
#1541=LINE('',#3583,#1849);
#1542=LINE('',#3584,#1850);
#1543=LINE('',#3587,#1851);
#1544=LINE('',#3589,#1852);
#1545=LINE('',#3591,#1853);
#1546=LINE('',#3593,#1854);
#1547=LINE('',#3595,#1855);
#1548=LINE('',#3596,#1856);
#1549=LINE('',#3599,#1857);
#1550=LINE('',#3601,#1858);
#1551=LINE('',#3603,#1859);
#1552=LINE('',#3605,#1860);
#1553=LINE('',#3607,#1861);
#1554=LINE('',#3608,#1862);
#1555=LINE('',#3611,#1863);
#1556=LINE('',#3613,#1864);
#1557=LINE('',#3615,#1865);
#1558=LINE('',#3617,#1866);
#1559=LINE('',#3619,#1867);
#1560=LINE('',#3620,#1868);
#1561=LINE('',#3623,#1869);
#1562=LINE('',#3625,#1870);
#1563=LINE('',#3627,#1871);
#1564=LINE('',#3629,#1872);
#1565=LINE('',#3631,#1873);
#1566=LINE('',#3632,#1874);
#1567=LINE('',#3635,#1875);
#1568=LINE('',#3637,#1876);
#1569=LINE('',#3639,#1877);
#1570=LINE('',#3641,#1878);
#1571=LINE('',#3643,#1879);
#1572=LINE('',#3644,#1880);
#1573=LINE('',#3647,#1881);
#1574=LINE('',#3649,#1882);
#1575=LINE('',#3651,#1883);
#1576=LINE('',#3653,#1884);
#1577=LINE('',#3655,#1885);
#1578=LINE('',#3656,#1886);
#1579=LINE('',#3659,#1887);
#1580=LINE('',#3661,#1888);
#1581=LINE('',#3663,#1889);
#1582=LINE('',#3665,#1890);
#1583=LINE('',#3667,#1891);
#1584=LINE('',#3668,#1892);
#1585=LINE('',#3671,#1893);
#1586=LINE('',#3673,#1894);
#1587=LINE('',#3675,#1895);
#1588=LINE('',#3677,#1896);
#1589=LINE('',#3679,#1897);
#1590=LINE('',#3697,#1898);
#1591=LINE('',#3698,#1899);
#1592=LINE('',#3700,#1900);
#1593=LINE('',#3702,#1901);
#1594=LINE('',#3704,#1902);
#1595=LINE('',#3706,#1903);
#1596=LINE('',#3709,#1904);
#1597=LINE('',#3710,#1905);
#1598=LINE('',#3712,#1906);
#1599=LINE('',#3714,#1907);
#1600=LINE('',#3716,#1908);
#1601=LINE('',#3718,#1909);
#1602=LINE('',#3721,#1910);
#1603=LINE('',#3722,#1911);
#1604=LINE('',#3724,#1912);
#1605=LINE('',#3726,#1913);
#1606=LINE('',#3728,#1914);
#1607=LINE('',#3730,#1915);
#1608=LINE('',#3733,#1916);
#1609=LINE('',#3734,#1917);
#1610=LINE('',#3736,#1918);
#1611=LINE('',#3738,#1919);
#1612=LINE('',#3740,#1920);
#1613=LINE('',#3742,#1921);
#1614=LINE('',#3745,#1922);
#1615=LINE('',#3746,#1923);
#1616=LINE('',#3748,#1924);
#1617=LINE('',#3750,#1925);
#1618=LINE('',#3752,#1926);
#1619=LINE('',#3754,#1927);
#1620=LINE('',#3757,#1928);
#1621=LINE('',#3758,#1929);
#1622=LINE('',#3760,#1930);
#1623=LINE('',#3762,#1931);
#1624=LINE('',#3764,#1932);
#1625=LINE('',#3766,#1933);
#1626=LINE('',#3769,#1934);
#1627=LINE('',#3770,#1935);
#1628=LINE('',#3772,#1936);
#1629=LINE('',#3774,#1937);
#1630=LINE('',#3776,#1938);
#1631=LINE('',#3778,#1939);
#1632=LINE('',#3781,#1940);
#1633=LINE('',#3782,#1941);
#1634=LINE('',#3784,#1942);
#1635=LINE('',#3786,#1943);
#1636=LINE('',#3788,#1944);
#1637=LINE('',#3790,#1945);
#1638=LINE('',#3793,#1946);
#1639=LINE('',#3794,#1947);
#1640=LINE('',#3796,#1948);
#1641=LINE('',#3798,#1949);
#1642=LINE('',#3800,#1950);
#1643=LINE('',#3802,#1951);
#1644=LINE('',#3805,#1952);
#1645=LINE('',#3806,#1953);
#1646=LINE('',#3808,#1954);
#1647=LINE('',#3810,#1955);
#1648=LINE('',#3812,#1956);
#1649=LINE('',#3814,#1957);
#1650=LINE('',#3817,#1958);
#1651=LINE('',#3818,#1959);
#1652=LINE('',#3820,#1960);
#1653=LINE('',#3822,#1961);
#1654=LINE('',#3824,#1962);
#1655=LINE('',#3826,#1963);
#1656=LINE('',#3829,#1964);
#1657=LINE('',#3830,#1965);
#1658=LINE('',#3832,#1966);
#1659=LINE('',#3834,#1967);
#1660=LINE('',#3836,#1968);
#1661=LINE('',#3838,#1969);
#1662=LINE('',#3841,#1970);
#1663=LINE('',#3842,#1971);
#1664=LINE('',#3844,#1972);
#1665=LINE('',#3846,#1973);
#1666=LINE('',#3848,#1974);
#1667=LINE('',#3850,#1975);
#1668=LINE('',#3853,#1976);
#1669=LINE('',#3854,#1977);
#1670=LINE('',#3856,#1978);
#1671=LINE('',#3858,#1979);
#1672=LINE('',#3860,#1980);
#1673=LINE('',#3862,#1981);
#1674=LINE('',#3865,#1982);
#1675=LINE('',#3866,#1983);
#1676=LINE('',#3868,#1984);
#1677=LINE('',#3870,#1985);
#1678=LINE('',#3872,#1986);
#1679=LINE('',#3874,#1987);
#1680=LINE('',#3877,#1988);
#1681=LINE('',#3878,#1989);
#1682=LINE('',#3880,#1990);
#1683=LINE('',#3882,#1991);
#1684=LINE('',#3884,#1992);
#1685=LINE('',#3886,#1993);
#1686=VECTOR('',#2611,1.);
#1687=VECTOR('',#2614,1.);
#1688=VECTOR('',#2619,1.);
#1689=VECTOR('',#2620,1.);
#1690=VECTOR('',#2621,1.);
#1691=VECTOR('',#2624,1.);
#1692=VECTOR('',#2631,1.);
#1693=VECTOR('',#2632,1.);
#1694=VECTOR('',#2633,1.);
#1695=VECTOR('',#2636,1.);
#1696=VECTOR('',#2643,1.);
#1697=VECTOR('',#2644,1.);
#1698=VECTOR('',#2645,1.);
#1699=VECTOR('',#2648,1.);
#1700=VECTOR('',#2679,1.);
#1701=VECTOR('',#2680,1.);
#1702=VECTOR('',#2683,1.);
#1703=VECTOR('',#2684,1.);
#1704=VECTOR('',#2685,1.);
#1705=VECTOR('',#2686,1.);
#1706=VECTOR('',#2687,1.);
#1707=VECTOR('',#2688,1.);
#1708=VECTOR('',#2689,1.);
#1709=VECTOR('',#2690,1.);
#1710=VECTOR('',#2691,1.);
#1711=VECTOR('',#2692,1.);
#1712=VECTOR('',#2693,1.);
#1713=VECTOR('',#2694,1.);
#1714=VECTOR('',#2695,1.);
#1715=VECTOR('',#2696,1.);
#1716=VECTOR('',#2697,1.);
#1717=VECTOR('',#2698,1.);
#1718=VECTOR('',#2699,1.);
#1719=VECTOR('',#2700,1.);
#1720=VECTOR('',#2701,1.);
#1721=VECTOR('',#2702,1.);
#1722=VECTOR('',#2703,1.);
#1723=VECTOR('',#2704,1.);
#1724=VECTOR('',#2705,1.);
#1725=VECTOR('',#2706,1.);
#1726=VECTOR('',#2707,1.);
#1727=VECTOR('',#2708,1.);
#1728=VECTOR('',#2709,1.);
#1729=VECTOR('',#2710,1.);
#1730=VECTOR('',#2711,1.);
#1731=VECTOR('',#2712,1.);
#1732=VECTOR('',#2713,1.);
#1733=VECTOR('',#2714,1.);
#1734=VECTOR('',#2715,1.);
#1735=VECTOR('',#2716,1.);
#1736=VECTOR('',#2717,1.);
#1737=VECTOR('',#2718,1.);
#1738=VECTOR('',#2719,1.);
#1739=VECTOR('',#2720,1.);
#1740=VECTOR('',#2721,1.);
#1741=VECTOR('',#2722,1.);
#1742=VECTOR('',#2723,1.);
#1743=VECTOR('',#2724,1.);
#1744=VECTOR('',#2725,1.);
#1745=VECTOR('',#2726,1.);
#1746=VECTOR('',#2727,1.);
#1747=VECTOR('',#2728,1.);
#1748=VECTOR('',#2729,1.);
#1749=VECTOR('',#2730,1.);
#1750=VECTOR('',#2731,1.);
#1751=VECTOR('',#2732,1.);
#1752=VECTOR('',#2733,1.);
#1753=VECTOR('',#2734,1.);
#1754=VECTOR('',#2735,1.);
#1755=VECTOR('',#2736,1.);
#1756=VECTOR('',#2737,1.);
#1757=VECTOR('',#2738,1.);
#1758=VECTOR('',#2739,1.);
#1759=VECTOR('',#2740,1.);
#1760=VECTOR('',#2741,1.);
#1761=VECTOR('',#2742,1.);
#1762=VECTOR('',#2743,1.);
#1763=VECTOR('',#2744,1.);
#1764=VECTOR('',#2745,1.);
#1765=VECTOR('',#2746,1.);
#1766=VECTOR('',#2747,1.);
#1767=VECTOR('',#2748,1.);
#1768=VECTOR('',#2749,1.);
#1769=VECTOR('',#2750,1.);
#1770=VECTOR('',#2751,1.);
#1771=VECTOR('',#2752,1.);
#1772=VECTOR('',#2753,1.);
#1773=VECTOR('',#2754,1.);
#1774=VECTOR('',#2755,1.);
#1775=VECTOR('',#2756,1.);
#1776=VECTOR('',#2757,1.);
#1777=VECTOR('',#2758,1.);
#1778=VECTOR('',#2759,1.);
#1779=VECTOR('',#2760,1.);
#1780=VECTOR('',#2761,1.);
#1781=VECTOR('',#2762,1.);
#1782=VECTOR('',#2763,1.);
#1783=VECTOR('',#2764,1.);
#1784=VECTOR('',#2765,1.);
#1785=VECTOR('',#2766,1.);
#1786=VECTOR('',#2767,1.);
#1787=VECTOR('',#2768,1.);
#1788=VECTOR('',#2769,1.);
#1789=VECTOR('',#2770,1.);
#1790=VECTOR('',#2771,1.);
#1791=VECTOR('',#2772,1.);
#1792=VECTOR('',#2773,1.);
#1793=VECTOR('',#2774,1.);
#1794=VECTOR('',#2775,1.);
#1795=VECTOR('',#2776,1.);
#1796=VECTOR('',#2777,1.);
#1797=VECTOR('',#2778,1.);
#1798=VECTOR('',#2779,1.);
#1799=VECTOR('',#2782,1.);
#1800=VECTOR('',#2785,1.);
#1801=VECTOR('',#2788,1.);
#1802=VECTOR('',#2793,1.);
#1803=VECTOR('',#2794,1.);
#1804=VECTOR('',#2795,1.);
#1805=VECTOR('',#2796,1.);
#1806=VECTOR('',#2797,1.);
#1807=VECTOR('',#2798,1.);
#1808=VECTOR('',#2799,1.);
#1809=VECTOR('',#2800,1.);
#1810=VECTOR('',#2801,1.);
#1811=VECTOR('',#2802,1.);
#1812=VECTOR('',#2803,1.);
#1813=VECTOR('',#2804,1.);
#1814=VECTOR('',#2805,1.);
#1815=VECTOR('',#2806,1.);
#1816=VECTOR('',#2807,1.);
#1817=VECTOR('',#2808,1.);
#1818=VECTOR('',#2809,1.);
#1819=VECTOR('',#2810,1.);
#1820=VECTOR('',#2811,1.);
#1821=VECTOR('',#2812,1.);
#1822=VECTOR('',#2813,1.);
#1823=VECTOR('',#2814,1.);
#1824=VECTOR('',#2815,1.);
#1825=VECTOR('',#2816,1.);
#1826=VECTOR('',#2817,1.);
#1827=VECTOR('',#2818,1.);
#1828=VECTOR('',#2819,1.);
#1829=VECTOR('',#2820,1.);
#1830=VECTOR('',#2821,1.);
#1831=VECTOR('',#2822,1.);
#1832=VECTOR('',#2823,1.);
#1833=VECTOR('',#2824,1.);
#1834=VECTOR('',#2825,1.);
#1835=VECTOR('',#2826,1.);
#1836=VECTOR('',#2827,1.);
#1837=VECTOR('',#2828,1.);
#1838=VECTOR('',#2829,1.);
#1839=VECTOR('',#2830,1.);
#1840=VECTOR('',#2831,1.);
#1841=VECTOR('',#2832,1.);
#1842=VECTOR('',#2833,1.);
#1843=VECTOR('',#2834,1.);
#1844=VECTOR('',#2835,1.);
#1845=VECTOR('',#2836,1.);
#1846=VECTOR('',#2837,1.);
#1847=VECTOR('',#2838,1.);
#1848=VECTOR('',#2839,1.);
#1849=VECTOR('',#2840,1.);
#1850=VECTOR('',#2841,1.);
#1851=VECTOR('',#2842,1.);
#1852=VECTOR('',#2843,1.);
#1853=VECTOR('',#2844,1.);
#1854=VECTOR('',#2845,1.);
#1855=VECTOR('',#2846,1.);
#1856=VECTOR('',#2847,1.);
#1857=VECTOR('',#2848,1.);
#1858=VECTOR('',#2849,1.);
#1859=VECTOR('',#2850,1.);
#1860=VECTOR('',#2851,1.);
#1861=VECTOR('',#2852,1.);
#1862=VECTOR('',#2853,1.);
#1863=VECTOR('',#2854,1.);
#1864=VECTOR('',#2855,1.);
#1865=VECTOR('',#2856,1.);
#1866=VECTOR('',#2857,1.);
#1867=VECTOR('',#2858,1.);
#1868=VECTOR('',#2859,1.);
#1869=VECTOR('',#2860,1.);
#1870=VECTOR('',#2861,1.);
#1871=VECTOR('',#2862,1.);
#1872=VECTOR('',#2863,1.);
#1873=VECTOR('',#2864,1.);
#1874=VECTOR('',#2865,1.);
#1875=VECTOR('',#2866,1.);
#1876=VECTOR('',#2867,1.);
#1877=VECTOR('',#2868,1.);
#1878=VECTOR('',#2869,1.);
#1879=VECTOR('',#2870,1.);
#1880=VECTOR('',#2871,1.);
#1881=VECTOR('',#2872,1.);
#1882=VECTOR('',#2873,1.);
#1883=VECTOR('',#2874,1.);
#1884=VECTOR('',#2875,1.);
#1885=VECTOR('',#2876,1.);
#1886=VECTOR('',#2877,1.);
#1887=VECTOR('',#2878,1.);
#1888=VECTOR('',#2879,1.);
#1889=VECTOR('',#2880,1.);
#1890=VECTOR('',#2881,1.);
#1891=VECTOR('',#2882,1.);
#1892=VECTOR('',#2883,1.);
#1893=VECTOR('',#2884,1.);
#1894=VECTOR('',#2885,1.);
#1895=VECTOR('',#2886,1.);
#1896=VECTOR('',#2887,1.);
#1897=VECTOR('',#2888,1.);
#1898=VECTOR('',#2923,1.);
#1899=VECTOR('',#2924,1.);
#1900=VECTOR('',#2927,1.);
#1901=VECTOR('',#2930,1.);
#1902=VECTOR('',#2933,1.);
#1903=VECTOR('',#2936,1.);
#1904=VECTOR('',#2941,1.);
#1905=VECTOR('',#2942,1.);
#1906=VECTOR('',#2945,1.);
#1907=VECTOR('',#2948,1.);
#1908=VECTOR('',#2951,1.);
#1909=VECTOR('',#2954,1.);
#1910=VECTOR('',#2959,1.);
#1911=VECTOR('',#2960,1.);
#1912=VECTOR('',#2963,1.);
#1913=VECTOR('',#2966,1.);
#1914=VECTOR('',#2969,1.);
#1915=VECTOR('',#2972,1.);
#1916=VECTOR('',#2977,1.);
#1917=VECTOR('',#2978,1.);
#1918=VECTOR('',#2981,1.);
#1919=VECTOR('',#2984,1.);
#1920=VECTOR('',#2987,1.);
#1921=VECTOR('',#2990,1.);
#1922=VECTOR('',#2995,1.);
#1923=VECTOR('',#2996,1.);
#1924=VECTOR('',#2999,1.);
#1925=VECTOR('',#3002,1.);
#1926=VECTOR('',#3005,1.);
#1927=VECTOR('',#3008,1.);
#1928=VECTOR('',#3013,1.);
#1929=VECTOR('',#3014,1.);
#1930=VECTOR('',#3017,1.);
#1931=VECTOR('',#3020,1.);
#1932=VECTOR('',#3023,1.);
#1933=VECTOR('',#3026,1.);
#1934=VECTOR('',#3031,1.);
#1935=VECTOR('',#3032,1.);
#1936=VECTOR('',#3035,1.);
#1937=VECTOR('',#3038,1.);
#1938=VECTOR('',#3041,1.);
#1939=VECTOR('',#3044,1.);
#1940=VECTOR('',#3049,1.);
#1941=VECTOR('',#3050,1.);
#1942=VECTOR('',#3053,1.);
#1943=VECTOR('',#3056,1.);
#1944=VECTOR('',#3059,1.);
#1945=VECTOR('',#3062,1.);
#1946=VECTOR('',#3067,1.);
#1947=VECTOR('',#3068,1.);
#1948=VECTOR('',#3071,1.);
#1949=VECTOR('',#3074,1.);
#1950=VECTOR('',#3077,1.);
#1951=VECTOR('',#3080,1.);
#1952=VECTOR('',#3085,1.);
#1953=VECTOR('',#3086,1.);
#1954=VECTOR('',#3089,1.);
#1955=VECTOR('',#3092,1.);
#1956=VECTOR('',#3095,1.);
#1957=VECTOR('',#3098,1.);
#1958=VECTOR('',#3103,1.);
#1959=VECTOR('',#3104,1.);
#1960=VECTOR('',#3107,1.);
#1961=VECTOR('',#3110,1.);
#1962=VECTOR('',#3113,1.);
#1963=VECTOR('',#3116,1.);
#1964=VECTOR('',#3121,1.);
#1965=VECTOR('',#3122,1.);
#1966=VECTOR('',#3125,1.);
#1967=VECTOR('',#3128,1.);
#1968=VECTOR('',#3131,1.);
#1969=VECTOR('',#3134,1.);
#1970=VECTOR('',#3139,1.);
#1971=VECTOR('',#3140,1.);
#1972=VECTOR('',#3143,1.);
#1973=VECTOR('',#3146,1.);
#1974=VECTOR('',#3149,1.);
#1975=VECTOR('',#3152,1.);
#1976=VECTOR('',#3157,1.);
#1977=VECTOR('',#3158,1.);
#1978=VECTOR('',#3161,1.);
#1979=VECTOR('',#3164,1.);
#1980=VECTOR('',#3167,1.);
#1981=VECTOR('',#3170,1.);
#1982=VECTOR('',#3175,1.);
#1983=VECTOR('',#3176,1.);
#1984=VECTOR('',#3179,1.);
#1985=VECTOR('',#3182,1.);
#1986=VECTOR('',#3185,1.);
#1987=VECTOR('',#3188,1.);
#1988=VECTOR('',#3193,1.);
#1989=VECTOR('',#3194,1.);
#1990=VECTOR('',#3197,1.);
#1991=VECTOR('',#3200,1.);
#1992=VECTOR('',#3203,1.);
#1993=VECTOR('',#3206,1.);
#1994=EDGE_LOOP('',(#146,#147,#148,#149));
#1995=EDGE_LOOP('',(#150,#151,#152,#153));
#1996=EDGE_LOOP('',(#154,#155,#156,#157));
#1997=EDGE_LOOP('',(#158,#159,#160,#161));
#1998=EDGE_LOOP('',(#162,#163,#164,#165));
#1999=EDGE_LOOP('',(#166,#167,#168,#169));
#2000=EDGE_LOOP('',(#170,#171,#172,#173));
#2001=EDGE_LOOP('',(#174));
#2002=EDGE_LOOP('',(#175));
#2003=EDGE_LOOP('',(#176));
#2004=EDGE_LOOP('',(#177));
#2005=EDGE_LOOP('',(#178));
#2006=EDGE_LOOP('',(#179));
#2007=EDGE_LOOP('',(#180));
#2008=EDGE_LOOP('',(#181));
#2009=EDGE_LOOP('',(#182,#183,#184,#185));
#2010=EDGE_LOOP('',(#186,#187,#188,#189,#190,#191));
#2011=EDGE_LOOP('',(#192,#193,#194,#195,#196,#197));
#2012=EDGE_LOOP('',(#198,#199,#200,#201,#202,#203));
#2013=EDGE_LOOP('',(#204,#205,#206,#207,#208,#209));
#2014=EDGE_LOOP('',(#210,#211,#212,#213,#214,#215));
#2015=EDGE_LOOP('',(#216,#217,#218,#219,#220,#221));
#2016=EDGE_LOOP('',(#222,#223,#224,#225,#226,#227));
#2017=EDGE_LOOP('',(#228,#229,#230,#231,#232,#233));
#2018=EDGE_LOOP('',(#234,#235,#236,#237,#238,#239));
#2019=EDGE_LOOP('',(#240,#241,#242,#243,#244,#245));
#2020=EDGE_LOOP('',(#246,#247,#248,#249,#250,#251));
#2021=EDGE_LOOP('',(#252,#253,#254,#255,#256,#257));
#2022=EDGE_LOOP('',(#258,#259,#260,#261,#262,#263));
#2023=EDGE_LOOP('',(#264,#265,#266,#267,#268,#269));
#2024=EDGE_LOOP('',(#270,#271,#272,#273,#274,#275));
#2025=EDGE_LOOP('',(#276,#277,#278,#279,#280,#281));
#2026=EDGE_LOOP('',(#282,#283,#284,#285,#286,#287,#288,#289));
#2027=EDGE_LOOP('',(#290));
#2028=EDGE_LOOP('',(#291));
#2029=EDGE_LOOP('',(#292));
#2030=EDGE_LOOP('',(#293));
#2031=EDGE_LOOP('',(#294,#295,#296,#297,#298,#299));
#2032=EDGE_LOOP('',(#300,#301,#302,#303,#304,#305));
#2033=EDGE_LOOP('',(#306,#307,#308,#309,#310,#311));
#2034=EDGE_LOOP('',(#312,#313,#314,#315,#316,#317));
#2035=EDGE_LOOP('',(#318,#319,#320,#321,#322,#323));
#2036=EDGE_LOOP('',(#324,#325,#326,#327,#328,#329));
#2037=EDGE_LOOP('',(#330,#331,#332,#333,#334,#335));
#2038=EDGE_LOOP('',(#336,#337,#338,#339,#340,#341));
#2039=EDGE_LOOP('',(#342,#343,#344,#345,#346,#347));
#2040=EDGE_LOOP('',(#348,#349,#350,#351,#352,#353));
#2041=EDGE_LOOP('',(#354,#355,#356,#357,#358,#359));
#2042=EDGE_LOOP('',(#360,#361,#362,#363,#364,#365));
#2043=EDGE_LOOP('',(#366,#367,#368,#369,#370,#371));
#2044=EDGE_LOOP('',(#372,#373,#374,#375,#376,#377));
#2045=EDGE_LOOP('',(#378,#379,#380,#381,#382,#383));
#2046=EDGE_LOOP('',(#384,#385,#386,#387,#388,#389));
#2047=EDGE_LOOP('',(#390));
#2048=EDGE_LOOP('',(#391));
#2049=EDGE_LOOP('',(#392));
#2050=EDGE_LOOP('',(#393));
#2051=EDGE_LOOP('',(#394,#395,#396,#397,#398,#399,#400,#401));
#2052=EDGE_LOOP('',(#402,#403,#404,#405));
#2053=EDGE_LOOP('',(#406,#407,#408,#409));
#2054=EDGE_LOOP('',(#410,#411,#412,#413));
#2055=EDGE_LOOP('',(#414,#415,#416,#417));
#2056=EDGE_LOOP('',(#418,#419,#420,#421));
#2057=EDGE_LOOP('',(#422,#423,#424,#425));
#2058=EDGE_LOOP('',(#426,#427,#428,#429));
#2059=EDGE_LOOP('',(#430,#431,#432,#433));
#2060=EDGE_LOOP('',(#434,#435,#436,#437));
#2061=EDGE_LOOP('',(#438,#439,#440,#441));
#2062=EDGE_LOOP('',(#442,#443,#444,#445));
#2063=EDGE_LOOP('',(#446,#447,#448,#449));
#2064=EDGE_LOOP('',(#450,#451,#452,#453));
#2065=EDGE_LOOP('',(#454,#455,#456,#457));
#2066=EDGE_LOOP('',(#458,#459,#460,#461));
#2067=EDGE_LOOP('',(#462,#463,#464,#465));
#2068=EDGE_LOOP('',(#466,#467,#468,#469));
#2069=EDGE_LOOP('',(#470,#471,#472,#473));
#2070=EDGE_LOOP('',(#474,#475,#476,#477));
#2071=EDGE_LOOP('',(#478,#479,#480,#481));
#2072=EDGE_LOOP('',(#482,#483,#484,#485));
#2073=EDGE_LOOP('',(#486,#487,#488,#489));
#2074=EDGE_LOOP('',(#490,#491,#492,#493));
#2075=EDGE_LOOP('',(#494,#495,#496,#497));
#2076=EDGE_LOOP('',(#498,#499,#500,#501));
#2077=EDGE_LOOP('',(#502,#503,#504,#505));
#2078=EDGE_LOOP('',(#506,#507,#508,#509));
#2079=EDGE_LOOP('',(#510,#511,#512,#513));
#2080=EDGE_LOOP('',(#514,#515,#516,#517));
#2081=EDGE_LOOP('',(#518,#519,#520,#521));
#2082=EDGE_LOOP('',(#522,#523,#524,#525));
#2083=EDGE_LOOP('',(#526,#527,#528,#529));
#2084=EDGE_LOOP('',(#530,#531,#532,#533));
#2085=EDGE_LOOP('',(#534,#535,#536,#537));
#2086=EDGE_LOOP('',(#538,#539,#540,#541));
#2087=EDGE_LOOP('',(#542,#543,#544,#545));
#2088=EDGE_LOOP('',(#546,#547,#548,#549));
#2089=EDGE_LOOP('',(#550,#551,#552,#553));
#2090=EDGE_LOOP('',(#554,#555,#556,#557));
#2091=EDGE_LOOP('',(#558,#559,#560,#561));
#2092=EDGE_LOOP('',(#562,#563,#564,#565));
#2093=EDGE_LOOP('',(#566,#567,#568,#569));
#2094=EDGE_LOOP('',(#570,#571,#572,#573));
#2095=EDGE_LOOP('',(#574,#575,#576,#577));
#2096=EDGE_LOOP('',(#578,#579,#580,#581));
#2097=EDGE_LOOP('',(#582,#583,#584,#585));
#2098=EDGE_LOOP('',(#586,#587,#588,#589));
#2099=EDGE_LOOP('',(#590,#591,#592,#593));
#2100=EDGE_LOOP('',(#594,#595,#596,#597));
#2101=EDGE_LOOP('',(#598,#599,#600,#601));
#2102=EDGE_LOOP('',(#602,#603,#604,#605));
#2103=EDGE_LOOP('',(#606,#607,#608,#609));
#2104=EDGE_LOOP('',(#610,#611,#612,#613));
#2105=EDGE_LOOP('',(#614,#615,#616,#617));
#2106=EDGE_LOOP('',(#618,#619,#620,#621));
#2107=EDGE_LOOP('',(#622,#623,#624,#625));
#2108=EDGE_LOOP('',(#626,#627,#628,#629));
#2109=EDGE_LOOP('',(#630,#631,#632,#633));
#2110=EDGE_LOOP('',(#634,#635,#636,#637));
#2111=EDGE_LOOP('',(#638,#639,#640,#641));
#2112=EDGE_LOOP('',(#642,#643,#644,#645));
#2113=EDGE_LOOP('',(#646,#647,#648,#649));
#2114=EDGE_LOOP('',(#650,#651,#652,#653));
#2115=EDGE_LOOP('',(#654,#655,#656,#657));
#2116=EDGE_LOOP('',(#658,#659,#660,#661));
#2117=EDGE_LOOP('',(#662,#663,#664,#665));
#2118=EDGE_LOOP('',(#666,#667,#668,#669));
#2119=EDGE_LOOP('',(#670,#671,#672,#673));
#2120=EDGE_LOOP('',(#674,#675,#676,#677));
#2121=EDGE_LOOP('',(#678,#679,#680,#681));
#2122=EDGE_LOOP('',(#682,#683,#684,#685));
#2123=EDGE_LOOP('',(#686,#687,#688,#689));
#2124=EDGE_LOOP('',(#690,#691,#692,#693));
#2125=EDGE_LOOP('',(#694,#695,#696,#697));
#2126=EDGE_LOOP('',(#698,#699,#700,#701));
#2127=EDGE_LOOP('',(#702,#703,#704,#705));
#2128=EDGE_LOOP('',(#706,#707,#708,#709));
#2129=EDGE_LOOP('',(#710,#711,#712,#713));
#2130=EDGE_LOOP('',(#714,#715,#716,#717));
#2131=EDGE_LOOP('',(#718,#719,#720,#721));
#2132=EDGE_LOOP('',(#722,#723,#724,#725));
#2133=EDGE_LOOP('',(#726,#727,#728,#729));
#2134=EDGE_LOOP('',(#730,#731,#732,#733));
#2135=EDGE_LOOP('',(#734,#735,#736,#737));
#2136=EDGE_LOOP('',(#738,#739,#740,#741));
#2137=EDGE_LOOP('',(#742,#743,#744,#745));
#2138=EDGE_LOOP('',(#746,#747,#748,#749));
#2139=EDGE_LOOP('',(#750,#751,#752,#753));
#2140=EDGE_LOOP('',(#754,#755,#756,#757));
#2141=EDGE_LOOP('',(#758,#759,#760,#761));
#2142=EDGE_LOOP('',(#762,#763,#764,#765));
#2143=EDGE_LOOP('',(#766,#767,#768,#769));
#2144=EDGE_LOOP('',(#770,#771,#772,#773));
#2145=EDGE_LOOP('',(#774,#775,#776,#777));
#2146=EDGE_LOOP('',(#778,#779,#780,#781));
#2147=EDGE_LOOP('',(#782,#783,#784,#785));
#2148=EDGE_LOOP('',(#786,#787,#788,#789));
#2149=EDGE_LOOP('',(#790,#791,#792,#793));
#2150=EDGE_LOOP('',(#794,#795,#796,#797));
#2151=EDGE_LOOP('',(#798,#799,#800,#801));
#2152=EDGE_LOOP('',(#802,#803,#804,#805));
#2153=EDGE_LOOP('',(#806,#807,#808,#809));
#2154=EDGE_LOOP('',(#810,#811,#812,#813));
#2155=EDGE_LOOP('',(#814,#815,#816,#817));
#2156=FACE_BOUND('',#1994,.T.);
#2157=FACE_BOUND('',#1995,.T.);
#2158=FACE_BOUND('',#1996,.T.);
#2159=FACE_BOUND('',#1997,.T.);
#2160=FACE_BOUND('',#1998,.T.);
#2161=FACE_BOUND('',#1999,.T.);
#2162=FACE_BOUND('',#2000,.T.);
#2163=FACE_BOUND('',#2001,.T.);
#2164=FACE_BOUND('',#2002,.T.);
#2165=FACE_BOUND('',#2003,.T.);
#2166=FACE_BOUND('',#2004,.T.);
#2167=FACE_BOUND('',#2005,.T.);
#2168=FACE_BOUND('',#2006,.T.);
#2169=FACE_BOUND('',#2007,.T.);
#2170=FACE_BOUND('',#2008,.T.);
#2171=FACE_BOUND('',#2009,.T.);
#2172=FACE_BOUND('',#2010,.T.);
#2173=FACE_BOUND('',#2011,.T.);
#2174=FACE_BOUND('',#2012,.T.);
#2175=FACE_BOUND('',#2013,.T.);
#2176=FACE_BOUND('',#2014,.T.);
#2177=FACE_BOUND('',#2015,.T.);
#2178=FACE_BOUND('',#2016,.T.);
#2179=FACE_BOUND('',#2017,.T.);
#2180=FACE_BOUND('',#2018,.T.);
#2181=FACE_BOUND('',#2019,.T.);
#2182=FACE_BOUND('',#2020,.T.);
#2183=FACE_BOUND('',#2021,.T.);
#2184=FACE_BOUND('',#2022,.T.);
#2185=FACE_BOUND('',#2023,.T.);
#2186=FACE_BOUND('',#2024,.T.);
#2187=FACE_BOUND('',#2025,.T.);
#2188=FACE_BOUND('',#2026,.T.);
#2189=FACE_BOUND('',#2027,.T.);
#2190=FACE_BOUND('',#2028,.T.);
#2191=FACE_BOUND('',#2029,.T.);
#2192=FACE_BOUND('',#2030,.T.);
#2193=FACE_BOUND('',#2031,.T.);
#2194=FACE_BOUND('',#2032,.T.);
#2195=FACE_BOUND('',#2033,.T.);
#2196=FACE_BOUND('',#2034,.T.);
#2197=FACE_BOUND('',#2035,.T.);
#2198=FACE_BOUND('',#2036,.T.);
#2199=FACE_BOUND('',#2037,.T.);
#2200=FACE_BOUND('',#2038,.T.);
#2201=FACE_BOUND('',#2039,.T.);
#2202=FACE_BOUND('',#2040,.T.);
#2203=FACE_BOUND('',#2041,.T.);
#2204=FACE_BOUND('',#2042,.T.);
#2205=FACE_BOUND('',#2043,.T.);
#2206=FACE_BOUND('',#2044,.T.);
#2207=FACE_BOUND('',#2045,.T.);
#2208=FACE_BOUND('',#2046,.T.);
#2209=FACE_BOUND('',#2047,.T.);
#2210=FACE_BOUND('',#2048,.T.);
#2211=FACE_BOUND('',#2049,.T.);
#2212=FACE_BOUND('',#2050,.T.);
#2213=FACE_BOUND('',#2051,.T.);
#2214=FACE_BOUND('',#2052,.T.);
#2215=FACE_BOUND('',#2053,.T.);
#2216=FACE_BOUND('',#2054,.T.);
#2217=FACE_BOUND('',#2055,.T.);
#2218=FACE_BOUND('',#2056,.T.);
#2219=FACE_BOUND('',#2057,.T.);
#2220=FACE_BOUND('',#2058,.T.);
#2221=FACE_BOUND('',#2059,.T.);
#2222=FACE_BOUND('',#2060,.T.);
#2223=FACE_BOUND('',#2061,.T.);
#2224=FACE_BOUND('',#2062,.T.);
#2225=FACE_BOUND('',#2063,.T.);
#2226=FACE_BOUND('',#2064,.T.);
#2227=FACE_BOUND('',#2065,.T.);
#2228=FACE_BOUND('',#2066,.T.);
#2229=FACE_BOUND('',#2067,.T.);
#2230=FACE_BOUND('',#2068,.T.);
#2231=FACE_BOUND('',#2069,.T.);
#2232=FACE_BOUND('',#2070,.T.);
#2233=FACE_BOUND('',#2071,.T.);
#2234=FACE_BOUND('',#2072,.T.);
#2235=FACE_BOUND('',#2073,.T.);
#2236=FACE_BOUND('',#2074,.T.);
#2237=FACE_BOUND('',#2075,.T.);
#2238=FACE_BOUND('',#2076,.T.);
#2239=FACE_BOUND('',#2077,.T.);
#2240=FACE_BOUND('',#2078,.T.);
#2241=FACE_BOUND('',#2079,.T.);
#2242=FACE_BOUND('',#2080,.T.);
#2243=FACE_BOUND('',#2081,.T.);
#2244=FACE_BOUND('',#2082,.T.);
#2245=FACE_BOUND('',#2083,.T.);
#2246=FACE_BOUND('',#2084,.T.);
#2247=FACE_BOUND('',#2085,.T.);
#2248=FACE_BOUND('',#2086,.T.);
#2249=FACE_BOUND('',#2087,.T.);
#2250=FACE_BOUND('',#2088,.T.);
#2251=FACE_BOUND('',#2089,.T.);
#2252=FACE_BOUND('',#2090,.T.);
#2253=FACE_BOUND('',#2091,.T.);
#2254=FACE_BOUND('',#2092,.T.);
#2255=FACE_BOUND('',#2093,.T.);
#2256=FACE_BOUND('',#2094,.T.);
#2257=FACE_BOUND('',#2095,.T.);
#2258=FACE_BOUND('',#2096,.T.);
#2259=FACE_BOUND('',#2097,.T.);
#2260=FACE_BOUND('',#2098,.T.);
#2261=FACE_BOUND('',#2099,.T.);
#2262=FACE_BOUND('',#2100,.T.);
#2263=FACE_BOUND('',#2101,.T.);
#2264=FACE_BOUND('',#2102,.T.);
#2265=FACE_BOUND('',#2103,.T.);
#2266=FACE_BOUND('',#2104,.T.);
#2267=FACE_BOUND('',#2105,.T.);
#2268=FACE_BOUND('',#2106,.T.);
#2269=FACE_BOUND('',#2107,.T.);
#2270=FACE_BOUND('',#2108,.T.);
#2271=FACE_BOUND('',#2109,.T.);
#2272=FACE_BOUND('',#2110,.T.);
#2273=FACE_BOUND('',#2111,.T.);
#2274=FACE_BOUND('',#2112,.T.);
#2275=FACE_BOUND('',#2113,.T.);
#2276=FACE_BOUND('',#2114,.T.);
#2277=FACE_BOUND('',#2115,.T.);
#2278=FACE_BOUND('',#2116,.T.);
#2279=FACE_BOUND('',#2117,.T.);
#2280=FACE_BOUND('',#2118,.T.);
#2281=FACE_BOUND('',#2119,.T.);
#2282=FACE_BOUND('',#2120,.T.);
#2283=FACE_BOUND('',#2121,.T.);
#2284=FACE_BOUND('',#2122,.T.);
#2285=FACE_BOUND('',#2123,.T.);
#2286=FACE_BOUND('',#2124,.T.);
#2287=FACE_BOUND('',#2125,.T.);
#2288=FACE_BOUND('',#2126,.T.);
#2289=FACE_BOUND('',#2127,.T.);
#2290=FACE_BOUND('',#2128,.T.);
#2291=FACE_BOUND('',#2129,.T.);
#2292=FACE_BOUND('',#2130,.T.);
#2293=FACE_BOUND('',#2131,.T.);
#2294=FACE_BOUND('',#2132,.T.);
#2295=FACE_BOUND('',#2133,.T.);
#2296=FACE_BOUND('',#2134,.T.);
#2297=FACE_BOUND('',#2135,.T.);
#2298=FACE_BOUND('',#2136,.T.);
#2299=FACE_BOUND('',#2137,.T.);
#2300=FACE_BOUND('',#2138,.T.);
#2301=FACE_BOUND('',#2139,.T.);
#2302=FACE_BOUND('',#2140,.T.);
#2303=FACE_BOUND('',#2141,.T.);
#2304=FACE_BOUND('',#2142,.T.);
#2305=FACE_BOUND('',#2143,.T.);
#2306=FACE_BOUND('',#2144,.T.);
#2307=FACE_BOUND('',#2145,.T.);
#2308=FACE_BOUND('',#2146,.T.);
#2309=FACE_BOUND('',#2147,.T.);
#2310=FACE_BOUND('',#2148,.T.);
#2311=FACE_BOUND('',#2149,.T.);
#2312=FACE_BOUND('',#2150,.T.);
#2313=FACE_BOUND('',#2151,.T.);
#2314=FACE_BOUND('',#2152,.T.);
#2315=FACE_BOUND('',#2153,.T.);
#2316=FACE_BOUND('',#2154,.T.);
#2317=FACE_BOUND('',#2155,.T.);
#2318=CYLINDRICAL_SURFACE('',#2461,0.0025);
#2319=CYLINDRICAL_SURFACE('',#2465,0.0025);
#2320=CYLINDRICAL_SURFACE('',#2469,0.0025);
#2321=CYLINDRICAL_SURFACE('',#2473,0.0025);
#2322=CYLINDRICAL_SURFACE('',#2476,0.00125);
#2323=CYLINDRICAL_SURFACE('',#2479,0.00125);
#2324=CYLINDRICAL_SURFACE('',#2482,0.00125);
#2325=CYLINDRICAL_SURFACE('',#2485,0.00125);
#2326=CYLINDRICAL_SURFACE('',#2498,0.001);
#2327=CYLINDRICAL_SURFACE('',#2500,0.001);
#2328=CYLINDRICAL_SURFACE('',#2506,0.001);
#2329=CYLINDRICAL_SURFACE('',#2508,0.001);
#2330=ADVANCED_FACE('',(#2156),#2318,.T.);
#2331=ADVANCED_FACE('',(#2157),#16,.F.);
#2332=ADVANCED_FACE('',(#2158),#2319,.T.);
#2333=ADVANCED_FACE('',(#2159),#17,.F.);
#2334=ADVANCED_FACE('',(#2160),#2320,.T.);
#2335=ADVANCED_FACE('',(#2161),#18,.F.);
#2336=ADVANCED_FACE('',(#2162),#2321,.T.);
#2337=ADVANCED_FACE('',(#2163,#2164),#2322,.F.);
#2338=ADVANCED_FACE('',(#2165,#2166),#2323,.F.);
#2339=ADVANCED_FACE('',(#2167,#2168),#2324,.F.);
#2340=ADVANCED_FACE('',(#2169,#2170),#2325,.F.);
#2341=ADVANCED_FACE('',(#2171),#19,.F.);
#2342=ADVANCED_FACE('',(#2172,#2173,#2174,#2175,#2176,#2177,#2178,#2179,
#2180,#2181,#2182,#2183,#2184,#2185,#2186,#2187,#2188,#2189,#2190,#2191,
#2192),#20,.T.);
#2343=ADVANCED_FACE('',(#2193,#2194,#2195,#2196,#2197,#2198,#2199,#2200,
#2201,#2202,#2203,#2204,#2205,#2206,#2207,#2208,#2209,#2210,#2211,#2212,
#2213),#21,.F.);
#2344=ADVANCED_FACE('',(#2214),#12,.T.);
#2345=ADVANCED_FACE('',(#2215),#2326,.T.);
#2346=ADVANCED_FACE('',(#2216),#2327,.T.);
#2347=ADVANCED_FACE('',(#2217),#13,.T.);
#2348=ADVANCED_FACE('',(#2218),#14,.T.);
#2349=ADVANCED_FACE('',(#2219),#2328,.T.);
#2350=ADVANCED_FACE('',(#2220),#2329,.T.);
#2351=ADVANCED_FACE('',(#2221),#15,.T.);
#2352=ADVANCED_FACE('',(#2222),#22,.F.);
#2353=ADVANCED_FACE('',(#2223),#23,.F.);
#2354=ADVANCED_FACE('',(#2224),#24,.F.);
#2355=ADVANCED_FACE('',(#2225),#25,.F.);
#2356=ADVANCED_FACE('',(#2226),#26,.F.);
#2357=ADVANCED_FACE('',(#2227),#27,.F.);
#2358=ADVANCED_FACE('',(#2228),#28,.F.);
#2359=ADVANCED_FACE('',(#2229),#29,.F.);
#2360=ADVANCED_FACE('',(#2230),#30,.F.);
#2361=ADVANCED_FACE('',(#2231),#31,.F.);
#2362=ADVANCED_FACE('',(#2232),#32,.F.);
#2363=ADVANCED_FACE('',(#2233),#33,.F.);
#2364=ADVANCED_FACE('',(#2234),#34,.F.);
#2365=ADVANCED_FACE('',(#2235),#35,.F.);
#2366=ADVANCED_FACE('',(#2236),#36,.F.);
#2367=ADVANCED_FACE('',(#2237),#37,.F.);
#2368=ADVANCED_FACE('',(#2238),#38,.F.);
#2369=ADVANCED_FACE('',(#2239),#39,.F.);
#2370=ADVANCED_FACE('',(#2240),#40,.F.);
#2371=ADVANCED_FACE('',(#2241),#41,.F.);
#2372=ADVANCED_FACE('',(#2242),#42,.F.);
#2373=ADVANCED_FACE('',(#2243),#43,.F.);
#2374=ADVANCED_FACE('',(#2244),#44,.F.);
#2375=ADVANCED_FACE('',(#2245),#45,.F.);
#2376=ADVANCED_FACE('',(#2246),#46,.F.);
#2377=ADVANCED_FACE('',(#2247),#47,.F.);
#2378=ADVANCED_FACE('',(#2248),#48,.F.);
#2379=ADVANCED_FACE('',(#2249),#49,.F.);
#2380=ADVANCED_FACE('',(#2250),#50,.F.);
#2381=ADVANCED_FACE('',(#2251),#51,.F.);
#2382=ADVANCED_FACE('',(#2252),#52,.F.);
#2383=ADVANCED_FACE('',(#2253),#53,.F.);
#2384=ADVANCED_FACE('',(#2254),#54,.F.);
#2385=ADVANCED_FACE('',(#2255),#55,.F.);
#2386=ADVANCED_FACE('',(#2256),#56,.F.);
#2387=ADVANCED_FACE('',(#2257),#57,.F.);
#2388=ADVANCED_FACE('',(#2258),#58,.F.);
#2389=ADVANCED_FACE('',(#2259),#59,.F.);
#2390=ADVANCED_FACE('',(#2260),#60,.F.);
#2391=ADVANCED_FACE('',(#2261),#61,.F.);
#2392=ADVANCED_FACE('',(#2262),#62,.F.);
#2393=ADVANCED_FACE('',(#2263),#63,.F.);
#2394=ADVANCED_FACE('',(#2264),#64,.F.);
#2395=ADVANCED_FACE('',(#2265),#65,.F.);
#2396=ADVANCED_FACE('',(#2266),#66,.F.);
#2397=ADVANCED_FACE('',(#2267),#67,.F.);
#2398=ADVANCED_FACE('',(#2268),#68,.F.);
#2399=ADVANCED_FACE('',(#2269),#69,.F.);
#2400=ADVANCED_FACE('',(#2270),#70,.F.);
#2401=ADVANCED_FACE('',(#2271),#71,.F.);
#2402=ADVANCED_FACE('',(#2272),#72,.F.);
#2403=ADVANCED_FACE('',(#2273),#73,.F.);
#2404=ADVANCED_FACE('',(#2274),#74,.F.);
#2405=ADVANCED_FACE('',(#2275),#75,.F.);
#2406=ADVANCED_FACE('',(#2276),#76,.F.);
#2407=ADVANCED_FACE('',(#2277),#77,.F.);
#2408=ADVANCED_FACE('',(#2278),#78,.F.);
#2409=ADVANCED_FACE('',(#2279),#79,.F.);
#2410=ADVANCED_FACE('',(#2280),#80,.F.);
#2411=ADVANCED_FACE('',(#2281),#81,.F.);
#2412=ADVANCED_FACE('',(#2282),#82,.F.);
#2413=ADVANCED_FACE('',(#2283),#83,.F.);
#2414=ADVANCED_FACE('',(#2284),#84,.F.);
#2415=ADVANCED_FACE('',(#2285),#85,.F.);
#2416=ADVANCED_FACE('',(#2286),#86,.F.);
#2417=ADVANCED_FACE('',(#2287),#87,.F.);
#2418=ADVANCED_FACE('',(#2288),#88,.F.);
#2419=ADVANCED_FACE('',(#2289),#89,.F.);
#2420=ADVANCED_FACE('',(#2290),#90,.F.);
#2421=ADVANCED_FACE('',(#2291),#91,.F.);
#2422=ADVANCED_FACE('',(#2292),#92,.F.);
#2423=ADVANCED_FACE('',(#2293),#93,.F.);
#2424=ADVANCED_FACE('',(#2294),#94,.F.);
#2425=ADVANCED_FACE('',(#2295),#95,.F.);
#2426=ADVANCED_FACE('',(#2296),#96,.F.);
#2427=ADVANCED_FACE('',(#2297),#97,.F.);
#2428=ADVANCED_FACE('',(#2298),#98,.F.);
#2429=ADVANCED_FACE('',(#2299),#99,.F.);
#2430=ADVANCED_FACE('',(#2300),#100,.F.);
#2431=ADVANCED_FACE('',(#2301),#101,.F.);
#2432=ADVANCED_FACE('',(#2302),#102,.F.);
#2433=ADVANCED_FACE('',(#2303),#103,.F.);
#2434=ADVANCED_FACE('',(#2304),#104,.F.);
#2435=ADVANCED_FACE('',(#2305),#105,.F.);
#2436=ADVANCED_FACE('',(#2306),#106,.F.);
#2437=ADVANCED_FACE('',(#2307),#107,.F.);
#2438=ADVANCED_FACE('',(#2308),#108,.F.);
#2439=ADVANCED_FACE('',(#2309),#109,.F.);
#2440=ADVANCED_FACE('',(#2310),#110,.F.);
#2441=ADVANCED_FACE('',(#2311),#111,.F.);
#2442=ADVANCED_FACE('',(#2312),#112,.F.);
#2443=ADVANCED_FACE('',(#2313),#113,.F.);
#2444=ADVANCED_FACE('',(#2314),#114,.F.);
#2445=ADVANCED_FACE('',(#2315),#115,.F.);
#2446=ADVANCED_FACE('',(#2316),#116,.F.);
#2447=ADVANCED_FACE('',(#2317),#117,.F.);
#2448=CLOSED_SHELL('',(#2330,#2331,#2332,#2333,#2334,#2335,#2336,#2337,
#2338,#2339,#2340,#2341,#2342,#2343,#2344,#2345,#2346,#2347,#2348,#2349,
#2350,#2351,#2352,#2353,#2354,#2355,#2356,#2357,#2358,#2359,#2360,#2361,
#2362,#2363,#2364,#2365,#2366,#2367,#2368,#2369,#2370,#2371,#2372,#2373,
#2374,#2375,#2376,#2377,#2378,#2379,#2380,#2381,#2382,#2383,#2384,#2385,
#2386,#2387,#2388,#2389,#2390,#2391,#2392,#2393,#2394,#2395,#2396,#2397,
#2398,#2399,#2400,#2401,#2402,#2403,#2404,#2405,#2406,#2407,#2408,#2409,
#2410,#2411,#2412,#2413,#2414,#2415,#2416,#2417,#2418,#2419,#2420,#2421,
#2422,#2423,#2424,#2425,#2426,#2427,#2428,#2429,#2430,#2431,#2432,#2433,
#2434,#2435,#2436,#2437,#2438,#2439,#2440,#2441,#2442,#2443,#2444,#2445,
#2446,#2447));
#2449=STYLED_ITEM('',(#2450),#2457);
#2450=PRESENTATION_STYLE_ASSIGNMENT((#2451));
#2451=SURFACE_STYLE_USAGE(.BOTH.,#2452);
#2452=SURFACE_SIDE_STYLE('',(#2453));
#2453=SURFACE_STYLE_FILL_AREA(#2454);
#2454=FILL_AREA_STYLE('',(#2455));
#2455=FILL_AREA_STYLE_COLOUR('',#2456);
#2456=COLOUR_RGB('',0.917647058823529,0.917647058823529,0.917647058823529);
#2457=MANIFOLD_SOLID_BREP('cover-for-rpi-holder',#2448);
#2458=SHAPE_DEFINITION_REPRESENTATION(#3894,#2459);
#2459=SHAPE_REPRESENTATION('cover-for-rpi-holder',(#2460),#3889);
#2460=AXIS2_PLACEMENT_3D('',#3209,#2607,#2608);
#2461=AXIS2_PLACEMENT_3D('',#3210,#2609,#2610);
#2462=AXIS2_PLACEMENT_3D('',#3214,#2612,#2613);
#2463=AXIS2_PLACEMENT_3D('',#3218,#2615,#2616);
#2464=AXIS2_PLACEMENT_3D('',#3219,#2617,#2618);
#2465=AXIS2_PLACEMENT_3D('',#3225,#2622,#2623);
#2466=AXIS2_PLACEMENT_3D('',#3229,#2625,#2626);
#2467=AXIS2_PLACEMENT_3D('',#3230,#2627,#2628);
#2468=AXIS2_PLACEMENT_3D('',#3231,#2629,#2630);
#2469=AXIS2_PLACEMENT_3D('',#3237,#2634,#2635);
#2470=AXIS2_PLACEMENT_3D('',#3241,#2637,#2638);
#2471=AXIS2_PLACEMENT_3D('',#3242,#2639,#2640);
#2472=AXIS2_PLACEMENT_3D('',#3243,#2641,#2642);
#2473=AXIS2_PLACEMENT_3D('',#3249,#2646,#2647);
#2474=AXIS2_PLACEMENT_3D('',#3253,#2649,#2650);
#2475=AXIS2_PLACEMENT_3D('',#3254,#2651,#2652);
#2476=AXIS2_PLACEMENT_3D('',#3255,#2653,#2654);
#2477=AXIS2_PLACEMENT_3D('',#3256,#2655,#2656);
#2478=AXIS2_PLACEMENT_3D('',#3258,#2657,#2658);
#2479=AXIS2_PLACEMENT_3D('',#3260,#2659,#2660);
#2480=AXIS2_PLACEMENT_3D('',#3261,#2661,#2662);
#2481=AXIS2_PLACEMENT_3D('',#3263,#2663,#2664);
#2482=AXIS2_PLACEMENT_3D('',#3265,#2665,#2666);
#2483=AXIS2_PLACEMENT_3D('',#3266,#2667,#2668);
#2484=AXIS2_PLACEMENT_3D('',#3268,#2669,#2670);
#2485=AXIS2_PLACEMENT_3D('',#3270,#2671,#2672);
#2486=AXIS2_PLACEMENT_3D('',#3271,#2673,#2674);
#2487=AXIS2_PLACEMENT_3D('',#3273,#2675,#2676);
#2488=AXIS2_PLACEMENT_3D('',#3275,#2677,#2678);
#2489=AXIS2_PLACEMENT_3D('',#3278,#2681,#2682);
#2490=AXIS2_PLACEMENT_3D('',#3474,#2780,#2781);
#2491=AXIS2_PLACEMENT_3D('',#3478,#2783,#2784);
#2492=AXIS2_PLACEMENT_3D('',#3482,#2786,#2787);
#2493=AXIS2_PLACEMENT_3D('',#3486,#2789,#2790);
#2494=AXIS2_PLACEMENT_3D('',#3487,#2791,#2792);
#2495=AXIS2_PLACEMENT_3D('',#3680,#2889,#2890);
#2496=AXIS2_PLACEMENT_3D('',#3681,#2891,#2892);
#2497=AXIS2_PLACEMENT_3D('',#3682,#2893,#2894);
#2498=AXIS2_PLACEMENT_3D('',#3683,#2895,#2896);
#2499=AXIS2_PLACEMENT_3D('',#3684,#2897,#2898);
#2500=AXIS2_PLACEMENT_3D('',#3685,#2899,#2900);
#2501=AXIS2_PLACEMENT_3D('',#3686,#2901,#2902);
#2502=AXIS2_PLACEMENT_3D('',#3687,#2903,#2904);
#2503=AXIS2_PLACEMENT_3D('',#3688,#2905,#2906);
#2504=AXIS2_PLACEMENT_3D('',#3689,#2907,#2908);
#2505=AXIS2_PLACEMENT_3D('',#3690,#2909,#2910);
#2506=AXIS2_PLACEMENT_3D('',#3691,#2911,#2912);
#2507=AXIS2_PLACEMENT_3D('',#3692,#2913,#2914);
#2508=AXIS2_PLACEMENT_3D('',#3693,#2915,#2916);
#2509=AXIS2_PLACEMENT_3D('',#3694,#2917,#2918);
#2510=AXIS2_PLACEMENT_3D('',#3695,#2919,#2920);
#2511=AXIS2_PLACEMENT_3D('',#3696,#2921,#2922);
#2512=AXIS2_PLACEMENT_3D('',#3699,#2925,#2926);
#2513=AXIS2_PLACEMENT_3D('',#3701,#2928,#2929);
#2514=AXIS2_PLACEMENT_3D('',#3703,#2931,#2932);
#2515=AXIS2_PLACEMENT_3D('',#3705,#2934,#2935);
#2516=AXIS2_PLACEMENT_3D('',#3707,#2937,#2938);
#2517=AXIS2_PLACEMENT_3D('',#3708,#2939,#2940);
#2518=AXIS2_PLACEMENT_3D('',#3711,#2943,#2944);
#2519=AXIS2_PLACEMENT_3D('',#3713,#2946,#2947);
#2520=AXIS2_PLACEMENT_3D('',#3715,#2949,#2950);
#2521=AXIS2_PLACEMENT_3D('',#3717,#2952,#2953);
#2522=AXIS2_PLACEMENT_3D('',#3719,#2955,#2956);
#2523=AXIS2_PLACEMENT_3D('',#3720,#2957,#2958);
#2524=AXIS2_PLACEMENT_3D('',#3723,#2961,#2962);
#2525=AXIS2_PLACEMENT_3D('',#3725,#2964,#2965);
#2526=AXIS2_PLACEMENT_3D('',#3727,#2967,#2968);
#2527=AXIS2_PLACEMENT_3D('',#3729,#2970,#2971);
#2528=AXIS2_PLACEMENT_3D('',#3731,#2973,#2974);
#2529=AXIS2_PLACEMENT_3D('',#3732,#2975,#2976);
#2530=AXIS2_PLACEMENT_3D('',#3735,#2979,#2980);
#2531=AXIS2_PLACEMENT_3D('',#3737,#2982,#2983);
#2532=AXIS2_PLACEMENT_3D('',#3739,#2985,#2986);
#2533=AXIS2_PLACEMENT_3D('',#3741,#2988,#2989);
#2534=AXIS2_PLACEMENT_3D('',#3743,#2991,#2992);
#2535=AXIS2_PLACEMENT_3D('',#3744,#2993,#2994);
#2536=AXIS2_PLACEMENT_3D('',#3747,#2997,#2998);
#2537=AXIS2_PLACEMENT_3D('',#3749,#3000,#3001);
#2538=AXIS2_PLACEMENT_3D('',#3751,#3003,#3004);
#2539=AXIS2_PLACEMENT_3D('',#3753,#3006,#3007);
#2540=AXIS2_PLACEMENT_3D('',#3755,#3009,#3010);
#2541=AXIS2_PLACEMENT_3D('',#3756,#3011,#3012);
#2542=AXIS2_PLACEMENT_3D('',#3759,#3015,#3016);
#2543=AXIS2_PLACEMENT_3D('',#3761,#3018,#3019);
#2544=AXIS2_PLACEMENT_3D('',#3763,#3021,#3022);
#2545=AXIS2_PLACEMENT_3D('',#3765,#3024,#3025);
#2546=AXIS2_PLACEMENT_3D('',#3767,#3027,#3028);
#2547=AXIS2_PLACEMENT_3D('',#3768,#3029,#3030);
#2548=AXIS2_PLACEMENT_3D('',#3771,#3033,#3034);
#2549=AXIS2_PLACEMENT_3D('',#3773,#3036,#3037);
#2550=AXIS2_PLACEMENT_3D('',#3775,#3039,#3040);
#2551=AXIS2_PLACEMENT_3D('',#3777,#3042,#3043);
#2552=AXIS2_PLACEMENT_3D('',#3779,#3045,#3046);
#2553=AXIS2_PLACEMENT_3D('',#3780,#3047,#3048);
#2554=AXIS2_PLACEMENT_3D('',#3783,#3051,#3052);
#2555=AXIS2_PLACEMENT_3D('',#3785,#3054,#3055);
#2556=AXIS2_PLACEMENT_3D('',#3787,#3057,#3058);
#2557=AXIS2_PLACEMENT_3D('',#3789,#3060,#3061);
#2558=AXIS2_PLACEMENT_3D('',#3791,#3063,#3064);
#2559=AXIS2_PLACEMENT_3D('',#3792,#3065,#3066);
#2560=AXIS2_PLACEMENT_3D('',#3795,#3069,#3070);
#2561=AXIS2_PLACEMENT_3D('',#3797,#3072,#3073);
#2562=AXIS2_PLACEMENT_3D('',#3799,#3075,#3076);
#2563=AXIS2_PLACEMENT_3D('',#3801,#3078,#3079);
#2564=AXIS2_PLACEMENT_3D('',#3803,#3081,#3082);
#2565=AXIS2_PLACEMENT_3D('',#3804,#3083,#3084);
#2566=AXIS2_PLACEMENT_3D('',#3807,#3087,#3088);
#2567=AXIS2_PLACEMENT_3D('',#3809,#3090,#3091);
#2568=AXIS2_PLACEMENT_3D('',#3811,#3093,#3094);
#2569=AXIS2_PLACEMENT_3D('',#3813,#3096,#3097);
#2570=AXIS2_PLACEMENT_3D('',#3815,#3099,#3100);
#2571=AXIS2_PLACEMENT_3D('',#3816,#3101,#3102);
#2572=AXIS2_PLACEMENT_3D('',#3819,#3105,#3106);
#2573=AXIS2_PLACEMENT_3D('',#3821,#3108,#3109);
#2574=AXIS2_PLACEMENT_3D('',#3823,#3111,#3112);
#2575=AXIS2_PLACEMENT_3D('',#3825,#3114,#3115);
#2576=AXIS2_PLACEMENT_3D('',#3827,#3117,#3118);
#2577=AXIS2_PLACEMENT_3D('',#3828,#3119,#3120);
#2578=AXIS2_PLACEMENT_3D('',#3831,#3123,#3124);
#2579=AXIS2_PLACEMENT_3D('',#3833,#3126,#3127);
#2580=AXIS2_PLACEMENT_3D('',#3835,#3129,#3130);
#2581=AXIS2_PLACEMENT_3D('',#3837,#3132,#3133);
#2582=AXIS2_PLACEMENT_3D('',#3839,#3135,#3136);
#2583=AXIS2_PLACEMENT_3D('',#3840,#3137,#3138);
#2584=AXIS2_PLACEMENT_3D('',#3843,#3141,#3142);
#2585=AXIS2_PLACEMENT_3D('',#3845,#3144,#3145);
#2586=AXIS2_PLACEMENT_3D('',#3847,#3147,#3148);
#2587=AXIS2_PLACEMENT_3D('',#3849,#3150,#3151);
#2588=AXIS2_PLACEMENT_3D('',#3851,#3153,#3154);
#2589=AXIS2_PLACEMENT_3D('',#3852,#3155,#3156);
#2590=AXIS2_PLACEMENT_3D('',#3855,#3159,#3160);
#2591=AXIS2_PLACEMENT_3D('',#3857,#3162,#3163);
#2592=AXIS2_PLACEMENT_3D('',#3859,#3165,#3166);
#2593=AXIS2_PLACEMENT_3D('',#3861,#3168,#3169);
#2594=AXIS2_PLACEMENT_3D('',#3863,#3171,#3172);
#2595=AXIS2_PLACEMENT_3D('',#3864,#3173,#3174);
#2596=AXIS2_PLACEMENT_3D('',#3867,#3177,#3178);
#2597=AXIS2_PLACEMENT_3D('',#3869,#3180,#3181);
#2598=AXIS2_PLACEMENT_3D('',#3871,#3183,#3184);
#2599=AXIS2_PLACEMENT_3D('',#3873,#3186,#3187);
#2600=AXIS2_PLACEMENT_3D('',#3875,#3189,#3190);
#2601=AXIS2_PLACEMENT_3D('',#3876,#3191,#3192);
#2602=AXIS2_PLACEMENT_3D('',#3879,#3195,#3196);
#2603=AXIS2_PLACEMENT_3D('',#3881,#3198,#3199);
#2604=AXIS2_PLACEMENT_3D('',#3883,#3201,#3202);
#2605=AXIS2_PLACEMENT_3D('',#3885,#3204,#3205);
#2606=AXIS2_PLACEMENT_3D('',#3887,#3207,#3208);
#2607=DIRECTION('',(0.,0.,1.));
#2608=DIRECTION('',(1.,0.,0.));
#2609=DIRECTION('',(0.,-1.,0.));
#2610=DIRECTION('',(-1.,0.,0.));
#2611=DIRECTION('',(0.,-1.,0.));
#2612=DIRECTION('',(0.,1.,0.));
#2613=DIRECTION('',(1.,0.,0.));
#2614=DIRECTION('',(0.,-1.,0.));
#2615=DIRECTION('',(0.,1.,0.));
#2616=DIRECTION('',(1.,0.,0.));
#2617=DIRECTION('',(0.,0.,1.));
#2618=DIRECTION('',(0.,-1.,0.));
#2619=DIRECTION('',(0.,-1.,0.));
#2620=DIRECTION('',(-1.,0.,0.));
#2621=DIRECTION('',(-1.,0.,0.));
#2622=DIRECTION('',(0.,-1.,0.));
#2623=DIRECTION('',(-1.,0.,0.));
#2624=DIRECTION('',(0.,-1.,0.));
#2625=DIRECTION('',(0.,1.,0.));
#2626=DIRECTION('',(1.,0.,0.));
#2627=DIRECTION('',(0.,1.,0.));
#2628=DIRECTION('',(1.,0.,0.));
#2629=DIRECTION('',(1.,0.,0.));
#2630=DIRECTION('',(0.,-1.,0.));
#2631=DIRECTION('',(0.,-1.,0.));
#2632=DIRECTION('',(0.,0.,1.));
#2633=DIRECTION('',(0.,0.,1.));
#2634=DIRECTION('',(0.,-1.,0.));
#2635=DIRECTION('',(-1.,0.,0.));
#2636=DIRECTION('',(0.,-1.,0.));
#2637=DIRECTION('',(0.,1.,0.));
#2638=DIRECTION('',(1.,0.,0.));
#2639=DIRECTION('',(0.,1.,0.));
#2640=DIRECTION('',(1.,0.,0.));
#2641=DIRECTION('',(0.,0.,-1.));
#2642=DIRECTION('',(0.,1.,0.));
#2643=DIRECTION('',(0.,-1.,0.));
#2644=DIRECTION('',(1.,0.,0.));
#2645=DIRECTION('',(1.,0.,0.));
#2646=DIRECTION('',(0.,-1.,0.));
#2647=DIRECTION('',(-1.,0.,0.));
#2648=DIRECTION('',(0.,-1.,0.));
#2649=DIRECTION('',(0.,1.,0.));
#2650=DIRECTION('',(1.,0.,0.));
#2651=DIRECTION('',(0.,1.,0.));
#2652=DIRECTION('',(1.,0.,0.));
#2653=DIRECTION('',(0.,-1.,0.));
#2654=DIRECTION('',(-1.,0.,0.));
#2655=DIRECTION('',(0.,-1.,0.));
#2656=DIRECTION('',(1.,0.,0.));
#2657=DIRECTION('',(0.,-1.,0.));
#2658=DIRECTION('',(1.,0.,0.));
#2659=DIRECTION('',(0.,-1.,0.));
#2660=DIRECTION('',(-1.,0.,0.));
#2661=DIRECTION('',(0.,1.,0.));
#2662=DIRECTION('',(1.,0.,0.));
#2663=DIRECTION('',(0.,1.,0.));
#2664=DIRECTION('',(1.,0.,0.));
#2665=DIRECTION('',(0.,-1.,0.));
#2666=DIRECTION('',(-1.,0.,0.));
#2667=DIRECTION('',(0.,-1.,0.));
#2668=DIRECTION('',(1.,0.,0.));
#2669=DIRECTION('',(0.,-1.,0.));
#2670=DIRECTION('',(1.,0.,0.));
#2671=DIRECTION('',(0.,-1.,0.));
#2672=DIRECTION('',(-1.,0.,0.));
#2673=DIRECTION('',(0.,1.,0.));
#2674=DIRECTION('',(1.,0.,0.));
#2675=DIRECTION('',(0.,1.,0.));
#2676=DIRECTION('',(1.,0.,0.));
#2677=DIRECTION('',(-1.,0.,0.));
#2678=DIRECTION('',(0.,1.,0.));
#2679=DIRECTION('',(0.,0.,-1.));
#2680=DIRECTION('',(0.,0.,-1.));
#2681=DIRECTION('',(0.,1.,0.));
#2682=DIRECTION('',(1.,0.,0.));
#2683=DIRECTION('',(-0.5,0.,0.866025403784438));
#2684=DIRECTION('',(-1.,0.,-1.39424809192799E-15));
#2685=DIRECTION('',(-0.5,0.,-0.86602540378444));
#2686=DIRECTION('',(0.5,0.,-0.866025403784438));
#2687=DIRECTION('',(1.,0.,1.39424809192799E-15));
#2688=DIRECTION('',(0.5,0.,0.866025403784439));
#2689=DIRECTION('',(-0.5,0.,0.866025403784438));
#2690=DIRECTION('',(-1.,0.,-1.045686068946E-15));
#2691=DIRECTION('',(-0.5,0.,-0.86602540378444));
#2692=DIRECTION('',(0.5,0.,-0.866025403784438));
#2693=DIRECTION('',(1.,0.,1.39424809192799E-15));
#2694=DIRECTION('',(0.5,0.,0.866025403784439));
#2695=DIRECTION('',(-0.5,0.,0.866025403784438));
#2696=DIRECTION('',(-1.,0.,-1.39424809192799E-15));
#2697=DIRECTION('',(-0.5,0.,-0.86602540378444));
#2698=DIRECTION('',(0.5,0.,-0.866025403784438));
#2699=DIRECTION('',(1.,0.,1.39424809192799E-15));
#2700=DIRECTION('',(0.5,0.,0.866025403784439));
#2701=DIRECTION('',(-0.5,0.,0.866025403784438));
#2702=DIRECTION('',(-1.,0.,-1.39424809192799E-15));
#2703=DIRECTION('',(-0.5,0.,-0.86602540378444));
#2704=DIRECTION('',(0.5,0.,-0.866025403784438));
#2705=DIRECTION('',(1.,0.,1.39424809192799E-15));
#2706=DIRECTION('',(0.5,0.,0.866025403784439));
#2707=DIRECTION('',(-0.5,0.,0.866025403784438));
#2708=DIRECTION('',(-1.,0.,-1.39424809192799E-15));
#2709=DIRECTION('',(-0.5,0.,-0.86602540378444));
#2710=DIRECTION('',(0.5,0.,-0.866025403784438));
#2711=DIRECTION('',(1.,0.,1.39424809192799E-15));
#2712=DIRECTION('',(0.5,0.,0.866025403784439));
#2713=DIRECTION('',(-0.5,0.,0.866025403784438));
#2714=DIRECTION('',(-1.,0.,-1.045686068946E-15));
#2715=DIRECTION('',(-0.5,0.,-0.86602540378444));
#2716=DIRECTION('',(0.5,0.,-0.866025403784438));
#2717=DIRECTION('',(1.,0.,1.39424809192799E-15));
#2718=DIRECTION('',(0.5,0.,0.86602540378444));
#2719=DIRECTION('',(-0.5,0.,0.866025403784438));
#2720=DIRECTION('',(-1.,0.,-1.39424809192799E-15));
#2721=DIRECTION('',(-0.5,0.,-0.86602540378444));
#2722=DIRECTION('',(0.5,0.,-0.866025403784438));
#2723=DIRECTION('',(1.,0.,1.39424809192799E-15));
#2724=DIRECTION('',(0.5,0.,0.866025403784439));
#2725=DIRECTION('',(-0.5,0.,0.866025403784438));
#2726=DIRECTION('',(-1.,0.,-1.39424809192799E-15));
#2727=DIRECTION('',(-0.5,0.,-0.86602540378444));
#2728=DIRECTION('',(0.5,0.,-0.866025403784438));
#2729=DIRECTION('',(1.,0.,1.39424809192799E-15));
#2730=DIRECTION('',(0.5,0.,0.866025403784439));
#2731=DIRECTION('',(-0.5,0.,0.866025403784438));
#2732=DIRECTION('',(-1.,0.,-1.39424809192799E-15));
#2733=DIRECTION('',(-0.5,0.,-0.86602540378444));
#2734=DIRECTION('',(0.5,0.,-0.866025403784438));
#2735=DIRECTION('',(1.,0.,1.39424809192799E-15));
#2736=DIRECTION('',(0.5,0.,0.866025403784439));
#2737=DIRECTION('',(-0.5,0.,0.866025403784438));
#2738=DIRECTION('',(-1.,0.,-1.045686068946E-15));
#2739=DIRECTION('',(-0.5,0.,-0.86602540378444));
#2740=DIRECTION('',(0.5,0.,-0.866025403784438));
#2741=DIRECTION('',(1.,0.,1.39424809192799E-15));
#2742=DIRECTION('',(0.5,0.,0.866025403784439));
#2743=DIRECTION('',(-0.5,0.,0.866025403784438));
#2744=DIRECTION('',(-1.,0.,-1.39424809192799E-15));
#2745=DIRECTION('',(-0.5,0.,-0.86602540378444));
#2746=DIRECTION('',(0.5,0.,-0.866025403784438));
#2747=DIRECTION('',(1.,0.,1.39424809192799E-15));
#2748=DIRECTION('',(0.5,0.,0.866025403784439));
#2749=DIRECTION('',(-0.5,0.,0.866025403784438));
#2750=DIRECTION('',(-1.,0.,-1.39424809192799E-15));
#2751=DIRECTION('',(-0.5,0.,-0.86602540378444));
#2752=DIRECTION('',(0.5,0.,-0.866025403784438));
#2753=DIRECTION('',(1.,0.,1.39424809192799E-15));
#2754=DIRECTION('',(0.5,0.,0.866025403784439));
#2755=DIRECTION('',(-0.5,0.,0.866025403784438));
#2756=DIRECTION('',(-1.,0.,-1.045686068946E-15));
#2757=DIRECTION('',(-0.5,0.,-0.86602540378444));
#2758=DIRECTION('',(0.5,0.,-0.866025403784438));
#2759=DIRECTION('',(1.,0.,1.39424809192799E-15));
#2760=DIRECTION('',(0.5,0.,0.866025403784439));
#2761=DIRECTION('',(-0.5,0.,0.866025403784438));
#2762=DIRECTION('',(-1.,0.,-1.39424809192799E-15));
#2763=DIRECTION('',(-0.5,0.,-0.86602540378444));
#2764=DIRECTION('',(0.5,0.,-0.866025403784438));
#2765=DIRECTION('',(1.,0.,1.39424809192799E-15));
#2766=DIRECTION('',(0.5,0.,0.866025403784439));
#2767=DIRECTION('',(-0.5,0.,0.866025403784438));
#2768=DIRECTION('',(-1.,0.,-1.39424809192799E-15));
#2769=DIRECTION('',(-0.5,0.,-0.86602540378444));
#2770=DIRECTION('',(0.5,0.,-0.866025403784438));
#2771=DIRECTION('',(1.,0.,1.39424809192799E-15));
#2772=DIRECTION('',(0.5,0.,0.866025403784439));
#2773=DIRECTION('',(-1.,0.,-1.39424809192799E-15));
#2774=DIRECTION('',(-0.5,0.,-0.86602540378444));
#2775=DIRECTION('',(0.5,0.,-0.866025403784438));
#2776=DIRECTION('',(1.,0.,1.39424809192799E-15));
#2777=DIRECTION('',(0.5,0.,0.866025403784439));
#2778=DIRECTION('',(-0.5,0.,0.866025403784438));
#2779=DIRECTION('',(-1.,0.,0.));
#2780=DIRECTION('',(0.,1.,0.));
#2781=DIRECTION('',(1.,0.,0.));
#2782=DIRECTION('',(0.,0.,1.));
#2783=DIRECTION('',(0.,1.,0.));
#2784=DIRECTION('',(1.,0.,0.));
#2785=DIRECTION('',(1.,0.,0.));
#2786=DIRECTION('',(0.,1.,0.));
#2787=DIRECTION('',(1.,0.,0.));
#2788=DIRECTION('',(0.,0.,-1.));
#2789=DIRECTION('',(0.,1.,0.));
#2790=DIRECTION('',(1.,0.,0.));
#2791=DIRECTION('',(0.,1.,0.));
#2792=DIRECTION('',(1.,0.,0.));
#2793=DIRECTION('',(-1.,0.,-1.39424809192799E-15));
#2794=DIRECTION('',(-0.5,0.,0.866025403784438));
#2795=DIRECTION('',(0.5,0.,0.866025403784439));
#2796=DIRECTION('',(1.,0.,1.39424809192799E-15));
#2797=DIRECTION('',(0.5,0.,-0.866025403784438));
#2798=DIRECTION('',(-0.5,0.,-0.86602540378444));
#2799=DIRECTION('',(-1.,0.,-1.045686068946E-15));
#2800=DIRECTION('',(-0.5,0.,0.866025403784438));
#2801=DIRECTION('',(0.5,0.,0.866025403784439));
#2802=DIRECTION('',(1.,0.,1.39424809192799E-15));
#2803=DIRECTION('',(0.5,0.,-0.866025403784438));
#2804=DIRECTION('',(-0.5,0.,-0.86602540378444));
#2805=DIRECTION('',(-1.,0.,-1.39424809192799E-15));
#2806=DIRECTION('',(-0.5,0.,0.866025403784438));
#2807=DIRECTION('',(0.5,0.,0.866025403784439));
#2808=DIRECTION('',(1.,0.,1.39424809192799E-15));
#2809=DIRECTION('',(0.5,0.,-0.866025403784438));
#2810=DIRECTION('',(-0.5,0.,-0.86602540378444));
#2811=DIRECTION('',(-1.,0.,-1.39424809192799E-15));
#2812=DIRECTION('',(-0.5,0.,0.866025403784438));
#2813=DIRECTION('',(0.5,0.,0.866025403784439));
#2814=DIRECTION('',(1.,0.,1.39424809192799E-15));
#2815=DIRECTION('',(0.5,0.,-0.866025403784438));
#2816=DIRECTION('',(-0.5,0.,-0.86602540378444));
#2817=DIRECTION('',(-1.,0.,-1.39424809192799E-15));
#2818=DIRECTION('',(-0.5,0.,0.866025403784438));
#2819=DIRECTION('',(0.5,0.,0.866025403784439));
#2820=DIRECTION('',(1.,0.,1.39424809192799E-15));
#2821=DIRECTION('',(0.5,0.,-0.866025403784438));
#2822=DIRECTION('',(-0.5,0.,-0.86602540378444));
#2823=DIRECTION('',(-1.,0.,-1.045686068946E-15));
#2824=DIRECTION('',(-0.5,0.,0.866025403784438));
#2825=DIRECTION('',(0.5,0.,0.86602540378444));
#2826=DIRECTION('',(1.,0.,1.39424809192799E-15));
#2827=DIRECTION('',(0.5,0.,-0.866025403784438));
#2828=DIRECTION('',(-0.5,0.,-0.86602540378444));
#2829=DIRECTION('',(-1.,0.,-1.39424809192799E-15));
#2830=DIRECTION('',(-0.5,0.,0.866025403784438));
#2831=DIRECTION('',(0.5,0.,0.866025403784439));
#2832=DIRECTION('',(1.,0.,1.39424809192799E-15));
#2833=DIRECTION('',(0.5,0.,-0.866025403784438));
#2834=DIRECTION('',(-0.5,0.,-0.86602540378444));
#2835=DIRECTION('',(-1.,0.,-1.39424809192799E-15));
#2836=DIRECTION('',(-0.5,0.,0.866025403784438));
#2837=DIRECTION('',(0.5,0.,0.866025403784439));
#2838=DIRECTION('',(1.,0.,1.39424809192799E-15));
#2839=DIRECTION('',(0.5,0.,-0.866025403784438));
#2840=DIRECTION('',(-0.5,0.,-0.86602540378444));
#2841=DIRECTION('',(-1.,0.,-1.39424809192799E-15));
#2842=DIRECTION('',(-0.5,0.,0.866025403784438));
#2843=DIRECTION('',(0.5,0.,0.866025403784439));
#2844=DIRECTION('',(1.,0.,1.39424809192799E-15));
#2845=DIRECTION('',(0.5,0.,-0.866025403784438));
#2846=DIRECTION('',(-0.5,0.,-0.86602540378444));
#2847=DIRECTION('',(-1.,0.,-1.045686068946E-15));
#2848=DIRECTION('',(-0.5,0.,0.866025403784438));
#2849=DIRECTION('',(0.5,0.,0.866025403784439));
#2850=DIRECTION('',(1.,0.,1.39424809192799E-15));
#2851=DIRECTION('',(0.5,0.,-0.866025403784438));
#2852=DIRECTION('',(-0.5,0.,-0.86602540378444));
#2853=DIRECTION('',(-1.,0.,-1.39424809192799E-15));
#2854=DIRECTION('',(-0.5,0.,0.866025403784438));
#2855=DIRECTION('',(0.5,0.,0.866025403784439));
#2856=DIRECTION('',(1.,0.,1.39424809192799E-15));
#2857=DIRECTION('',(0.5,0.,-0.866025403784438));
#2858=DIRECTION('',(-0.5,0.,-0.86602540378444));
#2859=DIRECTION('',(-1.,0.,-1.39424809192799E-15));
#2860=DIRECTION('',(-0.5,0.,0.866025403784438));
#2861=DIRECTION('',(0.5,0.,0.866025403784439));
#2862=DIRECTION('',(1.,0.,1.39424809192799E-15));
#2863=DIRECTION('',(0.5,0.,-0.866025403784438));
#2864=DIRECTION('',(-0.5,0.,-0.86602540378444));
#2865=DIRECTION('',(-1.,0.,-1.045686068946E-15));
#2866=DIRECTION('',(-0.5,0.,0.866025403784438));
#2867=DIRECTION('',(0.5,0.,0.866025403784439));
#2868=DIRECTION('',(1.,0.,1.39424809192799E-15));
#2869=DIRECTION('',(0.5,0.,-0.866025403784438));
#2870=DIRECTION('',(-0.5,0.,-0.86602540378444));
#2871=DIRECTION('',(-1.,0.,-1.39424809192799E-15));
#2872=DIRECTION('',(-0.5,0.,0.866025403784438));
#2873=DIRECTION('',(0.5,0.,0.866025403784439));
#2874=DIRECTION('',(1.,0.,1.39424809192799E-15));
#2875=DIRECTION('',(0.5,0.,-0.866025403784438));
#2876=DIRECTION('',(-0.5,0.,-0.86602540378444));
#2877=DIRECTION('',(-1.,0.,-1.39424809192799E-15));
#2878=DIRECTION('',(-0.5,0.,0.866025403784438));
#2879=DIRECTION('',(0.5,0.,0.866025403784439));
#2880=DIRECTION('',(1.,0.,1.39424809192799E-15));
#2881=DIRECTION('',(0.5,0.,-0.866025403784438));
#2882=DIRECTION('',(-0.5,0.,-0.86602540378444));
#2883=DIRECTION('',(-0.5,0.,-0.86602540378444));
#2884=DIRECTION('',(-1.,0.,-1.39424809192799E-15));
#2885=DIRECTION('',(-0.5,0.,0.866025403784438));
#2886=DIRECTION('',(0.5,0.,0.866025403784439));
#2887=DIRECTION('',(1.,0.,1.39424809192799E-15));
#2888=DIRECTION('',(0.5,0.,-0.866025403784438));
#2889=DIRECTION('',(0.,1.,0.));
#2890=DIRECTION('',(1.,0.,0.));
#2891=DIRECTION('',(-1.,0.,0.));
#2892=DIRECTION('',(0.,1.,0.));
#2893=DIRECTION('',(0.,0.,-1.));
#2894=DIRECTION('',(0.,1.,0.));
#2895=DIRECTION('',(0.,0.,1.));
#2896=DIRECTION('',(0.,-1.,0.));
#2897=DIRECTION('',(0.,0.,-1.));
#2898=DIRECTION('',(0.,1.,0.));
#2899=DIRECTION('',(-1.,0.,0.));
#2900=DIRECTION('',(0.,1.,0.));
#2901=DIRECTION('',(-1.,0.,0.));
#2902=DIRECTION('',(0.,1.,0.));
#2903=DIRECTION('',(0.,1.,0.));
#2904=DIRECTION('',(1.,0.,0.));
#2905=DIRECTION('',(-1.,0.,0.));
#2906=DIRECTION('',(0.,1.,0.));
#2907=DIRECTION('',(0.,1.,0.));
#2908=DIRECTION('',(1.,0.,0.));
#2909=DIRECTION('',(0.,0.,-1.));
#2910=DIRECTION('',(0.,1.,0.));
#2911=DIRECTION('',(1.,0.,0.));
#2912=DIRECTION('',(0.,-1.,0.));
#2913=DIRECTION('',(-1.,0.,0.));
#2914=DIRECTION('',(0.,1.,0.));
#2915=DIRECTION('',(0.,0.,-1.));
#2916=DIRECTION('',(0.,1.,0.));
#2917=DIRECTION('',(0.,0.,-1.));
#2918=DIRECTION('',(0.,1.,0.));
#2919=DIRECTION('',(0.,1.,0.));
#2920=DIRECTION('',(1.,0.,0.));
#2921=DIRECTION('',(1.39424809192799E-15,0.,-1.));
#2922=DIRECTION('',(-1.,0.,-1.39424809192799E-15));
#2923=DIRECTION('',(0.,1.,0.));
#2924=DIRECTION('',(0.,1.,0.));
#2925=DIRECTION('',(-0.866025403784438,0.,-0.5));
#2926=DIRECTION('',(-0.5,0.,0.866025403784438));
#2927=DIRECTION('',(0.,1.,0.));
#2928=DIRECTION('',(-0.866025403784439,0.,0.5));
#2929=DIRECTION('',(0.5,0.,0.866025403784439));
#2930=DIRECTION('',(0.,1.,0.));
#2931=DIRECTION('',(-1.39424809192799E-15,0.,1.));
#2932=DIRECTION('',(1.,0.,1.39424809192799E-15));
#2933=DIRECTION('',(0.,1.,0.));
#2934=DIRECTION('',(0.866025403784438,0.,0.5));
#2935=DIRECTION('',(0.5,0.,-0.866025403784438));
#2936=DIRECTION('',(0.,1.,0.));
#2937=DIRECTION('',(0.86602540378444,0.,-0.5));
#2938=DIRECTION('',(-0.5,0.,-0.86602540378444));
#2939=DIRECTION('',(-0.866025403784438,0.,-0.5));
#2940=DIRECTION('',(-0.5,0.,0.866025403784438));
#2941=DIRECTION('',(0.,1.,0.));
#2942=DIRECTION('',(0.,1.,0.));
#2943=DIRECTION('',(-0.866025403784439,0.,0.5));
#2944=DIRECTION('',(0.5,0.,0.866025403784439));
#2945=DIRECTION('',(0.,1.,0.));
#2946=DIRECTION('',(-1.39424809192799E-15,0.,1.));
#2947=DIRECTION('',(1.,0.,1.39424809192799E-15));
#2948=DIRECTION('',(0.,1.,0.));
#2949=DIRECTION('',(0.866025403784438,0.,0.5));
#2950=DIRECTION('',(0.5,0.,-0.866025403784438));
#2951=DIRECTION('',(0.,1.,0.));
#2952=DIRECTION('',(0.86602540378444,0.,-0.5));
#2953=DIRECTION('',(-0.5,0.,-0.86602540378444));
#2954=DIRECTION('',(0.,1.,0.));
#2955=DIRECTION('',(1.39424809192799E-15,0.,-1.));
#2956=DIRECTION('',(-1.,0.,-1.39424809192799E-15));
#2957=DIRECTION('',(-0.866025403784438,0.,-0.5));
#2958=DIRECTION('',(-0.5,0.,0.866025403784438));
#2959=DIRECTION('',(0.,1.,0.));
#2960=DIRECTION('',(0.,1.,0.));
#2961=DIRECTION('',(-0.866025403784439,0.,0.5));
#2962=DIRECTION('',(0.5,0.,0.866025403784439));
#2963=DIRECTION('',(0.,1.,0.));
#2964=DIRECTION('',(-1.39424809192799E-15,0.,1.));
#2965=DIRECTION('',(1.,0.,1.39424809192799E-15));
#2966=DIRECTION('',(0.,1.,0.));
#2967=DIRECTION('',(0.866025403784438,0.,0.5));
#2968=DIRECTION('',(0.5,0.,-0.866025403784438));
#2969=DIRECTION('',(0.,1.,0.));
#2970=DIRECTION('',(0.86602540378444,0.,-0.5));
#2971=DIRECTION('',(-0.5,0.,-0.86602540378444));
#2972=DIRECTION('',(0.,1.,0.));
#2973=DIRECTION('',(1.39424809192799E-15,0.,-1.));
#2974=DIRECTION('',(-1.,0.,-1.39424809192799E-15));
#2975=DIRECTION('',(-0.866025403784438,0.,-0.5));
#2976=DIRECTION('',(-0.5,0.,0.866025403784438));
#2977=DIRECTION('',(0.,1.,0.));
#2978=DIRECTION('',(0.,1.,0.));
#2979=DIRECTION('',(-0.866025403784439,0.,0.5));
#2980=DIRECTION('',(0.5,0.,0.866025403784439));
#2981=DIRECTION('',(0.,1.,0.));
#2982=DIRECTION('',(-1.39424809192799E-15,0.,1.));
#2983=DIRECTION('',(1.,0.,1.39424809192799E-15));
#2984=DIRECTION('',(0.,1.,0.));
#2985=DIRECTION('',(0.866025403784438,0.,0.5));
#2986=DIRECTION('',(0.5,0.,-0.866025403784438));
#2987=DIRECTION('',(0.,1.,0.));
#2988=DIRECTION('',(0.86602540378444,0.,-0.5));
#2989=DIRECTION('',(-0.5,0.,-0.86602540378444));
#2990=DIRECTION('',(0.,1.,0.));
#2991=DIRECTION('',(1.045686068946E-15,0.,-1.));
#2992=DIRECTION('',(-1.,0.,-1.045686068946E-15));
#2993=DIRECTION('',(-0.866025403784438,0.,-0.5));
#2994=DIRECTION('',(-0.5,0.,0.866025403784438));
#2995=DIRECTION('',(0.,1.,0.));
#2996=DIRECTION('',(0.,1.,0.));
#2997=DIRECTION('',(-0.866025403784439,0.,0.5));
#2998=DIRECTION('',(0.5,0.,0.866025403784439));
#2999=DIRECTION('',(0.,1.,0.));
#3000=DIRECTION('',(-1.39424809192799E-15,0.,1.));
#3001=DIRECTION('',(1.,0.,1.39424809192799E-15));
#3002=DIRECTION('',(0.,1.,0.));
#3003=DIRECTION('',(0.866025403784438,0.,0.5));
#3004=DIRECTION('',(0.5,0.,-0.866025403784438));
#3005=DIRECTION('',(0.,1.,0.));
#3006=DIRECTION('',(0.86602540378444,0.,-0.5));
#3007=DIRECTION('',(-0.5,0.,-0.86602540378444));
#3008=DIRECTION('',(0.,1.,0.));
#3009=DIRECTION('',(1.39424809192799E-15,0.,-1.));
#3010=DIRECTION('',(-1.,0.,-1.39424809192799E-15));
#3011=DIRECTION('',(-0.866025403784438,0.,-0.5));
#3012=DIRECTION('',(-0.5,0.,0.866025403784438));
#3013=DIRECTION('',(0.,1.,0.));
#3014=DIRECTION('',(0.,1.,0.));
#3015=DIRECTION('',(-0.866025403784439,0.,0.5));
#3016=DIRECTION('',(0.5,0.,0.866025403784439));
#3017=DIRECTION('',(0.,1.,0.));
#3018=DIRECTION('',(-1.39424809192799E-15,0.,1.));
#3019=DIRECTION('',(1.,0.,1.39424809192799E-15));
#3020=DIRECTION('',(0.,1.,0.));
#3021=DIRECTION('',(0.866025403784438,0.,0.5));
#3022=DIRECTION('',(0.5,0.,-0.866025403784438));
#3023=DIRECTION('',(0.,1.,0.));
#3024=DIRECTION('',(0.86602540378444,0.,-0.5));
#3025=DIRECTION('',(-0.5,0.,-0.86602540378444));
#3026=DIRECTION('',(0.,1.,0.));
#3027=DIRECTION('',(1.39424809192799E-15,0.,-1.));
#3028=DIRECTION('',(-1.,0.,-1.39424809192799E-15));
#3029=DIRECTION('',(-0.866025403784438,0.,-0.5));
#3030=DIRECTION('',(-0.5,0.,0.866025403784438));
#3031=DIRECTION('',(0.,1.,0.));
#3032=DIRECTION('',(0.,1.,0.));
#3033=DIRECTION('',(-0.866025403784439,0.,0.5));
#3034=DIRECTION('',(0.5,0.,0.866025403784439));
#3035=DIRECTION('',(0.,1.,0.));
#3036=DIRECTION('',(-1.39424809192799E-15,0.,1.));
#3037=DIRECTION('',(1.,0.,1.39424809192799E-15));
#3038=DIRECTION('',(0.,1.,0.));
#3039=DIRECTION('',(0.866025403784438,0.,0.5));
#3040=DIRECTION('',(0.5,0.,-0.866025403784438));
#3041=DIRECTION('',(0.,1.,0.));
#3042=DIRECTION('',(0.86602540378444,0.,-0.5));
#3043=DIRECTION('',(-0.5,0.,-0.86602540378444));
#3044=DIRECTION('',(0.,1.,0.));
#3045=DIRECTION('',(1.045686068946E-15,0.,-1.));
#3046=DIRECTION('',(-1.,0.,-1.045686068946E-15));
#3047=DIRECTION('',(-0.866025403784438,0.,-0.5));
#3048=DIRECTION('',(-0.5,0.,0.866025403784438));
#3049=DIRECTION('',(0.,1.,0.));
#3050=DIRECTION('',(0.,1.,0.));
#3051=DIRECTION('',(-0.866025403784439,0.,0.5));
#3052=DIRECTION('',(0.5,0.,0.866025403784439));
#3053=DIRECTION('',(0.,1.,0.));
#3054=DIRECTION('',(-1.39424809192799E-15,0.,1.));
#3055=DIRECTION('',(1.,0.,1.39424809192799E-15));
#3056=DIRECTION('',(0.,1.,0.));
#3057=DIRECTION('',(0.866025403784438,0.,0.5));
#3058=DIRECTION('',(0.5,0.,-0.866025403784438));
#3059=DIRECTION('',(0.,1.,0.));
#3060=DIRECTION('',(0.86602540378444,0.,-0.5));
#3061=DIRECTION('',(-0.5,0.,-0.86602540378444));
#3062=DIRECTION('',(0.,1.,0.));
#3063=DIRECTION('',(1.39424809192799E-15,0.,-1.));
#3064=DIRECTION('',(-1.,0.,-1.39424809192799E-15));
#3065=DIRECTION('',(-0.866025403784438,0.,-0.5));
#3066=DIRECTION('',(-0.5,0.,0.866025403784438));
#3067=DIRECTION('',(0.,1.,0.));
#3068=DIRECTION('',(0.,1.,0.));
#3069=DIRECTION('',(-0.866025403784439,0.,0.5));
#3070=DIRECTION('',(0.5,0.,0.866025403784439));
#3071=DIRECTION('',(0.,1.,0.));
#3072=DIRECTION('',(-1.39424809192799E-15,0.,1.));
#3073=DIRECTION('',(1.,0.,1.39424809192799E-15));
#3074=DIRECTION('',(0.,1.,0.));
#3075=DIRECTION('',(0.866025403784438,0.,0.5));
#3076=DIRECTION('',(0.5,0.,-0.866025403784438));
#3077=DIRECTION('',(0.,1.,0.));
#3078=DIRECTION('',(0.866025403784439,0.,-0.5));
#3079=DIRECTION('',(-0.5,0.,-0.866025403784439));
#3080=DIRECTION('',(0.,1.,0.));
#3081=DIRECTION('',(1.39424809192799E-15,0.,-1.));
#3082=DIRECTION('',(-1.,0.,-1.39424809192799E-15));
#3083=DIRECTION('',(-0.866025403784438,0.,-0.5));
#3084=DIRECTION('',(-0.5,0.,0.866025403784438));
#3085=DIRECTION('',(0.,1.,0.));
#3086=DIRECTION('',(0.,1.,0.));
#3087=DIRECTION('',(-0.866025403784439,0.,0.5));
#3088=DIRECTION('',(0.5,0.,0.866025403784439));
#3089=DIRECTION('',(0.,1.,0.));
#3090=DIRECTION('',(-1.39424809192799E-15,0.,1.));
#3091=DIRECTION('',(1.,0.,1.39424809192799E-15));
#3092=DIRECTION('',(0.,1.,0.));
#3093=DIRECTION('',(0.866025403784438,0.,0.5));
#3094=DIRECTION('',(0.5,0.,-0.866025403784438));
#3095=DIRECTION('',(0.,1.,0.));
#3096=DIRECTION('',(0.86602540378444,0.,-0.5));
#3097=DIRECTION('',(-0.5,0.,-0.86602540378444));
#3098=DIRECTION('',(0.,1.,0.));
#3099=DIRECTION('',(1.39424809192799E-15,0.,-1.));
#3100=DIRECTION('',(-1.,0.,-1.39424809192799E-15));
#3101=DIRECTION('',(-0.866025403784438,0.,-0.5));
#3102=DIRECTION('',(-0.5,0.,0.866025403784438));
#3103=DIRECTION('',(0.,1.,0.));
#3104=DIRECTION('',(0.,1.,0.));
#3105=DIRECTION('',(-0.866025403784439,0.,0.5));
#3106=DIRECTION('',(0.5,0.,0.86602540378444));
#3107=DIRECTION('',(0.,1.,0.));
#3108=DIRECTION('',(-1.39424809192799E-15,0.,1.));
#3109=DIRECTION('',(1.,0.,1.39424809192799E-15));
#3110=DIRECTION('',(0.,1.,0.));
#3111=DIRECTION('',(0.866025403784438,0.,0.5));
#3112=DIRECTION('',(0.5,0.,-0.866025403784438));
#3113=DIRECTION('',(0.,1.,0.));
#3114=DIRECTION('',(0.86602540378444,0.,-0.5));
#3115=DIRECTION('',(-0.5,0.,-0.86602540378444));
#3116=DIRECTION('',(0.,1.,0.));
#3117=DIRECTION('',(1.045686068946E-15,0.,-1.));
#3118=DIRECTION('',(-1.,0.,-1.045686068946E-15));
#3119=DIRECTION('',(-0.866025403784438,0.,-0.5));
#3120=DIRECTION('',(-0.5,0.,0.866025403784438));
#3121=DIRECTION('',(0.,1.,0.));
#3122=DIRECTION('',(0.,1.,0.));
#3123=DIRECTION('',(-0.866025403784439,0.,0.5));
#3124=DIRECTION('',(0.5,0.,0.866025403784439));
#3125=DIRECTION('',(0.,1.,0.));
#3126=DIRECTION('',(-1.39424809192799E-15,0.,1.));
#3127=DIRECTION('',(1.,0.,1.39424809192799E-15));
#3128=DIRECTION('',(0.,1.,0.));
#3129=DIRECTION('',(0.866025403784438,0.,0.5));
#3130=DIRECTION('',(0.5,0.,-0.866025403784438));
#3131=DIRECTION('',(0.,1.,0.));
#3132=DIRECTION('',(0.86602540378444,0.,-0.5));
#3133=DIRECTION('',(-0.5,0.,-0.86602540378444));
#3134=DIRECTION('',(0.,1.,0.));
#3135=DIRECTION('',(1.39424809192799E-15,0.,-1.));
#3136=DIRECTION('',(-1.,0.,-1.39424809192799E-15));
#3137=DIRECTION('',(-0.866025403784438,0.,-0.5));
#3138=DIRECTION('',(-0.5,0.,0.866025403784438));
#3139=DIRECTION('',(0.,1.,0.));
#3140=DIRECTION('',(0.,1.,0.));
#3141=DIRECTION('',(-0.866025403784439,0.,0.5));
#3142=DIRECTION('',(0.5,0.,0.866025403784439));
#3143=DIRECTION('',(0.,1.,0.));
#3144=DIRECTION('',(-1.39424809192799E-15,0.,1.));
#3145=DIRECTION('',(1.,0.,1.39424809192799E-15));
#3146=DIRECTION('',(0.,1.,0.));
#3147=DIRECTION('',(0.866025403784438,0.,0.5));
#3148=DIRECTION('',(0.5,0.,-0.866025403784438));
#3149=DIRECTION('',(0.,1.,0.));
#3150=DIRECTION('',(0.86602540378444,0.,-0.5));
#3151=DIRECTION('',(-0.5,0.,-0.86602540378444));
#3152=DIRECTION('',(0.,1.,0.));
#3153=DIRECTION('',(1.39424809192799E-15,0.,-1.));
#3154=DIRECTION('',(-1.,0.,-1.39424809192799E-15));
#3155=DIRECTION('',(-0.866025403784438,0.,-0.5));
#3156=DIRECTION('',(-0.5,0.,0.866025403784438));
#3157=DIRECTION('',(0.,1.,0.));
#3158=DIRECTION('',(0.,1.,0.));
#3159=DIRECTION('',(-0.866025403784439,0.,0.5));
#3160=DIRECTION('',(0.5,0.,0.866025403784439));
#3161=DIRECTION('',(0.,1.,0.));
#3162=DIRECTION('',(-1.39424809192799E-15,0.,1.));
#3163=DIRECTION('',(1.,0.,1.39424809192799E-15));
#3164=DIRECTION('',(0.,1.,0.));
#3165=DIRECTION('',(0.866025403784438,0.,0.5));
#3166=DIRECTION('',(0.5,0.,-0.866025403784438));
#3167=DIRECTION('',(0.,1.,0.));
#3168=DIRECTION('',(0.866025403784439,0.,-0.5));
#3169=DIRECTION('',(-0.5,0.,-0.866025403784439));
#3170=DIRECTION('',(0.,1.,0.));
#3171=DIRECTION('',(1.39424809192799E-15,0.,-1.));
#3172=DIRECTION('',(-1.,0.,-1.39424809192799E-15));
#3173=DIRECTION('',(-0.866025403784438,0.,-0.5));
#3174=DIRECTION('',(-0.5,0.,0.866025403784438));
#3175=DIRECTION('',(0.,1.,0.));
#3176=DIRECTION('',(0.,1.,0.));
#3177=DIRECTION('',(-0.866025403784439,0.,0.5));
#3178=DIRECTION('',(0.5,0.,0.866025403784439));
#3179=DIRECTION('',(0.,1.,0.));
#3180=DIRECTION('',(-1.39424809192799E-15,0.,1.));
#3181=DIRECTION('',(1.,0.,1.39424809192799E-15));
#3182=DIRECTION('',(0.,1.,0.));
#3183=DIRECTION('',(0.866025403784438,0.,0.5));
#3184=DIRECTION('',(0.5,0.,-0.866025403784438));
#3185=DIRECTION('',(0.,1.,0.));
#3186=DIRECTION('',(0.86602540378444,0.,-0.5));
#3187=DIRECTION('',(-0.5,0.,-0.86602540378444));
#3188=DIRECTION('',(0.,1.,0.));
#3189=DIRECTION('',(1.045686068946E-15,0.,-1.));
#3190=DIRECTION('',(-1.,0.,-1.045686068946E-15));
#3191=DIRECTION('',(-0.866025403784438,0.,-0.5));
#3192=DIRECTION('',(-0.5,0.,0.866025403784438));
#3193=DIRECTION('',(0.,1.,0.));
#3194=DIRECTION('',(0.,1.,0.));
#3195=DIRECTION('',(-0.866025403784439,0.,0.5));
#3196=DIRECTION('',(0.5,0.,0.866025403784439));
#3197=DIRECTION('',(0.,1.,0.));
#3198=DIRECTION('',(-1.39424809192799E-15,0.,1.));
#3199=DIRECTION('',(1.,0.,1.39424809192799E-15));
#3200=DIRECTION('',(0.,1.,0.));
#3201=DIRECTION('',(0.866025403784438,0.,0.5));
#3202=DIRECTION('',(0.5,0.,-0.866025403784438));
#3203=DIRECTION('',(0.,1.,0.));
#3204=DIRECTION('',(0.866025403784439,0.,-0.5));
#3205=DIRECTION('',(-0.5,0.,-0.866025403784439));
#3206=DIRECTION('',(0.,1.,0.));
#3207=DIRECTION('',(1.39424809192799E-15,0.,-1.));
#3208=DIRECTION('',(-1.,0.,-1.39424809192799E-15));
#3209=CARTESIAN_POINT('',(0.,0.,0.));
#3210=CARTESIAN_POINT('',(0.0405,0.032,-0.055));
#3211=CARTESIAN_POINT('',(0.0405,0.032,-0.0575));
#3212=CARTESIAN_POINT('',(0.0405,0.031,-0.0575));
#3213=CARTESIAN_POINT('',(0.0405,0.027,-0.0575));
#3214=CARTESIAN_POINT('',(0.0405,0.031,-0.055));
#3215=CARTESIAN_POINT('',(0.043,0.031,-0.055));
#3216=CARTESIAN_POINT('',(0.043,0.032,-0.055));
#3217=CARTESIAN_POINT('',(0.043,0.027,-0.055));
#3218=CARTESIAN_POINT('',(0.0405,0.027,-0.055));
#3219=CARTESIAN_POINT('',(-0.0655,0.032,-0.0575));
#3220=CARTESIAN_POINT('',(-0.0655,0.032,-0.0575));
#3221=CARTESIAN_POINT('',(-0.0655,0.031,-0.0575));
#3222=CARTESIAN_POINT('',(-0.0655,0.027,-0.0575));
#3223=CARTESIAN_POINT('',(0.0405,0.031,-0.0575));
#3224=CARTESIAN_POINT('',(-0.0655,0.027,-0.0575));
#3225=CARTESIAN_POINT('',(-0.0655,0.032,-0.055));
#3226=CARTESIAN_POINT('',(-0.068,0.032,-0.055));
#3227=CARTESIAN_POINT('',(-0.068,0.031,-0.055));
#3228=CARTESIAN_POINT('',(-0.068,0.027,-0.055));
#3229=CARTESIAN_POINT('',(-0.0655,0.031,-0.055));
#3230=CARTESIAN_POINT('',(-0.0655,0.027,-0.055));
#3231=CARTESIAN_POINT('',(-0.068,0.032,-0.055));
#3232=CARTESIAN_POINT('',(-0.068,0.032,0.04));
#3233=CARTESIAN_POINT('',(-0.068,0.031,0.04));
#3234=CARTESIAN_POINT('',(-0.068,0.027,0.04));
#3235=CARTESIAN_POINT('',(-0.068,0.031,-0.055));
#3236=CARTESIAN_POINT('',(-0.068,0.027,-0.055));
#3237=CARTESIAN_POINT('',(-0.0655,0.032,0.04));
#3238=CARTESIAN_POINT('',(-0.0655,0.032,0.0425));
#3239=CARTESIAN_POINT('',(-0.0655,0.031,0.0425));
#3240=CARTESIAN_POINT('',(-0.0655,0.027,0.0425));
#3241=CARTESIAN_POINT('',(-0.0655,0.031,0.04));
#3242=CARTESIAN_POINT('',(-0.0655,0.027,0.04));
#3243=CARTESIAN_POINT('',(-0.0655,0.032,0.0425));
#3244=CARTESIAN_POINT('',(0.0405,0.032,0.0425));
#3245=CARTESIAN_POINT('',(0.0405,0.031,0.0425));
#3246=CARTESIAN_POINT('',(0.0405,0.027,0.0425));
#3247=CARTESIAN_POINT('',(-0.0655,0.031,0.0425));
#3248=CARTESIAN_POINT('',(-0.0655,0.027,0.0425));
#3249=CARTESIAN_POINT('',(0.0405,0.032,0.04));
#3250=CARTESIAN_POINT('',(0.043,0.032,0.04));
#3251=CARTESIAN_POINT('',(0.043,0.031,0.04));
#3252=CARTESIAN_POINT('',(0.043,0.027,0.04));
#3253=CARTESIAN_POINT('',(0.0405,0.031,0.04));
#3254=CARTESIAN_POINT('',(0.0405,0.027,0.04));
#3255=CARTESIAN_POINT('',(0.0405,0.032,0.04));
#3256=CARTESIAN_POINT('',(0.0405,0.032,0.04));
#3257=CARTESIAN_POINT('',(0.04175,0.032,0.04));
#3258=CARTESIAN_POINT('',(0.0405,0.027,0.04));
#3259=CARTESIAN_POINT('',(0.04175,0.027,0.04));
#3260=CARTESIAN_POINT('',(0.0405,0.032,-0.055));
#3261=CARTESIAN_POINT('',(0.0405,0.032,-0.055));
#3262=CARTESIAN_POINT('',(0.04175,0.032,-0.055));
#3263=CARTESIAN_POINT('',(0.0405,0.027,-0.055));
#3264=CARTESIAN_POINT('',(0.04175,0.027,-0.055));
#3265=CARTESIAN_POINT('',(-0.0655,0.032,0.04));
#3266=CARTESIAN_POINT('',(-0.0655,0.032,0.04));
#3267=CARTESIAN_POINT('',(-0.06425,0.032,0.04));
#3268=CARTESIAN_POINT('',(-0.0655,0.027,0.04));
#3269=CARTESIAN_POINT('',(-0.06425,0.027,0.04));
#3270=CARTESIAN_POINT('',(-0.0655,0.032,-0.055));
#3271=CARTESIAN_POINT('',(-0.0655,0.032,-0.055));
#3272=CARTESIAN_POINT('',(-0.06425,0.032,-0.055));
#3273=CARTESIAN_POINT('',(-0.0655,0.027,-0.055));
#3274=CARTESIAN_POINT('',(-0.06425,0.027,-0.055));
#3275=CARTESIAN_POINT('',(0.043,0.032,0.04));
#3276=CARTESIAN_POINT('',(0.043,0.031,0.04));
#3277=CARTESIAN_POINT('',(0.043,0.027,0.04));
#3278=CARTESIAN_POINT('',(-0.0125,0.032,-0.0075));
#3279=CARTESIAN_POINT('',(-0.0332363669529663,0.032,-0.0236888021825208));
#3280=CARTESIAN_POINT('',(-0.0307479669529663,0.032,-0.0279988374120752));
#3281=CARTESIAN_POINT('',(-0.0357247669529663,0.032,-0.0193787669529664));
#3282=CARTESIAN_POINT('',(-0.0257711669529663,0.032,-0.0279988374120752));
#3283=CARTESIAN_POINT('',(-0.0207943669529663,0.032,-0.0279988374120752));
#3284=CARTESIAN_POINT('',(-0.0183059669529663,0.032,-0.0236888021825208));
#3285=CARTESIAN_POINT('',(-0.0158175669529663,0.032,-0.0193787669529664));
#3286=CARTESIAN_POINT('',(-0.0183059669529663,0.032,-0.015068731723412));
#3287=CARTESIAN_POINT('',(-0.0207943669529663,0.032,-0.0107586964938576));
#3288=CARTESIAN_POINT('',(-0.0257711669529663,0.032,-0.0107586964938576));
#3289=CARTESIAN_POINT('',(-0.0307479669529663,0.032,-0.0107586964938576));
#3290=CARTESIAN_POINT('',(-0.0332363669529663,0.032,-0.015068731723412));
#3291=CARTESIAN_POINT('',(-0.0332363669529663,0.032,8.01978174792412E-5));
#3292=CARTESIAN_POINT('',(-0.0307479669529663,0.032,-0.00422983741207515));
#3293=CARTESIAN_POINT('',(-0.0357247669529663,0.032,0.00439023304703363));
#3294=CARTESIAN_POINT('',(-0.0257711669529663,0.032,-0.00422983741207515));
#3295=CARTESIAN_POINT('',(-0.0207943669529663,0.032,-0.00422983741207514));
#3296=CARTESIAN_POINT('',(-0.0183059669529663,0.032,8.01978174792399E-5));
#3297=CARTESIAN_POINT('',(-0.0158175669529663,0.032,0.00439023304703364));
#3298=CARTESIAN_POINT('',(-0.0183059669529663,0.032,0.00870026827658802));
#3299=CARTESIAN_POINT('',(-0.0207943669529663,0.032,0.0130103035061424));
#3300=CARTESIAN_POINT('',(-0.0257711669529663,0.032,0.0130103035061424));
#3301=CARTESIAN_POINT('',(-0.0307479669529663,0.032,0.0130103035061424));
#3302=CARTESIAN_POINT('',(-0.0332363669529663,0.032,0.00870026827658801));
#3303=CARTESIAN_POINT('',(-0.0332363669529663,0.032,0.0238491978174793));
#3304=CARTESIAN_POINT('',(-0.0307479669529663,0.032,0.0195391625879248));
#3305=CARTESIAN_POINT('',(-0.0357247669529663,0.032,0.0281592330470337));
#3306=CARTESIAN_POINT('',(-0.0257711669529663,0.032,0.0195391625879248));
#3307=CARTESIAN_POINT('',(-0.0207943669529663,0.032,0.0195391625879248));
#3308=CARTESIAN_POINT('',(-0.0183059669529663,0.032,0.0238491978174793));
#3309=CARTESIAN_POINT('',(-0.0158175669529663,0.032,0.0281592330470337));
#3310=CARTESIAN_POINT('',(-0.0183059669529663,0.032,0.032469268276588));
#3311=CARTESIAN_POINT('',(-0.0207943669529663,0.032,0.0367793035061424));
#3312=CARTESIAN_POINT('',(-0.0257711669529663,0.032,0.0367793035061424));
#3313=CARTESIAN_POINT('',(-0.0307479669529663,0.032,0.0367793035061424));
#3314=CARTESIAN_POINT('',(-0.0332363669529663,0.032,0.032469268276588));
#3315=CARTESIAN_POINT('',(-0.00669336695296635,0.032,-0.0474578021825208));
#3316=CARTESIAN_POINT('',(-0.00420496695296635,0.032,-0.0517678374120752));
#3317=CARTESIAN_POINT('',(-0.00918176695296635,0.032,-0.0431477669529664));
#3318=CARTESIAN_POINT('',(0.00077183304703364,0.032,-0.0517678374120752));
#3319=CARTESIAN_POINT('',(0.00574863304703367,0.032,-0.0517678374120751));
#3320=CARTESIAN_POINT('',(0.00823703304703366,0.032,-0.0474578021825208));
#3321=CARTESIAN_POINT('',(0.0107254330470336,0.032,-0.0431477669529663));
#3322=CARTESIAN_POINT('',(0.00823703304703363,0.032,-0.038837731723412));
#3323=CARTESIAN_POINT('',(0.00574863304703363,0.032,-0.0345276964938576));
#3324=CARTESIAN_POINT('',(0.000771833047033647,0.032,-0.0345276964938576));
#3325=CARTESIAN_POINT('',(-0.00420496695296635,0.032,-0.0345276964938576));
#3326=CARTESIAN_POINT('',(-0.00669336695296635,0.032,-0.038837731723412));
#3327=CARTESIAN_POINT('',(-0.0597793669529664,0.032,-0.0236888021825208));
#3328=CARTESIAN_POINT('',(-0.0572909669529663,0.032,-0.0279988374120752));
#3329=CARTESIAN_POINT('',(-0.0622677669529664,0.032,-0.0193787669529664));
#3330=CARTESIAN_POINT('',(-0.0523141669529664,0.032,-0.0279988374120752));
#3331=CARTESIAN_POINT('',(-0.0473373669529663,0.032,-0.0279988374120752));
#3332=CARTESIAN_POINT('',(-0.0448489669529663,0.032,-0.0236888021825208));
#3333=CARTESIAN_POINT('',(-0.0423605669529663,0.032,-0.0193787669529664));
#3334=CARTESIAN_POINT('',(-0.0448489669529663,0.032,-0.015068731723412));
#3335=CARTESIAN_POINT('',(-0.0473373669529664,0.032,-0.0107586964938576));
#3336=CARTESIAN_POINT('',(-0.0523141669529664,0.032,-0.0107586964938576));
#3337=CARTESIAN_POINT('',(-0.0572909669529663,0.032,-0.0107586964938576));
#3338=CARTESIAN_POINT('',(-0.0597793669529664,0.032,-0.015068731723412));
#3339=CARTESIAN_POINT('',(-0.0597793669529664,0.032,8.01978174792412E-5));
#3340=CARTESIAN_POINT('',(-0.0572909669529663,0.032,-0.00422983741207515));
#3341=CARTESIAN_POINT('',(-0.0622677669529664,0.032,0.00439023304703363));
#3342=CARTESIAN_POINT('',(-0.0523141669529664,0.032,-0.00422983741207515));
#3343=CARTESIAN_POINT('',(-0.0473373669529663,0.032,-0.00422983741207514));
#3344=CARTESIAN_POINT('',(-0.0448489669529663,0.032,8.01978174792399E-5));
#3345=CARTESIAN_POINT('',(-0.0423605669529663,0.032,0.00439023304703364));
#3346=CARTESIAN_POINT('',(-0.0448489669529663,0.032,0.00870026827658802));
#3347=CARTESIAN_POINT('',(-0.0473373669529664,0.032,0.0130103035061424));
#3348=CARTESIAN_POINT('',(-0.0523141669529664,0.032,0.0130103035061424));
#3349=CARTESIAN_POINT('',(-0.0572909669529663,0.032,0.0130103035061424));
#3350=CARTESIAN_POINT('',(-0.0597793669529664,0.032,0.00870026827658801));
#3351=CARTESIAN_POINT('',(-0.0597793669529664,0.032,0.0238491978174793));
#3352=CARTESIAN_POINT('',(-0.0572909669529663,0.032,0.0195391625879248));
#3353=CARTESIAN_POINT('',(-0.0622677669529664,0.032,0.0281592330470337));
#3354=CARTESIAN_POINT('',(-0.0523141669529664,0.032,0.0195391625879248));
#3355=CARTESIAN_POINT('',(-0.0473373669529663,0.032,0.0195391625879248));
#3356=CARTESIAN_POINT('',(-0.0448489669529663,0.032,0.0238491978174793));
#3357=CARTESIAN_POINT('',(-0.0423605669529663,0.032,0.0281592330470337));
#3358=CARTESIAN_POINT('',(-0.0448489669529663,0.032,0.032469268276588));
#3359=CARTESIAN_POINT('',(-0.0473373669529664,0.032,0.0367793035061424));
#3360=CARTESIAN_POINT('',(-0.0523141669529664,0.032,0.0367793035061424));
#3361=CARTESIAN_POINT('',(-0.0572909669529663,0.032,0.0367793035061424));
#3362=CARTESIAN_POINT('',(-0.0597793669529664,0.032,0.032469268276588));
#3363=CARTESIAN_POINT('',(-0.0332363669529663,0.032,-0.0474578021825208));
#3364=CARTESIAN_POINT('',(-0.0307479669529663,0.032,-0.0517678374120752));
#3365=CARTESIAN_POINT('',(-0.0357247669529663,0.032,-0.0431477669529664));
#3366=CARTESIAN_POINT('',(-0.0257711669529663,0.032,-0.0517678374120752));
#3367=CARTESIAN_POINT('',(-0.0207943669529663,0.032,-0.0517678374120751));
#3368=CARTESIAN_POINT('',(-0.0183059669529663,0.032,-0.0474578021825208));
#3369=CARTESIAN_POINT('',(-0.0158175669529663,0.032,-0.0431477669529663));
#3370=CARTESIAN_POINT('',(-0.0183059669529663,0.032,-0.038837731723412));
#3371=CARTESIAN_POINT('',(-0.0207943669529663,0.032,-0.0345276964938576));
#3372=CARTESIAN_POINT('',(-0.0257711669529663,0.032,-0.0345276964938576));
#3373=CARTESIAN_POINT('',(-0.0307479669529663,0.032,-0.0345276964938576));
#3374=CARTESIAN_POINT('',(-0.0332363669529663,0.032,-0.038837731723412));
#3375=CARTESIAN_POINT('',(0.0198496330470336,0.032,0.0238491978174793));
#3376=CARTESIAN_POINT('',(0.0223380330470337,0.032,0.0195391625879248));
#3377=CARTESIAN_POINT('',(0.0173612330470337,0.032,0.0281592330470337));
#3378=CARTESIAN_POINT('',(0.0273148330470337,0.032,0.0195391625879248));
#3379=CARTESIAN_POINT('',(0.0322916330470336,0.032,0.0195391625879248));
#3380=CARTESIAN_POINT('',(0.0347800330470336,0.032,0.0238491978174793));
#3381=CARTESIAN_POINT('',(0.0372684330470336,0.032,0.0281592330470337));
#3382=CARTESIAN_POINT('',(0.0347800330470336,0.032,0.032469268276588));
#3383=CARTESIAN_POINT('',(0.0322916330470336,0.032,0.0367793035061424));
#3384=CARTESIAN_POINT('',(0.0273148330470337,0.032,0.0367793035061424));
#3385=CARTESIAN_POINT('',(0.0223380330470337,0.032,0.0367793035061424));
#3386=CARTESIAN_POINT('',(0.0198496330470336,0.032,0.032469268276588));
#3387=CARTESIAN_POINT('',(0.0198496330470336,0.032,8.01978174792412E-5));
#3388=CARTESIAN_POINT('',(0.0223380330470337,0.032,-0.00422983741207515));
#3389=CARTESIAN_POINT('',(0.0173612330470337,0.032,0.00439023304703363));
#3390=CARTESIAN_POINT('',(0.0273148330470337,0.032,-0.00422983741207515));
#3391=CARTESIAN_POINT('',(0.0322916330470336,0.032,-0.00422983741207514));
#3392=CARTESIAN_POINT('',(0.0347800330470336,0.032,8.01978174792399E-5));
#3393=CARTESIAN_POINT('',(0.0372684330470336,0.032,0.00439023304703364));
#3394=CARTESIAN_POINT('',(0.0347800330470336,0.032,0.00870026827658802));
#3395=CARTESIAN_POINT('',(0.0322916330470336,0.032,0.0130103035061424));
#3396=CARTESIAN_POINT('',(0.0273148330470337,0.032,0.0130103035061424));
#3397=CARTESIAN_POINT('',(0.0223380330470337,0.032,0.0130103035061424));
#3398=CARTESIAN_POINT('',(0.0198496330470336,0.032,0.00870026827658801));
#3399=CARTESIAN_POINT('',(0.0198496330470336,0.032,-0.0236888021825208));
#3400=CARTESIAN_POINT('',(0.0223380330470337,0.032,-0.0279988374120752));
#3401=CARTESIAN_POINT('',(0.0173612330470337,0.032,-0.0193787669529664));
#3402=CARTESIAN_POINT('',(0.0273148330470337,0.032,-0.0279988374120752));
#3403=CARTESIAN_POINT('',(0.0322916330470336,0.032,-0.0279988374120752));
#3404=CARTESIAN_POINT('',(0.0347800330470336,0.032,-0.0236888021825208));
#3405=CARTESIAN_POINT('',(0.0372684330470336,0.032,-0.0193787669529664));
#3406=CARTESIAN_POINT('',(0.0347800330470336,0.032,-0.015068731723412));
#3407=CARTESIAN_POINT('',(0.0322916330470336,0.032,-0.0107586964938576));
#3408=CARTESIAN_POINT('',(0.0273148330470337,0.032,-0.0107586964938576));
#3409=CARTESIAN_POINT('',(0.0223380330470337,0.032,-0.0107586964938576));
#3410=CARTESIAN_POINT('',(0.0198496330470336,0.032,-0.015068731723412));
#3411=CARTESIAN_POINT('',(-0.00669336695296635,0.032,-0.0236888021825208));
#3412=CARTESIAN_POINT('',(-0.00420496695296635,0.032,-0.0279988374120752));
#3413=CARTESIAN_POINT('',(-0.00918176695296635,0.032,-0.0193787669529664));
#3414=CARTESIAN_POINT('',(0.00077183304703364,0.032,-0.0279988374120752));
#3415=CARTESIAN_POINT('',(0.00574863304703367,0.032,-0.0279988374120752));
#3416=CARTESIAN_POINT('',(0.00823703304703366,0.032,-0.0236888021825208));
#3417=CARTESIAN_POINT('',(0.0107254330470336,0.032,-0.0193787669529664));
#3418=CARTESIAN_POINT('',(0.00823703304703363,0.032,-0.015068731723412));
#3419=CARTESIAN_POINT('',(0.00574863304703363,0.032,-0.0107586964938576));
#3420=CARTESIAN_POINT('',(0.000771833047033647,0.032,-0.0107586964938576));
#3421=CARTESIAN_POINT('',(-0.00420496695296635,0.032,-0.0107586964938576));
#3422=CARTESIAN_POINT('',(-0.00669336695296635,0.032,-0.015068731723412));
#3423=CARTESIAN_POINT('',(-0.00669336695296635,0.032,8.01978174792412E-5));
#3424=CARTESIAN_POINT('',(-0.00420496695296635,0.032,-0.00422983741207515));
#3425=CARTESIAN_POINT('',(-0.00918176695296635,0.032,0.00439023304703363));
#3426=CARTESIAN_POINT('',(0.00077183304703364,0.032,-0.00422983741207515));
#3427=CARTESIAN_POINT('',(0.00574863304703367,0.032,-0.00422983741207514));
#3428=CARTESIAN_POINT('',(0.00823703304703366,0.032,8.01978174792381E-5));
#3429=CARTESIAN_POINT('',(0.0107254330470336,0.032,0.00439023304703364));
#3430=CARTESIAN_POINT('',(0.00823703304703363,0.032,0.00870026827658802));
#3431=CARTESIAN_POINT('',(0.00574863304703363,0.032,0.0130103035061424));
#3432=CARTESIAN_POINT('',(0.000771833047033647,0.032,0.0130103035061424));
#3433=CARTESIAN_POINT('',(-0.00420496695296635,0.032,0.0130103035061424));
#3434=CARTESIAN_POINT('',(-0.00669336695296635,0.032,0.00870026827658801));
#3435=CARTESIAN_POINT('',(-0.00669336695296635,0.032,0.0238491978174793));
#3436=CARTESIAN_POINT('',(-0.00420496695296635,0.032,0.0195391625879248));
#3437=CARTESIAN_POINT('',(-0.00918176695296635,0.032,0.0281592330470337));
#3438=CARTESIAN_POINT('',(0.00077183304703364,0.032,0.0195391625879248));
#3439=CARTESIAN_POINT('',(0.00574863304703367,0.032,0.0195391625879248));
#3440=CARTESIAN_POINT('',(0.00823703304703366,0.032,0.0238491978174793));
#3441=CARTESIAN_POINT('',(0.0107254330470336,0.032,0.0281592330470337));
#3442=CARTESIAN_POINT('',(0.00823703304703363,0.032,0.032469268276588));
#3443=CARTESIAN_POINT('',(0.00574863304703363,0.032,0.0367793035061424));
#3444=CARTESIAN_POINT('',(0.000771833047033647,0.032,0.0367793035061424));
#3445=CARTESIAN_POINT('',(-0.00420496695296635,0.032,0.0367793035061424));
#3446=CARTESIAN_POINT('',(-0.00669336695296635,0.032,0.032469268276588));
#3447=CARTESIAN_POINT('',(0.0198496330470336,0.032,-0.0474578021825208));
#3448=CARTESIAN_POINT('',(0.0223380330470337,0.032,-0.0517678374120752));
#3449=CARTESIAN_POINT('',(0.0173612330470337,0.032,-0.0431477669529664));
#3450=CARTESIAN_POINT('',(0.0273148330470337,0.032,-0.0517678374120752));
#3451=CARTESIAN_POINT('',(0.0322916330470336,0.032,-0.0517678374120751));
#3452=CARTESIAN_POINT('',(0.0347800330470336,0.032,-0.0474578021825208));
#3453=CARTESIAN_POINT('',(0.0372684330470336,0.032,-0.0431477669529663));
#3454=CARTESIAN_POINT('',(0.0347800330470336,0.032,-0.038837731723412));
#3455=CARTESIAN_POINT('',(0.0322916330470336,0.032,-0.0345276964938576));
#3456=CARTESIAN_POINT('',(0.0273148330470337,0.032,-0.0345276964938576));
#3457=CARTESIAN_POINT('',(0.0223380330470337,0.032,-0.0345276964938576));
#3458=CARTESIAN_POINT('',(0.0198496330470336,0.032,-0.038837731723412));
#3459=CARTESIAN_POINT('',(-0.0523141669529664,0.032,-0.0517678374120752));
#3460=CARTESIAN_POINT('',(-0.0473373669529664,0.032,-0.0517678374120751));
#3461=CARTESIAN_POINT('',(-0.0572909669529663,0.032,-0.0517678374120752));
#3462=CARTESIAN_POINT('',(-0.0448489669529663,0.032,-0.0474578021825208));
#3463=CARTESIAN_POINT('',(-0.0423605669529663,0.032,-0.0431477669529663));
#3464=CARTESIAN_POINT('',(-0.0448489669529663,0.032,-0.038837731723412));
#3465=CARTESIAN_POINT('',(-0.0473373669529664,0.032,-0.0345276964938576));
#3466=CARTESIAN_POINT('',(-0.0523141669529664,0.032,-0.0345276964938576));
#3467=CARTESIAN_POINT('',(-0.0572909669529663,0.032,-0.0345276964938576));
#3468=CARTESIAN_POINT('',(-0.0597793669529664,0.032,-0.038837731723412));
#3469=CARTESIAN_POINT('',(-0.0622677669529663,0.032,-0.0431477669529664));
#3470=CARTESIAN_POINT('',(-0.0597793669529664,0.032,-0.0474578021825208));
#3471=CARTESIAN_POINT('',(-0.0655,0.032,-0.0565));
#3472=CARTESIAN_POINT('',(0.0405,0.032,-0.0565));
#3473=CARTESIAN_POINT('',(-0.0655,0.032,-0.0565));
#3474=CARTESIAN_POINT('',(-0.0655,0.032,-0.055));
#3475=CARTESIAN_POINT('',(-0.067,0.032,-0.055));
#3476=CARTESIAN_POINT('',(-0.067,0.032,0.04));
#3477=CARTESIAN_POINT('',(-0.067,0.032,0.04));
#3478=CARTESIAN_POINT('',(-0.0655,0.032,0.04));
#3479=CARTESIAN_POINT('',(-0.0655,0.032,0.0415));
#3480=CARTESIAN_POINT('',(0.0405,0.032,0.0415));
#3481=CARTESIAN_POINT('',(0.0405,0.032,0.0415));
#3482=CARTESIAN_POINT('',(0.0405,0.032,0.04));
#3483=CARTESIAN_POINT('',(0.042,0.032,0.04));
#3484=CARTESIAN_POINT('',(0.042,0.032,-0.055));
#3485=CARTESIAN_POINT('',(0.042,0.032,-0.055));
#3486=CARTESIAN_POINT('',(0.0405,0.032,-0.055));
#3487=CARTESIAN_POINT('',(-0.0125,0.027,-0.0075));
#3488=CARTESIAN_POINT('',(-0.0257711669529663,0.027,-0.0279988374120752));
#3489=CARTESIAN_POINT('',(-0.0207943669529663,0.027,-0.0279988374120752));
#3490=CARTESIAN_POINT('',(-0.0307479669529663,0.027,-0.0279988374120752));
#3491=CARTESIAN_POINT('',(-0.0332363669529663,0.027,-0.0236888021825208));
#3492=CARTESIAN_POINT('',(-0.0357247669529663,0.027,-0.0193787669529664));
#3493=CARTESIAN_POINT('',(-0.0332363669529663,0.027,-0.015068731723412));
#3494=CARTESIAN_POINT('',(-0.0307479669529663,0.027,-0.0107586964938576));
#3495=CARTESIAN_POINT('',(-0.0257711669529663,0.027,-0.0107586964938576));
#3496=CARTESIAN_POINT('',(-0.0207943669529663,0.027,-0.0107586964938576));
#3497=CARTESIAN_POINT('',(-0.0183059669529663,0.027,-0.015068731723412));
#3498=CARTESIAN_POINT('',(-0.0158175669529663,0.027,-0.0193787669529664));
#3499=CARTESIAN_POINT('',(-0.0183059669529663,0.027,-0.0236888021825208));
#3500=CARTESIAN_POINT('',(-0.0257711669529663,0.027,-0.00422983741207515));
#3501=CARTESIAN_POINT('',(-0.0207943669529663,0.027,-0.00422983741207516));
#3502=CARTESIAN_POINT('',(-0.0307479669529663,0.027,-0.00422983741207515));
#3503=CARTESIAN_POINT('',(-0.0332363669529663,0.027,8.01978174792412E-5));
#3504=CARTESIAN_POINT('',(-0.0357247669529663,0.027,0.00439023304703363));
#3505=CARTESIAN_POINT('',(-0.0332363669529663,0.027,0.00870026827658801));
#3506=CARTESIAN_POINT('',(-0.0307479669529663,0.027,0.0130103035061424));
#3507=CARTESIAN_POINT('',(-0.0257711669529663,0.027,0.0130103035061424));
#3508=CARTESIAN_POINT('',(-0.0207943669529663,0.027,0.0130103035061424));
#3509=CARTESIAN_POINT('',(-0.0183059669529663,0.027,0.00870026827658802));
#3510=CARTESIAN_POINT('',(-0.0158175669529663,0.027,0.00439023304703364));
#3511=CARTESIAN_POINT('',(-0.0183059669529663,0.027,8.01978174792399E-5));
#3512=CARTESIAN_POINT('',(-0.0257711669529663,0.027,0.0195391625879248));
#3513=CARTESIAN_POINT('',(-0.0207943669529663,0.027,0.0195391625879248));
#3514=CARTESIAN_POINT('',(-0.0307479669529663,0.027,0.0195391625879248));
#3515=CARTESIAN_POINT('',(-0.0332363669529663,0.027,0.0238491978174793));
#3516=CARTESIAN_POINT('',(-0.0357247669529663,0.027,0.0281592330470337));
#3517=CARTESIAN_POINT('',(-0.0332363669529663,0.027,0.032469268276588));
#3518=CARTESIAN_POINT('',(-0.0307479669529663,0.027,0.0367793035061424));
#3519=CARTESIAN_POINT('',(-0.0257711669529663,0.027,0.0367793035061424));
#3520=CARTESIAN_POINT('',(-0.0207943669529663,0.027,0.0367793035061424));
#3521=CARTESIAN_POINT('',(-0.0183059669529663,0.027,0.032469268276588));
#3522=CARTESIAN_POINT('',(-0.0158175669529663,0.027,0.0281592330470337));
#3523=CARTESIAN_POINT('',(-0.0183059669529663,0.027,0.0238491978174793));
#3524=CARTESIAN_POINT('',(0.00077183304703364,0.027,-0.0517678374120752));
#3525=CARTESIAN_POINT('',(0.00574863304703367,0.027,-0.0517678374120752));
#3526=CARTESIAN_POINT('',(-0.00420496695296635,0.027,-0.0517678374120752));
#3527=CARTESIAN_POINT('',(-0.00669336695296635,0.027,-0.0474578021825208));
#3528=CARTESIAN_POINT('',(-0.00918176695296635,0.027,-0.0431477669529664));
#3529=CARTESIAN_POINT('',(-0.00669336695296635,0.027,-0.038837731723412));
#3530=CARTESIAN_POINT('',(-0.00420496695296635,0.027,-0.0345276964938576));
#3531=CARTESIAN_POINT('',(0.000771833047033647,0.027,-0.0345276964938576));
#3532=CARTESIAN_POINT('',(0.00574863304703363,0.027,-0.0345276964938576));
#3533=CARTESIAN_POINT('',(0.00823703304703363,0.027,-0.038837731723412));
#3534=CARTESIAN_POINT('',(0.0107254330470336,0.027,-0.0431477669529663));
#3535=CARTESIAN_POINT('',(0.00823703304703366,0.027,-0.0474578021825208));
#3536=CARTESIAN_POINT('',(-0.0523141669529664,0.027,-0.0279988374120752));
#3537=CARTESIAN_POINT('',(-0.0473373669529663,0.027,-0.0279988374120752));
#3538=CARTESIAN_POINT('',(-0.0572909669529663,0.027,-0.0279988374120752));
#3539=CARTESIAN_POINT('',(-0.0597793669529664,0.027,-0.0236888021825208));
#3540=CARTESIAN_POINT('',(-0.0622677669529664,0.027,-0.0193787669529664));
#3541=CARTESIAN_POINT('',(-0.0597793669529664,0.027,-0.015068731723412));
#3542=CARTESIAN_POINT('',(-0.0572909669529663,0.027,-0.0107586964938576));
#3543=CARTESIAN_POINT('',(-0.0523141669529664,0.027,-0.0107586964938576));
#3544=CARTESIAN_POINT('',(-0.0473373669529664,0.027,-0.0107586964938576));
#3545=CARTESIAN_POINT('',(-0.0448489669529663,0.027,-0.015068731723412));
#3546=CARTESIAN_POINT('',(-0.0423605669529663,0.027,-0.0193787669529664));
#3547=CARTESIAN_POINT('',(-0.0448489669529663,0.027,-0.0236888021825208));
#3548=CARTESIAN_POINT('',(-0.0523141669529664,0.027,-0.00422983741207515));
#3549=CARTESIAN_POINT('',(-0.0473373669529663,0.027,-0.00422983741207516));
#3550=CARTESIAN_POINT('',(-0.0572909669529663,0.027,-0.00422983741207515));
#3551=CARTESIAN_POINT('',(-0.0597793669529664,0.027,8.01978174792412E-5));
#3552=CARTESIAN_POINT('',(-0.0622677669529664,0.027,0.00439023304703363));
#3553=CARTESIAN_POINT('',(-0.0597793669529664,0.027,0.00870026827658801));
#3554=CARTESIAN_POINT('',(-0.0572909669529663,0.027,0.0130103035061424));
#3555=CARTESIAN_POINT('',(-0.0523141669529664,0.027,0.0130103035061424));
#3556=CARTESIAN_POINT('',(-0.0473373669529664,0.027,0.0130103035061424));
#3557=CARTESIAN_POINT('',(-0.0448489669529663,0.027,0.00870026827658802));
#3558=CARTESIAN_POINT('',(-0.0423605669529663,0.027,0.00439023304703364));
#3559=CARTESIAN_POINT('',(-0.0448489669529663,0.027,8.01978174792399E-5));
#3560=CARTESIAN_POINT('',(-0.0523141669529664,0.027,0.0195391625879248));
#3561=CARTESIAN_POINT('',(-0.0473373669529663,0.027,0.0195391625879248));
#3562=CARTESIAN_POINT('',(-0.0572909669529663,0.027,0.0195391625879248));
#3563=CARTESIAN_POINT('',(-0.0597793669529664,0.027,0.0238491978174793));
#3564=CARTESIAN_POINT('',(-0.0622677669529664,0.027,0.0281592330470337));
#3565=CARTESIAN_POINT('',(-0.0597793669529664,0.027,0.032469268276588));
#3566=CARTESIAN_POINT('',(-0.0572909669529663,0.027,0.0367793035061424));
#3567=CARTESIAN_POINT('',(-0.0523141669529664,0.027,0.0367793035061424));
#3568=CARTESIAN_POINT('',(-0.0473373669529664,0.027,0.0367793035061424));
#3569=CARTESIAN_POINT('',(-0.0448489669529663,0.027,0.032469268276588));
#3570=CARTESIAN_POINT('',(-0.0423605669529663,0.027,0.0281592330470337));
#3571=CARTESIAN_POINT('',(-0.0448489669529663,0.027,0.0238491978174793));
#3572=CARTESIAN_POINT('',(-0.0257711669529663,0.027,-0.0517678374120752));
#3573=CARTESIAN_POINT('',(-0.0207943669529663,0.027,-0.0517678374120752));
#3574=CARTESIAN_POINT('',(-0.0307479669529663,0.027,-0.0517678374120752));
#3575=CARTESIAN_POINT('',(-0.0332363669529663,0.027,-0.0474578021825208));
#3576=CARTESIAN_POINT('',(-0.0357247669529663,0.027,-0.0431477669529664));
#3577=CARTESIAN_POINT('',(-0.0332363669529663,0.027,-0.038837731723412));
#3578=CARTESIAN_POINT('',(-0.0307479669529663,0.027,-0.0345276964938576));
#3579=CARTESIAN_POINT('',(-0.0257711669529663,0.027,-0.0345276964938576));
#3580=CARTESIAN_POINT('',(-0.0207943669529663,0.027,-0.0345276964938576));
#3581=CARTESIAN_POINT('',(-0.0183059669529663,0.027,-0.038837731723412));
#3582=CARTESIAN_POINT('',(-0.0158175669529663,0.027,-0.0431477669529663));
#3583=CARTESIAN_POINT('',(-0.0183059669529663,0.027,-0.0474578021825208));
#3584=CARTESIAN_POINT('',(0.0273148330470337,0.027,0.0195391625879248));
#3585=CARTESIAN_POINT('',(0.0322916330470336,0.027,0.0195391625879248));
#3586=CARTESIAN_POINT('',(0.0223380330470337,0.027,0.0195391625879248));
#3587=CARTESIAN_POINT('',(0.0198496330470336,0.027,0.0238491978174793));
#3588=CARTESIAN_POINT('',(0.0173612330470337,0.027,0.0281592330470337));
#3589=CARTESIAN_POINT('',(0.0198496330470336,0.027,0.032469268276588));
#3590=CARTESIAN_POINT('',(0.0223380330470337,0.027,0.0367793035061424));
#3591=CARTESIAN_POINT('',(0.0273148330470337,0.027,0.0367793035061424));
#3592=CARTESIAN_POINT('',(0.0322916330470336,0.027,0.0367793035061424));
#3593=CARTESIAN_POINT('',(0.0347800330470336,0.027,0.032469268276588));
#3594=CARTESIAN_POINT('',(0.0372684330470336,0.027,0.0281592330470337));
#3595=CARTESIAN_POINT('',(0.0347800330470336,0.027,0.0238491978174793));
#3596=CARTESIAN_POINT('',(0.0273148330470337,0.027,-0.00422983741207515));
#3597=CARTESIAN_POINT('',(0.0322916330470336,0.027,-0.00422983741207516));
#3598=CARTESIAN_POINT('',(0.0223380330470337,0.027,-0.00422983741207515));
#3599=CARTESIAN_POINT('',(0.0198496330470336,0.027,8.01978174792412E-5));
#3600=CARTESIAN_POINT('',(0.0173612330470337,0.027,0.00439023304703363));
#3601=CARTESIAN_POINT('',(0.0198496330470336,0.027,0.00870026827658801));
#3602=CARTESIAN_POINT('',(0.0223380330470337,0.027,0.0130103035061424));
#3603=CARTESIAN_POINT('',(0.0273148330470337,0.027,0.0130103035061424));
#3604=CARTESIAN_POINT('',(0.0322916330470336,0.027,0.0130103035061424));
#3605=CARTESIAN_POINT('',(0.0347800330470336,0.027,0.00870026827658802));
#3606=CARTESIAN_POINT('',(0.0372684330470336,0.027,0.00439023304703364));
#3607=CARTESIAN_POINT('',(0.0347800330470336,0.027,8.01978174792399E-5));
#3608=CARTESIAN_POINT('',(0.0273148330470337,0.027,-0.0279988374120752));
#3609=CARTESIAN_POINT('',(0.0322916330470336,0.027,-0.0279988374120752));
#3610=CARTESIAN_POINT('',(0.0223380330470337,0.027,-0.0279988374120752));
#3611=CARTESIAN_POINT('',(0.0198496330470336,0.027,-0.0236888021825208));
#3612=CARTESIAN_POINT('',(0.0173612330470337,0.027,-0.0193787669529664));
#3613=CARTESIAN_POINT('',(0.0198496330470336,0.027,-0.015068731723412));
#3614=CARTESIAN_POINT('',(0.0223380330470337,0.027,-0.0107586964938576));
#3615=CARTESIAN_POINT('',(0.0273148330470337,0.027,-0.0107586964938576));
#3616=CARTESIAN_POINT('',(0.0322916330470336,0.027,-0.0107586964938576));
#3617=CARTESIAN_POINT('',(0.0347800330470336,0.027,-0.015068731723412));
#3618=CARTESIAN_POINT('',(0.0372684330470336,0.027,-0.0193787669529664));
#3619=CARTESIAN_POINT('',(0.0347800330470336,0.027,-0.0236888021825208));
#3620=CARTESIAN_POINT('',(0.00077183304703364,0.027,-0.0279988374120752));
#3621=CARTESIAN_POINT('',(0.00574863304703367,0.027,-0.0279988374120752));
#3622=CARTESIAN_POINT('',(-0.00420496695296635,0.027,-0.0279988374120752));
#3623=CARTESIAN_POINT('',(-0.00669336695296635,0.027,-0.0236888021825208));
#3624=CARTESIAN_POINT('',(-0.00918176695296635,0.027,-0.0193787669529664));
#3625=CARTESIAN_POINT('',(-0.00669336695296635,0.027,-0.015068731723412));
#3626=CARTESIAN_POINT('',(-0.00420496695296635,0.027,-0.0107586964938576));
#3627=CARTESIAN_POINT('',(0.000771833047033647,0.027,-0.0107586964938576));
#3628=CARTESIAN_POINT('',(0.00574863304703363,0.027,-0.0107586964938576));
#3629=CARTESIAN_POINT('',(0.00823703304703363,0.027,-0.015068731723412));
#3630=CARTESIAN_POINT('',(0.0107254330470336,0.027,-0.0193787669529664));
#3631=CARTESIAN_POINT('',(0.00823703304703366,0.027,-0.0236888021825208));
#3632=CARTESIAN_POINT('',(0.00077183304703364,0.027,-0.00422983741207515));
#3633=CARTESIAN_POINT('',(0.00574863304703367,0.027,-0.00422983741207516));
#3634=CARTESIAN_POINT('',(-0.00420496695296635,0.027,-0.00422983741207515));
#3635=CARTESIAN_POINT('',(-0.00669336695296635,0.027,8.01978174792412E-5));
#3636=CARTESIAN_POINT('',(-0.00918176695296635,0.027,0.00439023304703363));
#3637=CARTESIAN_POINT('',(-0.00669336695296635,0.027,0.00870026827658801));
#3638=CARTESIAN_POINT('',(-0.00420496695296635,0.027,0.0130103035061424));
#3639=CARTESIAN_POINT('',(0.000771833047033647,0.027,0.0130103035061424));
#3640=CARTESIAN_POINT('',(0.00574863304703363,0.027,0.0130103035061424));
#3641=CARTESIAN_POINT('',(0.00823703304703363,0.027,0.00870026827658802));
#3642=CARTESIAN_POINT('',(0.0107254330470336,0.027,0.00439023304703364));
#3643=CARTESIAN_POINT('',(0.00823703304703366,0.027,8.01978174792381E-5));
#3644=CARTESIAN_POINT('',(0.00077183304703364,0.027,0.0195391625879248));
#3645=CARTESIAN_POINT('',(0.00574863304703367,0.027,0.0195391625879248));
#3646=CARTESIAN_POINT('',(-0.00420496695296635,0.027,0.0195391625879248));
#3647=CARTESIAN_POINT('',(-0.00669336695296635,0.027,0.0238491978174793));
#3648=CARTESIAN_POINT('',(-0.00918176695296635,0.027,0.0281592330470337));
#3649=CARTESIAN_POINT('',(-0.00669336695296635,0.027,0.032469268276588));
#3650=CARTESIAN_POINT('',(-0.00420496695296635,0.027,0.0367793035061424));
#3651=CARTESIAN_POINT('',(0.000771833047033647,0.027,0.0367793035061424));
#3652=CARTESIAN_POINT('',(0.00574863304703363,0.027,0.0367793035061424));
#3653=CARTESIAN_POINT('',(0.00823703304703363,0.027,0.032469268276588));
#3654=CARTESIAN_POINT('',(0.0107254330470336,0.027,0.0281592330470337));
#3655=CARTESIAN_POINT('',(0.00823703304703366,0.027,0.0238491978174793));
#3656=CARTESIAN_POINT('',(0.0273148330470337,0.027,-0.0517678374120752));
#3657=CARTESIAN_POINT('',(0.0322916330470336,0.027,-0.0517678374120752));
#3658=CARTESIAN_POINT('',(0.0223380330470337,0.027,-0.0517678374120752));
#3659=CARTESIAN_POINT('',(0.0198496330470336,0.027,-0.0474578021825208));
#3660=CARTESIAN_POINT('',(0.0173612330470337,0.027,-0.0431477669529664));
#3661=CARTESIAN_POINT('',(0.0198496330470336,0.027,-0.038837731723412));
#3662=CARTESIAN_POINT('',(0.0223380330470337,0.027,-0.0345276964938576));
#3663=CARTESIAN_POINT('',(0.0273148330470337,0.027,-0.0345276964938576));
#3664=CARTESIAN_POINT('',(0.0322916330470336,0.027,-0.0345276964938576));
#3665=CARTESIAN_POINT('',(0.0347800330470336,0.027,-0.038837731723412));
#3666=CARTESIAN_POINT('',(0.0372684330470336,0.027,-0.0431477669529663));
#3667=CARTESIAN_POINT('',(0.0347800330470336,0.027,-0.0474578021825208));
#3668=CARTESIAN_POINT('',(-0.0448489669529663,0.027,-0.0474578021825208));
#3669=CARTESIAN_POINT('',(-0.0423605669529663,0.027,-0.0431477669529663));
#3670=CARTESIAN_POINT('',(-0.0473373669529663,0.027,-0.0517678374120751));
#3671=CARTESIAN_POINT('',(-0.0523141669529664,0.027,-0.0517678374120752));
#3672=CARTESIAN_POINT('',(-0.0572909669529663,0.027,-0.0517678374120752));
#3673=CARTESIAN_POINT('',(-0.0597793669529664,0.027,-0.0474578021825208));
#3674=CARTESIAN_POINT('',(-0.0622677669529663,0.027,-0.0431477669529664));
#3675=CARTESIAN_POINT('',(-0.0597793669529664,0.027,-0.038837731723412));
#3676=CARTESIAN_POINT('',(-0.0572909669529663,0.027,-0.0345276964938576));
#3677=CARTESIAN_POINT('',(-0.0523141669529664,0.027,-0.0345276964938576));
#3678=CARTESIAN_POINT('',(-0.0473373669529664,0.027,-0.0345276964938576));
#3679=CARTESIAN_POINT('',(-0.0448489669529663,0.027,-0.038837731723412));
#3680=CARTESIAN_POINT('',(0.0405,0.031,0.04));
#3681=CARTESIAN_POINT('',(0.0405,0.031,0.0415));
#3682=CARTESIAN_POINT('',(0.042,0.031,0.04));
#3683=CARTESIAN_POINT('',(0.042,0.031,-0.0075));
#3684=CARTESIAN_POINT('',(0.042,0.031,-0.055));
#3685=CARTESIAN_POINT('',(-0.0125,0.031,0.0415));
#3686=CARTESIAN_POINT('',(-0.0655,0.031,0.0415));
#3687=CARTESIAN_POINT('',(0.0405,0.031,-0.055));
#3688=CARTESIAN_POINT('',(0.0405,0.031,-0.0565));
#3689=CARTESIAN_POINT('',(-0.0655,0.031,0.04));
#3690=CARTESIAN_POINT('',(-0.067,0.031,0.04));
#3691=CARTESIAN_POINT('',(-0.0125,0.031,-0.0565));
#3692=CARTESIAN_POINT('',(-0.0655,0.031,-0.0565));
#3693=CARTESIAN_POINT('',(-0.067,0.031,-0.0075));
#3694=CARTESIAN_POINT('',(-0.067,0.031,-0.055));
#3695=CARTESIAN_POINT('',(-0.0655,0.031,-0.055));
#3696=CARTESIAN_POINT('',(-0.0523141669529664,0.027,-0.0517678374120752));
#3697=CARTESIAN_POINT('',(-0.0572909669529663,0.027,-0.0517678374120752));
#3698=CARTESIAN_POINT('',(-0.0473373669529664,0.027,-0.0517678374120751));
#3699=CARTESIAN_POINT('',(-0.0597793669529664,0.027,-0.0474578021825208));
#3700=CARTESIAN_POINT('',(-0.0622677669529663,0.027,-0.0431477669529664));
#3701=CARTESIAN_POINT('',(-0.0597793669529664,0.027,-0.038837731723412));
#3702=CARTESIAN_POINT('',(-0.0572909669529663,0.027,-0.0345276964938576));
#3703=CARTESIAN_POINT('',(-0.0523141669529664,0.027,-0.0345276964938576));
#3704=CARTESIAN_POINT('',(-0.0473373669529664,0.027,-0.0345276964938576));
#3705=CARTESIAN_POINT('',(-0.0448489669529663,0.027,-0.038837731723412));
#3706=CARTESIAN_POINT('',(-0.0423605669529663,0.027,-0.0431477669529663));
#3707=CARTESIAN_POINT('',(-0.0448489669529663,0.027,-0.0474578021825208));
#3708=CARTESIAN_POINT('',(0.0198496330470336,0.027,-0.0474578021825208));
#3709=CARTESIAN_POINT('',(0.0173612330470337,0.027,-0.0431477669529664));
#3710=CARTESIAN_POINT('',(0.0223380330470337,0.027,-0.0517678374120752));
#3711=CARTESIAN_POINT('',(0.0198496330470336,0.027,-0.038837731723412));
#3712=CARTESIAN_POINT('',(0.0223380330470337,0.027,-0.0345276964938576));
#3713=CARTESIAN_POINT('',(0.0273148330470337,0.027,-0.0345276964938576));
#3714=CARTESIAN_POINT('',(0.0322916330470336,0.027,-0.0345276964938576));
#3715=CARTESIAN_POINT('',(0.0347800330470336,0.027,-0.038837731723412));
#3716=CARTESIAN_POINT('',(0.0372684330470336,0.027,-0.0431477669529663));
#3717=CARTESIAN_POINT('',(0.0347800330470336,0.027,-0.0474578021825208));
#3718=CARTESIAN_POINT('',(0.0322916330470336,0.027,-0.0517678374120752));
#3719=CARTESIAN_POINT('',(0.0273148330470337,0.027,-0.0517678374120752));
#3720=CARTESIAN_POINT('',(-0.00669336695296635,0.027,0.0238491978174793));
#3721=CARTESIAN_POINT('',(-0.00918176695296635,0.027,0.0281592330470337));
#3722=CARTESIAN_POINT('',(-0.00420496695296635,0.027,0.0195391625879248));
#3723=CARTESIAN_POINT('',(-0.00669336695296635,0.027,0.032469268276588));
#3724=CARTESIAN_POINT('',(-0.00420496695296635,0.027,0.0367793035061424));
#3725=CARTESIAN_POINT('',(0.000771833047033647,0.027,0.0367793035061424));
#3726=CARTESIAN_POINT('',(0.00574863304703363,0.027,0.0367793035061424));
#3727=CARTESIAN_POINT('',(0.00823703304703363,0.027,0.032469268276588));
#3728=CARTESIAN_POINT('',(0.0107254330470336,0.027,0.0281592330470337));
#3729=CARTESIAN_POINT('',(0.00823703304703366,0.027,0.0238491978174793));
#3730=CARTESIAN_POINT('',(0.00574863304703367,0.027,0.0195391625879248));
#3731=CARTESIAN_POINT('',(0.00077183304703364,0.027,0.0195391625879248));
#3732=CARTESIAN_POINT('',(-0.00669336695296635,0.027,8.01978174792412E-5));
#3733=CARTESIAN_POINT('',(-0.00918176695296635,0.027,0.00439023304703363));
#3734=CARTESIAN_POINT('',(-0.00420496695296635,0.027,-0.00422983741207515));
#3735=CARTESIAN_POINT('',(-0.00669336695296635,0.027,0.00870026827658801));
#3736=CARTESIAN_POINT('',(-0.00420496695296635,0.027,0.0130103035061424));
#3737=CARTESIAN_POINT('',(0.000771833047033647,0.027,0.0130103035061424));
#3738=CARTESIAN_POINT('',(0.00574863304703363,0.027,0.0130103035061424));
#3739=CARTESIAN_POINT('',(0.00823703304703363,0.027,0.00870026827658802));
#3740=CARTESIAN_POINT('',(0.0107254330470336,0.027,0.00439023304703364));
#3741=CARTESIAN_POINT('',(0.00823703304703366,0.027,8.01978174792381E-5));
#3742=CARTESIAN_POINT('',(0.00574863304703367,0.027,-0.00422983741207516));
#3743=CARTESIAN_POINT('',(0.00077183304703364,0.027,-0.00422983741207515));
#3744=CARTESIAN_POINT('',(-0.00669336695296635,0.027,-0.0236888021825208));
#3745=CARTESIAN_POINT('',(-0.00918176695296635,0.027,-0.0193787669529664));
#3746=CARTESIAN_POINT('',(-0.00420496695296635,0.027,-0.0279988374120752));
#3747=CARTESIAN_POINT('',(-0.00669336695296635,0.027,-0.015068731723412));
#3748=CARTESIAN_POINT('',(-0.00420496695296635,0.027,-0.0107586964938576));
#3749=CARTESIAN_POINT('',(0.000771833047033647,0.027,-0.0107586964938576));
#3750=CARTESIAN_POINT('',(0.00574863304703363,0.027,-0.0107586964938576));
#3751=CARTESIAN_POINT('',(0.00823703304703363,0.027,-0.015068731723412));
#3752=CARTESIAN_POINT('',(0.0107254330470336,0.027,-0.0193787669529664));
#3753=CARTESIAN_POINT('',(0.00823703304703366,0.027,-0.0236888021825208));
#3754=CARTESIAN_POINT('',(0.00574863304703367,0.027,-0.0279988374120752));
#3755=CARTESIAN_POINT('',(0.00077183304703364,0.027,-0.0279988374120752));
#3756=CARTESIAN_POINT('',(0.0198496330470336,0.027,-0.0236888021825208));
#3757=CARTESIAN_POINT('',(0.0173612330470337,0.027,-0.0193787669529664));
#3758=CARTESIAN_POINT('',(0.0223380330470337,0.027,-0.0279988374120752));
#3759=CARTESIAN_POINT('',(0.0198496330470336,0.027,-0.015068731723412));
#3760=CARTESIAN_POINT('',(0.0223380330470337,0.027,-0.0107586964938576));
#3761=CARTESIAN_POINT('',(0.0273148330470337,0.027,-0.0107586964938576));
#3762=CARTESIAN_POINT('',(0.0322916330470336,0.027,-0.0107586964938576));
#3763=CARTESIAN_POINT('',(0.0347800330470336,0.027,-0.015068731723412));
#3764=CARTESIAN_POINT('',(0.0372684330470336,0.027,-0.0193787669529664));
#3765=CARTESIAN_POINT('',(0.0347800330470336,0.027,-0.0236888021825208));
#3766=CARTESIAN_POINT('',(0.0322916330470336,0.027,-0.0279988374120752));
#3767=CARTESIAN_POINT('',(0.0273148330470337,0.027,-0.0279988374120752));
#3768=CARTESIAN_POINT('',(0.0198496330470336,0.027,8.01978174792412E-5));
#3769=CARTESIAN_POINT('',(0.0173612330470337,0.027,0.00439023304703363));
#3770=CARTESIAN_POINT('',(0.0223380330470337,0.027,-0.00422983741207515));
#3771=CARTESIAN_POINT('',(0.0198496330470336,0.027,0.00870026827658801));
#3772=CARTESIAN_POINT('',(0.0223380330470337,0.027,0.0130103035061424));
#3773=CARTESIAN_POINT('',(0.0273148330470337,0.027,0.0130103035061424));
#3774=CARTESIAN_POINT('',(0.0322916330470336,0.027,0.0130103035061424));
#3775=CARTESIAN_POINT('',(0.0347800330470336,0.027,0.00870026827658802));
#3776=CARTESIAN_POINT('',(0.0372684330470336,0.027,0.00439023304703364));
#3777=CARTESIAN_POINT('',(0.0347800330470336,0.027,8.01978174792399E-5));
#3778=CARTESIAN_POINT('',(0.0322916330470336,0.027,-0.00422983741207516));
#3779=CARTESIAN_POINT('',(0.0273148330470337,0.027,-0.00422983741207515));
#3780=CARTESIAN_POINT('',(0.0198496330470336,0.027,0.0238491978174793));
#3781=CARTESIAN_POINT('',(0.0173612330470337,0.027,0.0281592330470337));
#3782=CARTESIAN_POINT('',(0.0223380330470337,0.027,0.0195391625879248));
#3783=CARTESIAN_POINT('',(0.0198496330470336,0.027,0.032469268276588));
#3784=CARTESIAN_POINT('',(0.0223380330470337,0.027,0.0367793035061424));
#3785=CARTESIAN_POINT('',(0.0273148330470337,0.027,0.0367793035061424));
#3786=CARTESIAN_POINT('',(0.0322916330470336,0.027,0.0367793035061424));
#3787=CARTESIAN_POINT('',(0.0347800330470336,0.027,0.032469268276588));
#3788=CARTESIAN_POINT('',(0.0372684330470336,0.027,0.0281592330470337));
#3789=CARTESIAN_POINT('',(0.0347800330470336,0.027,0.0238491978174793));
#3790=CARTESIAN_POINT('',(0.0322916330470336,0.027,0.0195391625879248));
#3791=CARTESIAN_POINT('',(0.0273148330470337,0.027,0.0195391625879248));
#3792=CARTESIAN_POINT('',(-0.0332363669529663,0.027,-0.0474578021825208));
#3793=CARTESIAN_POINT('',(-0.0357247669529663,0.027,-0.0431477669529664));
#3794=CARTESIAN_POINT('',(-0.0307479669529663,0.027,-0.0517678374120752));
#3795=CARTESIAN_POINT('',(-0.0332363669529663,0.027,-0.038837731723412));
#3796=CARTESIAN_POINT('',(-0.0307479669529663,0.027,-0.0345276964938576));
#3797=CARTESIAN_POINT('',(-0.0257711669529663,0.027,-0.0345276964938576));
#3798=CARTESIAN_POINT('',(-0.0207943669529663,0.027,-0.0345276964938576));
#3799=CARTESIAN_POINT('',(-0.0183059669529663,0.027,-0.038837731723412));
#3800=CARTESIAN_POINT('',(-0.0158175669529663,0.027,-0.0431477669529663));
#3801=CARTESIAN_POINT('',(-0.0183059669529663,0.027,-0.0474578021825208));
#3802=CARTESIAN_POINT('',(-0.0207943669529663,0.027,-0.0517678374120752));
#3803=CARTESIAN_POINT('',(-0.0257711669529663,0.027,-0.0517678374120752));
#3804=CARTESIAN_POINT('',(-0.0597793669529664,0.027,0.0238491978174793));
#3805=CARTESIAN_POINT('',(-0.0622677669529664,0.027,0.0281592330470337));
#3806=CARTESIAN_POINT('',(-0.0572909669529663,0.027,0.0195391625879248));
#3807=CARTESIAN_POINT('',(-0.0597793669529664,0.027,0.032469268276588));
#3808=CARTESIAN_POINT('',(-0.0572909669529663,0.027,0.0367793035061424));
#3809=CARTESIAN_POINT('',(-0.0523141669529664,0.027,0.0367793035061424));
#3810=CARTESIAN_POINT('',(-0.0473373669529664,0.027,0.0367793035061424));
#3811=CARTESIAN_POINT('',(-0.0448489669529663,0.027,0.032469268276588));
#3812=CARTESIAN_POINT('',(-0.0423605669529663,0.027,0.0281592330470337));
#3813=CARTESIAN_POINT('',(-0.0448489669529663,0.027,0.0238491978174793));
#3814=CARTESIAN_POINT('',(-0.0473373669529663,0.027,0.0195391625879248));
#3815=CARTESIAN_POINT('',(-0.0523141669529664,0.027,0.0195391625879248));
#3816=CARTESIAN_POINT('',(-0.0597793669529664,0.027,8.01978174792412E-5));
#3817=CARTESIAN_POINT('',(-0.0622677669529664,0.027,0.00439023304703363));
#3818=CARTESIAN_POINT('',(-0.0572909669529663,0.027,-0.00422983741207515));
#3819=CARTESIAN_POINT('',(-0.0597793669529664,0.027,0.00870026827658801));
#3820=CARTESIAN_POINT('',(-0.0572909669529663,0.027,0.0130103035061424));
#3821=CARTESIAN_POINT('',(-0.0523141669529664,0.027,0.0130103035061424));
#3822=CARTESIAN_POINT('',(-0.0473373669529664,0.027,0.0130103035061424));
#3823=CARTESIAN_POINT('',(-0.0448489669529663,0.027,0.00870026827658802));
#3824=CARTESIAN_POINT('',(-0.0423605669529663,0.027,0.00439023304703364));
#3825=CARTESIAN_POINT('',(-0.0448489669529663,0.027,8.01978174792399E-5));
#3826=CARTESIAN_POINT('',(-0.0473373669529663,0.027,-0.00422983741207516));
#3827=CARTESIAN_POINT('',(-0.0523141669529664,0.027,-0.00422983741207515));
#3828=CARTESIAN_POINT('',(-0.0597793669529664,0.027,-0.0236888021825208));
#3829=CARTESIAN_POINT('',(-0.0622677669529664,0.027,-0.0193787669529664));
#3830=CARTESIAN_POINT('',(-0.0572909669529663,0.027,-0.0279988374120752));
#3831=CARTESIAN_POINT('',(-0.0597793669529664,0.027,-0.015068731723412));
#3832=CARTESIAN_POINT('',(-0.0572909669529663,0.027,-0.0107586964938576));
#3833=CARTESIAN_POINT('',(-0.0523141669529664,0.027,-0.0107586964938576));
#3834=CARTESIAN_POINT('',(-0.0473373669529664,0.027,-0.0107586964938576));
#3835=CARTESIAN_POINT('',(-0.0448489669529663,0.027,-0.015068731723412));
#3836=CARTESIAN_POINT('',(-0.0423605669529663,0.027,-0.0193787669529664));
#3837=CARTESIAN_POINT('',(-0.0448489669529663,0.027,-0.0236888021825208));
#3838=CARTESIAN_POINT('',(-0.0473373669529663,0.027,-0.0279988374120752));
#3839=CARTESIAN_POINT('',(-0.0523141669529664,0.027,-0.0279988374120752));
#3840=CARTESIAN_POINT('',(-0.00669336695296635,0.027,-0.0474578021825208));
#3841=CARTESIAN_POINT('',(-0.00918176695296635,0.027,-0.0431477669529664));
#3842=CARTESIAN_POINT('',(-0.00420496695296635,0.027,-0.0517678374120752));
#3843=CARTESIAN_POINT('',(-0.00669336695296635,0.027,-0.038837731723412));
#3844=CARTESIAN_POINT('',(-0.00420496695296635,0.027,-0.0345276964938576));
#3845=CARTESIAN_POINT('',(0.000771833047033647,0.027,-0.0345276964938576));
#3846=CARTESIAN_POINT('',(0.00574863304703363,0.027,-0.0345276964938576));
#3847=CARTESIAN_POINT('',(0.00823703304703363,0.027,-0.038837731723412));
#3848=CARTESIAN_POINT('',(0.0107254330470336,0.027,-0.0431477669529663));
#3849=CARTESIAN_POINT('',(0.00823703304703366,0.027,-0.0474578021825208));
#3850=CARTESIAN_POINT('',(0.00574863304703367,0.027,-0.0517678374120752));
#3851=CARTESIAN_POINT('',(0.00077183304703364,0.027,-0.0517678374120752));
#3852=CARTESIAN_POINT('',(-0.0332363669529663,0.027,0.0238491978174793));
#3853=CARTESIAN_POINT('',(-0.0357247669529663,0.027,0.0281592330470337));
#3854=CARTESIAN_POINT('',(-0.0307479669529663,0.027,0.0195391625879248));
#3855=CARTESIAN_POINT('',(-0.0332363669529663,0.027,0.032469268276588));
#3856=CARTESIAN_POINT('',(-0.0307479669529663,0.027,0.0367793035061424));
#3857=CARTESIAN_POINT('',(-0.0257711669529663,0.027,0.0367793035061424));
#3858=CARTESIAN_POINT('',(-0.0207943669529663,0.027,0.0367793035061424));
#3859=CARTESIAN_POINT('',(-0.0183059669529663,0.027,0.032469268276588));
#3860=CARTESIAN_POINT('',(-0.0158175669529663,0.027,0.0281592330470337));
#3861=CARTESIAN_POINT('',(-0.0183059669529663,0.027,0.0238491978174793));
#3862=CARTESIAN_POINT('',(-0.0207943669529663,0.027,0.0195391625879248));
#3863=CARTESIAN_POINT('',(-0.0257711669529663,0.027,0.0195391625879248));
#3864=CARTESIAN_POINT('',(-0.0332363669529663,0.027,8.01978174792412E-5));
#3865=CARTESIAN_POINT('',(-0.0357247669529663,0.027,0.00439023304703363));
#3866=CARTESIAN_POINT('',(-0.0307479669529663,0.027,-0.00422983741207515));
#3867=CARTESIAN_POINT('',(-0.0332363669529663,0.027,0.00870026827658801));
#3868=CARTESIAN_POINT('',(-0.0307479669529663,0.027,0.0130103035061424));
#3869=CARTESIAN_POINT('',(-0.0257711669529663,0.027,0.0130103035061424));
#3870=CARTESIAN_POINT('',(-0.0207943669529663,0.027,0.0130103035061424));
#3871=CARTESIAN_POINT('',(-0.0183059669529663,0.027,0.00870026827658802));
#3872=CARTESIAN_POINT('',(-0.0158175669529663,0.027,0.00439023304703364));
#3873=CARTESIAN_POINT('',(-0.0183059669529663,0.027,8.01978174792399E-5));
#3874=CARTESIAN_POINT('',(-0.0207943669529663,0.027,-0.00422983741207516));
#3875=CARTESIAN_POINT('',(-0.0257711669529663,0.027,-0.00422983741207515));
#3876=CARTESIAN_POINT('',(-0.0332363669529663,0.027,-0.0236888021825208));
#3877=CARTESIAN_POINT('',(-0.0357247669529663,0.027,-0.0193787669529664));
#3878=CARTESIAN_POINT('',(-0.0307479669529663,0.027,-0.0279988374120752));
#3879=CARTESIAN_POINT('',(-0.0332363669529663,0.027,-0.015068731723412));
#3880=CARTESIAN_POINT('',(-0.0307479669529663,0.027,-0.0107586964938576));
#3881=CARTESIAN_POINT('',(-0.0257711669529663,0.027,-0.0107586964938576));
#3882=CARTESIAN_POINT('',(-0.0207943669529663,0.027,-0.0107586964938576));
#3883=CARTESIAN_POINT('',(-0.0183059669529663,0.027,-0.015068731723412));
#3884=CARTESIAN_POINT('',(-0.0158175669529663,0.027,-0.0193787669529664));
#3885=CARTESIAN_POINT('',(-0.0183059669529663,0.027,-0.0236888021825208));
#3886=CARTESIAN_POINT('',(-0.0207943669529663,0.027,-0.0279988374120752));
#3887=CARTESIAN_POINT('',(-0.0257711669529663,0.027,-0.0279988374120752));
#3888=MECHANICAL_DESIGN_GEOMETRIC_PRESENTATION_REPRESENTATION('',(#2449),
#3889);
#3889=(
GEOMETRIC_REPRESENTATION_CONTEXT(3)
GLOBAL_UNCERTAINTY_ASSIGNED_CONTEXT((#3890))
GLOBAL_UNIT_ASSIGNED_CONTEXT((#3893,#3892,#3891))
REPRESENTATION_CONTEXT('cover-for-rpi-holder','TOP_LEVEL_ASSEMBLY_PART')
);
#3890=UNCERTAINTY_MEASURE_WITH_UNIT(LENGTH_MEASURE(1.E-8),#3893,
'DISTANCE_ACCURACY_VALUE','Maximum Tolerance applied to model');
#3891=(
NAMED_UNIT(*)
SI_UNIT($,.STERADIAN.)
SOLID_ANGLE_UNIT()
);
#3892=(
NAMED_UNIT(*)
PLANE_ANGLE_UNIT()
SI_UNIT($,.RADIAN.)
);
#3893=(
LENGTH_UNIT()
NAMED_UNIT(*)
SI_UNIT($,.METRE.)
);
#3894=PRODUCT_DEFINITION_SHAPE('','',#3895);
#3895=PRODUCT_DEFINITION('','',#3897,#3896);
#3896=PRODUCT_DEFINITION_CONTEXT('',#3903,'design');
#3897=PRODUCT_DEFINITION_FORMATION_WITH_SPECIFIED_SOURCE('','',#3899,
 .NOT_KNOWN.);
#3898=PRODUCT_RELATED_PRODUCT_CATEGORY('','',(#3899));
#3899=PRODUCT('cover-for-rpi-holder','cover-for-rpi-holder',
'cover-for-rpi-holder',(#3901));
#3900=PRODUCT_CATEGORY('','');
#3901=PRODUCT_CONTEXT('',#3903,'mechanical');
#3902=APPLICATION_PROTOCOL_DEFINITION('international standard',
'ap242_managed_model_based_3d_engineering',2020,#3903);
#3903=APPLICATION_CONTEXT('managed model based 3d engineering');
ENDSEC;
END-ISO-10303-21;
